model,fset,clone,fold,dt,y,p,peak,is_clone
baseline_lag168,-,keep,2021-05,2021-05-01 00:00:00,70,59.0,False,True
baseline_lag168,-,keep,2021-05,2021-05-01 01:00:00,107,101.0,False,True
baseline_lag168,-,keep,2021-05,2021-05-01 02:00:00,109,96.0,False,True
baseline_lag168,-,keep,2021-05,2021-05-01 03:00:00,100,99.0,False,True
baseline_lag168,-,keep,2021-05,2021-05-01 04:00:00,102,101.0,False,True
baseline_lag168,-,keep,2021-05,2021-05-01 05:00:00,86,84.0,False,True
baseline_lag168,-,keep,2021-05,2021-05-01 06:00:00,101,102.0,False,True
baseline_lag168,-,keep,2021-05,2021-05-01 07:00:00,72,56.0,False,True
baseline_lag168,-,keep,2021-05,2021-05-01 08:00:00,23,20.0,False,True
baseline_lag168,-,keep,2021-05,2021-05-01 09:00:00,21,20.0,False,True
baseline_lag168,-,keep,2021-05,2021-05-01 10:00:00,21,23.0,False,True
baseline_lag168,-,keep,2021-05,2021-05-01 11:00:00,23,21.0,False,True
baseline_lag168,-,keep,2021-05,2021-05-01 12:00:00,22,20.0,False,True
baseline_lag168,-,keep,2021-05,2021-05-01 13:00:00,21,22.0,False,True
baseline_lag168,-,keep,2021-05,2021-05-01 14:00:00,21,21.0,False,True
baseline_lag168,-,keep,2021-05,2021-05-01 15:00:00,23,20.0,False,True
baseline_lag168,-,keep,2021-05,2021-05-01 16:00:00,21,21.0,False,True
baseline_lag168,-,keep,2021-05,2021-05-01 17:00:00,21,22.0,False,True
baseline_lag168,-,keep,2021-05,2021-05-01 18:00:00,23,20.0,False,True
baseline_lag168,-,keep,2021-05,2021-05-01 19:00:00,21,20.0,False,True
baseline_lag168,-,keep,2021-05,2021-05-01 20:00:00,21,23.0,False,True
baseline_lag168,-,keep,2021-05,2021-05-01 21:00:00,24,21.0,False,True
baseline_lag168,-,keep,2021-05,2021-05-01 22:00:00,21,20.0,False,True
baseline_lag168,-,keep,2021-05,2021-05-01 23:00:00,21,23.0,False,True
baseline_lag168,-,keep,2021-05,2021-05-02 00:00:00,21,20.0,False,True
baseline_lag168,-,keep,2021-05,2021-05-02 01:00:00,23,23.0,False,True
baseline_lag168,-,keep,2021-05,2021-05-02 02:00:00,21,20.0,False,True
baseline_lag168,-,keep,2021-05,2021-05-02 03:00:00,21,20.0,False,True
baseline_lag168,-,keep,2021-05,2021-05-02 04:00:00,24,22.0,False,True
baseline_lag168,-,keep,2021-05,2021-05-02 05:00:00,21,20.0,False,True
baseline_lag168,-,keep,2021-05,2021-05-02 06:00:00,21,20.0,False,True
baseline_lag168,-,keep,2021-05,2021-05-02 07:00:00,24,20.0,False,True
baseline_lag168,-,keep,2021-05,2021-05-02 08:00:00,21,21.0,False,True
baseline_lag168,-,keep,2021-05,2021-05-02 09:00:00,21,20.0,False,True
baseline_lag168,-,keep,2021-05,2021-05-02 10:00:00,22,21.0,False,True
baseline_lag168,-,keep,2021-05,2021-05-02 11:00:00,22,21.0,False,True
baseline_lag168,-,keep,2021-05,2021-05-02 12:00:00,21,20.0,False,True
baseline_lag168,-,keep,2021-05,2021-05-02 13:00:00,21,20.0,False,True
baseline_lag168,-,keep,2021-05,2021-05-02 14:00:00,23,22.0,False,True
baseline_lag168,-,keep,2021-05,2021-05-02 15:00:00,21,20.0,False,True
baseline_lag168,-,keep,2021-05,2021-05-02 16:00:00,20,20.0,False,True
baseline_lag168,-,keep,2021-05,2021-05-02 17:00:00,23,23.0,False,True
baseline_lag168,-,keep,2021-05,2021-05-02 18:00:00,20,19.0,False,True
baseline_lag168,-,keep,2021-05,2021-05-02 19:00:00,20,20.0,False,True
baseline_lag168,-,keep,2021-05,2021-05-02 20:00:00,23,21.0,False,True
baseline_lag168,-,keep,2021-05,2021-05-02 21:00:00,22,21.0,False,True
baseline_lag168,-,keep,2021-05,2021-05-02 22:00:00,21,20.0,False,True
baseline_lag168,-,keep,2021-05,2021-05-02 23:00:00,22,21.0,False,True
baseline_lag168,-,keep,2021-05,2021-05-03 00:00:00,23,62.0,False,True
baseline_lag168,-,keep,2021-05,2021-05-03 01:00:00,21,95.0,False,True
baseline_lag168,-,keep,2021-05,2021-05-03 02:00:00,21,101.0,False,True
baseline_lag168,-,keep,2021-05,2021-05-03 03:00:00,23,94.0,False,True
baseline_lag168,-,keep,2021-05,2021-05-03 04:00:00,21,99.0,False,True
baseline_lag168,-,keep,2021-05,2021-05-03 05:00:00,21,86.0,False,True
baseline_lag168,-,keep,2021-05,2021-05-03 06:00:00,23,96.0,False,True
baseline_lag168,-,keep,2021-05,2021-05-03 07:00:00,59,126.0,False,True
baseline_lag168,-,keep,2021-05,2021-05-03 08:00:00,175,152.0,True,True
baseline_lag168,-,keep,2021-05,2021-05-03 09:00:00,170,164.0,False,True
baseline_lag168,-,keep,2021-05,2021-05-03 10:00:00,149,148.0,False,True
baseline_lag168,-,keep,2021-05,2021-05-03 11:00:00,174,165.0,True,True
baseline_lag168,-,keep,2021-05,2021-05-03 12:00:00,106,90.0,False,True
baseline_lag168,-,keep,2021-05,2021-05-03 13:00:00,179,164.0,True,True
baseline_lag168,-,keep,2021-05,2021-05-03 14:00:00,167,152.0,False,True
baseline_lag168,-,keep,2021-05,2021-05-03 15:00:00,154,144.0,False,True
baseline_lag168,-,keep,2021-05,2021-05-03 16:00:00,147,144.0,False,True
baseline_lag168,-,keep,2021-05,2021-05-03 17:00:00,119,114.0,False,True
baseline_lag168,-,keep,2021-05,2021-05-03 18:00:00,134,124.0,False,True
baseline_lag168,-,keep,2021-05,2021-05-03 19:00:00,122,99.0,False,True
baseline_lag168,-,keep,2021-05,2021-05-03 20:00:00,110,118.0,False,True
baseline_lag168,-,keep,2021-05,2021-05-03 21:00:00,104,113.0,False,True
baseline_lag168,-,keep,2021-05,2021-05-03 22:00:00,105,102.0,False,True
baseline_lag168,-,keep,2021-05,2021-05-03 23:00:00,99,97.0,False,True
baseline_lag168,-,keep,2021-05,2021-05-04 00:00:00,65,62.0,False,True
baseline_lag168,-,keep,2021-05,2021-05-04 01:00:00,108,95.0,False,True
baseline_lag168,-,keep,2021-05,2021-05-04 02:00:00,116,101.0,False,True
baseline_lag168,-,keep,2021-05,2021-05-04 03:00:00,104,94.0,False,True
baseline_lag168,-,keep,2021-05,2021-05-04 04:00:00,101,99.0,False,True
baseline_lag168,-,keep,2021-05,2021-05-04 05:00:00,85,86.0,False,True
baseline_lag168,-,keep,2021-05,2021-05-04 06:00:00,111,96.0,False,True
baseline_lag168,-,keep,2021-05,2021-05-04 07:00:00,126,126.0,False,True
baseline_lag168,-,keep,2021-05,2021-05-04 08:00:00,171,152.0,False,True
baseline_lag168,-,keep,2021-05,2021-05-04 09:00:00,168,164.0,False,True
baseline_lag168,-,keep,2021-05,2021-05-04 10:00:00,161,148.0,False,True
baseline_lag168,-,keep,2021-05,2021-05-04 11:00:00,173,165.0,True,True
baseline_lag168,-,keep,2021-05,2021-05-04 12:00:00,104,90.0,False,True
baseline_lag168,-,keep,2021-05,2021-05-04 13:00:00,165,164.0,False,True
baseline_lag168,-,keep,2021-05,2021-05-04 14:00:00,166,152.0,False,True
baseline_lag168,-,keep,2021-05,2021-05-04 15:00:00,159,144.0,False,True
baseline_lag168,-,keep,2021-05,2021-05-04 16:00:00,161,144.0,False,True
baseline_lag168,-,keep,2021-05,2021-05-04 17:00:00,123,114.0,False,True
baseline_lag168,-,keep,2021-05,2021-05-04 18:00:00,163,124.0,False,True
baseline_lag168,-,keep,2021-05,2021-05-04 19:00:00,158,99.0,False,True
baseline_lag168,-,keep,2021-05,2021-05-04 20:00:00,124,118.0,False,True
baseline_lag168,-,keep,2021-05,2021-05-04 21:00:00,125,113.0,False,True
baseline_lag168,-,keep,2021-05,2021-05-04 22:00:00,105,102.0,False,True
baseline_lag168,-,keep,2021-05,2021-05-04 23:00:00,95,97.0,False,True
baseline_lag168,-,keep,2021-05,2021-05-05 00:00:00,65,61.0,False,False
baseline_lag168,-,keep,2021-05,2021-05-05 01:00:00,105,100.0,False,False
baseline_lag168,-,keep,2021-05,2021-05-05 02:00:00,110,102.0,False,False
baseline_lag168,-,keep,2021-05,2021-05-05 03:00:00,103,99.0,False,False
baseline_lag168,-,keep,2021-05,2021-05-05 04:00:00,112,105.0,False,False
baseline_lag168,-,keep,2021-05,2021-05-05 05:00:00,88,92.0,False,False
baseline_lag168,-,keep,2021-05,2021-05-05 06:00:00,103,109.0,False,False
baseline_lag168,-,keep,2021-05,2021-05-05 07:00:00,63,115.0,False,False
baseline_lag168,-,keep,2021-05,2021-05-05 08:00:00,21,164.0,False,False
baseline_lag168,-,keep,2021-05,2021-05-05 09:00:00,21,160.0,False,False
baseline_lag168,-,keep,2021-05,2021-05-05 10:00:00,23,151.0,False,False
baseline_lag168,-,keep,2021-05,2021-05-05 11:00:00,21,167.0,False,False
baseline_lag168,-,keep,2021-05,2021-05-05 12:00:00,20,98.0,False,False
baseline_lag168,-,keep,2021-05,2021-05-05 13:00:00,24,162.0,False,False
baseline_lag168,-,keep,2021-05,2021-05-05 14:00:00,21,151.0,False,False
baseline_lag168,-,keep,2021-05,2021-05-05 15:00:00,21,140.0,False,False
baseline_lag168,-,keep,2021-05,2021-05-05 16:00:00,23,137.0,False,False
baseline_lag168,-,keep,2021-05,2021-05-05 17:00:00,22,125.0,False,False
baseline_lag168,-,keep,2021-05,2021-05-05 18:00:00,21,148.0,False,False
baseline_lag168,-,keep,2021-05,2021-05-05 19:00:00,21,117.0,False,False
baseline_lag168,-,keep,2021-05,2021-05-05 20:00:00,24,105.0,False,False
baseline_lag168,-,keep,2021-05,2021-05-05 21:00:00,21,111.0,False,False
baseline_lag168,-,keep,2021-05,2021-05-05 22:00:00,22,103.0,False,False
baseline_lag168,-,keep,2021-05,2021-05-05 23:00:00,24,95.0,False,False
baseline_lag168,-,keep,2021-05,2021-05-06 00:00:00,21,61.0,False,True
baseline_lag168,-,keep,2021-05,2021-05-06 01:00:00,21,100.0,False,True
baseline_lag168,-,keep,2021-05,2021-05-06 02:00:00,23,102.0,False,True
baseline_lag168,-,keep,2021-05,2021-05-06 03:00:00,22,99.0,False,True
baseline_lag168,-,keep,2021-05,2021-05-06 04:00:00,21,105.0,False,True
baseline_lag168,-,keep,2021-05,2021-05-06 05:00:00,22,92.0,False,True
baseline_lag168,-,keep,2021-05,2021-05-06 06:00:00,23,109.0,False,True
baseline_lag168,-,keep,2021-05,2021-05-06 07:00:00,56,115.0,False,True
baseline_lag168,-,keep,2021-05,2021-05-06 08:00:00,185,164.0,True,True
baseline_lag168,-,keep,2021-05,2021-05-06 09:00:00,186,160.0,True,True
baseline_lag168,-,keep,2021-05,2021-05-06 10:00:00,165,151.0,False,True
baseline_lag168,-,keep,2021-05,2021-05-06 11:00:00,171,167.0,False,True
baseline_lag168,-,keep,2021-05,2021-05-06 12:00:00,101,98.0,False,True
baseline_lag168,-,keep,2021-05,2021-05-06 13:00:00,166,162.0,False,True
baseline_lag168,-,keep,2021-05,2021-05-06 14:00:00,160,151.0,False,True
baseline_lag168,-,keep,2021-05,2021-05-06 15:00:00,155,140.0,False,True
baseline_lag168,-,keep,2021-05,2021-05-06 16:00:00,159,137.0,False,True
baseline_lag168,-,keep,2021-05,2021-05-06 17:00:00,125,125.0,False,True
baseline_lag168,-,keep,2021-05,2021-05-06 18:00:00,125,148.0,False,True
baseline_lag168,-,keep,2021-05,2021-05-06 19:00:00,115,117.0,False,True
baseline_lag168,-,keep,2021-05,2021-05-06 20:00:00,128,105.0,False,True
baseline_lag168,-,keep,2021-05,2021-05-06 21:00:00,121,111.0,False,True
baseline_lag168,-,keep,2021-05,2021-05-06 22:00:00,114,103.0,False,True
baseline_lag168,-,keep,2021-05,2021-05-06 23:00:00,101,95.0,False,True
baseline_lag168,-,keep,2021-05,2021-05-07 00:00:00,67,58.0,False,True
baseline_lag168,-,keep,2021-05,2021-05-07 01:00:00,104,99.0,False,True
baseline_lag168,-,keep,2021-05,2021-05-07 02:00:00,102,101.0,False,True
baseline_lag168,-,keep,2021-05,2021-05-07 03:00:00,105,98.0,False,True
baseline_lag168,-,keep,2021-05,2021-05-07 04:00:00,98,104.0,False,True
baseline_lag168,-,keep,2021-05,2021-05-07 05:00:00,89,89.0,False,True
baseline_lag168,-,keep,2021-05,2021-05-07 06:00:00,107,106.0,False,True
baseline_lag168,-,keep,2021-05,2021-05-07 07:00:00,118,122.0,False,True
baseline_lag168,-,keep,2021-05,2021-05-07 08:00:00,172,163.0,False,True
baseline_lag168,-,keep,2021-05,2021-05-07 09:00:00,170,153.0,False,True
baseline_lag168,-,keep,2021-05,2021-05-07 10:00:00,158,161.0,False,True
baseline_lag168,-,keep,2021-05,2021-05-07 11:00:00,164,156.0,False,True
baseline_lag168,-,keep,2021-05,2021-05-07 12:00:00,106,92.0,False,True
baseline_lag168,-,keep,2021-05,2021-05-07 13:00:00,167,151.0,False,True
baseline_lag168,-,keep,2021-05,2021-05-07 14:00:00,153,161.0,False,True
baseline_lag168,-,keep,2021-05,2021-05-07 15:00:00,133,148.0,False,True
baseline_lag168,-,keep,2021-05,2021-05-07 16:00:00,145,151.0,False,True
baseline_lag168,-,keep,2021-05,2021-05-07 17:00:00,120,112.0,False,True
baseline_lag168,-,keep,2021-05,2021-05-07 18:00:00,108,141.0,False,True
baseline_lag168,-,keep,2021-05,2021-05-07 19:00:00,100,130.0,False,True
baseline_lag168,-,keep,2021-05,2021-05-07 20:00:00,103,119.0,False,True
baseline_lag168,-,keep,2021-05,2021-05-07 21:00:00,102,119.0,False,True
baseline_lag168,-,keep,2021-05,2021-05-07 22:00:00,100,106.0,False,True
baseline_lag168,-,keep,2021-05,2021-05-07 23:00:00,85,100.0,False,True
baseline_lag168,-,keep,2021-05,2021-05-08 00:00:00,61,70.0,False,True
baseline_lag168,-,keep,2021-05,2021-05-08 01:00:00,104,107.0,False,True
baseline_lag168,-,keep,2021-05,2021-05-08 02:00:00,103,109.0,False,True
baseline_lag168,-,keep,2021-05,2021-05-08 03:00:00,103,100.0,False,True
baseline_lag168,-,keep,2021-05,2021-05-08 04:00:00,106,102.0,False,True
baseline_lag168,-,keep,2021-05,2021-05-08 05:00:00,87,86.0,False,True
baseline_lag168,-,keep,2021-05,2021-05-08 06:00:00,104,101.0,False,True
baseline_lag168,-,keep,2021-05,2021-05-08 07:00:00,63,72.0,False,True
baseline_lag168,-,keep,2021-05,2021-05-08 08:00:00,24,23.0,False,True
baseline_lag168,-,keep,2021-05,2021-05-08 09:00:00,22,21.0,False,True
baseline_lag168,-,keep,2021-05,2021-05-08 10:00:00,22,21.0,False,True
baseline_lag168,-,keep,2021-05,2021-05-08 11:00:00,25,23.0,False,True
baseline_lag168,-,keep,2021-05,2021-05-08 12:00:00,23,22.0,False,True
baseline_lag168,-,keep,2021-05,2021-05-08 13:00:00,22,21.0,False,True
baseline_lag168,-,keep,2021-05,2021-05-08 14:00:00,23,21.0,False,True
baseline_lag168,-,keep,2021-05,2021-05-08 15:00:00,24,23.0,False,True
baseline_lag168,-,keep,2021-05,2021-05-08 16:00:00,23,21.0,False,True
baseline_lag168,-,keep,2021-05,2021-05-08 17:00:00,22,21.0,False,True
baseline_lag168,-,keep,2021-05,2021-05-08 18:00:00,24,23.0,False,True
baseline_lag168,-,keep,2021-05,2021-05-08 19:00:00,22,21.0,False,True
baseline_lag168,-,keep,2021-05,2021-05-08 20:00:00,22,21.0,False,True
baseline_lag168,-,keep,2021-05,2021-05-08 21:00:00,25,24.0,False,True
baseline_lag168,-,keep,2021-05,2021-05-08 22:00:00,23,21.0,False,True
baseline_lag168,-,keep,2021-05,2021-05-08 23:00:00,23,21.0,False,True
baseline_lag168,-,keep,2021-05,2021-05-09 00:00:00,23,21.0,False,True
baseline_lag168,-,keep,2021-05,2021-05-09 01:00:00,23,23.0,False,True
baseline_lag168,-,keep,2021-05,2021-05-09 02:00:00,25,21.0,False,True
baseline_lag168,-,keep,2021-05,2021-05-09 03:00:00,23,21.0,False,True
baseline_lag168,-,keep,2021-05,2021-05-09 04:00:00,23,24.0,False,True
baseline_lag168,-,keep,2021-05,2021-05-09 05:00:00,24,21.0,False,True
baseline_lag168,-,keep,2021-05,2021-05-09 06:00:00,24,21.0,False,True
baseline_lag168,-,keep,2021-05,2021-05-09 07:00:00,64,24.0,False,True
baseline_lag168,-,keep,2021-05,2021-05-09 08:00:00,177,21.0,True,True
baseline_lag168,-,keep,2021-05,2021-05-09 09:00:00,158,21.0,False,True
baseline_lag168,-,keep,2021-05,2021-05-09 10:00:00,157,22.0,False,True
baseline_lag168,-,keep,2021-05,2021-05-09 11:00:00,164,22.0,False,True
baseline_lag168,-,keep,2021-05,2021-05-09 12:00:00,106,21.0,False,True
baseline_lag168,-,keep,2021-05,2021-05-09 13:00:00,158,21.0,False,True
baseline_lag168,-,keep,2021-05,2021-05-09 14:00:00,154,23.0,False,True
baseline_lag168,-,keep,2021-05,2021-05-09 15:00:00,141,21.0,False,True
baseline_lag168,-,keep,2021-05,2021-05-09 16:00:00,153,20.0,False,True
baseline_lag168,-,keep,2021-05,2021-05-09 17:00:00,128,23.0,False,True
baseline_lag168,-,keep,2021-05,2021-05-09 18:00:00,159,20.0,False,True
baseline_lag168,-,keep,2021-05,2021-05-09 19:00:00,142,20.0,False,True
baseline_lag168,-,keep,2021-05,2021-05-09 20:00:00,111,23.0,False,True
baseline_lag168,-,keep,2021-05,2021-05-09 21:00:00,120,22.0,False,True
baseline_lag168,-,keep,2021-05,2021-05-09 22:00:00,112,21.0,False,True
baseline_lag168,-,keep,2021-05,2021-05-09 23:00:00,101,22.0,False,True
baseline_lag168,-,keep,2021-05,2021-05-10 00:00:00,23,23.0,False,True
baseline_lag168,-,keep,2021-05,2021-05-10 01:00:00,23,21.0,False,True
baseline_lag168,-,keep,2021-05,2021-05-10 02:00:00,25,21.0,False,True
baseline_lag168,-,keep,2021-05,2021-05-10 03:00:00,23,23.0,False,True
baseline_lag168,-,keep,2021-05,2021-05-10 04:00:00,23,21.0,False,True
baseline_lag168,-,keep,2021-05,2021-05-10 05:00:00,24,21.0,False,True
baseline_lag168,-,keep,2021-05,2021-05-10 06:00:00,24,23.0,False,True
baseline_lag168,-,keep,2021-05,2021-05-10 07:00:00,64,59.0,False,True
baseline_lag168,-,keep,2021-05,2021-05-10 08:00:00,177,175.0,True,True
baseline_lag168,-,keep,2021-05,2021-05-10 09:00:00,158,170.0,False,True
baseline_lag168,-,keep,2021-05,2021-05-10 10:00:00,157,149.0,False,True
baseline_lag168,-,keep,2021-05,2021-05-10 11:00:00,164,174.0,False,True
baseline_lag168,-,keep,2021-05,2021-05-10 12:00:00,106,106.0,False,True
baseline_lag168,-,keep,2021-05,2021-05-10 13:00:00,158,179.0,False,True
baseline_lag168,-,keep,2021-05,2021-05-10 14:00:00,154,167.0,False,True
baseline_lag168,-,keep,2021-05,2021-05-10 15:00:00,141,154.0,False,True
baseline_lag168,-,keep,2021-05,2021-05-10 16:00:00,153,147.0,False,True
baseline_lag168,-,keep,2021-05,2021-05-10 17:00:00,128,119.0,False,True
baseline_lag168,-,keep,2021-05,2021-05-10 18:00:00,159,134.0,False,True
baseline_lag168,-,keep,2021-05,2021-05-10 19:00:00,142,122.0,False,True
baseline_lag168,-,keep,2021-05,2021-05-10 20:00:00,111,110.0,False,True
baseline_lag168,-,keep,2021-05,2021-05-10 21:00:00,120,104.0,False,True
baseline_lag168,-,keep,2021-05,2021-05-10 22:00:00,112,105.0,False,True
baseline_lag168,-,keep,2021-05,2021-05-10 23:00:00,101,99.0,False,True
baseline_lag168,-,keep,2021-05,2021-05-11 00:00:00,64,65.0,False,False
baseline_lag168,-,keep,2021-05,2021-05-11 01:00:00,98,108.0,False,False
baseline_lag168,-,keep,2021-05,2021-05-11 02:00:00,104,116.0,False,False
baseline_lag168,-,keep,2021-05,2021-05-11 03:00:00,101,104.0,False,False
baseline_lag168,-,keep,2021-05,2021-05-11 04:00:00,105,101.0,False,False
baseline_lag168,-,keep,2021-05,2021-05-11 05:00:00,97,85.0,False,False
baseline_lag168,-,keep,2021-05,2021-05-11 06:00:00,107,111.0,False,False
baseline_lag168,-,keep,2021-05,2021-05-11 07:00:00,124,126.0,False,False
baseline_lag168,-,keep,2021-05,2021-05-11 08:00:00,171,171.0,False,False
baseline_lag168,-,keep,2021-05,2021-05-11 09:00:00,173,168.0,True,False
baseline_lag168,-,keep,2021-05,2021-05-11 10:00:00,160,161.0,False,False
baseline_lag168,-,keep,2021-05,2021-05-11 11:00:00,169,173.0,False,False
baseline_lag168,-,keep,2021-05,2021-05-11 12:00:00,100,104.0,False,False
baseline_lag168,-,keep,2021-05,2021-05-11 13:00:00,176,165.0,True,False
baseline_lag168,-,keep,2021-05,2021-05-11 14:00:00,155,166.0,False,False
baseline_lag168,-,keep,2021-05,2021-05-11 15:00:00,151,159.0,False,False
baseline_lag168,-,keep,2021-05,2021-05-11 16:00:00,144,161.0,False,False
baseline_lag168,-,keep,2021-05,2021-05-11 17:00:00,118,123.0,False,False
baseline_lag168,-,keep,2021-05,2021-05-11 18:00:00,138,163.0,False,False
baseline_lag168,-,keep,2021-05,2021-05-11 19:00:00,132,158.0,False,False
baseline_lag168,-,keep,2021-05,2021-05-11 20:00:00,128,124.0,False,False
baseline_lag168,-,keep,2021-05,2021-05-11 21:00:00,125,125.0,False,False
baseline_lag168,-,keep,2021-05,2021-05-11 22:00:00,107,105.0,False,False
baseline_lag168,-,keep,2021-05,2021-05-11 23:00:00,107,95.0,False,False
baseline_lag168,-,keep,2021-05,2021-05-12 00:00:00,67,65.0,False,False
baseline_lag168,-,keep,2021-05,2021-05-12 01:00:00,98,105.0,False,False
baseline_lag168,-,keep,2021-05,2021-05-12 02:00:00,110,110.0,False,False
baseline_lag168,-,keep,2021-05,2021-05-12 03:00:00,96,103.0,False,False
baseline_lag168,-,keep,2021-05,2021-05-12 04:00:00,107,112.0,False,False
baseline_lag168,-,keep,2021-05,2021-05-12 05:00:00,92,88.0,False,False
baseline_lag168,-,keep,2021-05,2021-05-12 06:00:00,104,103.0,False,False
baseline_lag168,-,keep,2021-05,2021-05-12 07:00:00,126,63.0,False,False
baseline_lag168,-,keep,2021-05,2021-05-12 08:00:00,169,21.0,False,False
baseline_lag168,-,keep,2021-05,2021-05-12 09:00:00,160,21.0,False,False
baseline_lag168,-,keep,2021-05,2021-05-12 10:00:00,149,23.0,False,False
baseline_lag168,-,keep,2021-05,2021-05-12 11:00:00,168,21.0,False,False
baseline_lag168,-,keep,2021-05,2021-05-12 12:00:00,94,20.0,False,False
baseline_lag168,-,keep,2021-05,2021-05-12 13:00:00,178,24.0,True,False
baseline_lag168,-,keep,2021-05,2021-05-12 14:00:00,164,21.0,False,False
baseline_lag168,-,keep,2021-05,2021-05-12 15:00:00,153,21.0,False,False
baseline_lag168,-,keep,2021-05,2021-05-12 16:00:00,159,23.0,False,False
baseline_lag168,-,keep,2021-05,2021-05-12 17:00:00,131,22.0,False,False
baseline_lag168,-,keep,2021-05,2021-05-12 18:00:00,157,21.0,False,False
baseline_lag168,-,keep,2021-05,2021-05-12 19:00:00,125,21.0,False,False
baseline_lag168,-,keep,2021-05,2021-05-12 20:00:00,105,24.0,False,False
baseline_lag168,-,keep,2021-05,2021-05-12 21:00:00,110,21.0,False,False
baseline_lag168,-,keep,2021-05,2021-05-12 22:00:00,102,22.0,False,False
baseline_lag168,-,keep,2021-05,2021-05-12 23:00:00,102,24.0,False,False
baseline_lag168,-,keep,2021-05,2021-05-13 00:00:00,70,21.0,False,False
baseline_lag168,-,keep,2021-05,2021-05-13 01:00:00,98,21.0,False,False
baseline_lag168,-,keep,2021-05,2021-05-13 02:00:00,103,23.0,False,False
baseline_lag168,-,keep,2021-05,2021-05-13 03:00:00,100,22.0,False,False
baseline_lag168,-,keep,2021-05,2021-05-13 04:00:00,105,21.0,False,False
baseline_lag168,-,keep,2021-05,2021-05-13 05:00:00,89,22.0,False,False
baseline_lag168,-,keep,2021-05,2021-05-13 06:00:00,101,23.0,False,False
baseline_lag168,-,keep,2021-05,2021-05-13 07:00:00,117,56.0,False,False
baseline_lag168,-,keep,2021-05,2021-05-13 08:00:00,165,185.0,False,False
baseline_lag168,-,keep,2021-05,2021-05-13 09:00:00,163,186.0,False,False
baseline_lag168,-,keep,2021-05,2021-05-13 10:00:00,158,165.0,False,False
baseline_lag168,-,keep,2021-05,2021-05-13 11:00:00,164,171.0,False,False
baseline_lag168,-,keep,2021-05,2021-05-13 12:00:00,96,101.0,False,False
baseline_lag168,-,keep,2021-05,2021-05-13 13:00:00,168,166.0,False,False
baseline_lag168,-,keep,2021-05,2021-05-13 14:00:00,163,160.0,False,False
baseline_lag168,-,keep,2021-05,2021-05-13 15:00:00,139,155.0,False,False
baseline_lag168,-,keep,2021-05,2021-05-13 16:00:00,150,159.0,False,False
baseline_lag168,-,keep,2021-05,2021-05-13 17:00:00,101,125.0,False,False
baseline_lag168,-,keep,2021-05,2021-05-13 18:00:00,102,125.0,False,False
baseline_lag168,-,keep,2021-05,2021-05-13 19:00:00,101,115.0,False,False
baseline_lag168,-,keep,2021-05,2021-05-13 20:00:00,133,128.0,False,False
baseline_lag168,-,keep,2021-05,2021-05-13 21:00:00,127,121.0,False,False
baseline_lag168,-,keep,2021-05,2021-05-13 22:00:00,114,114.0,False,False
baseline_lag168,-,keep,2021-05,2021-05-13 23:00:00,104,101.0,False,False
baseline_lag168,-,keep,2021-05,2021-05-14 00:00:00,67,67.0,False,False
baseline_lag168,-,keep,2021-05,2021-05-14 01:00:00,100,104.0,False,False
baseline_lag168,-,keep,2021-05,2021-05-14 02:00:00,107,102.0,False,False
baseline_lag168,-,keep,2021-05,2021-05-14 03:00:00,97,105.0,False,False
baseline_lag168,-,keep,2021-05,2021-05-14 04:00:00,106,98.0,False,False
baseline_lag168,-,keep,2021-05,2021-05-14 05:00:00,93,89.0,False,False
baseline_lag168,-,keep,2021-05,2021-05-14 06:00:00,100,107.0,False,False
baseline_lag168,-,keep,2021-05,2021-05-14 07:00:00,115,118.0,False,False
baseline_lag168,-,keep,2021-05,2021-05-14 08:00:00,147,172.0,False,False
baseline_lag168,-,keep,2021-05,2021-05-14 09:00:00,140,170.0,False,False
baseline_lag168,-,keep,2021-05,2021-05-14 10:00:00,143,158.0,False,False
baseline_lag168,-,keep,2021-05,2021-05-14 11:00:00,149,164.0,False,False
baseline_lag168,-,keep,2021-05,2021-05-14 12:00:00,91,106.0,False,False
baseline_lag168,-,keep,2021-05,2021-05-14 13:00:00,150,167.0,False,False
baseline_lag168,-,keep,2021-05,2021-05-14 14:00:00,143,153.0,False,False
baseline_lag168,-,keep,2021-05,2021-05-14 15:00:00,137,133.0,False,False
baseline_lag168,-,keep,2021-05,2021-05-14 16:00:00,135,145.0,False,False
baseline_lag168,-,keep,2021-05,2021-05-14 17:00:00,109,120.0,False,False
baseline_lag168,-,keep,2021-05,2021-05-14 18:00:00,146,108.0,False,False
baseline_lag168,-,keep,2021-05,2021-05-14 19:00:00,129,100.0,False,False
baseline_lag168,-,keep,2021-05,2021-05-14 20:00:00,106,103.0,False,False
baseline_lag168,-,keep,2021-05,2021-05-14 21:00:00,110,102.0,False,False
baseline_lag168,-,keep,2021-05,2021-05-14 22:00:00,103,100.0,False,False
baseline_lag168,-,keep,2021-05,2021-05-14 23:00:00,89,85.0,False,False
baseline_lag168,-,keep,2021-05,2021-05-15 00:00:00,54,61.0,False,False
baseline_lag168,-,keep,2021-05,2021-05-15 01:00:00,96,104.0,False,False
baseline_lag168,-,keep,2021-05,2021-05-15 02:00:00,98,103.0,False,False
baseline_lag168,-,keep,2021-05,2021-05-15 03:00:00,93,103.0,False,False
baseline_lag168,-,keep,2021-05,2021-05-15 04:00:00,101,106.0,False,False
baseline_lag168,-,keep,2021-05,2021-05-15 05:00:00,80,87.0,False,False
baseline_lag168,-,keep,2021-05,2021-05-15 06:00:00,98,104.0,False,False
baseline_lag168,-,keep,2021-05,2021-05-15 07:00:00,69,63.0,False,False
baseline_lag168,-,keep,2021-05,2021-05-15 08:00:00,22,24.0,False,False
baseline_lag168,-,keep,2021-05,2021-05-15 09:00:00,20,22.0,False,False
baseline_lag168,-,keep,2021-05,2021-05-15 10:00:00,20,22.0,False,False
baseline_lag168,-,keep,2021-05,2021-05-15 11:00:00,22,25.0,False,False
baseline_lag168,-,keep,2021-05,2021-05-15 12:00:00,20,23.0,False,False
baseline_lag168,-,keep,2021-05,2021-05-15 13:00:00,19,22.0,False,False
baseline_lag168,-,keep,2021-05,2021-05-15 14:00:00,21,23.0,False,False
baseline_lag168,-,keep,2021-05,2021-05-15 15:00:00,20,24.0,False,False
baseline_lag168,-,keep,2021-05,2021-05-15 16:00:00,20,23.0,False,False
baseline_lag168,-,keep,2021-05,2021-05-15 17:00:00,20,22.0,False,False
baseline_lag168,-,keep,2021-05,2021-05-15 18:00:00,22,24.0,False,False
baseline_lag168,-,keep,2021-05,2021-05-15 19:00:00,20,22.0,False,False
baseline_lag168,-,keep,2021-05,2021-05-15 20:00:00,20,22.0,False,False
baseline_lag168,-,keep,2021-05,2021-05-15 21:00:00,23,25.0,False,False
baseline_lag168,-,keep,2021-05,2021-05-15 22:00:00,21,23.0,False,False
baseline_lag168,-,keep,2021-05,2021-05-15 23:00:00,20,23.0,False,False
baseline_lag168,-,keep,2021-05,2021-05-16 00:00:00,20,23.0,False,True
baseline_lag168,-,keep,2021-05,2021-05-16 01:00:00,23,23.0,False,True
baseline_lag168,-,keep,2021-05,2021-05-16 02:00:00,20,25.0,False,True
baseline_lag168,-,keep,2021-05,2021-05-16 03:00:00,20,23.0,False,True
baseline_lag168,-,keep,2021-05,2021-05-16 04:00:00,22,23.0,False,True
baseline_lag168,-,keep,2021-05,2021-05-16 05:00:00,20,24.0,False,True
baseline_lag168,-,keep,2021-05,2021-05-16 06:00:00,20,24.0,False,True
baseline_lag168,-,keep,2021-05,2021-05-16 07:00:00,20,64.0,False,True
baseline_lag168,-,keep,2021-05,2021-05-16 08:00:00,21,177.0,False,True
baseline_lag168,-,keep,2021-05,2021-05-16 09:00:00,20,158.0,False,True
baseline_lag168,-,keep,2021-05,2021-05-16 10:00:00,21,157.0,False,True
baseline_lag168,-,keep,2021-05,2021-05-16 11:00:00,21,164.0,False,True
baseline_lag168,-,keep,2021-05,2021-05-16 12:00:00,20,106.0,False,True
baseline_lag168,-,keep,2021-05,2021-05-16 13:00:00,20,158.0,False,True
baseline_lag168,-,keep,2021-05,2021-05-16 14:00:00,22,154.0,False,True
baseline_lag168,-,keep,2021-05,2021-05-16 15:00:00,20,141.0,False,True
baseline_lag168,-,keep,2021-05,2021-05-16 16:00:00,20,153.0,False,True
baseline_lag168,-,keep,2021-05,2021-05-16 17:00:00,23,128.0,False,True
baseline_lag168,-,keep,2021-05,2021-05-16 18:00:00,19,159.0,False,True
baseline_lag168,-,keep,2021-05,2021-05-16 19:00:00,20,142.0,False,True
baseline_lag168,-,keep,2021-05,2021-05-16 20:00:00,21,111.0,False,True
baseline_lag168,-,keep,2021-05,2021-05-16 21:00:00,21,120.0,False,True
baseline_lag168,-,keep,2021-05,2021-05-16 22:00:00,20,112.0,False,True
baseline_lag168,-,keep,2021-05,2021-05-16 23:00:00,21,101.0,False,True
baseline_lag168,-,keep,2021-05,2021-05-17 00:00:00,22,23.0,False,False
baseline_lag168,-,keep,2021-05,2021-05-17 01:00:00,20,23.0,False,False
baseline_lag168,-,keep,2021-05,2021-05-17 02:00:00,20,25.0,False,False
baseline_lag168,-,keep,2021-05,2021-05-17 03:00:00,22,23.0,False,False
baseline_lag168,-,keep,2021-05,2021-05-17 04:00:00,20,23.0,False,False
baseline_lag168,-,keep,2021-05,2021-05-17 05:00:00,20,24.0,False,False
baseline_lag168,-,keep,2021-05,2021-05-17 06:00:00,22,24.0,False,False
baseline_lag168,-,keep,2021-05,2021-05-17 07:00:00,50,64.0,False,False
baseline_lag168,-,keep,2021-05,2021-05-17 08:00:00,174,177.0,True,False
baseline_lag168,-,keep,2021-05,2021-05-17 09:00:00,160,158.0,False,False
baseline_lag168,-,keep,2021-05,2021-05-17 10:00:00,164,157.0,False,False
baseline_lag168,-,keep,2021-05,2021-05-17 11:00:00,169,164.0,False,False
baseline_lag168,-,keep,2021-05,2021-05-17 12:00:00,104,106.0,False,False
baseline_lag168,-,keep,2021-05,2021-05-17 13:00:00,170,158.0,False,False
baseline_lag168,-,keep,2021-05,2021-05-17 14:00:00,163,154.0,False,False
baseline_lag168,-,keep,2021-05,2021-05-17 15:00:00,157,141.0,False,False
baseline_lag168,-,keep,2021-05,2021-05-17 16:00:00,161,153.0,False,False
baseline_lag168,-,keep,2021-05,2021-05-17 17:00:00,138,128.0,False,False
baseline_lag168,-,keep,2021-05,2021-05-17 18:00:00,152,159.0,False,False
baseline_lag168,-,keep,2021-05,2021-05-17 19:00:00,128,142.0,False,False
baseline_lag168,-,keep,2021-05,2021-05-17 20:00:00,96,111.0,False,False
baseline_lag168,-,keep,2021-05,2021-05-17 21:00:00,89,120.0,False,False
baseline_lag168,-,keep,2021-05,2021-05-17 22:00:00,93,112.0,False,False
baseline_lag168,-,keep,2021-05,2021-05-17 23:00:00,87,101.0,False,False
baseline_lag168,-,keep,2021-05,2021-05-18 00:00:00,64,64.0,False,True
baseline_lag168,-,keep,2021-05,2021-05-18 01:00:00,93,98.0,False,True
baseline_lag168,-,keep,2021-05,2021-05-18 02:00:00,94,104.0,False,True
baseline_lag168,-,keep,2021-05,2021-05-18 03:00:00,88,101.0,False,True
baseline_lag168,-,keep,2021-05,2021-05-18 04:00:00,85,105.0,False,True
baseline_lag168,-,keep,2021-05,2021-05-18 05:00:00,81,97.0,False,True
baseline_lag168,-,keep,2021-05,2021-05-18 06:00:00,95,107.0,False,True
baseline_lag168,-,keep,2021-05,2021-05-18 07:00:00,115,124.0,False,True
baseline_lag168,-,keep,2021-05,2021-05-18 08:00:00,170,171.0,False,True
baseline_lag168,-,keep,2021-05,2021-05-18 09:00:00,171,173.0,False,True
baseline_lag168,-,keep,2021-05,2021-05-18 10:00:00,159,160.0,False,True
baseline_lag168,-,keep,2021-05,2021-05-18 11:00:00,167,169.0,False,True
baseline_lag168,-,keep,2021-05,2021-05-18 12:00:00,99,100.0,False,True
baseline_lag168,-,keep,2021-05,2021-05-18 13:00:00,177,176.0,True,True
baseline_lag168,-,keep,2021-05,2021-05-18 14:00:00,167,155.0,False,True
baseline_lag168,-,keep,2021-05,2021-05-18 15:00:00,162,151.0,False,True
baseline_lag168,-,keep,2021-05,2021-05-18 16:00:00,154,144.0,False,True
baseline_lag168,-,keep,2021-05,2021-05-18 17:00:00,118,118.0,False,True
baseline_lag168,-,keep,2021-05,2021-05-18 18:00:00,146,138.0,False,True
baseline_lag168,-,keep,2021-05,2021-05-18 19:00:00,144,132.0,False,True
baseline_lag168,-,keep,2021-05,2021-05-18 20:00:00,115,128.0,False,True
baseline_lag168,-,keep,2021-05,2021-05-18 21:00:00,112,125.0,False,True
baseline_lag168,-,keep,2021-05,2021-05-18 22:00:00,100,107.0,False,True
baseline_lag168,-,keep,2021-05,2021-05-18 23:00:00,93,107.0,False,True
baseline_lag168,-,keep,2021-05,2021-05-19 00:00:00,62,67.0,False,False
baseline_lag168,-,keep,2021-05,2021-05-19 01:00:00,89,98.0,False,False
baseline_lag168,-,keep,2021-05,2021-05-19 02:00:00,97,110.0,False,False
baseline_lag168,-,keep,2021-05,2021-05-19 03:00:00,96,96.0,False,False
baseline_lag168,-,keep,2021-05,2021-05-19 04:00:00,94,107.0,False,False
baseline_lag168,-,keep,2021-05,2021-05-19 05:00:00,79,92.0,False,False
baseline_lag168,-,keep,2021-05,2021-05-19 06:00:00,95,104.0,False,False
baseline_lag168,-,keep,2021-05,2021-05-19 07:00:00,54,126.0,False,False
baseline_lag168,-,keep,2021-05,2021-05-19 08:00:00,21,169.0,False,False
baseline_lag168,-,keep,2021-05,2021-05-19 09:00:00,23,160.0,False,False
baseline_lag168,-,keep,2021-05,2021-05-19 10:00:00,21,149.0,False,False
baseline_lag168,-,keep,2021-05,2021-05-19 11:00:00,21,168.0,False,False
baseline_lag168,-,keep,2021-05,2021-05-19 12:00:00,22,94.0,False,False
baseline_lag168,-,keep,2021-05,2021-05-19 13:00:00,21,178.0,False,False
baseline_lag168,-,keep,2021-05,2021-05-19 14:00:00,20,164.0,False,False
baseline_lag168,-,keep,2021-05,2021-05-19 15:00:00,20,153.0,False,False
baseline_lag168,-,keep,2021-05,2021-05-19 16:00:00,23,159.0,False,False
baseline_lag168,-,keep,2021-05,2021-05-19 17:00:00,21,131.0,False,False
baseline_lag168,-,keep,2021-05,2021-05-19 18:00:00,21,157.0,False,False
baseline_lag168,-,keep,2021-05,2021-05-19 19:00:00,23,125.0,False,False
baseline_lag168,-,keep,2021-05,2021-05-19 20:00:00,21,105.0,False,False
baseline_lag168,-,keep,2021-05,2021-05-19 21:00:00,22,110.0,False,False
baseline_lag168,-,keep,2021-05,2021-05-19 22:00:00,23,102.0,False,False
baseline_lag168,-,keep,2021-05,2021-05-19 23:00:00,21,102.0,False,False
baseline_lag168,-,keep,2021-05,2021-05-20 00:00:00,20,70.0,False,False
baseline_lag168,-,keep,2021-05,2021-05-20 01:00:00,21,98.0,False,False
baseline_lag168,-,keep,2021-05,2021-05-20 02:00:00,22,103.0,False,False
baseline_lag168,-,keep,2021-05,2021-05-20 03:00:00,20,100.0,False,False
baseline_lag168,-,keep,2021-05,2021-05-20 04:00:00,20,105.0,False,False
baseline_lag168,-,keep,2021-05,2021-05-20 05:00:00,23,89.0,False,False
baseline_lag168,-,keep,2021-05,2021-05-20 06:00:00,20,101.0,False,False
baseline_lag168,-,keep,2021-05,2021-05-20 07:00:00,64,117.0,False,False
baseline_lag168,-,keep,2021-05,2021-05-20 08:00:00,170,165.0,False,False
baseline_lag168,-,keep,2021-05,2021-05-20 09:00:00,162,163.0,False,False
baseline_lag168,-,keep,2021-05,2021-05-20 10:00:00,157,158.0,False,False
baseline_lag168,-,keep,2021-05,2021-05-20 11:00:00,172,164.0,False,False
baseline_lag168,-,keep,2021-05,2021-05-20 12:00:00,106,96.0,False,False
baseline_lag168,-,keep,2021-05,2021-05-20 13:00:00,166,168.0,False,False
baseline_lag168,-,keep,2021-05,2021-05-20 14:00:00,163,163.0,False,False
baseline_lag168,-,keep,2021-05,2021-05-20 15:00:00,150,139.0,False,False
baseline_lag168,-,keep,2021-05,2021-05-20 16:00:00,152,150.0,False,False
baseline_lag168,-,keep,2021-05,2021-05-20 17:00:00,101,101.0,False,False
baseline_lag168,-,keep,2021-05,2021-05-20 18:00:00,106,102.0,False,False
baseline_lag168,-,keep,2021-05,2021-05-20 19:00:00,109,101.0,False,False
baseline_lag168,-,keep,2021-05,2021-05-20 20:00:00,110,133.0,False,False
baseline_lag168,-,keep,2021-05,2021-05-20 21:00:00,103,127.0,False,False
baseline_lag168,-,keep,2021-05,2021-05-20 22:00:00,101,114.0,False,False
baseline_lag168,-,keep,2021-05,2021-05-20 23:00:00,93,104.0,False,False
baseline_lag168,-,keep,2021-05,2021-05-21 00:00:00,61,67.0,False,False
baseline_lag168,-,keep,2021-05,2021-05-21 01:00:00,94,100.0,False,False
baseline_lag168,-,keep,2021-05,2021-05-21 02:00:00,107,107.0,False,False
baseline_lag168,-,keep,2021-05,2021-05-21 03:00:00,98,97.0,False,False
baseline_lag168,-,keep,2021-05,2021-05-21 04:00:00,95,106.0,False,False
baseline_lag168,-,keep,2021-05,2021-05-21 05:00:00,82,93.0,False,False
baseline_lag168,-,keep,2021-05,2021-05-21 06:00:00,102,100.0,False,False
baseline_lag168,-,keep,2021-05,2021-05-21 07:00:00,121,115.0,False,False
baseline_lag168,-,keep,2021-05,2021-05-21 08:00:00,153,147.0,False,False
baseline_lag168,-,keep,2021-05,2021-05-21 09:00:00,144,140.0,False,False
baseline_lag168,-,keep,2021-05,2021-05-21 10:00:00,140,143.0,False,False
baseline_lag168,-,keep,2021-05,2021-05-21 11:00:00,156,149.0,False,False
baseline_lag168,-,keep,2021-05,2021-05-21 12:00:00,93,91.0,False,False
baseline_lag168,-,keep,2021-05,2021-05-21 13:00:00,149,150.0,False,False
baseline_lag168,-,keep,2021-05,2021-05-21 14:00:00,153,143.0,False,False
baseline_lag168,-,keep,2021-05,2021-05-21 15:00:00,132,137.0,False,False
baseline_lag168,-,keep,2021-05,2021-05-21 16:00:00,144,135.0,False,False
baseline_lag168,-,keep,2021-05,2021-05-21 17:00:00,121,109.0,False,False
baseline_lag168,-,keep,2021-05,2021-05-21 18:00:00,132,146.0,False,False
baseline_lag168,-,keep,2021-05,2021-05-21 19:00:00,124,129.0,False,False
baseline_lag168,-,keep,2021-05,2021-05-21 20:00:00,103,106.0,False,False
baseline_lag168,-,keep,2021-05,2021-05-21 21:00:00,105,110.0,False,False
baseline_lag168,-,keep,2021-05,2021-05-21 22:00:00,101,103.0,False,False
baseline_lag168,-,keep,2021-05,2021-05-21 23:00:00,93,89.0,False,False
baseline_lag168,-,keep,2021-05,2021-05-22 00:00:00,59,54.0,False,True
baseline_lag168,-,keep,2021-05,2021-05-22 01:00:00,101,96.0,False,True
baseline_lag168,-,keep,2021-05,2021-05-22 02:00:00,96,98.0,False,True
baseline_lag168,-,keep,2021-05,2021-05-22 03:00:00,99,93.0,False,True
baseline_lag168,-,keep,2021-05,2021-05-22 04:00:00,101,101.0,False,True
baseline_lag168,-,keep,2021-05,2021-05-22 05:00:00,84,80.0,False,True
baseline_lag168,-,keep,2021-05,2021-05-22 06:00:00,102,98.0,False,True
baseline_lag168,-,keep,2021-05,2021-05-22 07:00:00,56,69.0,False,True
baseline_lag168,-,keep,2021-05,2021-05-22 08:00:00,20,22.0,False,True
baseline_lag168,-,keep,2021-05,2021-05-22 09:00:00,20,20.0,False,True
baseline_lag168,-,keep,2021-05,2021-05-22 10:00:00,23,20.0,False,True
baseline_lag168,-,keep,2021-05,2021-05-22 11:00:00,21,22.0,False,True
baseline_lag168,-,keep,2021-05,2021-05-22 12:00:00,20,20.0,False,True
baseline_lag168,-,keep,2021-05,2021-05-22 13:00:00,22,19.0,False,True
baseline_lag168,-,keep,2021-05,2021-05-22 14:00:00,21,21.0,False,True
baseline_lag168,-,keep,2021-05,2021-05-22 15:00:00,20,20.0,False,True
baseline_lag168,-,keep,2021-05,2021-05-22 16:00:00,21,20.0,False,True
baseline_lag168,-,keep,2021-05,2021-05-22 17:00:00,22,20.0,False,True
baseline_lag168,-,keep,2021-05,2021-05-22 18:00:00,20,22.0,False,True
baseline_lag168,-,keep,2021-05,2021-05-22 19:00:00,20,20.0,False,True
baseline_lag168,-,keep,2021-05,2021-05-22 20:00:00,23,20.0,False,True
baseline_lag168,-,keep,2021-05,2021-05-22 21:00:00,21,23.0,False,True
baseline_lag168,-,keep,2021-05,2021-05-22 22:00:00,20,21.0,False,True
baseline_lag168,-,keep,2021-05,2021-05-22 23:00:00,23,20.0,False,True
baseline_lag168,-,keep,2021-05,2021-05-23 00:00:00,21,20.0,False,False
baseline_lag168,-,keep,2021-05,2021-05-23 01:00:00,21,23.0,False,False
baseline_lag168,-,keep,2021-05,2021-05-23 02:00:00,23,20.0,False,False
baseline_lag168,-,keep,2021-05,2021-05-23 03:00:00,21,20.0,False,False
baseline_lag168,-,keep,2021-05,2021-05-23 04:00:00,21,22.0,False,False
baseline_lag168,-,keep,2021-05,2021-05-23 05:00:00,22,20.0,False,False
baseline_lag168,-,keep,2021-05,2021-05-23 06:00:00,22,20.0,False,False
baseline_lag168,-,keep,2021-05,2021-05-23 07:00:00,20,20.0,False,False
baseline_lag168,-,keep,2021-05,2021-05-23 08:00:00,20,21.0,False,False
baseline_lag168,-,keep,2021-05,2021-05-23 09:00:00,23,20.0,False,False
baseline_lag168,-,keep,2021-05,2021-05-23 10:00:00,20,21.0,False,False
baseline_lag168,-,keep,2021-05,2021-05-23 11:00:00,21,21.0,False,False
baseline_lag168,-,keep,2021-05,2021-05-23 12:00:00,23,20.0,False,False
baseline_lag168,-,keep,2021-05,2021-05-23 13:00:00,21,20.0,False,False
baseline_lag168,-,keep,2021-05,2021-05-23 14:00:00,20,22.0,False,False
baseline_lag168,-,keep,2021-05,2021-05-23 15:00:00,21,20.0,False,False
baseline_lag168,-,keep,2021-05,2021-05-23 16:00:00,22,20.0,False,False
baseline_lag168,-,keep,2021-05,2021-05-23 17:00:00,20,23.0,False,False
baseline_lag168,-,keep,2021-05,2021-05-23 18:00:00,21,19.0,False,False
baseline_lag168,-,keep,2021-05,2021-05-23 19:00:00,22,20.0,False,False
baseline_lag168,-,keep,2021-05,2021-05-23 20:00:00,20,21.0,False,False
baseline_lag168,-,keep,2021-05,2021-05-23 21:00:00,21,21.0,False,False
baseline_lag168,-,keep,2021-05,2021-05-23 22:00:00,23,20.0,False,False
baseline_lag168,-,keep,2021-05,2021-05-23 23:00:00,21,21.0,False,False
baseline_lag168,-,keep,2021-05,2021-05-24 00:00:00,20,22.0,False,True
baseline_lag168,-,keep,2021-05,2021-05-24 01:00:00,23,20.0,False,True
baseline_lag168,-,keep,2021-05,2021-05-24 02:00:00,20,20.0,False,True
baseline_lag168,-,keep,2021-05,2021-05-24 03:00:00,20,22.0,False,True
baseline_lag168,-,keep,2021-05,2021-05-24 04:00:00,23,20.0,False,True
baseline_lag168,-,keep,2021-05,2021-05-24 05:00:00,20,20.0,False,True
baseline_lag168,-,keep,2021-05,2021-05-24 06:00:00,20,22.0,False,True
baseline_lag168,-,keep,2021-05,2021-05-24 07:00:00,54,50.0,False,True
baseline_lag168,-,keep,2021-05,2021-05-24 08:00:00,160,174.0,False,True
baseline_lag168,-,keep,2021-05,2021-05-24 09:00:00,163,160.0,False,True
baseline_lag168,-,keep,2021-05,2021-05-24 10:00:00,155,164.0,False,True
baseline_lag168,-,keep,2021-05,2021-05-24 11:00:00,164,169.0,False,True
baseline_lag168,-,keep,2021-05,2021-05-24 12:00:00,104,104.0,False,True
baseline_lag168,-,keep,2021-05,2021-05-24 13:00:00,155,170.0,False,True
baseline_lag168,-,keep,2021-05,2021-05-24 14:00:00,159,163.0,False,True
baseline_lag168,-,keep,2021-05,2021-05-24 15:00:00,154,157.0,False,True
baseline_lag168,-,keep,2021-05,2021-05-24 16:00:00,147,161.0,False,True
baseline_lag168,-,keep,2021-05,2021-05-24 17:00:00,129,138.0,False,True
baseline_lag168,-,keep,2021-05,2021-05-24 18:00:00,147,152.0,False,True
baseline_lag168,-,keep,2021-05,2021-05-24 19:00:00,130,128.0,False,True
baseline_lag168,-,keep,2021-05,2021-05-24 20:00:00,106,96.0,False,True
baseline_lag168,-,keep,2021-05,2021-05-24 21:00:00,106,89.0,False,True
baseline_lag168,-,keep,2021-05,2021-05-24 22:00:00,105,93.0,False,True
baseline_lag168,-,keep,2021-05,2021-05-24 23:00:00,98,87.0,False,True
baseline_lag168,-,keep,2021-05,2021-05-25 00:00:00,58,64.0,False,True
baseline_lag168,-,keep,2021-05,2021-05-25 01:00:00,99,93.0,False,True
baseline_lag168,-,keep,2021-05,2021-05-25 02:00:00,101,94.0,False,True
baseline_lag168,-,keep,2021-05,2021-05-25 03:00:00,98,88.0,False,True
baseline_lag168,-,keep,2021-05,2021-05-25 04:00:00,104,85.0,False,True
baseline_lag168,-,keep,2021-05,2021-05-25 05:00:00,89,81.0,False,True
baseline_lag168,-,keep,2021-05,2021-05-25 06:00:00,106,95.0,False,True
baseline_lag168,-,keep,2021-05,2021-05-25 07:00:00,122,115.0,False,True
baseline_lag168,-,keep,2021-05,2021-05-25 08:00:00,163,170.0,False,True
baseline_lag168,-,keep,2021-05,2021-05-25 09:00:00,153,171.0,False,True
baseline_lag168,-,keep,2021-05,2021-05-25 10:00:00,161,159.0,False,True
baseline_lag168,-,keep,2021-05,2021-05-25 11:00:00,156,167.0,False,True
baseline_lag168,-,keep,2021-05,2021-05-25 12:00:00,92,99.0,False,True
baseline_lag168,-,keep,2021-05,2021-05-25 13:00:00,151,177.0,False,True
baseline_lag168,-,keep,2021-05,2021-05-25 14:00:00,161,167.0,False,True
baseline_lag168,-,keep,2021-05,2021-05-25 15:00:00,148,162.0,False,True
baseline_lag168,-,keep,2021-05,2021-05-25 16:00:00,151,154.0,False,True
baseline_lag168,-,keep,2021-05,2021-05-25 17:00:00,112,118.0,False,True
baseline_lag168,-,keep,2021-05,2021-05-25 18:00:00,141,146.0,False,True
baseline_lag168,-,keep,2021-05,2021-05-25 19:00:00,130,144.0,False,True
baseline_lag168,-,keep,2021-05,2021-05-25 20:00:00,119,115.0,False,True
baseline_lag168,-,keep,2021-05,2021-05-25 21:00:00,119,112.0,False,True
baseline_lag168,-,keep,2021-05,2021-05-25 22:00:00,106,100.0,False,True
baseline_lag168,-,keep,2021-05,2021-05-25 23:00:00,100,93.0,False,True
baseline_lag168,-,keep,2021-05,2021-05-26 00:00:00,58,62.0,False,False
baseline_lag168,-,keep,2021-05,2021-05-26 01:00:00,98,89.0,False,False
baseline_lag168,-,keep,2021-05,2021-05-26 02:00:00,101,97.0,False,False
baseline_lag168,-,keep,2021-05,2021-05-26 03:00:00,103,96.0,False,False
baseline_lag168,-,keep,2021-05,2021-05-26 04:00:00,100,94.0,False,False
baseline_lag168,-,keep,2021-05,2021-05-26 05:00:00,94,79.0,False,False
baseline_lag168,-,keep,2021-05,2021-05-26 06:00:00,100,95.0,False,False
baseline_lag168,-,keep,2021-05,2021-05-26 07:00:00,121,54.0,False,False
baseline_lag168,-,keep,2021-05,2021-05-26 08:00:00,155,21.0,False,False
baseline_lag168,-,keep,2021-05,2021-05-26 09:00:00,154,23.0,False,False
baseline_lag168,-,keep,2021-05,2021-05-26 10:00:00,147,21.0,False,False
baseline_lag168,-,keep,2021-05,2021-05-26 11:00:00,157,21.0,False,False
baseline_lag168,-,keep,2021-05,2021-05-26 12:00:00,91,22.0,False,False
baseline_lag168,-,keep,2021-05,2021-05-26 13:00:00,157,21.0,False,False
baseline_lag168,-,keep,2021-05,2021-05-26 14:00:00,157,20.0,False,False
baseline_lag168,-,keep,2021-05,2021-05-26 15:00:00,145,20.0,False,False
baseline_lag168,-,keep,2021-05,2021-05-26 16:00:00,137,23.0,False,False
baseline_lag168,-,keep,2021-05,2021-05-26 17:00:00,117,21.0,False,False
baseline_lag168,-,keep,2021-05,2021-05-26 18:00:00,133,21.0,False,False
baseline_lag168,-,keep,2021-05,2021-05-26 19:00:00,131,23.0,False,False
baseline_lag168,-,keep,2021-05,2021-05-26 20:00:00,115,21.0,False,False
baseline_lag168,-,keep,2021-05,2021-05-26 21:00:00,104,22.0,False,False
baseline_lag168,-,keep,2021-05,2021-05-26 22:00:00,97,23.0,False,False
baseline_lag168,-,keep,2021-05,2021-05-26 23:00:00,98,21.0,False,False
baseline_lag168,-,keep,2021-05,2021-05-27 00:00:00,62,20.0,False,True
baseline_lag168,-,keep,2021-05,2021-05-27 01:00:00,95,21.0,False,True
baseline_lag168,-,keep,2021-05,2021-05-27 02:00:00,101,22.0,False,True
baseline_lag168,-,keep,2021-05,2021-05-27 03:00:00,94,20.0,False,True
baseline_lag168,-,keep,2021-05,2021-05-27 04:00:00,99,20.0,False,True
baseline_lag168,-,keep,2021-05,2021-05-27 05:00:00,86,23.0,False,True
baseline_lag168,-,keep,2021-05,2021-05-27 06:00:00,96,20.0,False,True
baseline_lag168,-,keep,2021-05,2021-05-27 07:00:00,126,64.0,False,True
baseline_lag168,-,keep,2021-05,2021-05-27 08:00:00,152,170.0,False,True
baseline_lag168,-,keep,2021-05,2021-05-27 09:00:00,164,162.0,False,True
baseline_lag168,-,keep,2021-05,2021-05-27 10:00:00,148,157.0,False,True
baseline_lag168,-,keep,2021-05,2021-05-27 11:00:00,165,172.0,False,True
baseline_lag168,-,keep,2021-05,2021-05-27 12:00:00,90,106.0,False,True
baseline_lag168,-,keep,2021-05,2021-05-27 13:00:00,164,166.0,False,True
baseline_lag168,-,keep,2021-05,2021-05-27 14:00:00,152,163.0,False,True
baseline_lag168,-,keep,2021-05,2021-05-27 15:00:00,144,150.0,False,True
baseline_lag168,-,keep,2021-05,2021-05-27 16:00:00,144,152.0,False,True
baseline_lag168,-,keep,2021-05,2021-05-27 17:00:00,114,101.0,False,True
baseline_lag168,-,keep,2021-05,2021-05-27 18:00:00,124,106.0,False,True
baseline_lag168,-,keep,2021-05,2021-05-27 19:00:00,99,109.0,False,True
baseline_lag168,-,keep,2021-05,2021-05-27 20:00:00,118,110.0,False,True
baseline_lag168,-,keep,2021-05,2021-05-27 21:00:00,113,103.0,False,True
baseline_lag168,-,keep,2021-05,2021-05-27 22:00:00,102,101.0,False,True
baseline_lag168,-,keep,2021-05,2021-05-27 23:00:00,97,93.0,False,True
baseline_lag168,-,keep,2021-05,2021-05-28 00:00:00,61,61.0,False,True
baseline_lag168,-,keep,2021-05,2021-05-28 01:00:00,100,94.0,False,True
baseline_lag168,-,keep,2021-05,2021-05-28 02:00:00,102,107.0,False,True
baseline_lag168,-,keep,2021-05,2021-05-28 03:00:00,99,98.0,False,True
baseline_lag168,-,keep,2021-05,2021-05-28 04:00:00,105,95.0,False,True
baseline_lag168,-,keep,2021-05,2021-05-28 05:00:00,92,82.0,False,True
baseline_lag168,-,keep,2021-05,2021-05-28 06:00:00,109,102.0,False,True
baseline_lag168,-,keep,2021-05,2021-05-28 07:00:00,115,121.0,False,True
baseline_lag168,-,keep,2021-05,2021-05-28 08:00:00,164,153.0,False,True
baseline_lag168,-,keep,2021-05,2021-05-28 09:00:00,160,144.0,False,True
baseline_lag168,-,keep,2021-05,2021-05-28 10:00:00,151,140.0,False,True
baseline_lag168,-,keep,2021-05,2021-05-28 11:00:00,167,156.0,False,True
baseline_lag168,-,keep,2021-05,2021-05-28 12:00:00,98,93.0,False,True
baseline_lag168,-,keep,2021-05,2021-05-28 13:00:00,162,149.0,False,True
baseline_lag168,-,keep,2021-05,2021-05-28 14:00:00,151,153.0,False,True
baseline_lag168,-,keep,2021-05,2021-05-28 15:00:00,140,132.0,False,True
baseline_lag168,-,keep,2021-05,2021-05-28 16:00:00,137,144.0,False,True
baseline_lag168,-,keep,2021-05,2021-05-28 17:00:00,125,121.0,False,True
baseline_lag168,-,keep,2021-05,2021-05-28 18:00:00,148,132.0,False,True
baseline_lag168,-,keep,2021-05,2021-05-28 19:00:00,117,124.0,False,True
baseline_lag168,-,keep,2021-05,2021-05-28 20:00:00,105,103.0,False,True
baseline_lag168,-,keep,2021-05,2021-05-28 21:00:00,111,105.0,False,True
baseline_lag168,-,keep,2021-05,2021-05-28 22:00:00,103,101.0,False,True
baseline_lag168,-,keep,2021-05,2021-05-28 23:00:00,95,93.0,False,True
baseline_lag168,-,keep,2021-05,2021-05-29 00:00:00,61,59.0,False,False
baseline_lag168,-,keep,2021-05,2021-05-29 01:00:00,99,101.0,False,False
baseline_lag168,-,keep,2021-05,2021-05-29 02:00:00,95,96.0,False,False
baseline_lag168,-,keep,2021-05,2021-05-29 03:00:00,96,99.0,False,False
baseline_lag168,-,keep,2021-05,2021-05-29 04:00:00,102,101.0,False,False
baseline_lag168,-,keep,2021-05,2021-05-29 05:00:00,88,84.0,False,False
baseline_lag168,-,keep,2021-05,2021-05-29 06:00:00,100,102.0,False,False
baseline_lag168,-,keep,2021-05,2021-05-29 07:00:00,65,56.0,False,False
baseline_lag168,-,keep,2021-05,2021-05-29 08:00:00,23,20.0,False,False
baseline_lag168,-,keep,2021-05,2021-05-29 09:00:00,21,20.0,False,False
baseline_lag168,-,keep,2021-05,2021-05-29 10:00:00,21,23.0,False,False
baseline_lag168,-,keep,2021-05,2021-05-29 11:00:00,23,21.0,False,False
baseline_lag168,-,keep,2021-05,2021-05-29 12:00:00,21,20.0,False,False
baseline_lag168,-,keep,2021-05,2021-05-29 13:00:00,21,22.0,False,False
baseline_lag168,-,keep,2021-05,2021-05-29 14:00:00,23,21.0,False,False
baseline_lag168,-,keep,2021-05,2021-05-29 15:00:00,22,20.0,False,False
baseline_lag168,-,keep,2021-05,2021-05-29 16:00:00,21,21.0,False,False
baseline_lag168,-,keep,2021-05,2021-05-29 17:00:00,22,22.0,False,False
baseline_lag168,-,keep,2021-05,2021-05-29 18:00:00,23,20.0,False,False
baseline_lag168,-,keep,2021-05,2021-05-29 19:00:00,21,20.0,False,False
baseline_lag168,-,keep,2021-05,2021-05-29 20:00:00,21,23.0,False,False
baseline_lag168,-,keep,2021-05,2021-05-29 21:00:00,23,21.0,False,False
baseline_lag168,-,keep,2021-05,2021-05-29 22:00:00,21,20.0,False,False
baseline_lag168,-,keep,2021-05,2021-05-29 23:00:00,21,23.0,False,False
baseline_lag168,-,keep,2021-05,2021-05-30 00:00:00,24,21.0,False,True
baseline_lag168,-,keep,2021-05,2021-05-30 01:00:00,21,21.0,False,True
baseline_lag168,-,keep,2021-05,2021-05-30 02:00:00,21,23.0,False,True
baseline_lag168,-,keep,2021-05,2021-05-30 03:00:00,23,21.0,False,True
baseline_lag168,-,keep,2021-05,2021-05-30 04:00:00,23,21.0,False,True
baseline_lag168,-,keep,2021-05,2021-05-30 05:00:00,21,22.0,False,True
baseline_lag168,-,keep,2021-05,2021-05-30 06:00:00,21,22.0,False,True
baseline_lag168,-,keep,2021-05,2021-05-30 07:00:00,24,20.0,False,True
baseline_lag168,-,keep,2021-05,2021-05-30 08:00:00,21,20.0,False,True
baseline_lag168,-,keep,2021-05,2021-05-30 09:00:00,21,23.0,False,True
baseline_lag168,-,keep,2021-05,2021-05-30 10:00:00,23,20.0,False,True
baseline_lag168,-,keep,2021-05,2021-05-30 11:00:00,22,21.0,False,True
baseline_lag168,-,keep,2021-05,2021-05-30 12:00:00,21,23.0,False,True
baseline_lag168,-,keep,2021-05,2021-05-30 13:00:00,21,21.0,False,True
baseline_lag168,-,keep,2021-05,2021-05-30 14:00:00,23,20.0,False,True
baseline_lag168,-,keep,2021-05,2021-05-30 15:00:00,21,21.0,False,True
baseline_lag168,-,keep,2021-05,2021-05-30 16:00:00,21,22.0,False,True
baseline_lag168,-,keep,2021-05,2021-05-30 17:00:00,23,20.0,False,True
baseline_lag168,-,keep,2021-05,2021-05-30 18:00:00,21,21.0,False,True
baseline_lag168,-,keep,2021-05,2021-05-30 19:00:00,21,22.0,False,True
baseline_lag168,-,keep,2021-05,2021-05-30 20:00:00,23,20.0,False,True
baseline_lag168,-,keep,2021-05,2021-05-30 21:00:00,21,21.0,False,True
baseline_lag168,-,keep,2021-05,2021-05-30 22:00:00,21,23.0,False,True
baseline_lag168,-,keep,2021-05,2021-05-30 23:00:00,24,21.0,False,True
baseline_lag168,-,keep,2021-05,2021-05-31 00:00:00,21,20.0,False,False
baseline_lag168,-,keep,2021-05,2021-05-31 01:00:00,21,23.0,False,False
baseline_lag168,-,keep,2021-05,2021-05-31 02:00:00,21,20.0,False,False
baseline_lag168,-,keep,2021-05,2021-05-31 03:00:00,23,20.0,False,False
baseline_lag168,-,keep,2021-05,2021-05-31 04:00:00,21,23.0,False,False
baseline_lag168,-,keep,2021-05,2021-05-31 05:00:00,21,20.0,False,False
baseline_lag168,-,keep,2021-05,2021-05-31 06:00:00,24,20.0,False,False
baseline_lag168,-,keep,2021-05,2021-05-31 07:00:00,49,54.0,False,False
baseline_lag168,-,keep,2021-05,2021-05-31 08:00:00,160,160.0,False,False
baseline_lag168,-,keep,2021-05,2021-05-31 09:00:00,169,163.0,False,False
baseline_lag168,-,keep,2021-05,2021-05-31 10:00:00,160,155.0,False,False
baseline_lag168,-,keep,2021-05,2021-05-31 11:00:00,167,164.0,False,False
baseline_lag168,-,keep,2021-05,2021-05-31 12:00:00,104,104.0,False,False
baseline_lag168,-,keep,2021-05,2021-05-31 13:00:00,159,155.0,False,False
baseline_lag168,-,keep,2021-05,2021-05-31 14:00:00,156,159.0,False,False
baseline_lag168,-,keep,2021-05,2021-05-31 15:00:00,142,154.0,False,False
baseline_lag168,-,keep,2021-05,2021-05-31 16:00:00,147,147.0,False,False
baseline_lag168,-,keep,2021-05,2021-05-31 17:00:00,125,129.0,False,False
baseline_lag168,-,keep,2021-05,2021-05-31 18:00:00,157,147.0,False,False
baseline_lag168,-,keep,2021-05,2021-05-31 19:00:00,146,130.0,False,False
baseline_lag168,-,keep,2021-05,2021-05-31 20:00:00,113,106.0,False,False
baseline_lag168,-,keep,2021-05,2021-05-31 21:00:00,113,106.0,False,False
baseline_lag168,-,keep,2021-05,2021-05-31 22:00:00,103,105.0,False,False
baseline_lag168,-,keep,2021-05,2021-05-31 23:00:00,99,98.0,False,False
baseline_lag168,-,keep,2021-06,2021-06-01 00:00:00,61,58.0,False,True
baseline_lag168,-,keep,2021-06,2021-06-01 01:00:00,99,99.0,False,True
baseline_lag168,-,keep,2021-06,2021-06-01 02:00:00,104,101.0,False,True
baseline_lag168,-,keep,2021-06,2021-06-01 03:00:00,103,98.0,False,True
baseline_lag168,-,keep,2021-06,2021-06-01 04:00:00,105,104.0,False,True
baseline_lag168,-,keep,2021-06,2021-06-01 05:00:00,90,89.0,False,True
baseline_lag168,-,keep,2021-06,2021-06-01 06:00:00,109,106.0,False,True
baseline_lag168,-,keep,2021-06,2021-06-01 07:00:00,122,122.0,False,True
baseline_lag168,-,keep,2021-06,2021-06-01 08:00:00,179,163.0,True,True
baseline_lag168,-,keep,2021-06,2021-06-01 09:00:00,173,153.0,True,True
baseline_lag168,-,keep,2021-06,2021-06-01 10:00:00,171,161.0,True,True
baseline_lag168,-,keep,2021-06,2021-06-01 11:00:00,174,156.0,True,True
baseline_lag168,-,keep,2021-06,2021-06-01 12:00:00,94,92.0,False,True
baseline_lag168,-,keep,2021-06,2021-06-01 13:00:00,170,151.0,False,True
baseline_lag168,-,keep,2021-06,2021-06-01 14:00:00,165,161.0,False,True
baseline_lag168,-,keep,2021-06,2021-06-01 15:00:00,152,148.0,False,True
baseline_lag168,-,keep,2021-06,2021-06-01 16:00:00,162,151.0,False,True
baseline_lag168,-,keep,2021-06,2021-06-01 17:00:00,124,112.0,False,True
baseline_lag168,-,keep,2021-06,2021-06-01 18:00:00,147,141.0,False,True
baseline_lag168,-,keep,2021-06,2021-06-01 19:00:00,144,130.0,False,True
baseline_lag168,-,keep,2021-06,2021-06-01 20:00:00,121,119.0,False,True
baseline_lag168,-,keep,2021-06,2021-06-01 21:00:00,121,119.0,False,True
baseline_lag168,-,keep,2021-06,2021-06-01 22:00:00,106,106.0,False,True
baseline_lag168,-,keep,2021-06,2021-06-01 23:00:00,99,100.0,False,True
baseline_lag168,-,keep,2021-06,2021-06-02 00:00:00,62,58.0,False,True
baseline_lag168,-,keep,2021-06,2021-06-02 01:00:00,102,98.0,False,True
baseline_lag168,-,keep,2021-06,2021-06-02 02:00:00,109,101.0,False,True
baseline_lag168,-,keep,2021-06,2021-06-02 03:00:00,104,103.0,False,True
baseline_lag168,-,keep,2021-06,2021-06-02 04:00:00,100,100.0,False,True
baseline_lag168,-,keep,2021-06,2021-06-02 05:00:00,85,94.0,False,True
baseline_lag168,-,keep,2021-06,2021-06-02 06:00:00,103,100.0,False,True
baseline_lag168,-,keep,2021-06,2021-06-02 07:00:00,132,121.0,False,True
baseline_lag168,-,keep,2021-06,2021-06-02 08:00:00,172,155.0,True,True
baseline_lag168,-,keep,2021-06,2021-06-02 09:00:00,177,154.0,True,True
baseline_lag168,-,keep,2021-06,2021-06-02 10:00:00,173,147.0,True,True
baseline_lag168,-,keep,2021-06,2021-06-02 11:00:00,168,157.0,False,True
baseline_lag168,-,keep,2021-06,2021-06-02 12:00:00,103,91.0,False,True
baseline_lag168,-,keep,2021-06,2021-06-02 13:00:00,182,157.0,True,True
baseline_lag168,-,keep,2021-06,2021-06-02 14:00:00,177,157.0,True,True
baseline_lag168,-,keep,2021-06,2021-06-02 15:00:00,156,145.0,False,True
baseline_lag168,-,keep,2021-06,2021-06-02 16:00:00,167,137.0,False,True
baseline_lag168,-,keep,2021-06,2021-06-02 17:00:00,136,117.0,False,True
baseline_lag168,-,keep,2021-06,2021-06-02 18:00:00,152,133.0,False,True
baseline_lag168,-,keep,2021-06,2021-06-02 19:00:00,128,131.0,False,True
baseline_lag168,-,keep,2021-06,2021-06-02 20:00:00,113,115.0,False,True
baseline_lag168,-,keep,2021-06,2021-06-02 21:00:00,111,104.0,False,True
baseline_lag168,-,keep,2021-06,2021-06-02 22:00:00,101,97.0,False,True
baseline_lag168,-,keep,2021-06,2021-06-02 23:00:00,96,98.0,False,True
baseline_lag168,-,keep,2021-06,2021-06-03 00:00:00,66,62.0,False,True
baseline_lag168,-,keep,2021-06,2021-06-03 01:00:00,105,95.0,False,True
baseline_lag168,-,keep,2021-06,2021-06-03 02:00:00,113,101.0,False,True
baseline_lag168,-,keep,2021-06,2021-06-03 03:00:00,105,94.0,False,True
baseline_lag168,-,keep,2021-06,2021-06-03 04:00:00,106,99.0,False,True
baseline_lag168,-,keep,2021-06,2021-06-03 05:00:00,91,86.0,False,True
baseline_lag168,-,keep,2021-06,2021-06-03 06:00:00,112,96.0,False,True
baseline_lag168,-,keep,2021-06,2021-06-03 07:00:00,129,126.0,False,True
baseline_lag168,-,keep,2021-06,2021-06-03 08:00:00,170,152.0,False,True
baseline_lag168,-,keep,2021-06,2021-06-03 09:00:00,170,164.0,False,True
baseline_lag168,-,keep,2021-06,2021-06-03 10:00:00,156,148.0,False,True
baseline_lag168,-,keep,2021-06,2021-06-03 11:00:00,162,165.0,False,True
baseline_lag168,-,keep,2021-06,2021-06-03 12:00:00,102,90.0,False,True
baseline_lag168,-,keep,2021-06,2021-06-03 13:00:00,158,164.0,False,True
baseline_lag168,-,keep,2021-06,2021-06-03 14:00:00,159,152.0,False,True
baseline_lag168,-,keep,2021-06,2021-06-03 15:00:00,151,144.0,False,True
baseline_lag168,-,keep,2021-06,2021-06-03 16:00:00,160,144.0,False,True
baseline_lag168,-,keep,2021-06,2021-06-03 17:00:00,132,114.0,False,True
baseline_lag168,-,keep,2021-06,2021-06-03 18:00:00,132,124.0,False,True
baseline_lag168,-,keep,2021-06,2021-06-03 19:00:00,115,99.0,False,True
baseline_lag168,-,keep,2021-06,2021-06-03 20:00:00,122,118.0,False,True
baseline_lag168,-,keep,2021-06,2021-06-03 21:00:00,123,113.0,False,True
baseline_lag168,-,keep,2021-06,2021-06-03 22:00:00,113,102.0,False,True
baseline_lag168,-,keep,2021-06,2021-06-03 23:00:00,105,97.0,False,True
baseline_lag168,-,keep,2021-06,2021-06-04 00:00:00,68,61.0,False,True
baseline_lag168,-,keep,2021-06,2021-06-04 01:00:00,108,100.0,False,True
baseline_lag168,-,keep,2021-06,2021-06-04 02:00:00,110,102.0,False,True
baseline_lag168,-,keep,2021-06,2021-06-04 03:00:00,107,99.0,False,True
baseline_lag168,-,keep,2021-06,2021-06-04 04:00:00,109,105.0,False,True
baseline_lag168,-,keep,2021-06,2021-06-04 05:00:00,90,92.0,False,True
baseline_lag168,-,keep,2021-06,2021-06-04 06:00:00,109,109.0,False,True
baseline_lag168,-,keep,2021-06,2021-06-04 07:00:00,128,115.0,False,True
baseline_lag168,-,keep,2021-06,2021-06-04 08:00:00,156,164.0,False,True
baseline_lag168,-,keep,2021-06,2021-06-04 09:00:00,160,160.0,False,True
baseline_lag168,-,keep,2021-06,2021-06-04 10:00:00,157,151.0,False,True
baseline_lag168,-,keep,2021-06,2021-06-04 11:00:00,149,167.0,False,True
baseline_lag168,-,keep,2021-06,2021-06-04 12:00:00,89,98.0,False,True
baseline_lag168,-,keep,2021-06,2021-06-04 13:00:00,155,162.0,False,True
baseline_lag168,-,keep,2021-06,2021-06-04 14:00:00,152,151.0,False,True
baseline_lag168,-,keep,2021-06,2021-06-04 15:00:00,140,140.0,False,True
baseline_lag168,-,keep,2021-06,2021-06-04 16:00:00,142,137.0,False,True
baseline_lag168,-,keep,2021-06,2021-06-04 17:00:00,122,125.0,False,True
baseline_lag168,-,keep,2021-06,2021-06-04 18:00:00,139,148.0,False,True
baseline_lag168,-,keep,2021-06,2021-06-04 19:00:00,113,117.0,False,True
baseline_lag168,-,keep,2021-06,2021-06-04 20:00:00,101,105.0,False,True
baseline_lag168,-,keep,2021-06,2021-06-04 21:00:00,108,111.0,False,True
baseline_lag168,-,keep,2021-06,2021-06-04 22:00:00,107,103.0,False,True
baseline_lag168,-,keep,2021-06,2021-06-04 23:00:00,97,95.0,False,True
baseline_lag168,-,keep,2021-06,2021-06-05 00:00:00,63,61.0,False,True
baseline_lag168,-,keep,2021-06,2021-06-05 01:00:00,105,99.0,False,True
baseline_lag168,-,keep,2021-06,2021-06-05 02:00:00,104,95.0,False,True
baseline_lag168,-,keep,2021-06,2021-06-05 03:00:00,105,96.0,False,True
baseline_lag168,-,keep,2021-06,2021-06-05 04:00:00,107,102.0,False,True
baseline_lag168,-,keep,2021-06,2021-06-05 05:00:00,92,88.0,False,True
baseline_lag168,-,keep,2021-06,2021-06-05 06:00:00,107,100.0,False,True
baseline_lag168,-,keep,2021-06,2021-06-05 07:00:00,61,65.0,False,True
baseline_lag168,-,keep,2021-06,2021-06-05 08:00:00,24,23.0,False,True
baseline_lag168,-,keep,2021-06,2021-06-05 09:00:00,22,21.0,False,True
baseline_lag168,-,keep,2021-06,2021-06-05 10:00:00,22,21.0,False,True
baseline_lag168,-,keep,2021-06,2021-06-05 11:00:00,25,23.0,False,True
baseline_lag168,-,keep,2021-06,2021-06-05 12:00:00,22,21.0,False,True
baseline_lag168,-,keep,2021-06,2021-06-05 13:00:00,22,21.0,False,True
baseline_lag168,-,keep,2021-06,2021-06-05 14:00:00,23,23.0,False,True
baseline_lag168,-,keep,2021-06,2021-06-05 15:00:00,25,22.0,False,True
baseline_lag168,-,keep,2021-06,2021-06-05 16:00:00,23,21.0,False,True
baseline_lag168,-,keep,2021-06,2021-06-05 17:00:00,22,22.0,False,True
baseline_lag168,-,keep,2021-06,2021-06-05 18:00:00,25,23.0,False,True
baseline_lag168,-,keep,2021-06,2021-06-05 19:00:00,22,21.0,False,True
baseline_lag168,-,keep,2021-06,2021-06-05 20:00:00,22,21.0,False,True
baseline_lag168,-,keep,2021-06,2021-06-05 21:00:00,24,23.0,False,True
baseline_lag168,-,keep,2021-06,2021-06-05 22:00:00,23,21.0,False,True
baseline_lag168,-,keep,2021-06,2021-06-05 23:00:00,22,21.0,False,True
baseline_lag168,-,keep,2021-06,2021-06-06 00:00:00,22,24.0,False,True
baseline_lag168,-,keep,2021-06,2021-06-06 01:00:00,25,21.0,False,True
baseline_lag168,-,keep,2021-06,2021-06-06 02:00:00,22,21.0,False,True
baseline_lag168,-,keep,2021-06,2021-06-06 03:00:00,22,23.0,False,True
baseline_lag168,-,keep,2021-06,2021-06-06 04:00:00,24,23.0,False,True
baseline_lag168,-,keep,2021-06,2021-06-06 05:00:00,22,21.0,False,True
baseline_lag168,-,keep,2021-06,2021-06-06 06:00:00,22,21.0,False,True
baseline_lag168,-,keep,2021-06,2021-06-06 07:00:00,24,24.0,False,True
baseline_lag168,-,keep,2021-06,2021-06-06 08:00:00,22,21.0,False,True
baseline_lag168,-,keep,2021-06,2021-06-06 09:00:00,23,21.0,False,True
baseline_lag168,-,keep,2021-06,2021-06-06 10:00:00,23,23.0,False,True
baseline_lag168,-,keep,2021-06,2021-06-06 11:00:00,24,22.0,False,True
baseline_lag168,-,keep,2021-06,2021-06-06 12:00:00,22,21.0,False,True
baseline_lag168,-,keep,2021-06,2021-06-06 13:00:00,22,21.0,False,True
baseline_lag168,-,keep,2021-06,2021-06-06 14:00:00,24,23.0,False,True
baseline_lag168,-,keep,2021-06,2021-06-06 15:00:00,22,21.0,False,True
baseline_lag168,-,keep,2021-06,2021-06-06 16:00:00,23,21.0,False,True
baseline_lag168,-,keep,2021-06,2021-06-06 17:00:00,23,23.0,False,True
baseline_lag168,-,keep,2021-06,2021-06-06 18:00:00,23,21.0,False,True
baseline_lag168,-,keep,2021-06,2021-06-06 19:00:00,22,21.0,False,True
baseline_lag168,-,keep,2021-06,2021-06-06 20:00:00,22,23.0,False,True
baseline_lag168,-,keep,2021-06,2021-06-06 21:00:00,25,21.0,False,True
baseline_lag168,-,keep,2021-06,2021-06-06 22:00:00,23,21.0,False,True
baseline_lag168,-,keep,2021-06,2021-06-06 23:00:00,23,24.0,False,True
baseline_lag168,-,keep,2021-06,2021-06-07 00:00:00,23,21.0,False,True
baseline_lag168,-,keep,2021-06,2021-06-07 01:00:00,23,21.0,False,True
baseline_lag168,-,keep,2021-06,2021-06-07 02:00:00,22,21.0,False,True
baseline_lag168,-,keep,2021-06,2021-06-07 03:00:00,22,23.0,False,True
baseline_lag168,-,keep,2021-06,2021-06-07 04:00:00,24,21.0,False,True
baseline_lag168,-,keep,2021-06,2021-06-07 05:00:00,22,21.0,False,True
baseline_lag168,-,keep,2021-06,2021-06-07 06:00:00,22,24.0,False,True
baseline_lag168,-,keep,2021-06,2021-06-07 07:00:00,56,49.0,False,True
baseline_lag168,-,keep,2021-06,2021-06-07 08:00:00,171,160.0,True,True
baseline_lag168,-,keep,2021-06,2021-06-07 09:00:00,166,169.0,False,True
baseline_lag168,-,keep,2021-06,2021-06-07 10:00:00,161,160.0,False,True
baseline_lag168,-,keep,2021-06,2021-06-07 11:00:00,168,167.0,False,True
baseline_lag168,-,keep,2021-06,2021-06-07 12:00:00,115,104.0,False,True
baseline_lag168,-,keep,2021-06,2021-06-07 13:00:00,175,159.0,True,True
baseline_lag168,-,keep,2021-06,2021-06-07 14:00:00,175,156.0,True,True
baseline_lag168,-,keep,2021-06,2021-06-07 15:00:00,163,142.0,False,True
baseline_lag168,-,keep,2021-06,2021-06-07 16:00:00,165,147.0,False,True
baseline_lag168,-,keep,2021-06,2021-06-07 17:00:00,136,125.0,False,True
baseline_lag168,-,keep,2021-06,2021-06-07 18:00:00,152,157.0,False,True
baseline_lag168,-,keep,2021-06,2021-06-07 19:00:00,130,146.0,False,True
baseline_lag168,-,keep,2021-06,2021-06-07 20:00:00,108,113.0,False,True
baseline_lag168,-,keep,2021-06,2021-06-07 21:00:00,111,113.0,False,True
baseline_lag168,-,keep,2021-06,2021-06-07 22:00:00,95,103.0,False,True
baseline_lag168,-,keep,2021-06,2021-06-07 23:00:00,98,99.0,False,True
baseline_lag168,-,keep,2021-06,2021-06-08 00:00:00,63,61.0,False,True
baseline_lag168,-,keep,2021-06,2021-06-08 01:00:00,99,99.0,False,True
baseline_lag168,-,keep,2021-06,2021-06-08 02:00:00,103,104.0,False,True
baseline_lag168,-,keep,2021-06,2021-06-08 03:00:00,100,103.0,False,True
baseline_lag168,-,keep,2021-06,2021-06-08 04:00:00,105,105.0,False,True
baseline_lag168,-,keep,2021-06,2021-06-08 05:00:00,87,90.0,False,True
baseline_lag168,-,keep,2021-06,2021-06-08 06:00:00,98,109.0,False,True
baseline_lag168,-,keep,2021-06,2021-06-08 07:00:00,93,122.0,False,True
baseline_lag168,-,keep,2021-06,2021-06-08 08:00:00,154,179.0,False,True
baseline_lag168,-,keep,2021-06,2021-06-08 09:00:00,160,173.0,False,True
baseline_lag168,-,keep,2021-06,2021-06-08 10:00:00,142,171.0,False,True
baseline_lag168,-,keep,2021-06,2021-06-08 11:00:00,164,174.0,False,True
baseline_lag168,-,keep,2021-06,2021-06-08 12:00:00,103,94.0,False,True
baseline_lag168,-,keep,2021-06,2021-06-08 13:00:00,165,170.0,False,True
baseline_lag168,-,keep,2021-06,2021-06-08 14:00:00,166,165.0,False,True
baseline_lag168,-,keep,2021-06,2021-06-08 15:00:00,161,152.0,False,True
baseline_lag168,-,keep,2021-06,2021-06-08 16:00:00,158,162.0,False,True
baseline_lag168,-,keep,2021-06,2021-06-08 17:00:00,136,124.0,False,True
baseline_lag168,-,keep,2021-06,2021-06-08 18:00:00,154,147.0,False,True
baseline_lag168,-,keep,2021-06,2021-06-08 19:00:00,142,144.0,False,True
baseline_lag168,-,keep,2021-06,2021-06-08 20:00:00,129,121.0,False,True
baseline_lag168,-,keep,2021-06,2021-06-08 21:00:00,121,121.0,False,True
baseline_lag168,-,keep,2021-06,2021-06-08 22:00:00,107,106.0,False,True
baseline_lag168,-,keep,2021-06,2021-06-08 23:00:00,101,99.0,False,True
baseline_lag168,-,keep,2021-06,2021-06-09 00:00:00,68,62.0,False,True
baseline_lag168,-,keep,2021-06,2021-06-09 01:00:00,99,102.0,False,True
baseline_lag168,-,keep,2021-06,2021-06-09 02:00:00,104,109.0,False,True
baseline_lag168,-,keep,2021-06,2021-06-09 03:00:00,103,104.0,False,True
baseline_lag168,-,keep,2021-06,2021-06-09 04:00:00,100,100.0,False,True
baseline_lag168,-,keep,2021-06,2021-06-09 05:00:00,85,85.0,False,True
baseline_lag168,-,keep,2021-06,2021-06-09 06:00:00,103,103.0,False,True
baseline_lag168,-,keep,2021-06,2021-06-09 07:00:00,128,132.0,False,True
baseline_lag168,-,keep,2021-06,2021-06-09 08:00:00,169,172.0,False,True
baseline_lag168,-,keep,2021-06,2021-06-09 09:00:00,172,177.0,True,True
baseline_lag168,-,keep,2021-06,2021-06-09 10:00:00,166,173.0,False,True
baseline_lag168,-,keep,2021-06,2021-06-09 11:00:00,172,168.0,True,True
baseline_lag168,-,keep,2021-06,2021-06-09 12:00:00,110,103.0,False,True
baseline_lag168,-,keep,2021-06,2021-06-09 13:00:00,169,182.0,False,True
baseline_lag168,-,keep,2021-06,2021-06-09 14:00:00,165,177.0,False,True
baseline_lag168,-,keep,2021-06,2021-06-09 15:00:00,158,156.0,False,True
baseline_lag168,-,keep,2021-06,2021-06-09 16:00:00,151,167.0,False,True
baseline_lag168,-,keep,2021-06,2021-06-09 17:00:00,129,136.0,False,True
baseline_lag168,-,keep,2021-06,2021-06-09 18:00:00,155,152.0,False,True
baseline_lag168,-,keep,2021-06,2021-06-09 19:00:00,132,128.0,False,True
baseline_lag168,-,keep,2021-06,2021-06-09 20:00:00,109,113.0,False,True
baseline_lag168,-,keep,2021-06,2021-06-09 21:00:00,105,111.0,False,True
baseline_lag168,-,keep,2021-06,2021-06-09 22:00:00,101,101.0,False,True
baseline_lag168,-,keep,2021-06,2021-06-09 23:00:00,95,96.0,False,True
baseline_lag168,-,keep,2021-06,2021-06-10 00:00:00,65,66.0,False,True
baseline_lag168,-,keep,2021-06,2021-06-10 01:00:00,103,105.0,False,True
baseline_lag168,-,keep,2021-06,2021-06-10 02:00:00,104,113.0,False,True
baseline_lag168,-,keep,2021-06,2021-06-10 03:00:00,99,105.0,False,True
baseline_lag168,-,keep,2021-06,2021-06-10 04:00:00,106,106.0,False,True
baseline_lag168,-,keep,2021-06,2021-06-10 05:00:00,91,91.0,False,True
baseline_lag168,-,keep,2021-06,2021-06-10 06:00:00,104,112.0,False,True
baseline_lag168,-,keep,2021-06,2021-06-10 07:00:00,119,129.0,False,True
baseline_lag168,-,keep,2021-06,2021-06-10 08:00:00,155,170.0,False,True
baseline_lag168,-,keep,2021-06,2021-06-10 09:00:00,166,170.0,False,True
baseline_lag168,-,keep,2021-06,2021-06-10 10:00:00,164,156.0,False,True
baseline_lag168,-,keep,2021-06,2021-06-10 11:00:00,161,162.0,False,True
baseline_lag168,-,keep,2021-06,2021-06-10 12:00:00,111,102.0,False,True
baseline_lag168,-,keep,2021-06,2021-06-10 13:00:00,153,158.0,False,True
baseline_lag168,-,keep,2021-06,2021-06-10 14:00:00,162,159.0,False,True
baseline_lag168,-,keep,2021-06,2021-06-10 15:00:00,152,151.0,False,True
baseline_lag168,-,keep,2021-06,2021-06-10 16:00:00,153,160.0,False,True
baseline_lag168,-,keep,2021-06,2021-06-10 17:00:00,130,132.0,False,True
baseline_lag168,-,keep,2021-06,2021-06-10 18:00:00,122,132.0,False,True
baseline_lag168,-,keep,2021-06,2021-06-10 19:00:00,123,115.0,False,True
baseline_lag168,-,keep,2021-06,2021-06-10 20:00:00,133,122.0,False,True
baseline_lag168,-,keep,2021-06,2021-06-10 21:00:00,129,123.0,False,True
baseline_lag168,-,keep,2021-06,2021-06-10 22:00:00,118,113.0,False,True
baseline_lag168,-,keep,2021-06,2021-06-10 23:00:00,105,105.0,False,True
baseline_lag168,-,keep,2021-06,2021-06-11 00:00:00,70,68.0,False,True
baseline_lag168,-,keep,2021-06,2021-06-11 01:00:00,107,108.0,False,True
baseline_lag168,-,keep,2021-06,2021-06-11 02:00:00,104,110.0,False,True
baseline_lag168,-,keep,2021-06,2021-06-11 03:00:00,101,107.0,False,True
baseline_lag168,-,keep,2021-06,2021-06-11 04:00:00,111,109.0,False,True
baseline_lag168,-,keep,2021-06,2021-06-11 05:00:00,90,90.0,False,True
baseline_lag168,-,keep,2021-06,2021-06-11 06:00:00,105,109.0,False,True
baseline_lag168,-,keep,2021-06,2021-06-11 07:00:00,133,128.0,False,True
baseline_lag168,-,keep,2021-06,2021-06-11 08:00:00,168,156.0,False,True
baseline_lag168,-,keep,2021-06,2021-06-11 09:00:00,168,160.0,False,True
baseline_lag168,-,keep,2021-06,2021-06-11 10:00:00,156,157.0,False,True
baseline_lag168,-,keep,2021-06,2021-06-11 11:00:00,168,149.0,False,True
baseline_lag168,-,keep,2021-06,2021-06-11 12:00:00,104,89.0,False,True
baseline_lag168,-,keep,2021-06,2021-06-11 13:00:00,154,155.0,False,True
baseline_lag168,-,keep,2021-06,2021-06-11 14:00:00,159,152.0,False,True
baseline_lag168,-,keep,2021-06,2021-06-11 15:00:00,150,140.0,False,True
baseline_lag168,-,keep,2021-06,2021-06-11 16:00:00,157,142.0,False,True
baseline_lag168,-,keep,2021-06,2021-06-11 17:00:00,136,122.0,False,True
baseline_lag168,-,keep,2021-06,2021-06-11 18:00:00,145,139.0,False,True
baseline_lag168,-,keep,2021-06,2021-06-11 19:00:00,136,113.0,False,True
baseline_lag168,-,keep,2021-06,2021-06-11 20:00:00,121,101.0,False,True
baseline_lag168,-,keep,2021-06,2021-06-11 21:00:00,109,108.0,False,True
baseline_lag168,-,keep,2021-06,2021-06-11 22:00:00,104,107.0,False,True
baseline_lag168,-,keep,2021-06,2021-06-11 23:00:00,100,97.0,False,True
baseline_lag168,-,keep,2021-06,2021-06-12 00:00:00,66,63.0,False,True
baseline_lag168,-,keep,2021-06,2021-06-12 01:00:00,106,105.0,False,True
baseline_lag168,-,keep,2021-06,2021-06-12 02:00:00,104,104.0,False,True
baseline_lag168,-,keep,2021-06,2021-06-12 03:00:00,107,105.0,False,True
baseline_lag168,-,keep,2021-06,2021-06-12 04:00:00,109,107.0,False,True
baseline_lag168,-,keep,2021-06,2021-06-12 05:00:00,90,92.0,False,True
baseline_lag168,-,keep,2021-06,2021-06-12 06:00:00,102,107.0,False,True
baseline_lag168,-,keep,2021-06,2021-06-12 07:00:00,71,61.0,False,True
baseline_lag168,-,keep,2021-06,2021-06-12 08:00:00,23,24.0,False,True
baseline_lag168,-,keep,2021-06,2021-06-12 09:00:00,25,22.0,False,True
baseline_lag168,-,keep,2021-06,2021-06-12 10:00:00,26,22.0,False,True
baseline_lag168,-,keep,2021-06,2021-06-12 11:00:00,26,25.0,False,True
baseline_lag168,-,keep,2021-06,2021-06-12 12:00:00,25,22.0,False,True
baseline_lag168,-,keep,2021-06,2021-06-12 13:00:00,23,22.0,False,True
baseline_lag168,-,keep,2021-06,2021-06-12 14:00:00,22,23.0,False,True
baseline_lag168,-,keep,2021-06,2021-06-12 15:00:00,23,25.0,False,True
baseline_lag168,-,keep,2021-06,2021-06-12 16:00:00,25,23.0,False,True
baseline_lag168,-,keep,2021-06,2021-06-12 17:00:00,23,22.0,False,True
baseline_lag168,-,keep,2021-06,2021-06-12 18:00:00,22,25.0,False,True
baseline_lag168,-,keep,2021-06,2021-06-12 19:00:00,25,22.0,False,True
baseline_lag168,-,keep,2021-06,2021-06-12 20:00:00,23,22.0,False,True
baseline_lag168,-,keep,2021-06,2021-06-12 21:00:00,23,24.0,False,True
baseline_lag168,-,keep,2021-06,2021-06-12 22:00:00,23,23.0,False,True
baseline_lag168,-,keep,2021-06,2021-06-12 23:00:00,24,22.0,False,True
baseline_lag168,-,keep,2021-06,2021-06-13 00:00:00,23,22.0,False,True
baseline_lag168,-,keep,2021-06,2021-06-13 01:00:00,22,25.0,False,True
baseline_lag168,-,keep,2021-06,2021-06-13 02:00:00,25,22.0,False,True
baseline_lag168,-,keep,2021-06,2021-06-13 03:00:00,22,22.0,False,True
baseline_lag168,-,keep,2021-06,2021-06-13 04:00:00,23,24.0,False,True
baseline_lag168,-,keep,2021-06,2021-06-13 05:00:00,22,22.0,False,True
baseline_lag168,-,keep,2021-06,2021-06-13 06:00:00,24,22.0,False,True
baseline_lag168,-,keep,2021-06,2021-06-13 07:00:00,22,24.0,False,True
baseline_lag168,-,keep,2021-06,2021-06-13 08:00:00,22,22.0,False,True
baseline_lag168,-,keep,2021-06,2021-06-13 09:00:00,24,23.0,False,True
baseline_lag168,-,keep,2021-06,2021-06-13 10:00:00,22,23.0,False,True
baseline_lag168,-,keep,2021-06,2021-06-13 11:00:00,22,24.0,False,True
baseline_lag168,-,keep,2021-06,2021-06-13 12:00:00,24,22.0,False,True
baseline_lag168,-,keep,2021-06,2021-06-13 13:00:00,23,22.0,False,True
baseline_lag168,-,keep,2021-06,2021-06-13 14:00:00,22,24.0,False,True
baseline_lag168,-,keep,2021-06,2021-06-13 15:00:00,22,22.0,False,True
baseline_lag168,-,keep,2021-06,2021-06-13 16:00:00,25,23.0,False,True
baseline_lag168,-,keep,2021-06,2021-06-13 17:00:00,22,23.0,False,True
baseline_lag168,-,keep,2021-06,2021-06-13 18:00:00,22,23.0,False,True
baseline_lag168,-,keep,2021-06,2021-06-13 19:00:00,24,22.0,False,True
baseline_lag168,-,keep,2021-06,2021-06-13 20:00:00,22,22.0,False,True
baseline_lag168,-,keep,2021-06,2021-06-13 21:00:00,23,25.0,False,True
baseline_lag168,-,keep,2021-06,2021-06-13 22:00:00,23,23.0,False,True
baseline_lag168,-,keep,2021-06,2021-06-13 23:00:00,24,23.0,False,True
baseline_lag168,-,keep,2021-06,2021-06-14 00:00:00,22,23.0,False,True
baseline_lag168,-,keep,2021-06,2021-06-14 01:00:00,22,23.0,False,True
baseline_lag168,-,keep,2021-06,2021-06-14 02:00:00,24,22.0,False,True
baseline_lag168,-,keep,2021-06,2021-06-14 03:00:00,22,22.0,False,True
baseline_lag168,-,keep,2021-06,2021-06-14 04:00:00,23,24.0,False,True
baseline_lag168,-,keep,2021-06,2021-06-14 05:00:00,24,22.0,False,True
baseline_lag168,-,keep,2021-06,2021-06-14 06:00:00,23,22.0,False,True
baseline_lag168,-,keep,2021-06,2021-06-14 07:00:00,62,56.0,False,True
baseline_lag168,-,keep,2021-06,2021-06-14 08:00:00,183,171.0,True,True
baseline_lag168,-,keep,2021-06,2021-06-14 09:00:00,178,166.0,True,True
baseline_lag168,-,keep,2021-06,2021-06-14 10:00:00,171,161.0,True,True
baseline_lag168,-,keep,2021-06,2021-06-14 11:00:00,181,168.0,True,True
baseline_lag168,-,keep,2021-06,2021-06-14 12:00:00,119,115.0,False,True
baseline_lag168,-,keep,2021-06,2021-06-14 13:00:00,186,175.0,True,True
baseline_lag168,-,keep,2021-06,2021-06-14 14:00:00,177,175.0,True,True
baseline_lag168,-,keep,2021-06,2021-06-14 15:00:00,178,163.0,True,True
baseline_lag168,-,keep,2021-06,2021-06-14 16:00:00,171,165.0,True,True
baseline_lag168,-,keep,2021-06,2021-06-14 17:00:00,146,136.0,False,True
baseline_lag168,-,keep,2021-06,2021-06-14 18:00:00,173,152.0,True,True
baseline_lag168,-,keep,2021-06,2021-06-14 19:00:00,150,130.0,False,True
baseline_lag168,-,keep,2021-06,2021-06-14 20:00:00,119,108.0,False,True
baseline_lag168,-,keep,2021-06,2021-06-14 21:00:00,123,111.0,False,True
baseline_lag168,-,keep,2021-06,2021-06-14 22:00:00,112,95.0,False,True
baseline_lag168,-,keep,2021-06,2021-06-14 23:00:00,107,98.0,False,True
baseline_lag168,-,keep,2021-06,2021-06-15 00:00:00,76,63.0,False,True
baseline_lag168,-,keep,2021-06,2021-06-15 01:00:00,110,99.0,False,True
baseline_lag168,-,keep,2021-06,2021-06-15 02:00:00,117,103.0,False,True
baseline_lag168,-,keep,2021-06,2021-06-15 03:00:00,116,100.0,False,True
baseline_lag168,-,keep,2021-06,2021-06-15 04:00:00,110,105.0,False,True
baseline_lag168,-,keep,2021-06,2021-06-15 05:00:00,97,87.0,False,True
baseline_lag168,-,keep,2021-06,2021-06-15 06:00:00,118,98.0,False,True
baseline_lag168,-,keep,2021-06,2021-06-15 07:00:00,132,93.0,False,True
baseline_lag168,-,keep,2021-06,2021-06-15 08:00:00,188,154.0,True,True
baseline_lag168,-,keep,2021-06,2021-06-15 09:00:00,186,160.0,True,True
baseline_lag168,-,keep,2021-06,2021-06-15 10:00:00,164,142.0,False,True
baseline_lag168,-,keep,2021-06,2021-06-15 11:00:00,173,164.0,True,True
baseline_lag168,-,keep,2021-06,2021-06-15 12:00:00,112,103.0,False,True
baseline_lag168,-,keep,2021-06,2021-06-15 13:00:00,171,165.0,True,True
baseline_lag168,-,keep,2021-06,2021-06-15 14:00:00,177,166.0,True,True
baseline_lag168,-,keep,2021-06,2021-06-15 15:00:00,163,161.0,False,True
baseline_lag168,-,keep,2021-06,2021-06-15 16:00:00,170,158.0,False,True
baseline_lag168,-,keep,2021-06,2021-06-15 17:00:00,134,136.0,False,True
baseline_lag168,-,keep,2021-06,2021-06-15 18:00:00,161,154.0,False,True
baseline_lag168,-,keep,2021-06,2021-06-15 19:00:00,156,142.0,False,True
baseline_lag168,-,keep,2021-06,2021-06-15 20:00:00,128,129.0,False,True
baseline_lag168,-,keep,2021-06,2021-06-15 21:00:00,127,121.0,False,True
baseline_lag168,-,keep,2021-06,2021-06-15 22:00:00,115,107.0,False,True
baseline_lag168,-,keep,2021-06,2021-06-15 23:00:00,108,101.0,False,True
baseline_lag168,-,keep,2021-06,2021-06-16 00:00:00,73,68.0,False,True
baseline_lag168,-,keep,2021-06,2021-06-16 01:00:00,111,99.0,False,True
baseline_lag168,-,keep,2021-06,2021-06-16 02:00:00,114,104.0,False,True
baseline_lag168,-,keep,2021-06,2021-06-16 03:00:00,112,103.0,False,True
baseline_lag168,-,keep,2021-06,2021-06-16 04:00:00,112,100.0,False,True
baseline_lag168,-,keep,2021-06,2021-06-16 05:00:00,92,85.0,False,True
baseline_lag168,-,keep,2021-06,2021-06-16 06:00:00,115,103.0,False,True
baseline_lag168,-,keep,2021-06,2021-06-16 07:00:00,130,128.0,False,True
baseline_lag168,-,keep,2021-06,2021-06-16 08:00:00,177,169.0,True,True
baseline_lag168,-,keep,2021-06,2021-06-16 09:00:00,180,172.0,True,True
baseline_lag168,-,keep,2021-06,2021-06-16 10:00:00,178,166.0,True,True
baseline_lag168,-,keep,2021-06,2021-06-16 11:00:00,176,172.0,True,True
baseline_lag168,-,keep,2021-06,2021-06-16 12:00:00,109,110.0,False,True
baseline_lag168,-,keep,2021-06,2021-06-16 13:00:00,169,169.0,False,True
baseline_lag168,-,keep,2021-06,2021-06-16 14:00:00,171,165.0,True,True
baseline_lag168,-,keep,2021-06,2021-06-16 15:00:00,163,158.0,False,True
baseline_lag168,-,keep,2021-06,2021-06-16 16:00:00,168,151.0,False,True
baseline_lag168,-,keep,2021-06,2021-06-16 17:00:00,154,129.0,False,True
baseline_lag168,-,keep,2021-06,2021-06-16 18:00:00,168,155.0,False,True
baseline_lag168,-,keep,2021-06,2021-06-16 19:00:00,139,132.0,False,True
baseline_lag168,-,keep,2021-06,2021-06-16 20:00:00,114,109.0,False,True
baseline_lag168,-,keep,2021-06,2021-06-16 21:00:00,118,105.0,False,True
baseline_lag168,-,keep,2021-06,2021-06-16 22:00:00,103,101.0,False,True
baseline_lag168,-,keep,2021-06,2021-06-16 23:00:00,106,95.0,False,True
baseline_lag168,-,keep,2021-06,2021-06-17 00:00:00,72,65.0,False,True
baseline_lag168,-,keep,2021-06,2021-06-17 01:00:00,107,103.0,False,True
baseline_lag168,-,keep,2021-06,2021-06-17 02:00:00,112,104.0,False,True
baseline_lag168,-,keep,2021-06,2021-06-17 03:00:00,116,99.0,False,True
baseline_lag168,-,keep,2021-06,2021-06-17 04:00:00,113,106.0,False,True
baseline_lag168,-,keep,2021-06,2021-06-17 05:00:00,97,91.0,False,True
baseline_lag168,-,keep,2021-06,2021-06-17 06:00:00,121,104.0,False,True
baseline_lag168,-,keep,2021-06,2021-06-17 07:00:00,141,119.0,False,True
baseline_lag168,-,keep,2021-06,2021-06-17 08:00:00,190,155.0,True,True
baseline_lag168,-,keep,2021-06,2021-06-17 09:00:00,180,166.0,True,True
baseline_lag168,-,keep,2021-06,2021-06-17 10:00:00,166,164.0,False,True
baseline_lag168,-,keep,2021-06,2021-06-17 11:00:00,183,161.0,True,True
baseline_lag168,-,keep,2021-06,2021-06-17 12:00:00,103,111.0,False,True
baseline_lag168,-,keep,2021-06,2021-06-17 13:00:00,183,153.0,True,True
baseline_lag168,-,keep,2021-06,2021-06-17 14:00:00,179,162.0,True,True
baseline_lag168,-,keep,2021-06,2021-06-17 15:00:00,170,152.0,False,True
baseline_lag168,-,keep,2021-06,2021-06-17 16:00:00,169,153.0,False,True
baseline_lag168,-,keep,2021-06,2021-06-17 17:00:00,138,130.0,False,True
baseline_lag168,-,keep,2021-06,2021-06-17 18:00:00,170,122.0,False,True
baseline_lag168,-,keep,2021-06,2021-06-17 19:00:00,159,123.0,False,True
baseline_lag168,-,keep,2021-06,2021-06-17 20:00:00,139,133.0,False,True
baseline_lag168,-,keep,2021-06,2021-06-17 21:00:00,127,129.0,False,True
baseline_lag168,-,keep,2021-06,2021-06-17 22:00:00,125,118.0,False,True
baseline_lag168,-,keep,2021-06,2021-06-17 23:00:00,111,105.0,False,True
baseline_lag168,-,keep,2021-06,2021-06-18 00:00:00,80,70.0,False,True
baseline_lag168,-,keep,2021-06,2021-06-18 01:00:00,112,107.0,False,True
baseline_lag168,-,keep,2021-06,2021-06-18 02:00:00,115,104.0,False,True
baseline_lag168,-,keep,2021-06,2021-06-18 03:00:00,114,101.0,False,True
baseline_lag168,-,keep,2021-06,2021-06-18 04:00:00,112,111.0,False,True
baseline_lag168,-,keep,2021-06,2021-06-18 05:00:00,102,90.0,False,True
baseline_lag168,-,keep,2021-06,2021-06-18 06:00:00,121,105.0,False,True
baseline_lag168,-,keep,2021-06,2021-06-18 07:00:00,133,133.0,False,True
baseline_lag168,-,keep,2021-06,2021-06-18 08:00:00,162,168.0,False,True
baseline_lag168,-,keep,2021-06,2021-06-18 09:00:00,171,168.0,True,True
baseline_lag168,-,keep,2021-06,2021-06-18 10:00:00,165,156.0,False,True
baseline_lag168,-,keep,2021-06,2021-06-18 11:00:00,177,168.0,True,True
baseline_lag168,-,keep,2021-06,2021-06-18 12:00:00,102,104.0,False,True
baseline_lag168,-,keep,2021-06,2021-06-18 13:00:00,174,154.0,True,True
baseline_lag168,-,keep,2021-06,2021-06-18 14:00:00,164,159.0,False,True
baseline_lag168,-,keep,2021-06,2021-06-18 15:00:00,156,150.0,False,True
baseline_lag168,-,keep,2021-06,2021-06-18 16:00:00,162,157.0,False,True
baseline_lag168,-,keep,2021-06,2021-06-18 17:00:00,148,136.0,False,True
baseline_lag168,-,keep,2021-06,2021-06-18 18:00:00,150,145.0,False,True
baseline_lag168,-,keep,2021-06,2021-06-18 19:00:00,138,136.0,False,True
baseline_lag168,-,keep,2021-06,2021-06-18 20:00:00,117,121.0,False,True
baseline_lag168,-,keep,2021-06,2021-06-18 21:00:00,114,109.0,False,True
baseline_lag168,-,keep,2021-06,2021-06-18 22:00:00,114,104.0,False,True
baseline_lag168,-,keep,2021-06,2021-06-18 23:00:00,106,100.0,False,True
baseline_lag168,-,keep,2021-06,2021-06-19 00:00:00,67,66.0,False,True
baseline_lag168,-,keep,2021-06,2021-06-19 01:00:00,110,106.0,False,True
baseline_lag168,-,keep,2021-06,2021-06-19 02:00:00,115,104.0,False,True
baseline_lag168,-,keep,2021-06,2021-06-19 03:00:00,100,107.0,False,True
baseline_lag168,-,keep,2021-06,2021-06-19 04:00:00,109,109.0,False,True
baseline_lag168,-,keep,2021-06,2021-06-19 05:00:00,88,90.0,False,True
baseline_lag168,-,keep,2021-06,2021-06-19 06:00:00,103,102.0,False,True
baseline_lag168,-,keep,2021-06,2021-06-19 07:00:00,57,71.0,False,True
baseline_lag168,-,keep,2021-06,2021-06-19 08:00:00,23,23.0,False,True
baseline_lag168,-,keep,2021-06,2021-06-19 09:00:00,22,25.0,False,True
baseline_lag168,-,keep,2021-06,2021-06-19 10:00:00,22,26.0,False,True
baseline_lag168,-,keep,2021-06,2021-06-19 11:00:00,24,26.0,False,True
baseline_lag168,-,keep,2021-06,2021-06-19 12:00:00,22,25.0,False,True
baseline_lag168,-,keep,2021-06,2021-06-19 13:00:00,22,23.0,False,True
baseline_lag168,-,keep,2021-06,2021-06-19 14:00:00,25,22.0,False,True
baseline_lag168,-,keep,2021-06,2021-06-19 15:00:00,22,23.0,False,True
baseline_lag168,-,keep,2021-06,2021-06-19 16:00:00,22,25.0,False,True
baseline_lag168,-,keep,2021-06,2021-06-19 17:00:00,23,23.0,False,True
baseline_lag168,-,keep,2021-06,2021-06-19 18:00:00,24,22.0,False,True
baseline_lag168,-,keep,2021-06,2021-06-19 19:00:00,22,25.0,False,True
baseline_lag168,-,keep,2021-06,2021-06-19 20:00:00,22,23.0,False,True
baseline_lag168,-,keep,2021-06,2021-06-19 21:00:00,24,23.0,False,True
baseline_lag168,-,keep,2021-06,2021-06-19 22:00:00,23,23.0,False,True
baseline_lag168,-,keep,2021-06,2021-06-19 23:00:00,22,24.0,False,True
baseline_lag168,-,keep,2021-06,2021-06-20 00:00:00,22,23.0,False,False
baseline_lag168,-,keep,2021-06,2021-06-20 01:00:00,24,22.0,False,False
baseline_lag168,-,keep,2021-06,2021-06-20 02:00:00,22,25.0,False,False
baseline_lag168,-,keep,2021-06,2021-06-20 03:00:00,22,22.0,False,False
baseline_lag168,-,keep,2021-06,2021-06-20 04:00:00,24,23.0,False,False
baseline_lag168,-,keep,2021-06,2021-06-20 05:00:00,23,22.0,False,False
baseline_lag168,-,keep,2021-06,2021-06-20 06:00:00,22,24.0,False,False
baseline_lag168,-,keep,2021-06,2021-06-20 07:00:00,22,22.0,False,False
baseline_lag168,-,keep,2021-06,2021-06-20 08:00:00,24,22.0,False,False
baseline_lag168,-,keep,2021-06,2021-06-20 09:00:00,22,24.0,False,False
baseline_lag168,-,keep,2021-06,2021-06-20 10:00:00,22,22.0,False,False
baseline_lag168,-,keep,2021-06,2021-06-20 11:00:00,24,22.0,False,False
baseline_lag168,-,keep,2021-06,2021-06-20 12:00:00,22,24.0,False,False
baseline_lag168,-,keep,2021-06,2021-06-20 13:00:00,22,23.0,False,False
baseline_lag168,-,keep,2021-06,2021-06-20 14:00:00,23,22.0,False,False
baseline_lag168,-,keep,2021-06,2021-06-20 15:00:00,25,22.0,False,False
baseline_lag168,-,keep,2021-06,2021-06-20 16:00:00,23,25.0,False,False
baseline_lag168,-,keep,2021-06,2021-06-20 17:00:00,23,22.0,False,False
baseline_lag168,-,keep,2021-06,2021-06-20 18:00:00,24,22.0,False,False
baseline_lag168,-,keep,2021-06,2021-06-20 19:00:00,23,24.0,False,False
baseline_lag168,-,keep,2021-06,2021-06-20 20:00:00,22,22.0,False,False
baseline_lag168,-,keep,2021-06,2021-06-20 21:00:00,25,23.0,False,False
baseline_lag168,-,keep,2021-06,2021-06-20 22:00:00,23,23.0,False,False
baseline_lag168,-,keep,2021-06,2021-06-20 23:00:00,23,24.0,False,False
baseline_lag168,-,keep,2021-06,2021-06-21 00:00:00,23,22.0,False,True
baseline_lag168,-,keep,2021-06,2021-06-21 01:00:00,24,22.0,False,True
baseline_lag168,-,keep,2021-06,2021-06-21 02:00:00,22,24.0,False,True
baseline_lag168,-,keep,2021-06,2021-06-21 03:00:00,23,22.0,False,True
baseline_lag168,-,keep,2021-06,2021-06-21 04:00:00,25,23.0,False,True
baseline_lag168,-,keep,2021-06,2021-06-21 05:00:00,22,24.0,False,True
baseline_lag168,-,keep,2021-06,2021-06-21 06:00:00,22,23.0,False,True
baseline_lag168,-,keep,2021-06,2021-06-21 07:00:00,58,62.0,False,True
baseline_lag168,-,keep,2021-06,2021-06-21 08:00:00,190,183.0,True,True
baseline_lag168,-,keep,2021-06,2021-06-21 09:00:00,189,178.0,True,True
baseline_lag168,-,keep,2021-06,2021-06-21 10:00:00,185,171.0,True,True
baseline_lag168,-,keep,2021-06,2021-06-21 11:00:00,181,181.0,True,True
baseline_lag168,-,keep,2021-06,2021-06-21 12:00:00,115,119.0,False,True
baseline_lag168,-,keep,2021-06,2021-06-21 13:00:00,190,186.0,True,True
baseline_lag168,-,keep,2021-06,2021-06-21 14:00:00,189,177.0,True,True
baseline_lag168,-,keep,2021-06,2021-06-21 15:00:00,169,178.0,False,True
baseline_lag168,-,keep,2021-06,2021-06-21 16:00:00,160,171.0,False,True
baseline_lag168,-,keep,2021-06,2021-06-21 17:00:00,134,146.0,False,True
baseline_lag168,-,keep,2021-06,2021-06-21 18:00:00,156,173.0,False,True
baseline_lag168,-,keep,2021-06,2021-06-21 19:00:00,143,150.0,False,True
baseline_lag168,-,keep,2021-06,2021-06-21 20:00:00,127,119.0,False,True
baseline_lag168,-,keep,2021-06,2021-06-21 21:00:00,127,123.0,False,True
baseline_lag168,-,keep,2021-06,2021-06-21 22:00:00,114,112.0,False,True
baseline_lag168,-,keep,2021-06,2021-06-21 23:00:00,112,107.0,False,True
baseline_lag168,-,keep,2021-06,2021-06-22 00:00:00,71,76.0,False,True
baseline_lag168,-,keep,2021-06,2021-06-22 01:00:00,108,110.0,False,True
baseline_lag168,-,keep,2021-06,2021-06-22 02:00:00,113,117.0,False,True
baseline_lag168,-,keep,2021-06,2021-06-22 03:00:00,113,116.0,False,True
baseline_lag168,-,keep,2021-06,2021-06-22 04:00:00,117,110.0,False,True
baseline_lag168,-,keep,2021-06,2021-06-22 05:00:00,94,97.0,False,True
baseline_lag168,-,keep,2021-06,2021-06-22 06:00:00,114,118.0,False,True
baseline_lag168,-,keep,2021-06,2021-06-22 07:00:00,139,132.0,False,True
baseline_lag168,-,keep,2021-06,2021-06-22 08:00:00,171,188.0,True,True
baseline_lag168,-,keep,2021-06,2021-06-22 09:00:00,167,186.0,False,True
baseline_lag168,-,keep,2021-06,2021-06-22 10:00:00,172,164.0,True,True
baseline_lag168,-,keep,2021-06,2021-06-22 11:00:00,172,173.0,True,True
baseline_lag168,-,keep,2021-06,2021-06-22 12:00:00,111,112.0,False,True
baseline_lag168,-,keep,2021-06,2021-06-22 13:00:00,166,171.0,False,True
baseline_lag168,-,keep,2021-06,2021-06-22 14:00:00,157,177.0,False,True
baseline_lag168,-,keep,2021-06,2021-06-22 15:00:00,156,163.0,False,True
baseline_lag168,-,keep,2021-06,2021-06-22 16:00:00,160,170.0,False,True
baseline_lag168,-,keep,2021-06,2021-06-22 17:00:00,120,134.0,False,True
baseline_lag168,-,keep,2021-06,2021-06-22 18:00:00,153,161.0,False,True
baseline_lag168,-,keep,2021-06,2021-06-22 19:00:00,156,156.0,False,True
baseline_lag168,-,keep,2021-06,2021-06-22 20:00:00,133,128.0,False,True
baseline_lag168,-,keep,2021-06,2021-06-22 21:00:00,126,127.0,False,True
baseline_lag168,-,keep,2021-06,2021-06-22 22:00:00,114,115.0,False,True
baseline_lag168,-,keep,2021-06,2021-06-22 23:00:00,113,108.0,False,True
baseline_lag168,-,keep,2021-06,2021-06-23 00:00:00,69,73.0,False,True
baseline_lag168,-,keep,2021-06,2021-06-23 01:00:00,103,111.0,False,True
baseline_lag168,-,keep,2021-06,2021-06-23 02:00:00,120,114.0,False,True
baseline_lag168,-,keep,2021-06,2021-06-23 03:00:00,103,112.0,False,True
baseline_lag168,-,keep,2021-06,2021-06-23 04:00:00,112,112.0,False,True
baseline_lag168,-,keep,2021-06,2021-06-23 05:00:00,95,92.0,False,True
baseline_lag168,-,keep,2021-06,2021-06-23 06:00:00,117,115.0,False,True
baseline_lag168,-,keep,2021-06,2021-06-23 07:00:00,140,130.0,False,True
baseline_lag168,-,keep,2021-06,2021-06-23 08:00:00,163,177.0,False,True
baseline_lag168,-,keep,2021-06,2021-06-23 09:00:00,160,180.0,False,True
baseline_lag168,-,keep,2021-06,2021-06-23 10:00:00,148,178.0,False,True
baseline_lag168,-,keep,2021-06,2021-06-23 11:00:00,156,176.0,False,True
baseline_lag168,-,keep,2021-06,2021-06-23 12:00:00,93,109.0,False,True
baseline_lag168,-,keep,2021-06,2021-06-23 13:00:00,153,169.0,False,True
baseline_lag168,-,keep,2021-06,2021-06-23 14:00:00,151,171.0,False,True
baseline_lag168,-,keep,2021-06,2021-06-23 15:00:00,150,163.0,False,True
baseline_lag168,-,keep,2021-06,2021-06-23 16:00:00,160,168.0,False,True
baseline_lag168,-,keep,2021-06,2021-06-23 17:00:00,128,154.0,False,True
baseline_lag168,-,keep,2021-06,2021-06-23 18:00:00,162,168.0,False,True
baseline_lag168,-,keep,2021-06,2021-06-23 19:00:00,137,139.0,False,True
baseline_lag168,-,keep,2021-06,2021-06-23 20:00:00,128,114.0,False,True
baseline_lag168,-,keep,2021-06,2021-06-23 21:00:00,126,118.0,False,True
baseline_lag168,-,keep,2021-06,2021-06-23 22:00:00,114,103.0,False,True
baseline_lag168,-,keep,2021-06,2021-06-23 23:00:00,110,106.0,False,True
baseline_lag168,-,keep,2021-06,2021-06-24 00:00:00,70,72.0,False,True
baseline_lag168,-,keep,2021-06,2021-06-24 01:00:00,111,107.0,False,True
baseline_lag168,-,keep,2021-06,2021-06-24 02:00:00,118,112.0,False,True
baseline_lag168,-,keep,2021-06,2021-06-24 03:00:00,117,116.0,False,True
baseline_lag168,-,keep,2021-06,2021-06-24 04:00:00,116,113.0,False,True
baseline_lag168,-,keep,2021-06,2021-06-24 05:00:00,101,97.0,False,True
baseline_lag168,-,keep,2021-06,2021-06-24 06:00:00,118,121.0,False,True
baseline_lag168,-,keep,2021-06,2021-06-24 07:00:00,149,141.0,False,True
baseline_lag168,-,keep,2021-06,2021-06-24 08:00:00,182,190.0,True,True
baseline_lag168,-,keep,2021-06,2021-06-24 09:00:00,162,180.0,False,True
baseline_lag168,-,keep,2021-06,2021-06-24 10:00:00,154,166.0,False,True
baseline_lag168,-,keep,2021-06,2021-06-24 11:00:00,164,183.0,False,True
baseline_lag168,-,keep,2021-06,2021-06-24 12:00:00,105,103.0,False,True
baseline_lag168,-,keep,2021-06,2021-06-24 13:00:00,171,183.0,True,True
baseline_lag168,-,keep,2021-06,2021-06-24 14:00:00,163,179.0,False,True
baseline_lag168,-,keep,2021-06,2021-06-24 15:00:00,150,170.0,False,True
baseline_lag168,-,keep,2021-06,2021-06-24 16:00:00,162,169.0,False,True
baseline_lag168,-,keep,2021-06,2021-06-24 17:00:00,135,138.0,False,True
baseline_lag168,-,keep,2021-06,2021-06-24 18:00:00,150,170.0,False,True
baseline_lag168,-,keep,2021-06,2021-06-24 19:00:00,159,159.0,False,True
baseline_lag168,-,keep,2021-06,2021-06-24 20:00:00,136,139.0,False,True
baseline_lag168,-,keep,2021-06,2021-06-24 21:00:00,131,127.0,False,True
baseline_lag168,-,keep,2021-06,2021-06-24 22:00:00,121,125.0,False,True
baseline_lag168,-,keep,2021-06,2021-06-24 23:00:00,115,111.0,False,True
baseline_lag168,-,keep,2021-06,2021-06-25 00:00:00,71,80.0,False,True
baseline_lag168,-,keep,2021-06,2021-06-25 01:00:00,119,112.0,False,True
baseline_lag168,-,keep,2021-06,2021-06-25 02:00:00,117,115.0,False,True
baseline_lag168,-,keep,2021-06,2021-06-25 03:00:00,119,114.0,False,True
baseline_lag168,-,keep,2021-06,2021-06-25 04:00:00,118,112.0,False,True
baseline_lag168,-,keep,2021-06,2021-06-25 05:00:00,106,102.0,False,True
baseline_lag168,-,keep,2021-06,2021-06-25 06:00:00,114,121.0,False,True
baseline_lag168,-,keep,2021-06,2021-06-25 07:00:00,135,133.0,False,True
baseline_lag168,-,keep,2021-06,2021-06-25 08:00:00,156,162.0,False,True
baseline_lag168,-,keep,2021-06,2021-06-25 09:00:00,170,171.0,False,True
baseline_lag168,-,keep,2021-06,2021-06-25 10:00:00,172,165.0,True,True
baseline_lag168,-,keep,2021-06,2021-06-25 11:00:00,180,177.0,True,True
baseline_lag168,-,keep,2021-06,2021-06-25 12:00:00,122,102.0,False,True
baseline_lag168,-,keep,2021-06,2021-06-25 13:00:00,179,174.0,True,True
baseline_lag168,-,keep,2021-06,2021-06-25 14:00:00,177,164.0,True,True
baseline_lag168,-,keep,2021-06,2021-06-25 15:00:00,175,156.0,True,True
baseline_lag168,-,keep,2021-06,2021-06-25 16:00:00,166,162.0,False,True
baseline_lag168,-,keep,2021-06,2021-06-25 17:00:00,141,148.0,False,True
baseline_lag168,-,keep,2021-06,2021-06-25 18:00:00,142,150.0,False,True
baseline_lag168,-,keep,2021-06,2021-06-25 19:00:00,110,138.0,False,True
baseline_lag168,-,keep,2021-06,2021-06-25 20:00:00,109,117.0,False,True
baseline_lag168,-,keep,2021-06,2021-06-25 21:00:00,116,114.0,False,True
baseline_lag168,-,keep,2021-06,2021-06-25 22:00:00,123,114.0,False,True
baseline_lag168,-,keep,2021-06,2021-06-25 23:00:00,102,106.0,False,True
baseline_lag168,-,keep,2021-06,2021-06-26 00:00:00,71,67.0,False,True
baseline_lag168,-,keep,2021-06,2021-06-26 01:00:00,116,110.0,False,True
baseline_lag168,-,keep,2021-06,2021-06-26 02:00:00,111,115.0,False,True
baseline_lag168,-,keep,2021-06,2021-06-26 03:00:00,109,100.0,False,True
baseline_lag168,-,keep,2021-06,2021-06-26 04:00:00,125,109.0,False,True
baseline_lag168,-,keep,2021-06,2021-06-26 05:00:00,97,88.0,False,True
baseline_lag168,-,keep,2021-06,2021-06-26 06:00:00,118,103.0,False,True
baseline_lag168,-,keep,2021-06,2021-06-26 07:00:00,71,57.0,False,True
baseline_lag168,-,keep,2021-06,2021-06-26 08:00:00,23,23.0,False,True
baseline_lag168,-,keep,2021-06,2021-06-26 09:00:00,23,22.0,False,True
baseline_lag168,-,keep,2021-06,2021-06-26 10:00:00,26,22.0,False,True
baseline_lag168,-,keep,2021-06,2021-06-26 11:00:00,24,24.0,False,True
baseline_lag168,-,keep,2021-06,2021-06-26 12:00:00,24,22.0,False,True
baseline_lag168,-,keep,2021-06,2021-06-26 13:00:00,25,22.0,False,True
baseline_lag168,-,keep,2021-06,2021-06-26 14:00:00,24,25.0,False,True
baseline_lag168,-,keep,2021-06,2021-06-26 15:00:00,23,22.0,False,True
baseline_lag168,-,keep,2021-06,2021-06-26 16:00:00,23,22.0,False,True
baseline_lag168,-,keep,2021-06,2021-06-26 17:00:00,26,23.0,False,True
baseline_lag168,-,keep,2021-06,2021-06-26 18:00:00,24,24.0,False,True
baseline_lag168,-,keep,2021-06,2021-06-26 19:00:00,24,22.0,False,True
baseline_lag168,-,keep,2021-06,2021-06-26 20:00:00,25,22.0,False,True
baseline_lag168,-,keep,2021-06,2021-06-26 21:00:00,24,24.0,False,True
baseline_lag168,-,keep,2021-06,2021-06-26 22:00:00,24,23.0,False,True
baseline_lag168,-,keep,2021-06,2021-06-26 23:00:00,26,22.0,False,True
baseline_lag168,-,keep,2021-06,2021-06-27 00:00:00,23,22.0,False,False
baseline_lag168,-,keep,2021-06,2021-06-27 01:00:00,23,24.0,False,False
baseline_lag168,-,keep,2021-06,2021-06-27 02:00:00,24,22.0,False,False
baseline_lag168,-,keep,2021-06,2021-06-27 03:00:00,25,22.0,False,False
baseline_lag168,-,keep,2021-06,2021-06-27 04:00:00,23,24.0,False,False
baseline_lag168,-,keep,2021-06,2021-06-27 05:00:00,23,23.0,False,False
baseline_lag168,-,keep,2021-06,2021-06-27 06:00:00,25,22.0,False,False
baseline_lag168,-,keep,2021-06,2021-06-27 07:00:00,23,22.0,False,False
baseline_lag168,-,keep,2021-06,2021-06-27 08:00:00,24,24.0,False,False
baseline_lag168,-,keep,2021-06,2021-06-27 09:00:00,26,22.0,False,False
baseline_lag168,-,keep,2021-06,2021-06-27 10:00:00,24,22.0,False,False
baseline_lag168,-,keep,2021-06,2021-06-27 11:00:00,24,24.0,False,False
baseline_lag168,-,keep,2021-06,2021-06-27 12:00:00,26,22.0,False,False
baseline_lag168,-,keep,2021-06,2021-06-27 13:00:00,24,22.0,False,False
baseline_lag168,-,keep,2021-06,2021-06-27 14:00:00,24,23.0,False,False
baseline_lag168,-,keep,2021-06,2021-06-27 15:00:00,26,25.0,False,False
baseline_lag168,-,keep,2021-06,2021-06-27 16:00:00,24,23.0,False,False
baseline_lag168,-,keep,2021-06,2021-06-27 17:00:00,24,23.0,False,False
baseline_lag168,-,keep,2021-06,2021-06-27 18:00:00,26,24.0,False,False
baseline_lag168,-,keep,2021-06,2021-06-27 19:00:00,24,23.0,False,False
baseline_lag168,-,keep,2021-06,2021-06-27 20:00:00,24,22.0,False,False
baseline_lag168,-,keep,2021-06,2021-06-27 21:00:00,24,25.0,False,False
baseline_lag168,-,keep,2021-06,2021-06-27 22:00:00,26,23.0,False,False
baseline_lag168,-,keep,2021-06,2021-06-27 23:00:00,24,23.0,False,False
baseline_lag168,-,keep,2021-06,2021-06-28 00:00:00,24,23.0,False,True
baseline_lag168,-,keep,2021-06,2021-06-28 01:00:00,26,24.0,False,True
baseline_lag168,-,keep,2021-06,2021-06-28 02:00:00,24,22.0,False,True
baseline_lag168,-,keep,2021-06,2021-06-28 03:00:00,24,23.0,False,True
baseline_lag168,-,keep,2021-06,2021-06-28 04:00:00,26,25.0,False,True
baseline_lag168,-,keep,2021-06,2021-06-28 05:00:00,24,22.0,False,True
baseline_lag168,-,keep,2021-06,2021-06-28 06:00:00,23,22.0,False,True
baseline_lag168,-,keep,2021-06,2021-06-28 07:00:00,57,58.0,False,True
baseline_lag168,-,keep,2021-06,2021-06-28 08:00:00,175,190.0,True,True
baseline_lag168,-,keep,2021-06,2021-06-28 09:00:00,178,189.0,True,True
baseline_lag168,-,keep,2021-06,2021-06-28 10:00:00,167,185.0,False,True
baseline_lag168,-,keep,2021-06,2021-06-28 11:00:00,183,181.0,True,True
baseline_lag168,-,keep,2021-06,2021-06-28 12:00:00,121,115.0,False,True
baseline_lag168,-,keep,2021-06,2021-06-28 13:00:00,185,190.0,True,True
baseline_lag168,-,keep,2021-06,2021-06-28 14:00:00,180,189.0,True,True
baseline_lag168,-,keep,2021-06,2021-06-28 15:00:00,182,169.0,True,True
baseline_lag168,-,keep,2021-06,2021-06-28 16:00:00,168,160.0,False,True
baseline_lag168,-,keep,2021-06,2021-06-28 17:00:00,150,134.0,False,True
baseline_lag168,-,keep,2021-06,2021-06-28 18:00:00,177,156.0,True,True
baseline_lag168,-,keep,2021-06,2021-06-28 19:00:00,153,143.0,False,True
baseline_lag168,-,keep,2021-06,2021-06-28 20:00:00,112,127.0,False,True
baseline_lag168,-,keep,2021-06,2021-06-28 21:00:00,118,127.0,False,True
baseline_lag168,-,keep,2021-06,2021-06-28 22:00:00,109,114.0,False,True
baseline_lag168,-,keep,2021-06,2021-06-28 23:00:00,107,112.0,False,True
baseline_lag168,-,keep,2021-06,2021-06-29 00:00:00,66,71.0,False,True
baseline_lag168,-,keep,2021-06,2021-06-29 01:00:00,104,108.0,False,True
baseline_lag168,-,keep,2021-06,2021-06-29 02:00:00,113,113.0,False,True
baseline_lag168,-,keep,2021-06,2021-06-29 03:00:00,104,113.0,False,True
baseline_lag168,-,keep,2021-06,2021-06-29 04:00:00,110,117.0,False,True
baseline_lag168,-,keep,2021-06,2021-06-29 05:00:00,90,94.0,False,True
baseline_lag168,-,keep,2021-06,2021-06-29 06:00:00,113,114.0,False,True
baseline_lag168,-,keep,2021-06,2021-06-29 07:00:00,137,139.0,False,True
baseline_lag168,-,keep,2021-06,2021-06-29 08:00:00,202,171.0,True,True
baseline_lag168,-,keep,2021-06,2021-06-29 09:00:00,179,167.0,True,True
baseline_lag168,-,keep,2021-06,2021-06-29 10:00:00,163,172.0,False,True
baseline_lag168,-,keep,2021-06,2021-06-29 11:00:00,193,172.0,True,True
baseline_lag168,-,keep,2021-06,2021-06-29 12:00:00,118,111.0,False,True
baseline_lag168,-,keep,2021-06,2021-06-29 13:00:00,187,166.0,True,True
baseline_lag168,-,keep,2021-06,2021-06-29 14:00:00,177,157.0,True,True
baseline_lag168,-,keep,2021-06,2021-06-29 15:00:00,163,156.0,False,True
baseline_lag168,-,keep,2021-06,2021-06-29 16:00:00,164,160.0,False,True
baseline_lag168,-,keep,2021-06,2021-06-29 17:00:00,128,120.0,False,True
baseline_lag168,-,keep,2021-06,2021-06-29 18:00:00,166,153.0,False,True
baseline_lag168,-,keep,2021-06,2021-06-29 19:00:00,160,156.0,False,True
baseline_lag168,-,keep,2021-06,2021-06-29 20:00:00,135,133.0,False,True
baseline_lag168,-,keep,2021-06,2021-06-29 21:00:00,124,126.0,False,True
baseline_lag168,-,keep,2021-06,2021-06-29 22:00:00,113,114.0,False,True
baseline_lag168,-,keep,2021-06,2021-06-29 23:00:00,104,113.0,False,True
baseline_lag168,-,keep,2021-06,2021-06-30 00:00:00,67,69.0,False,True
baseline_lag168,-,keep,2021-06,2021-06-30 01:00:00,104,103.0,False,True
baseline_lag168,-,keep,2021-06,2021-06-30 02:00:00,110,120.0,False,True
baseline_lag168,-,keep,2021-06,2021-06-30 03:00:00,112,103.0,False,True
baseline_lag168,-,keep,2021-06,2021-06-30 04:00:00,109,112.0,False,True
baseline_lag168,-,keep,2021-06,2021-06-30 05:00:00,98,95.0,False,True
baseline_lag168,-,keep,2021-06,2021-06-30 06:00:00,114,117.0,False,True
baseline_lag168,-,keep,2021-06,2021-06-30 07:00:00,132,140.0,False,True
baseline_lag168,-,keep,2021-06,2021-06-30 08:00:00,180,163.0,True,True
baseline_lag168,-,keep,2021-06,2021-06-30 09:00:00,179,160.0,True,True
baseline_lag168,-,keep,2021-06,2021-06-30 10:00:00,159,148.0,False,True
baseline_lag168,-,keep,2021-06,2021-06-30 11:00:00,144,156.0,False,True
baseline_lag168,-,keep,2021-06,2021-06-30 12:00:00,108,93.0,False,True
baseline_lag168,-,keep,2021-06,2021-06-30 13:00:00,167,153.0,False,True
baseline_lag168,-,keep,2021-06,2021-06-30 14:00:00,166,151.0,False,True
baseline_lag168,-,keep,2021-06,2021-06-30 15:00:00,164,150.0,False,True
baseline_lag168,-,keep,2021-06,2021-06-30 16:00:00,161,160.0,False,True
baseline_lag168,-,keep,2021-06,2021-06-30 17:00:00,156,128.0,False,True
baseline_lag168,-,keep,2021-06,2021-06-30 18:00:00,160,162.0,False,True
baseline_lag168,-,keep,2021-06,2021-06-30 19:00:00,141,137.0,False,True
baseline_lag168,-,keep,2021-06,2021-06-30 20:00:00,109,128.0,False,True
baseline_lag168,-,keep,2021-06,2021-06-30 21:00:00,113,126.0,False,True
baseline_lag168,-,keep,2021-06,2021-06-30 22:00:00,106,114.0,False,True
baseline_lag168,-,keep,2021-06,2021-06-30 23:00:00,104,110.0,False,True
baseline_lag168,-,keep,2021-07,2021-07-01 00:00:00,68,70.0,False,False
baseline_lag168,-,keep,2021-07,2021-07-01 01:00:00,104,111.0,False,False
baseline_lag168,-,keep,2021-07,2021-07-01 02:00:00,113,118.0,False,False
baseline_lag168,-,keep,2021-07,2021-07-01 03:00:00,107,117.0,False,False
baseline_lag168,-,keep,2021-07,2021-07-01 04:00:00,104,116.0,False,False
baseline_lag168,-,keep,2021-07,2021-07-01 05:00:00,93,101.0,False,False
baseline_lag168,-,keep,2021-07,2021-07-01 06:00:00,110,118.0,False,False
baseline_lag168,-,keep,2021-07,2021-07-01 07:00:00,129,149.0,False,False
baseline_lag168,-,keep,2021-07,2021-07-01 08:00:00,182,182.0,True,False
baseline_lag168,-,keep,2021-07,2021-07-01 09:00:00,178,162.0,True,False
baseline_lag168,-,keep,2021-07,2021-07-01 10:00:00,172,154.0,True,False
baseline_lag168,-,keep,2021-07,2021-07-01 11:00:00,188,164.0,True,False
baseline_lag168,-,keep,2021-07,2021-07-01 12:00:00,111,105.0,False,False
baseline_lag168,-,keep,2021-07,2021-07-01 13:00:00,190,171.0,True,False
baseline_lag168,-,keep,2021-07,2021-07-01 14:00:00,187,163.0,True,False
baseline_lag168,-,keep,2021-07,2021-07-01 15:00:00,164,150.0,False,False
baseline_lag168,-,keep,2021-07,2021-07-01 16:00:00,170,162.0,False,False
baseline_lag168,-,keep,2021-07,2021-07-01 17:00:00,135,135.0,False,False
baseline_lag168,-,keep,2021-07,2021-07-01 18:00:00,157,150.0,False,False
baseline_lag168,-,keep,2021-07,2021-07-01 19:00:00,163,159.0,False,False
baseline_lag168,-,keep,2021-07,2021-07-01 20:00:00,142,136.0,False,False
baseline_lag168,-,keep,2021-07,2021-07-01 21:00:00,140,131.0,False,False
baseline_lag168,-,keep,2021-07,2021-07-01 22:00:00,119,121.0,False,False
baseline_lag168,-,keep,2021-07,2021-07-01 23:00:00,108,115.0,False,False
baseline_lag168,-,keep,2021-07,2021-07-02 00:00:00,68,71.0,False,False
baseline_lag168,-,keep,2021-07,2021-07-02 01:00:00,106,119.0,False,False
baseline_lag168,-,keep,2021-07,2021-07-02 02:00:00,116,117.0,False,False
baseline_lag168,-,keep,2021-07,2021-07-02 03:00:00,108,119.0,False,False
baseline_lag168,-,keep,2021-07,2021-07-02 04:00:00,106,118.0,False,False
baseline_lag168,-,keep,2021-07,2021-07-02 05:00:00,96,106.0,False,False
baseline_lag168,-,keep,2021-07,2021-07-02 06:00:00,112,114.0,False,False
baseline_lag168,-,keep,2021-07,2021-07-02 07:00:00,133,135.0,False,False
baseline_lag168,-,keep,2021-07,2021-07-02 08:00:00,161,156.0,False,False
baseline_lag168,-,keep,2021-07,2021-07-02 09:00:00,175,170.0,True,False
baseline_lag168,-,keep,2021-07,2021-07-02 10:00:00,164,172.0,False,False
baseline_lag168,-,keep,2021-07,2021-07-02 11:00:00,179,180.0,True,False
baseline_lag168,-,keep,2021-07,2021-07-02 12:00:00,108,122.0,False,False
baseline_lag168,-,keep,2021-07,2021-07-02 13:00:00,170,179.0,False,False
baseline_lag168,-,keep,2021-07,2021-07-02 14:00:00,175,177.0,True,False
baseline_lag168,-,keep,2021-07,2021-07-02 15:00:00,143,175.0,False,False
baseline_lag168,-,keep,2021-07,2021-07-02 16:00:00,158,166.0,False,False
baseline_lag168,-,keep,2021-07,2021-07-02 17:00:00,147,141.0,False,False
baseline_lag168,-,keep,2021-07,2021-07-02 18:00:00,160,142.0,False,False
baseline_lag168,-,keep,2021-07,2021-07-02 19:00:00,136,110.0,False,False
baseline_lag168,-,keep,2021-07,2021-07-02 20:00:00,122,109.0,False,False
baseline_lag168,-,keep,2021-07,2021-07-02 21:00:00,114,116.0,False,False
baseline_lag168,-,keep,2021-07,2021-07-02 22:00:00,111,123.0,False,False
baseline_lag168,-,keep,2021-07,2021-07-02 23:00:00,93,102.0,False,False
baseline_lag168,-,keep,2021-07,2021-07-03 00:00:00,67,71.0,False,False
baseline_lag168,-,keep,2021-07,2021-07-03 01:00:00,104,116.0,False,False
baseline_lag168,-,keep,2021-07,2021-07-03 02:00:00,106,111.0,False,False
baseline_lag168,-,keep,2021-07,2021-07-03 03:00:00,103,109.0,False,False
baseline_lag168,-,keep,2021-07,2021-07-03 04:00:00,104,125.0,False,False
baseline_lag168,-,keep,2021-07,2021-07-03 05:00:00,89,97.0,False,False
baseline_lag168,-,keep,2021-07,2021-07-03 06:00:00,98,118.0,False,False
baseline_lag168,-,keep,2021-07,2021-07-03 07:00:00,53,71.0,False,False
baseline_lag168,-,keep,2021-07,2021-07-03 08:00:00,22,23.0,False,False
baseline_lag168,-,keep,2021-07,2021-07-03 09:00:00,25,23.0,False,False
baseline_lag168,-,keep,2021-07,2021-07-03 10:00:00,23,26.0,False,False
baseline_lag168,-,keep,2021-07,2021-07-03 11:00:00,23,24.0,False,False
baseline_lag168,-,keep,2021-07,2021-07-03 12:00:00,24,24.0,False,False
baseline_lag168,-,keep,2021-07,2021-07-03 13:00:00,22,25.0,False,False
baseline_lag168,-,keep,2021-07,2021-07-03 14:00:00,22,24.0,False,False
baseline_lag168,-,keep,2021-07,2021-07-03 15:00:00,23,23.0,False,False
baseline_lag168,-,keep,2021-07,2021-07-03 16:00:00,23,23.0,False,False
baseline_lag168,-,keep,2021-07,2021-07-03 17:00:00,22,26.0,False,False
baseline_lag168,-,keep,2021-07,2021-07-03 18:00:00,22,24.0,False,False
baseline_lag168,-,keep,2021-07,2021-07-03 19:00:00,24,24.0,False,False
baseline_lag168,-,keep,2021-07,2021-07-03 20:00:00,22,25.0,False,False
baseline_lag168,-,keep,2021-07,2021-07-03 21:00:00,23,24.0,False,False
baseline_lag168,-,keep,2021-07,2021-07-03 22:00:00,24,24.0,False,False
baseline_lag168,-,keep,2021-07,2021-07-03 23:00:00,22,26.0,False,False
baseline_lag168,-,keep,2021-07,2021-07-04 00:00:00,22,23.0,False,False
baseline_lag168,-,keep,2021-07,2021-07-04 01:00:00,25,23.0,False,False
baseline_lag168,-,keep,2021-07,2021-07-04 02:00:00,23,24.0,False,False
baseline_lag168,-,keep,2021-07,2021-07-04 03:00:00,23,25.0,False,False
baseline_lag168,-,keep,2021-07,2021-07-04 04:00:00,23,23.0,False,False
baseline_lag168,-,keep,2021-07,2021-07-04 05:00:00,24,23.0,False,False
baseline_lag168,-,keep,2021-07,2021-07-04 06:00:00,22,25.0,False,False
baseline_lag168,-,keep,2021-07,2021-07-04 07:00:00,22,23.0,False,False
baseline_lag168,-,keep,2021-07,2021-07-04 08:00:00,24,24.0,False,False
baseline_lag168,-,keep,2021-07,2021-07-04 09:00:00,22,26.0,False,False
baseline_lag168,-,keep,2021-07,2021-07-04 10:00:00,23,24.0,False,False
baseline_lag168,-,keep,2021-07,2021-07-04 11:00:00,26,24.0,False,False
baseline_lag168,-,keep,2021-07,2021-07-04 12:00:00,23,26.0,False,False
baseline_lag168,-,keep,2021-07,2021-07-04 13:00:00,23,24.0,False,False
baseline_lag168,-,keep,2021-07,2021-07-04 14:00:00,24,24.0,False,False
baseline_lag168,-,keep,2021-07,2021-07-04 15:00:00,24,26.0,False,False
baseline_lag168,-,keep,2021-07,2021-07-04 16:00:00,24,24.0,False,False
baseline_lag168,-,keep,2021-07,2021-07-04 17:00:00,22,24.0,False,False
baseline_lag168,-,keep,2021-07,2021-07-04 18:00:00,25,26.0,False,False
baseline_lag168,-,keep,2021-07,2021-07-04 19:00:00,23,24.0,False,False
baseline_lag168,-,keep,2021-07,2021-07-04 20:00:00,22,24.0,False,False
baseline_lag168,-,keep,2021-07,2021-07-04 21:00:00,25,24.0,False,False
baseline_lag168,-,keep,2021-07,2021-07-04 22:00:00,23,26.0,False,False
baseline_lag168,-,keep,2021-07,2021-07-04 23:00:00,23,24.0,False,False
baseline_lag168,-,keep,2021-07,2021-07-05 00:00:00,25,24.0,False,False
baseline_lag168,-,keep,2021-07,2021-07-05 01:00:00,23,26.0,False,False
baseline_lag168,-,keep,2021-07,2021-07-05 02:00:00,23,24.0,False,False
baseline_lag168,-,keep,2021-07,2021-07-05 03:00:00,24,24.0,False,False
baseline_lag168,-,keep,2021-07,2021-07-05 04:00:00,24,26.0,False,False
baseline_lag168,-,keep,2021-07,2021-07-05 05:00:00,23,24.0,False,False
baseline_lag168,-,keep,2021-07,2021-07-05 06:00:00,22,23.0,False,False
baseline_lag168,-,keep,2021-07,2021-07-05 07:00:00,63,57.0,False,False
baseline_lag168,-,keep,2021-07,2021-07-05 08:00:00,168,175.0,False,False
baseline_lag168,-,keep,2021-07,2021-07-05 09:00:00,170,178.0,False,False
baseline_lag168,-,keep,2021-07,2021-07-05 10:00:00,173,167.0,True,False
baseline_lag168,-,keep,2021-07,2021-07-05 11:00:00,172,183.0,True,False
baseline_lag168,-,keep,2021-07,2021-07-05 12:00:00,104,121.0,False,False
baseline_lag168,-,keep,2021-07,2021-07-05 13:00:00,168,185.0,False,False
baseline_lag168,-,keep,2021-07,2021-07-05 14:00:00,169,180.0,False,False
baseline_lag168,-,keep,2021-07,2021-07-05 15:00:00,160,182.0,False,False
baseline_lag168,-,keep,2021-07,2021-07-05 16:00:00,158,168.0,False,False
baseline_lag168,-,keep,2021-07,2021-07-05 17:00:00,129,150.0,False,False
baseline_lag168,-,keep,2021-07,2021-07-05 18:00:00,158,177.0,False,False
baseline_lag168,-,keep,2021-07,2021-07-05 19:00:00,139,153.0,False,False
baseline_lag168,-,keep,2021-07,2021-07-05 20:00:00,120,112.0,False,False
baseline_lag168,-,keep,2021-07,2021-07-05 21:00:00,117,118.0,False,False
baseline_lag168,-,keep,2021-07,2021-07-05 22:00:00,104,109.0,False,False
baseline_lag168,-,keep,2021-07,2021-07-05 23:00:00,102,107.0,False,False
baseline_lag168,-,keep,2021-07,2021-07-06 00:00:00,68,66.0,False,False
baseline_lag168,-,keep,2021-07,2021-07-06 01:00:00,103,104.0,False,False
baseline_lag168,-,keep,2021-07,2021-07-06 02:00:00,105,113.0,False,False
baseline_lag168,-,keep,2021-07,2021-07-06 03:00:00,105,104.0,False,False
baseline_lag168,-,keep,2021-07,2021-07-06 04:00:00,106,110.0,False,False
baseline_lag168,-,keep,2021-07,2021-07-06 05:00:00,98,90.0,False,False
baseline_lag168,-,keep,2021-07,2021-07-06 06:00:00,98,113.0,False,False
baseline_lag168,-,keep,2021-07,2021-07-06 07:00:00,119,137.0,False,False
baseline_lag168,-,keep,2021-07,2021-07-06 08:00:00,180,202.0,True,False
baseline_lag168,-,keep,2021-07,2021-07-06 09:00:00,180,179.0,True,False
baseline_lag168,-,keep,2021-07,2021-07-06 10:00:00,168,163.0,False,False
baseline_lag168,-,keep,2021-07,2021-07-06 11:00:00,176,193.0,True,False
baseline_lag168,-,keep,2021-07,2021-07-06 12:00:00,110,118.0,False,False
baseline_lag168,-,keep,2021-07,2021-07-06 13:00:00,159,187.0,False,False
baseline_lag168,-,keep,2021-07,2021-07-06 14:00:00,179,177.0,True,False
baseline_lag168,-,keep,2021-07,2021-07-06 15:00:00,158,163.0,False,False
baseline_lag168,-,keep,2021-07,2021-07-06 16:00:00,171,164.0,False,False
baseline_lag168,-,keep,2021-07,2021-07-06 17:00:00,129,128.0,False,False
baseline_lag168,-,keep,2021-07,2021-07-06 18:00:00,153,166.0,False,False
baseline_lag168,-,keep,2021-07,2021-07-06 19:00:00,151,160.0,False,False
baseline_lag168,-,keep,2021-07,2021-07-06 20:00:00,134,135.0,False,False
baseline_lag168,-,keep,2021-07,2021-07-06 21:00:00,126,124.0,False,False
baseline_lag168,-,keep,2021-07,2021-07-06 22:00:00,112,113.0,False,False
baseline_lag168,-,keep,2021-07,2021-07-06 23:00:00,106,104.0,False,False
baseline_lag168,-,keep,2021-07,2021-07-07 00:00:00,76,67.0,False,False
baseline_lag168,-,keep,2021-07,2021-07-07 01:00:00,102,104.0,False,False
baseline_lag168,-,keep,2021-07,2021-07-07 02:00:00,106,110.0,False,False
baseline_lag168,-,keep,2021-07,2021-07-07 03:00:00,110,112.0,False,False
baseline_lag168,-,keep,2021-07,2021-07-07 04:00:00,106,109.0,False,False
baseline_lag168,-,keep,2021-07,2021-07-07 05:00:00,94,98.0,False,False
baseline_lag168,-,keep,2021-07,2021-07-07 06:00:00,102,114.0,False,False
baseline_lag168,-,keep,2021-07,2021-07-07 07:00:00,130,132.0,False,False
baseline_lag168,-,keep,2021-07,2021-07-07 08:00:00,181,180.0,True,False
baseline_lag168,-,keep,2021-07,2021-07-07 09:00:00,178,179.0,True,False
baseline_lag168,-,keep,2021-07,2021-07-07 10:00:00,174,159.0,True,False
baseline_lag168,-,keep,2021-07,2021-07-07 11:00:00,178,144.0,True,False
baseline_lag168,-,keep,2021-07,2021-07-07 12:00:00,112,108.0,False,False
baseline_lag168,-,keep,2021-07,2021-07-07 13:00:00,173,167.0,True,False
baseline_lag168,-,keep,2021-07,2021-07-07 14:00:00,175,166.0,True,False
baseline_lag168,-,keep,2021-07,2021-07-07 15:00:00,158,164.0,False,False
baseline_lag168,-,keep,2021-07,2021-07-07 16:00:00,177,161.0,True,False
baseline_lag168,-,keep,2021-07,2021-07-07 17:00:00,138,156.0,False,False
baseline_lag168,-,keep,2021-07,2021-07-07 18:00:00,169,160.0,False,False
baseline_lag168,-,keep,2021-07,2021-07-07 19:00:00,157,141.0,False,False
baseline_lag168,-,keep,2021-07,2021-07-07 20:00:00,117,109.0,False,False
baseline_lag168,-,keep,2021-07,2021-07-07 21:00:00,115,113.0,False,False
baseline_lag168,-,keep,2021-07,2021-07-07 22:00:00,104,106.0,False,False
baseline_lag168,-,keep,2021-07,2021-07-07 23:00:00,105,104.0,False,False
baseline_lag168,-,keep,2021-07,2021-07-08 00:00:00,73,68.0,False,False
baseline_lag168,-,keep,2021-07,2021-07-08 01:00:00,99,104.0,False,False
baseline_lag168,-,keep,2021-07,2021-07-08 02:00:00,104,113.0,False,False
baseline_lag168,-,keep,2021-07,2021-07-08 03:00:00,105,107.0,False,False
baseline_lag168,-,keep,2021-07,2021-07-08 04:00:00,106,104.0,False,False
baseline_lag168,-,keep,2021-07,2021-07-08 05:00:00,96,93.0,False,False
baseline_lag168,-,keep,2021-07,2021-07-08 06:00:00,110,110.0,False,False
baseline_lag168,-,keep,2021-07,2021-07-08 07:00:00,133,129.0,False,False
baseline_lag168,-,keep,2021-07,2021-07-08 08:00:00,166,182.0,False,False
baseline_lag168,-,keep,2021-07,2021-07-08 09:00:00,180,178.0,True,False
baseline_lag168,-,keep,2021-07,2021-07-08 10:00:00,184,172.0,True,False
baseline_lag168,-,keep,2021-07,2021-07-08 11:00:00,190,188.0,True,False
baseline_lag168,-,keep,2021-07,2021-07-08 12:00:00,120,111.0,False,False
baseline_lag168,-,keep,2021-07,2021-07-08 13:00:00,186,190.0,True,False
baseline_lag168,-,keep,2021-07,2021-07-08 14:00:00,184,187.0,True,False
baseline_lag168,-,keep,2021-07,2021-07-08 15:00:00,161,164.0,False,False
baseline_lag168,-,keep,2021-07,2021-07-08 16:00:00,174,170.0,True,False
baseline_lag168,-,keep,2021-07,2021-07-08 17:00:00,128,135.0,False,False
baseline_lag168,-,keep,2021-07,2021-07-08 18:00:00,147,157.0,False,False
baseline_lag168,-,keep,2021-07,2021-07-08 19:00:00,147,163.0,False,False
baseline_lag168,-,keep,2021-07,2021-07-08 20:00:00,130,142.0,False,False
baseline_lag168,-,keep,2021-07,2021-07-08 21:00:00,125,140.0,False,False
baseline_lag168,-,keep,2021-07,2021-07-08 22:00:00,111,119.0,False,False
baseline_lag168,-,keep,2021-07,2021-07-08 23:00:00,113,108.0,False,False
baseline_lag168,-,keep,2021-07,2021-07-09 00:00:00,73,68.0,False,False
baseline_lag168,-,keep,2021-07,2021-07-09 01:00:00,102,106.0,False,False
baseline_lag168,-,keep,2021-07,2021-07-09 02:00:00,110,116.0,False,False
baseline_lag168,-,keep,2021-07,2021-07-09 03:00:00,99,108.0,False,False
baseline_lag168,-,keep,2021-07,2021-07-09 04:00:00,104,106.0,False,False
baseline_lag168,-,keep,2021-07,2021-07-09 05:00:00,98,96.0,False,False
baseline_lag168,-,keep,2021-07,2021-07-09 06:00:00,113,112.0,False,False
baseline_lag168,-,keep,2021-07,2021-07-09 07:00:00,137,133.0,False,False
baseline_lag168,-,keep,2021-07,2021-07-09 08:00:00,174,161.0,True,False
baseline_lag168,-,keep,2021-07,2021-07-09 09:00:00,166,175.0,False,False
baseline_lag168,-,keep,2021-07,2021-07-09 10:00:00,164,164.0,False,False
baseline_lag168,-,keep,2021-07,2021-07-09 11:00:00,171,179.0,False,False
baseline_lag168,-,keep,2021-07,2021-07-09 12:00:00,100,108.0,False,False
baseline_lag168,-,keep,2021-07,2021-07-09 13:00:00,174,170.0,True,False
baseline_lag168,-,keep,2021-07,2021-07-09 14:00:00,181,175.0,True,False
baseline_lag168,-,keep,2021-07,2021-07-09 15:00:00,167,143.0,False,False
baseline_lag168,-,keep,2021-07,2021-07-09 16:00:00,171,158.0,False,False
baseline_lag168,-,keep,2021-07,2021-07-09 17:00:00,143,147.0,False,False
baseline_lag168,-,keep,2021-07,2021-07-09 18:00:00,170,160.0,False,False
baseline_lag168,-,keep,2021-07,2021-07-09 19:00:00,134,136.0,False,False
baseline_lag168,-,keep,2021-07,2021-07-09 20:00:00,104,122.0,False,False
baseline_lag168,-,keep,2021-07,2021-07-09 21:00:00,103,114.0,False,False
baseline_lag168,-,keep,2021-07,2021-07-09 22:00:00,102,111.0,False,False
baseline_lag168,-,keep,2021-07,2021-07-09 23:00:00,96,93.0,False,False
baseline_lag168,-,keep,2021-07,2021-07-10 00:00:00,65,67.0,False,False
baseline_lag168,-,keep,2021-07,2021-07-10 01:00:00,97,104.0,False,False
baseline_lag168,-,keep,2021-07,2021-07-10 02:00:00,97,106.0,False,False
baseline_lag168,-,keep,2021-07,2021-07-10 03:00:00,97,103.0,False,False
baseline_lag168,-,keep,2021-07,2021-07-10 04:00:00,100,104.0,False,False
baseline_lag168,-,keep,2021-07,2021-07-10 05:00:00,83,89.0,False,False
baseline_lag168,-,keep,2021-07,2021-07-10 06:00:00,101,98.0,False,False
baseline_lag168,-,keep,2021-07,2021-07-10 07:00:00,75,53.0,False,False
baseline_lag168,-,keep,2021-07,2021-07-10 08:00:00,26,22.0,False,False
baseline_lag168,-,keep,2021-07,2021-07-10 09:00:00,27,25.0,False,False
baseline_lag168,-,keep,2021-07,2021-07-10 10:00:00,30,23.0,False,False
baseline_lag168,-,keep,2021-07,2021-07-10 11:00:00,29,23.0,False,False
baseline_lag168,-,keep,2021-07,2021-07-10 12:00:00,26,24.0,False,False
baseline_lag168,-,keep,2021-07,2021-07-10 13:00:00,25,22.0,False,False
baseline_lag168,-,keep,2021-07,2021-07-10 14:00:00,23,22.0,False,False
baseline_lag168,-,keep,2021-07,2021-07-10 15:00:00,24,23.0,False,False
baseline_lag168,-,keep,2021-07,2021-07-10 16:00:00,24,23.0,False,False
baseline_lag168,-,keep,2021-07,2021-07-10 17:00:00,23,22.0,False,False
baseline_lag168,-,keep,2021-07,2021-07-10 18:00:00,22,22.0,False,False
baseline_lag168,-,keep,2021-07,2021-07-10 19:00:00,24,24.0,False,False
baseline_lag168,-,keep,2021-07,2021-07-10 20:00:00,22,22.0,False,False
baseline_lag168,-,keep,2021-07,2021-07-10 21:00:00,22,23.0,False,False
baseline_lag168,-,keep,2021-07,2021-07-10 22:00:00,25,24.0,False,False
baseline_lag168,-,keep,2021-07,2021-07-10 23:00:00,22,22.0,False,False
baseline_lag168,-,keep,2021-07,2021-07-11 00:00:00,23,22.0,False,False
baseline_lag168,-,keep,2021-07,2021-07-11 01:00:00,26,25.0,False,False
baseline_lag168,-,keep,2021-07,2021-07-11 02:00:00,23,23.0,False,False
baseline_lag168,-,keep,2021-07,2021-07-11 03:00:00,23,23.0,False,False
baseline_lag168,-,keep,2021-07,2021-07-11 04:00:00,23,23.0,False,False
baseline_lag168,-,keep,2021-07,2021-07-11 05:00:00,24,24.0,False,False
baseline_lag168,-,keep,2021-07,2021-07-11 06:00:00,22,22.0,False,False
baseline_lag168,-,keep,2021-07,2021-07-11 07:00:00,22,22.0,False,False
baseline_lag168,-,keep,2021-07,2021-07-11 08:00:00,24,24.0,False,False
baseline_lag168,-,keep,2021-07,2021-07-11 09:00:00,22,22.0,False,False
baseline_lag168,-,keep,2021-07,2021-07-11 10:00:00,23,23.0,False,False
baseline_lag168,-,keep,2021-07,2021-07-11 11:00:00,25,26.0,False,False
baseline_lag168,-,keep,2021-07,2021-07-11 12:00:00,23,23.0,False,False
baseline_lag168,-,keep,2021-07,2021-07-11 13:00:00,24,23.0,False,False
baseline_lag168,-,keep,2021-07,2021-07-11 14:00:00,26,24.0,False,False
baseline_lag168,-,keep,2021-07,2021-07-11 15:00:00,24,24.0,False,False
baseline_lag168,-,keep,2021-07,2021-07-11 16:00:00,25,24.0,False,False
baseline_lag168,-,keep,2021-07,2021-07-11 17:00:00,24,22.0,False,False
baseline_lag168,-,keep,2021-07,2021-07-11 18:00:00,23,25.0,False,False
baseline_lag168,-,keep,2021-07,2021-07-11 19:00:00,22,23.0,False,False
baseline_lag168,-,keep,2021-07,2021-07-11 20:00:00,23,22.0,False,False
baseline_lag168,-,keep,2021-07,2021-07-11 21:00:00,25,25.0,False,False
baseline_lag168,-,keep,2021-07,2021-07-11 22:00:00,23,23.0,False,False
baseline_lag168,-,keep,2021-07,2021-07-11 23:00:00,23,23.0,False,False
baseline_lag168,-,keep,2021-07,2021-07-12 00:00:00,25,25.0,False,False
baseline_lag168,-,keep,2021-07,2021-07-12 01:00:00,23,23.0,False,False
baseline_lag168,-,keep,2021-07,2021-07-12 02:00:00,23,23.0,False,False
baseline_lag168,-,keep,2021-07,2021-07-12 03:00:00,24,24.0,False,False
baseline_lag168,-,keep,2021-07,2021-07-12 04:00:00,22,24.0,False,False
baseline_lag168,-,keep,2021-07,2021-07-12 05:00:00,23,23.0,False,False
baseline_lag168,-,keep,2021-07,2021-07-12 06:00:00,24,22.0,False,False
baseline_lag168,-,keep,2021-07,2021-07-12 07:00:00,65,63.0,False,False
baseline_lag168,-,keep,2021-07,2021-07-12 08:00:00,186,168.0,True,False
baseline_lag168,-,keep,2021-07,2021-07-12 09:00:00,191,170.0,True,False
baseline_lag168,-,keep,2021-07,2021-07-12 10:00:00,175,173.0,True,False
baseline_lag168,-,keep,2021-07,2021-07-12 11:00:00,186,172.0,True,False
baseline_lag168,-,keep,2021-07,2021-07-12 12:00:00,115,104.0,False,False
baseline_lag168,-,keep,2021-07,2021-07-12 13:00:00,167,168.0,False,False
baseline_lag168,-,keep,2021-07,2021-07-12 14:00:00,184,169.0,True,False
baseline_lag168,-,keep,2021-07,2021-07-12 15:00:00,164,160.0,False,False
baseline_lag168,-,keep,2021-07,2021-07-12 16:00:00,174,158.0,True,False
baseline_lag168,-,keep,2021-07,2021-07-12 17:00:00,138,129.0,False,False
baseline_lag168,-,keep,2021-07,2021-07-12 18:00:00,157,158.0,False,False
baseline_lag168,-,keep,2021-07,2021-07-12 19:00:00,157,139.0,False,False
baseline_lag168,-,keep,2021-07,2021-07-12 20:00:00,125,120.0,False,False
baseline_lag168,-,keep,2021-07,2021-07-12 21:00:00,120,117.0,False,False
baseline_lag168,-,keep,2021-07,2021-07-12 22:00:00,116,104.0,False,False
baseline_lag168,-,keep,2021-07,2021-07-12 23:00:00,103,102.0,False,False
baseline_lag168,-,keep,2021-07,2021-07-14 00:00:00,73,76.0,False,False
baseline_lag168,-,keep,2021-07,2021-07-14 01:00:00,102,102.0,False,False
baseline_lag168,-,keep,2021-07,2021-07-14 02:00:00,105,106.0,False,False
baseline_lag168,-,keep,2021-07,2021-07-14 03:00:00,102,110.0,False,False
baseline_lag168,-,keep,2021-07,2021-07-14 04:00:00,105,106.0,False,False
baseline_lag168,-,keep,2021-07,2021-07-14 05:00:00,89,94.0,False,False
baseline_lag168,-,keep,2021-07,2021-07-14 06:00:00,106,102.0,False,False
baseline_lag168,-,keep,2021-07,2021-07-14 07:00:00,132,130.0,False,False
baseline_lag168,-,keep,2021-07,2021-07-14 08:00:00,179,181.0,True,False
baseline_lag168,-,keep,2021-07,2021-07-14 09:00:00,185,178.0,True,False
baseline_lag168,-,keep,2021-07,2021-07-14 10:00:00,175,174.0,True,False
baseline_lag168,-,keep,2021-07,2021-07-14 11:00:00,185,178.0,True,False
baseline_lag168,-,keep,2021-07,2021-07-14 12:00:00,99,112.0,False,False
baseline_lag168,-,keep,2021-07,2021-07-14 13:00:00,166,173.0,False,False
baseline_lag168,-,keep,2021-07,2021-07-14 14:00:00,178,175.0,True,False
baseline_lag168,-,keep,2021-07,2021-07-14 15:00:00,134,158.0,False,False
baseline_lag168,-,keep,2021-07,2021-07-14 16:00:00,154,177.0,False,False
baseline_lag168,-,keep,2021-07,2021-07-14 17:00:00,140,138.0,False,False
baseline_lag168,-,keep,2021-07,2021-07-14 18:00:00,165,169.0,False,False
baseline_lag168,-,keep,2021-07,2021-07-14 19:00:00,138,157.0,False,False
baseline_lag168,-,keep,2021-07,2021-07-14 20:00:00,112,117.0,False,False
baseline_lag168,-,keep,2021-07,2021-07-14 21:00:00,112,115.0,False,False
baseline_lag168,-,keep,2021-07,2021-07-14 22:00:00,110,104.0,False,False
baseline_lag168,-,keep,2021-07,2021-07-14 23:00:00,104,105.0,False,False
baseline_lag168,-,keep,2021-07,2021-07-16 00:00:00,65,73.0,False,False
baseline_lag168,-,keep,2021-07,2021-07-16 01:00:00,96,102.0,False,False
baseline_lag168,-,keep,2021-07,2021-07-16 02:00:00,101,110.0,False,False
baseline_lag168,-,keep,2021-07,2021-07-16 03:00:00,107,99.0,False,False
baseline_lag168,-,keep,2021-07,2021-07-16 04:00:00,106,104.0,False,False
baseline_lag168,-,keep,2021-07,2021-07-16 05:00:00,88,98.0,False,False
baseline_lag168,-,keep,2021-07,2021-07-16 06:00:00,106,113.0,False,False
baseline_lag168,-,keep,2021-07,2021-07-16 07:00:00,135,137.0,False,False
baseline_lag168,-,keep,2021-07,2021-07-16 08:00:00,187,174.0,True,False
baseline_lag168,-,keep,2021-07,2021-07-16 09:00:00,185,166.0,True,False
baseline_lag168,-,keep,2021-07,2021-07-16 10:00:00,169,164.0,False,False
baseline_lag168,-,keep,2021-07,2021-07-16 11:00:00,188,171.0,True,False
baseline_lag168,-,keep,2021-07,2021-07-16 12:00:00,116,100.0,False,False
baseline_lag168,-,keep,2021-07,2021-07-16 13:00:00,172,174.0,True,False
baseline_lag168,-,keep,2021-07,2021-07-16 14:00:00,166,181.0,False,False
baseline_lag168,-,keep,2021-07,2021-07-16 15:00:00,158,167.0,False,False
baseline_lag168,-,keep,2021-07,2021-07-16 16:00:00,165,171.0,False,False
baseline_lag168,-,keep,2021-07,2021-07-16 17:00:00,138,143.0,False,False
baseline_lag168,-,keep,2021-07,2021-07-16 18:00:00,158,170.0,False,False
baseline_lag168,-,keep,2021-07,2021-07-16 19:00:00,136,134.0,False,False
baseline_lag168,-,keep,2021-07,2021-07-16 20:00:00,114,104.0,False,False
baseline_lag168,-,keep,2021-07,2021-07-16 21:00:00,114,103.0,False,False
baseline_lag168,-,keep,2021-07,2021-07-16 22:00:00,102,102.0,False,False
baseline_lag168,-,keep,2021-07,2021-07-16 23:00:00,101,96.0,False,False
baseline_lag168,-,keep,2021-07,2021-07-17 00:00:00,64,65.0,False,False
baseline_lag168,-,keep,2021-07,2021-07-17 01:00:00,101,97.0,False,False
baseline_lag168,-,keep,2021-07,2021-07-17 02:00:00,98,97.0,False,False
baseline_lag168,-,keep,2021-07,2021-07-17 03:00:00,94,97.0,False,False
baseline_lag168,-,keep,2021-07,2021-07-17 04:00:00,96,100.0,False,False
baseline_lag168,-,keep,2021-07,2021-07-17 05:00:00,84,83.0,False,False
baseline_lag168,-,keep,2021-07,2021-07-17 06:00:00,85,101.0,False,False
baseline_lag168,-,keep,2021-07,2021-07-17 07:00:00,57,75.0,False,False
baseline_lag168,-,keep,2021-07,2021-07-17 08:00:00,25,26.0,False,False
baseline_lag168,-,keep,2021-07,2021-07-17 09:00:00,23,27.0,False,False
baseline_lag168,-,keep,2021-07,2021-07-17 10:00:00,23,30.0,False,False
baseline_lag168,-,keep,2021-07,2021-07-17 11:00:00,24,29.0,False,False
baseline_lag168,-,keep,2021-07,2021-07-17 12:00:00,24,26.0,False,False
baseline_lag168,-,keep,2021-07,2021-07-17 13:00:00,23,25.0,False,False
baseline_lag168,-,keep,2021-07,2021-07-17 14:00:00,23,23.0,False,False
baseline_lag168,-,keep,2021-07,2021-07-17 15:00:00,25,24.0,False,False
baseline_lag168,-,keep,2021-07,2021-07-17 16:00:00,23,24.0,False,False
baseline_lag168,-,keep,2021-07,2021-07-17 17:00:00,22,23.0,False,False
baseline_lag168,-,keep,2021-07,2021-07-17 18:00:00,24,22.0,False,False
baseline_lag168,-,keep,2021-07,2021-07-17 19:00:00,23,24.0,False,False
baseline_lag168,-,keep,2021-07,2021-07-17 20:00:00,23,22.0,False,False
baseline_lag168,-,keep,2021-07,2021-07-17 21:00:00,24,22.0,False,False
baseline_lag168,-,keep,2021-07,2021-07-17 22:00:00,25,25.0,False,False
baseline_lag168,-,keep,2021-07,2021-07-17 23:00:00,23,22.0,False,False
baseline_lag168,-,keep,2021-07,2021-07-18 00:00:00,23,23.0,False,False
baseline_lag168,-,keep,2021-07,2021-07-18 01:00:00,25,26.0,False,False
baseline_lag168,-,keep,2021-07,2021-07-18 02:00:00,23,23.0,False,False
baseline_lag168,-,keep,2021-07,2021-07-18 03:00:00,23,23.0,False,False
baseline_lag168,-,keep,2021-07,2021-07-18 04:00:00,25,23.0,False,False
baseline_lag168,-,keep,2021-07,2021-07-18 05:00:00,22,24.0,False,False
baseline_lag168,-,keep,2021-07,2021-07-18 06:00:00,23,22.0,False,False
baseline_lag168,-,keep,2021-07,2021-07-18 07:00:00,25,22.0,False,False
baseline_lag168,-,keep,2021-07,2021-07-18 08:00:00,23,24.0,False,False
baseline_lag168,-,keep,2021-07,2021-07-18 09:00:00,23,22.0,False,False
baseline_lag168,-,keep,2021-07,2021-07-18 10:00:00,23,23.0,False,False
baseline_lag168,-,keep,2021-07,2021-07-18 11:00:00,25,25.0,False,False
baseline_lag168,-,keep,2021-07,2021-07-18 12:00:00,23,23.0,False,False
baseline_lag168,-,keep,2021-07,2021-07-18 13:00:00,23,24.0,False,False
baseline_lag168,-,keep,2021-07,2021-07-18 14:00:00,25,26.0,False,False
baseline_lag168,-,keep,2021-07,2021-07-18 15:00:00,24,24.0,False,False
baseline_lag168,-,keep,2021-07,2021-07-18 16:00:00,23,25.0,False,False
baseline_lag168,-,keep,2021-07,2021-07-18 17:00:00,24,24.0,False,False
baseline_lag168,-,keep,2021-07,2021-07-18 18:00:00,24,23.0,False,False
baseline_lag168,-,keep,2021-07,2021-07-18 19:00:00,23,22.0,False,False
baseline_lag168,-,keep,2021-07,2021-07-18 20:00:00,23,23.0,False,False
baseline_lag168,-,keep,2021-07,2021-07-18 21:00:00,25,25.0,False,False
baseline_lag168,-,keep,2021-07,2021-07-18 22:00:00,24,23.0,False,False
baseline_lag168,-,keep,2021-07,2021-07-18 23:00:00,23,23.0,False,False
baseline_lag168,-,keep,2021-07,2021-07-19 00:00:00,26,25.0,False,False
baseline_lag168,-,keep,2021-07,2021-07-19 01:00:00,24,23.0,False,False
baseline_lag168,-,keep,2021-07,2021-07-19 02:00:00,23,23.0,False,False
baseline_lag168,-,keep,2021-07,2021-07-19 03:00:00,23,24.0,False,False
baseline_lag168,-,keep,2021-07,2021-07-19 04:00:00,25,22.0,False,False
baseline_lag168,-,keep,2021-07,2021-07-19 05:00:00,23,23.0,False,False
baseline_lag168,-,keep,2021-07,2021-07-19 06:00:00,23,24.0,False,False
baseline_lag168,-,keep,2021-07,2021-07-19 07:00:00,65,65.0,False,False
baseline_lag168,-,keep,2021-07,2021-07-19 08:00:00,188,186.0,True,False
baseline_lag168,-,keep,2021-07,2021-07-19 09:00:00,179,191.0,True,False
baseline_lag168,-,keep,2021-07,2021-07-19 10:00:00,185,175.0,True,False
baseline_lag168,-,keep,2021-07,2021-07-19 11:00:00,199,186.0,True,False
baseline_lag168,-,keep,2021-07,2021-07-19 12:00:00,117,115.0,False,False
baseline_lag168,-,keep,2021-07,2021-07-19 13:00:00,178,167.0,True,False
baseline_lag168,-,keep,2021-07,2021-07-19 14:00:00,178,184.0,True,False
baseline_lag168,-,keep,2021-07,2021-07-19 15:00:00,169,164.0,False,False
baseline_lag168,-,keep,2021-07,2021-07-19 16:00:00,183,174.0,True,False
baseline_lag168,-,keep,2021-07,2021-07-19 17:00:00,149,138.0,False,False
baseline_lag168,-,keep,2021-07,2021-07-19 18:00:00,171,157.0,False,False
baseline_lag168,-,keep,2021-07,2021-07-19 19:00:00,151,157.0,False,False
baseline_lag168,-,keep,2021-07,2021-07-19 20:00:00,127,125.0,False,False
baseline_lag168,-,keep,2021-07,2021-07-19 21:00:00,124,120.0,False,False
baseline_lag168,-,keep,2021-07,2021-07-19 22:00:00,106,116.0,False,False
baseline_lag168,-,keep,2021-07,2021-07-19 23:00:00,110,103.0,False,False
baseline_lag168,-,keep,2021-07,2021-07-20 00:00:00,71,69.0,False,False
baseline_lag168,-,keep,2021-07,2021-07-20 01:00:00,100,96.0,False,False
baseline_lag168,-,keep,2021-07,2021-07-20 02:00:00,103,112.0,False,False
baseline_lag168,-,keep,2021-07,2021-07-20 03:00:00,105,110.0,False,False
baseline_lag168,-,keep,2021-07,2021-07-20 04:00:00,107,106.0,False,False
baseline_lag168,-,keep,2021-07,2021-07-20 05:00:00,91,143.0,False,False
baseline_lag168,-,keep,2021-07,2021-07-20 06:00:00,110,123.0,False,False
baseline_lag168,-,keep,2021-07,2021-07-20 07:00:00,133,111.0,False,False
baseline_lag168,-,keep,2021-07,2021-07-20 08:00:00,188,102.0,True,False
baseline_lag168,-,keep,2021-07,2021-07-20 09:00:00,191,112.0,True,False
baseline_lag168,-,keep,2021-07,2021-07-20 10:00:00,189,124.0,True,False
baseline_lag168,-,keep,2021-07,2021-07-20 11:00:00,190,139.0,True,False
baseline_lag168,-,keep,2021-07,2021-07-20 12:00:00,121,123.0,False,False
baseline_lag168,-,keep,2021-07,2021-07-20 13:00:00,178,107.0,True,False
baseline_lag168,-,keep,2021-07,2021-07-20 14:00:00,187,150.0,True,False
baseline_lag168,-,keep,2021-07,2021-07-20 15:00:00,167,181.0,False,False
baseline_lag168,-,keep,2021-07,2021-07-20 16:00:00,185,174.0,True,False
baseline_lag168,-,keep,2021-07,2021-07-20 17:00:00,132,143.0,False,False
baseline_lag168,-,keep,2021-07,2021-07-20 18:00:00,175,152.0,True,False
baseline_lag168,-,keep,2021-07,2021-07-20 19:00:00,170,174.0,False,False
baseline_lag168,-,keep,2021-07,2021-07-20 20:00:00,127,175.0,False,False
baseline_lag168,-,keep,2021-07,2021-07-20 21:00:00,130,174.0,False,False
baseline_lag168,-,keep,2021-07,2021-07-20 22:00:00,112,178.0,False,False
baseline_lag168,-,keep,2021-07,2021-07-20 23:00:00,109,188.0,False,False
baseline_lag168,-,keep,2021-07,2021-07-21 00:00:00,78,73.0,False,False
baseline_lag168,-,keep,2021-07,2021-07-21 01:00:00,107,102.0,False,False
baseline_lag168,-,keep,2021-07,2021-07-21 02:00:00,100,105.0,False,False
baseline_lag168,-,keep,2021-07,2021-07-21 03:00:00,102,102.0,False,False
baseline_lag168,-,keep,2021-07,2021-07-21 04:00:00,107,105.0,False,False
baseline_lag168,-,keep,2021-07,2021-07-21 05:00:00,94,89.0,False,False
baseline_lag168,-,keep,2021-07,2021-07-21 06:00:00,106,106.0,False,False
baseline_lag168,-,keep,2021-07,2021-07-21 07:00:00,128,132.0,False,False
baseline_lag168,-,keep,2021-07,2021-07-21 08:00:00,193,179.0,True,False
baseline_lag168,-,keep,2021-07,2021-07-21 09:00:00,204,185.0,True,False
baseline_lag168,-,keep,2021-07,2021-07-21 10:00:00,179,175.0,True,False
baseline_lag168,-,keep,2021-07,2021-07-21 11:00:00,197,185.0,True,False
baseline_lag168,-,keep,2021-07,2021-07-21 12:00:00,128,99.0,False,False
baseline_lag168,-,keep,2021-07,2021-07-21 13:00:00,189,166.0,True,False
baseline_lag168,-,keep,2021-07,2021-07-21 14:00:00,199,178.0,True,False
baseline_lag168,-,keep,2021-07,2021-07-21 15:00:00,171,134.0,False,False
baseline_lag168,-,keep,2021-07,2021-07-21 16:00:00,182,154.0,True,False
baseline_lag168,-,keep,2021-07,2021-07-21 17:00:00,138,140.0,False,False
baseline_lag168,-,keep,2021-07,2021-07-21 18:00:00,162,165.0,False,False
baseline_lag168,-,keep,2021-07,2021-07-21 19:00:00,162,138.0,False,False
baseline_lag168,-,keep,2021-07,2021-07-21 20:00:00,131,112.0,False,False
baseline_lag168,-,keep,2021-07,2021-07-21 21:00:00,117,112.0,False,False
baseline_lag168,-,keep,2021-07,2021-07-21 22:00:00,104,110.0,False,False
baseline_lag168,-,keep,2021-07,2021-07-21 23:00:00,103,104.0,False,False
baseline_lag168,-,keep,2021-07,2021-07-22 00:00:00,71,67.0,False,False
baseline_lag168,-,keep,2021-07,2021-07-22 01:00:00,99,90.0,False,False
baseline_lag168,-,keep,2021-07,2021-07-22 02:00:00,103,111.0,False,False
baseline_lag168,-,keep,2021-07,2021-07-22 03:00:00,100,109.0,False,False
baseline_lag168,-,keep,2021-07,2021-07-22 04:00:00,105,110.0,False,False
baseline_lag168,-,keep,2021-07,2021-07-22 05:00:00,86,88.0,False,False
baseline_lag168,-,keep,2021-07,2021-07-22 06:00:00,106,103.0,False,False
baseline_lag168,-,keep,2021-07,2021-07-22 07:00:00,122,107.0,False,False
baseline_lag168,-,keep,2021-07,2021-07-22 08:00:00,197,134.0,True,False
baseline_lag168,-,keep,2021-07,2021-07-22 09:00:00,192,113.0,True,False
baseline_lag168,-,keep,2021-07,2021-07-22 10:00:00,180,108.0,True,False
baseline_lag168,-,keep,2021-07,2021-07-22 11:00:00,186,134.0,True,False
baseline_lag168,-,keep,2021-07,2021-07-22 12:00:00,104,118.0,False,False
baseline_lag168,-,keep,2021-07,2021-07-22 13:00:00,171,122.0,False,False
baseline_lag168,-,keep,2021-07,2021-07-22 14:00:00,182,155.0,True,False
baseline_lag168,-,keep,2021-07,2021-07-22 15:00:00,164,152.0,False,False
baseline_lag168,-,keep,2021-07,2021-07-22 16:00:00,165,184.0,False,False
baseline_lag168,-,keep,2021-07,2021-07-22 17:00:00,124,172.0,False,False
baseline_lag168,-,keep,2021-07,2021-07-22 18:00:00,164,192.0,False,False
baseline_lag168,-,keep,2021-07,2021-07-22 19:00:00,154,160.0,False,False
baseline_lag168,-,keep,2021-07,2021-07-22 20:00:00,132,155.0,False,False
baseline_lag168,-,keep,2021-07,2021-07-22 21:00:00,120,187.0,False,False
baseline_lag168,-,keep,2021-07,2021-07-22 22:00:00,115,198.0,False,False
baseline_lag168,-,keep,2021-07,2021-07-22 23:00:00,107,187.0,False,False
baseline_lag168,-,keep,2021-07,2021-07-23 00:00:00,78,65.0,False,False
baseline_lag168,-,keep,2021-07,2021-07-23 01:00:00,105,96.0,False,False
baseline_lag168,-,keep,2021-07,2021-07-23 02:00:00,105,101.0,False,False
baseline_lag168,-,keep,2021-07,2021-07-23 03:00:00,102,107.0,False,False
baseline_lag168,-,keep,2021-07,2021-07-23 04:00:00,99,106.0,False,False
baseline_lag168,-,keep,2021-07,2021-07-23 05:00:00,89,88.0,False,False
baseline_lag168,-,keep,2021-07,2021-07-23 06:00:00,103,106.0,False,False
baseline_lag168,-,keep,2021-07,2021-07-23 07:00:00,122,135.0,False,False
baseline_lag168,-,keep,2021-07,2021-07-23 08:00:00,191,187.0,True,False
baseline_lag168,-,keep,2021-07,2021-07-23 09:00:00,185,185.0,True,False
baseline_lag168,-,keep,2021-07,2021-07-23 10:00:00,179,169.0,True,False
baseline_lag168,-,keep,2021-07,2021-07-23 11:00:00,188,188.0,True,False
baseline_lag168,-,keep,2021-07,2021-07-23 12:00:00,113,116.0,False,False
baseline_lag168,-,keep,2021-07,2021-07-23 13:00:00,180,172.0,True,False
baseline_lag168,-,keep,2021-07,2021-07-23 14:00:00,184,166.0,True,False
baseline_lag168,-,keep,2021-07,2021-07-23 15:00:00,175,158.0,True,False
baseline_lag168,-,keep,2021-07,2021-07-23 16:00:00,189,165.0,True,False
baseline_lag168,-,keep,2021-07,2021-07-23 17:00:00,138,138.0,False,False
baseline_lag168,-,keep,2021-07,2021-07-23 18:00:00,175,158.0,True,False
baseline_lag168,-,keep,2021-07,2021-07-23 19:00:00,145,136.0,False,False
baseline_lag168,-,keep,2021-07,2021-07-23 20:00:00,111,114.0,False,False
baseline_lag168,-,keep,2021-07,2021-07-23 21:00:00,107,114.0,False,False
baseline_lag168,-,keep,2021-07,2021-07-23 22:00:00,100,102.0,False,False
baseline_lag168,-,keep,2021-07,2021-07-23 23:00:00,102,101.0,False,False
baseline_lag168,-,keep,2021-07,2021-07-24 00:00:00,68,64.0,False,False
baseline_lag168,-,keep,2021-07,2021-07-24 01:00:00,96,101.0,False,False
baseline_lag168,-,keep,2021-07,2021-07-24 02:00:00,95,98.0,False,False
baseline_lag168,-,keep,2021-07,2021-07-24 03:00:00,93,94.0,False,False
baseline_lag168,-,keep,2021-07,2021-07-24 04:00:00,97,96.0,False,False
baseline_lag168,-,keep,2021-07,2021-07-24 05:00:00,81,84.0,False,False
baseline_lag168,-,keep,2021-07,2021-07-24 06:00:00,95,85.0,False,False
baseline_lag168,-,keep,2021-07,2021-07-24 07:00:00,61,57.0,False,False
baseline_lag168,-,keep,2021-07,2021-07-24 08:00:00,25,25.0,False,False
baseline_lag168,-,keep,2021-07,2021-07-24 09:00:00,24,23.0,False,False
baseline_lag168,-,keep,2021-07,2021-07-24 10:00:00,24,23.0,False,False
baseline_lag168,-,keep,2021-07,2021-07-24 11:00:00,27,24.0,False,False
baseline_lag168,-,keep,2021-07,2021-07-24 12:00:00,23,24.0,False,False
baseline_lag168,-,keep,2021-07,2021-07-24 13:00:00,24,23.0,False,False
baseline_lag168,-,keep,2021-07,2021-07-24 14:00:00,24,23.0,False,False
baseline_lag168,-,keep,2021-07,2021-07-24 15:00:00,26,25.0,False,False
baseline_lag168,-,keep,2021-07,2021-07-24 16:00:00,24,23.0,False,False
baseline_lag168,-,keep,2021-07,2021-07-24 17:00:00,24,22.0,False,False
baseline_lag168,-,keep,2021-07,2021-07-24 18:00:00,25,24.0,False,False
baseline_lag168,-,keep,2021-07,2021-07-24 19:00:00,25,23.0,False,False
baseline_lag168,-,keep,2021-07,2021-07-24 20:00:00,24,23.0,False,False
baseline_lag168,-,keep,2021-07,2021-07-24 21:00:00,25,24.0,False,False
baseline_lag168,-,keep,2021-07,2021-07-24 22:00:00,26,25.0,False,False
baseline_lag168,-,keep,2021-07,2021-07-24 23:00:00,24,23.0,False,False
baseline_lag168,-,keep,2021-07,2021-07-25 00:00:00,24,23.0,False,False
baseline_lag168,-,keep,2021-07,2021-07-25 01:00:00,25,25.0,False,False
baseline_lag168,-,keep,2021-07,2021-07-25 02:00:00,25,23.0,False,False
baseline_lag168,-,keep,2021-07,2021-07-25 03:00:00,24,23.0,False,False
baseline_lag168,-,keep,2021-07,2021-07-25 04:00:00,24,25.0,False,False
baseline_lag168,-,keep,2021-07,2021-07-25 05:00:00,26,22.0,False,False
baseline_lag168,-,keep,2021-07,2021-07-25 06:00:00,24,23.0,False,False
baseline_lag168,-,keep,2021-07,2021-07-25 07:00:00,24,25.0,False,False
baseline_lag168,-,keep,2021-07,2021-07-25 08:00:00,24,23.0,False,False
baseline_lag168,-,keep,2021-07,2021-07-25 09:00:00,26,23.0,False,False
baseline_lag168,-,keep,2021-07,2021-07-25 10:00:00,24,23.0,False,False
baseline_lag168,-,keep,2021-07,2021-07-25 11:00:00,24,25.0,False,False
baseline_lag168,-,keep,2021-07,2021-07-25 12:00:00,26,23.0,False,False
baseline_lag168,-,keep,2021-07,2021-07-25 13:00:00,24,23.0,False,False
baseline_lag168,-,keep,2021-07,2021-07-25 14:00:00,24,25.0,False,False
baseline_lag168,-,keep,2021-07,2021-07-25 15:00:00,25,24.0,False,False
baseline_lag168,-,keep,2021-07,2021-07-25 16:00:00,26,23.0,False,False
baseline_lag168,-,keep,2021-07,2021-07-25 17:00:00,24,24.0,False,False
baseline_lag168,-,keep,2021-07,2021-07-25 18:00:00,23,24.0,False,False
baseline_lag168,-,keep,2021-07,2021-07-25 19:00:00,25,23.0,False,False
baseline_lag168,-,keep,2021-07,2021-07-25 20:00:00,24,23.0,False,False
baseline_lag168,-,keep,2021-07,2021-07-25 21:00:00,24,25.0,False,False
baseline_lag168,-,keep,2021-07,2021-07-25 22:00:00,24,24.0,False,False
baseline_lag168,-,keep,2021-07,2021-07-25 23:00:00,26,23.0,False,False
baseline_lag168,-,keep,2021-07,2021-07-26 00:00:00,24,26.0,False,False
baseline_lag168,-,keep,2021-07,2021-07-26 01:00:00,24,24.0,False,False
baseline_lag168,-,keep,2021-07,2021-07-26 02:00:00,25,23.0,False,False
baseline_lag168,-,keep,2021-07,2021-07-26 03:00:00,25,23.0,False,False
baseline_lag168,-,keep,2021-07,2021-07-26 04:00:00,24,25.0,False,False
baseline_lag168,-,keep,2021-07,2021-07-26 05:00:00,24,23.0,False,False
baseline_lag168,-,keep,2021-07,2021-07-26 06:00:00,26,23.0,False,False
baseline_lag168,-,keep,2021-07,2021-07-26 07:00:00,71,65.0,False,False
baseline_lag168,-,keep,2021-07,2021-07-26 08:00:00,198,188.0,True,False
baseline_lag168,-,keep,2021-07,2021-07-26 09:00:00,184,179.0,True,False
baseline_lag168,-,keep,2021-07,2021-07-26 10:00:00,185,185.0,True,False
baseline_lag168,-,keep,2021-07,2021-07-26 11:00:00,190,199.0,True,False
baseline_lag168,-,keep,2021-07,2021-07-26 12:00:00,113,117.0,False,False
baseline_lag168,-,keep,2021-07,2021-07-26 13:00:00,169,178.0,False,False
baseline_lag168,-,keep,2021-07,2021-07-26 14:00:00,186,178.0,True,False
baseline_lag168,-,keep,2021-07,2021-07-26 15:00:00,158,169.0,False,False
baseline_lag168,-,keep,2021-07,2021-07-26 16:00:00,169,183.0,False,False
baseline_lag168,-,keep,2021-07,2021-07-26 17:00:00,136,149.0,False,False
baseline_lag168,-,keep,2021-07,2021-07-26 18:00:00,175,171.0,True,False
baseline_lag168,-,keep,2021-07,2021-07-26 19:00:00,157,151.0,False,False
baseline_lag168,-,keep,2021-07,2021-07-26 20:00:00,102,127.0,False,False
baseline_lag168,-,keep,2021-07,2021-07-26 21:00:00,110,124.0,False,False
baseline_lag168,-,keep,2021-07,2021-07-26 22:00:00,110,106.0,False,False
baseline_lag168,-,keep,2021-07,2021-07-26 23:00:00,95,110.0,False,False
baseline_lag168,-,keep,2021-07,2021-07-27 00:00:00,68,71.0,False,False
baseline_lag168,-,keep,2021-07,2021-07-27 01:00:00,102,100.0,False,False
baseline_lag168,-,keep,2021-07,2021-07-27 02:00:00,115,103.0,False,False
baseline_lag168,-,keep,2021-07,2021-07-27 03:00:00,105,105.0,False,False
baseline_lag168,-,keep,2021-07,2021-07-27 04:00:00,108,107.0,False,False
baseline_lag168,-,keep,2021-07,2021-07-27 05:00:00,89,91.0,False,False
baseline_lag168,-,keep,2021-07,2021-07-27 06:00:00,105,110.0,False,False
baseline_lag168,-,keep,2021-07,2021-07-27 07:00:00,134,133.0,False,False
baseline_lag168,-,keep,2021-07,2021-07-27 08:00:00,194,188.0,True,False
baseline_lag168,-,keep,2021-07,2021-07-27 09:00:00,181,191.0,True,False
baseline_lag168,-,keep,2021-07,2021-07-27 10:00:00,188,189.0,True,False
baseline_lag168,-,keep,2021-07,2021-07-27 11:00:00,207,190.0,True,False
baseline_lag168,-,keep,2021-07,2021-07-27 12:00:00,110,121.0,False,False
baseline_lag168,-,keep,2021-07,2021-07-27 13:00:00,182,178.0,True,False
baseline_lag168,-,keep,2021-07,2021-07-27 14:00:00,195,187.0,True,False
baseline_lag168,-,keep,2021-07,2021-07-27 15:00:00,179,167.0,True,False
baseline_lag168,-,keep,2021-07,2021-07-27 16:00:00,186,185.0,True,False
baseline_lag168,-,keep,2021-07,2021-07-27 17:00:00,159,132.0,False,False
baseline_lag168,-,keep,2021-07,2021-07-27 18:00:00,169,175.0,False,False
baseline_lag168,-,keep,2021-07,2021-07-27 19:00:00,169,170.0,False,False
baseline_lag168,-,keep,2021-07,2021-07-27 20:00:00,144,127.0,False,False
baseline_lag168,-,keep,2021-07,2021-07-27 21:00:00,144,130.0,False,False
baseline_lag168,-,keep,2021-07,2021-07-27 22:00:00,129,112.0,False,False
baseline_lag168,-,keep,2021-07,2021-07-27 23:00:00,122,109.0,False,False
baseline_lag168,-,keep,2021-07,2021-07-28 00:00:00,88,78.0,False,True
baseline_lag168,-,keep,2021-07,2021-07-28 01:00:00,121,107.0,False,True
baseline_lag168,-,keep,2021-07,2021-07-28 02:00:00,119,100.0,False,True
baseline_lag168,-,keep,2021-07,2021-07-28 03:00:00,122,102.0,False,True
baseline_lag168,-,keep,2021-07,2021-07-28 04:00:00,119,107.0,False,True
baseline_lag168,-,keep,2021-07,2021-07-28 05:00:00,105,94.0,False,True
baseline_lag168,-,keep,2021-07,2021-07-28 06:00:00,124,106.0,False,True
baseline_lag168,-,keep,2021-07,2021-07-28 07:00:00,156,128.0,False,True
baseline_lag168,-,keep,2021-07,2021-07-28 08:00:00,198,193.0,True,True
baseline_lag168,-,keep,2021-07,2021-07-28 09:00:00,198,204.0,True,True
baseline_lag168,-,keep,2021-07,2021-07-28 10:00:00,188,179.0,True,True
baseline_lag168,-,keep,2021-07,2021-07-28 11:00:00,208,197.0,True,True
baseline_lag168,-,keep,2021-07,2021-07-28 12:00:00,121,128.0,False,True
baseline_lag168,-,keep,2021-07,2021-07-28 13:00:00,194,189.0,True,True
baseline_lag168,-,keep,2021-07,2021-07-28 14:00:00,196,199.0,True,True
baseline_lag168,-,keep,2021-07,2021-07-28 15:00:00,161,171.0,False,True
baseline_lag168,-,keep,2021-07,2021-07-28 16:00:00,174,182.0,True,True
baseline_lag168,-,keep,2021-07,2021-07-28 17:00:00,147,138.0,False,True
baseline_lag168,-,keep,2021-07,2021-07-28 18:00:00,183,162.0,True,True
baseline_lag168,-,keep,2021-07,2021-07-28 19:00:00,151,162.0,False,True
baseline_lag168,-,keep,2021-07,2021-07-28 20:00:00,107,131.0,False,True
baseline_lag168,-,keep,2021-07,2021-07-28 21:00:00,110,117.0,False,True
baseline_lag168,-,keep,2021-07,2021-07-28 22:00:00,103,104.0,False,True
baseline_lag168,-,keep,2021-07,2021-07-28 23:00:00,103,103.0,False,True
baseline_lag168,-,keep,2021-07,2021-07-29 00:00:00,68,71.0,False,False
baseline_lag168,-,keep,2021-07,2021-07-29 01:00:00,110,99.0,False,False
baseline_lag168,-,keep,2021-07,2021-07-29 02:00:00,111,103.0,False,False
baseline_lag168,-,keep,2021-07,2021-07-29 03:00:00,110,100.0,False,False
baseline_lag168,-,keep,2021-07,2021-07-29 04:00:00,111,105.0,False,False
baseline_lag168,-,keep,2021-07,2021-07-29 05:00:00,94,86.0,False,False
baseline_lag168,-,keep,2021-07,2021-07-29 06:00:00,116,106.0,False,False
baseline_lag168,-,keep,2021-07,2021-07-29 07:00:00,141,122.0,False,False
baseline_lag168,-,keep,2021-07,2021-07-29 08:00:00,192,197.0,True,False
baseline_lag168,-,keep,2021-07,2021-07-29 09:00:00,198,192.0,True,False
baseline_lag168,-,keep,2021-07,2021-07-29 10:00:00,187,180.0,True,False
baseline_lag168,-,keep,2021-07,2021-07-29 11:00:00,207,186.0,True,False
baseline_lag168,-,keep,2021-07,2021-07-29 12:00:00,112,104.0,False,False
baseline_lag168,-,keep,2021-07,2021-07-29 13:00:00,192,171.0,True,False
baseline_lag168,-,keep,2021-07,2021-07-29 14:00:00,187,182.0,True,False
baseline_lag168,-,keep,2021-07,2021-07-29 15:00:00,164,164.0,False,False
baseline_lag168,-,keep,2021-07,2021-07-29 16:00:00,166,165.0,False,False
baseline_lag168,-,keep,2021-07,2021-07-29 17:00:00,129,124.0,False,False
baseline_lag168,-,keep,2021-07,2021-07-29 18:00:00,174,164.0,True,False
baseline_lag168,-,keep,2021-07,2021-07-29 19:00:00,169,154.0,False,False
baseline_lag168,-,keep,2021-07,2021-07-29 20:00:00,128,132.0,False,False
baseline_lag168,-,keep,2021-07,2021-07-29 21:00:00,126,120.0,False,False
baseline_lag168,-,keep,2021-07,2021-07-29 22:00:00,122,115.0,False,False
baseline_lag168,-,keep,2021-07,2021-07-29 23:00:00,114,107.0,False,False
baseline_lag168,-,keep,2021-07,2021-07-30 00:00:00,88,78.0,False,True
baseline_lag168,-,keep,2021-07,2021-07-30 01:00:00,121,105.0,False,True
baseline_lag168,-,keep,2021-07,2021-07-30 02:00:00,119,105.0,False,True
baseline_lag168,-,keep,2021-07,2021-07-30 03:00:00,122,102.0,False,True
baseline_lag168,-,keep,2021-07,2021-07-30 04:00:00,119,99.0,False,True
baseline_lag168,-,keep,2021-07,2021-07-30 05:00:00,105,89.0,False,True
baseline_lag168,-,keep,2021-07,2021-07-30 06:00:00,124,103.0,False,True
baseline_lag168,-,keep,2021-07,2021-07-30 07:00:00,156,122.0,False,True
baseline_lag168,-,keep,2021-07,2021-07-30 08:00:00,198,191.0,True,True
baseline_lag168,-,keep,2021-07,2021-07-30 09:00:00,198,185.0,True,True
baseline_lag168,-,keep,2021-07,2021-07-30 10:00:00,188,179.0,True,True
baseline_lag168,-,keep,2021-07,2021-07-30 11:00:00,208,188.0,True,True
baseline_lag168,-,keep,2021-07,2021-07-30 12:00:00,121,113.0,False,True
baseline_lag168,-,keep,2021-07,2021-07-30 13:00:00,194,180.0,True,True
baseline_lag168,-,keep,2021-07,2021-07-30 14:00:00,196,184.0,True,True
baseline_lag168,-,keep,2021-07,2021-07-30 15:00:00,161,175.0,False,True
baseline_lag168,-,keep,2021-07,2021-07-30 16:00:00,174,189.0,True,True
baseline_lag168,-,keep,2021-07,2021-07-30 17:00:00,147,138.0,False,True
baseline_lag168,-,keep,2021-07,2021-07-30 18:00:00,183,175.0,True,True
baseline_lag168,-,keep,2021-07,2021-07-30 19:00:00,151,145.0,False,True
baseline_lag168,-,keep,2021-07,2021-07-30 20:00:00,107,111.0,False,True
baseline_lag168,-,keep,2021-07,2021-07-30 21:00:00,110,107.0,False,True
baseline_lag168,-,keep,2021-07,2021-07-30 22:00:00,103,100.0,False,True
baseline_lag168,-,keep,2021-07,2021-07-30 23:00:00,103,102.0,False,True
baseline_lag168,-,keep,2021-07,2021-07-31 00:00:00,23,68.0,False,False
baseline_lag168,-,keep,2021-07,2021-07-31 01:00:00,21,96.0,False,False
baseline_lag168,-,keep,2021-07,2021-07-31 02:00:00,21,95.0,False,False
baseline_lag168,-,keep,2021-07,2021-07-31 03:00:00,21,93.0,False,False
baseline_lag168,-,keep,2021-07,2021-07-31 04:00:00,23,97.0,False,False
baseline_lag168,-,keep,2021-07,2021-07-31 05:00:00,20,81.0,False,False
baseline_lag168,-,keep,2021-07,2021-07-31 06:00:00,21,95.0,False,False
baseline_lag168,-,keep,2021-07,2021-07-31 07:00:00,22,61.0,False,False
baseline_lag168,-,keep,2021-07,2021-07-31 08:00:00,21,25.0,False,False
baseline_lag168,-,keep,2021-07,2021-07-31 09:00:00,21,24.0,False,False
baseline_lag168,-,keep,2021-07,2021-07-31 10:00:00,22,24.0,False,False
baseline_lag168,-,keep,2021-07,2021-07-31 11:00:00,23,27.0,False,False
baseline_lag168,-,keep,2021-07,2021-07-31 12:00:00,21,23.0,False,False
baseline_lag168,-,keep,2021-07,2021-07-31 13:00:00,21,24.0,False,False
baseline_lag168,-,keep,2021-07,2021-07-31 14:00:00,22,24.0,False,False
baseline_lag168,-,keep,2021-07,2021-07-31 15:00:00,22,26.0,False,False
baseline_lag168,-,keep,2021-07,2021-07-31 16:00:00,21,24.0,False,False
baseline_lag168,-,keep,2021-07,2021-07-31 17:00:00,21,24.0,False,False
baseline_lag168,-,keep,2021-07,2021-07-31 18:00:00,23,25.0,False,False
baseline_lag168,-,keep,2021-07,2021-07-31 19:00:00,21,25.0,False,False
baseline_lag168,-,keep,2021-07,2021-07-31 20:00:00,21,24.0,False,False
baseline_lag168,-,keep,2021-07,2021-07-31 21:00:00,23,25.0,False,False
baseline_lag168,-,keep,2021-07,2021-07-31 22:00:00,21,26.0,False,False
baseline_lag168,-,keep,2021-07,2021-07-31 23:00:00,21,24.0,False,False
baseline_lag168,-,keep,2021-08,2021-08-01 00:00:00,21,24.0,False,False
baseline_lag168,-,keep,2021-08,2021-08-01 01:00:00,23,25.0,False,False
baseline_lag168,-,keep,2021-08,2021-08-01 02:00:00,21,25.0,False,False
baseline_lag168,-,keep,2021-08,2021-08-01 03:00:00,21,24.0,False,False
baseline_lag168,-,keep,2021-08,2021-08-01 04:00:00,22,24.0,False,False
baseline_lag168,-,keep,2021-08,2021-08-01 05:00:00,22,26.0,False,False
baseline_lag168,-,keep,2021-08,2021-08-01 06:00:00,20,24.0,False,False
baseline_lag168,-,keep,2021-08,2021-08-01 07:00:00,20,24.0,False,False
baseline_lag168,-,keep,2021-08,2021-08-01 08:00:00,23,24.0,False,False
baseline_lag168,-,keep,2021-08,2021-08-01 09:00:00,22,26.0,False,False
baseline_lag168,-,keep,2021-08,2021-08-01 10:00:00,21,24.0,False,False
baseline_lag168,-,keep,2021-08,2021-08-01 11:00:00,21,24.0,False,False
baseline_lag168,-,keep,2021-08,2021-08-01 12:00:00,23,26.0,False,False
baseline_lag168,-,keep,2021-08,2021-08-01 13:00:00,21,24.0,False,False
baseline_lag168,-,keep,2021-08,2021-08-01 14:00:00,21,24.0,False,False
baseline_lag168,-,keep,2021-08,2021-08-01 15:00:00,22,25.0,False,False
baseline_lag168,-,keep,2021-08,2021-08-01 16:00:00,23,26.0,False,False
baseline_lag168,-,keep,2021-08,2021-08-01 17:00:00,21,24.0,False,False
baseline_lag168,-,keep,2021-08,2021-08-01 18:00:00,20,23.0,False,False
baseline_lag168,-,keep,2021-08,2021-08-01 19:00:00,21,25.0,False,False
baseline_lag168,-,keep,2021-08,2021-08-01 20:00:00,23,24.0,False,False
baseline_lag168,-,keep,2021-08,2021-08-01 21:00:00,22,24.0,False,False
baseline_lag168,-,keep,2021-08,2021-08-01 22:00:00,22,24.0,False,False
baseline_lag168,-,keep,2021-08,2021-08-01 23:00:00,22,26.0,False,False
baseline_lag168,-,keep,2021-08,2021-08-02 00:00:00,21,24.0,False,False
baseline_lag168,-,keep,2021-08,2021-08-02 01:00:00,21,24.0,False,False
baseline_lag168,-,keep,2021-08,2021-08-02 02:00:00,21,25.0,False,False
baseline_lag168,-,keep,2021-08,2021-08-02 03:00:00,23,25.0,False,False
baseline_lag168,-,keep,2021-08,2021-08-02 04:00:00,21,24.0,False,False
baseline_lag168,-,keep,2021-08,2021-08-02 05:00:00,21,24.0,False,False
baseline_lag168,-,keep,2021-08,2021-08-02 06:00:00,22,26.0,False,False
baseline_lag168,-,keep,2021-08,2021-08-02 07:00:00,21,71.0,False,False
baseline_lag168,-,keep,2021-08,2021-08-02 08:00:00,20,198.0,False,False
baseline_lag168,-,keep,2021-08,2021-08-02 09:00:00,21,184.0,False,False
baseline_lag168,-,keep,2021-08,2021-08-02 10:00:00,22,185.0,False,False
baseline_lag168,-,keep,2021-08,2021-08-02 11:00:00,21,190.0,False,False
baseline_lag168,-,keep,2021-08,2021-08-02 12:00:00,21,113.0,False,False
baseline_lag168,-,keep,2021-08,2021-08-02 13:00:00,22,169.0,False,False
baseline_lag168,-,keep,2021-08,2021-08-02 14:00:00,23,186.0,False,False
baseline_lag168,-,keep,2021-08,2021-08-02 15:00:00,21,158.0,False,False
baseline_lag168,-,keep,2021-08,2021-08-02 16:00:00,21,169.0,False,False
baseline_lag168,-,keep,2021-08,2021-08-02 17:00:00,22,136.0,False,False
baseline_lag168,-,keep,2021-08,2021-08-02 18:00:00,22,175.0,False,False
baseline_lag168,-,keep,2021-08,2021-08-02 19:00:00,21,157.0,False,False
baseline_lag168,-,keep,2021-08,2021-08-02 20:00:00,22,102.0,False,False
baseline_lag168,-,keep,2021-08,2021-08-02 21:00:00,22,110.0,False,False
baseline_lag168,-,keep,2021-08,2021-08-02 22:00:00,22,110.0,False,False
baseline_lag168,-,keep,2021-08,2021-08-02 23:00:00,21,95.0,False,False
baseline_lag168,-,keep,2021-08,2021-08-03 00:00:00,21,68.0,False,False
baseline_lag168,-,keep,2021-08,2021-08-03 01:00:00,23,102.0,False,False
baseline_lag168,-,keep,2021-08,2021-08-03 02:00:00,21,115.0,False,False
baseline_lag168,-,keep,2021-08,2021-08-03 03:00:00,21,105.0,False,False
baseline_lag168,-,keep,2021-08,2021-08-03 04:00:00,21,108.0,False,False
baseline_lag168,-,keep,2021-08,2021-08-03 05:00:00,22,89.0,False,False
baseline_lag168,-,keep,2021-08,2021-08-03 06:00:00,21,105.0,False,False
baseline_lag168,-,keep,2021-08,2021-08-03 07:00:00,20,134.0,False,False
baseline_lag168,-,keep,2021-08,2021-08-03 08:00:00,22,194.0,False,False
baseline_lag168,-,keep,2021-08,2021-08-03 09:00:00,21,181.0,False,False
baseline_lag168,-,keep,2021-08,2021-08-03 10:00:00,21,188.0,False,False
baseline_lag168,-,keep,2021-08,2021-08-03 11:00:00,22,207.0,False,False
baseline_lag168,-,keep,2021-08,2021-08-03 12:00:00,23,110.0,False,False
baseline_lag168,-,keep,2021-08,2021-08-03 13:00:00,21,182.0,False,False
baseline_lag168,-,keep,2021-08,2021-08-03 14:00:00,21,195.0,False,False
baseline_lag168,-,keep,2021-08,2021-08-03 15:00:00,23,179.0,False,False
baseline_lag168,-,keep,2021-08,2021-08-03 16:00:00,22,186.0,False,False
baseline_lag168,-,keep,2021-08,2021-08-03 17:00:00,21,159.0,False,False
baseline_lag168,-,keep,2021-08,2021-08-03 18:00:00,22,169.0,False,False
baseline_lag168,-,keep,2021-08,2021-08-03 19:00:00,23,169.0,False,False
baseline_lag168,-,keep,2021-08,2021-08-03 20:00:00,21,144.0,False,False
baseline_lag168,-,keep,2021-08,2021-08-03 21:00:00,22,144.0,False,False
baseline_lag168,-,keep,2021-08,2021-08-03 22:00:00,21,129.0,False,False
baseline_lag168,-,keep,2021-08,2021-08-03 23:00:00,23,122.0,False,False
baseline_lag168,-,keep,2021-08,2021-08-04 00:00:00,21,88.0,False,False
baseline_lag168,-,keep,2021-08,2021-08-04 01:00:00,21,121.0,False,False
baseline_lag168,-,keep,2021-08,2021-08-04 02:00:00,20,119.0,False,False
baseline_lag168,-,keep,2021-08,2021-08-04 03:00:00,22,122.0,False,False
baseline_lag168,-,keep,2021-08,2021-08-04 04:00:00,21,119.0,False,False
baseline_lag168,-,keep,2021-08,2021-08-04 05:00:00,21,105.0,False,False
baseline_lag168,-,keep,2021-08,2021-08-04 06:00:00,23,124.0,False,False
baseline_lag168,-,keep,2021-08,2021-08-04 07:00:00,20,156.0,False,False
baseline_lag168,-,keep,2021-08,2021-08-04 08:00:00,21,198.0,False,False
baseline_lag168,-,keep,2021-08,2021-08-04 09:00:00,21,198.0,False,False
baseline_lag168,-,keep,2021-08,2021-08-04 10:00:00,22,188.0,False,False
baseline_lag168,-,keep,2021-08,2021-08-04 11:00:00,21,208.0,False,False
baseline_lag168,-,keep,2021-08,2021-08-04 12:00:00,21,121.0,False,False
baseline_lag168,-,keep,2021-08,2021-08-04 13:00:00,22,194.0,False,False
baseline_lag168,-,keep,2021-08,2021-08-04 14:00:00,22,196.0,False,False
baseline_lag168,-,keep,2021-08,2021-08-04 15:00:00,22,161.0,False,False
baseline_lag168,-,keep,2021-08,2021-08-04 16:00:00,21,174.0,False,False
baseline_lag168,-,keep,2021-08,2021-08-04 17:00:00,23,147.0,False,False
baseline_lag168,-,keep,2021-08,2021-08-04 18:00:00,21,183.0,False,False
baseline_lag168,-,keep,2021-08,2021-08-04 19:00:00,21,151.0,False,False
baseline_lag168,-,keep,2021-08,2021-08-04 20:00:00,21,107.0,False,False
baseline_lag168,-,keep,2021-08,2021-08-04 21:00:00,23,110.0,False,False
baseline_lag168,-,keep,2021-08,2021-08-04 22:00:00,21,103.0,False,False
baseline_lag168,-,keep,2021-08,2021-08-04 23:00:00,21,103.0,False,False
baseline_lag168,-,keep,2021-08,2021-08-05 00:00:00,21,68.0,False,False
baseline_lag168,-,keep,2021-08,2021-08-05 01:00:00,22,110.0,False,False
baseline_lag168,-,keep,2021-08,2021-08-05 02:00:00,21,111.0,False,False
baseline_lag168,-,keep,2021-08,2021-08-05 03:00:00,21,110.0,False,False
baseline_lag168,-,keep,2021-08,2021-08-05 04:00:00,22,111.0,False,False
baseline_lag168,-,keep,2021-08,2021-08-05 05:00:00,21,94.0,False,False
baseline_lag168,-,keep,2021-08,2021-08-05 06:00:00,21,116.0,False,False
baseline_lag168,-,keep,2021-08,2021-08-05 07:00:00,20,141.0,False,False
baseline_lag168,-,keep,2021-08,2021-08-05 08:00:00,22,192.0,False,False
baseline_lag168,-,keep,2021-08,2021-08-05 09:00:00,21,198.0,False,False
baseline_lag168,-,keep,2021-08,2021-08-05 10:00:00,21,187.0,False,False
baseline_lag168,-,keep,2021-08,2021-08-05 11:00:00,22,207.0,False,False
baseline_lag168,-,keep,2021-08,2021-08-05 12:00:00,22,112.0,False,False
baseline_lag168,-,keep,2021-08,2021-08-05 13:00:00,22,192.0,False,False
baseline_lag168,-,keep,2021-08,2021-08-05 14:00:00,21,187.0,False,False
baseline_lag168,-,keep,2021-08,2021-08-05 15:00:00,23,164.0,False,False
baseline_lag168,-,keep,2021-08,2021-08-05 16:00:00,22,166.0,False,False
baseline_lag168,-,keep,2021-08,2021-08-05 17:00:00,22,129.0,False,False
baseline_lag168,-,keep,2021-08,2021-08-05 18:00:00,21,174.0,False,False
baseline_lag168,-,keep,2021-08,2021-08-05 19:00:00,22,169.0,False,False
baseline_lag168,-,keep,2021-08,2021-08-05 20:00:00,21,128.0,False,False
baseline_lag168,-,keep,2021-08,2021-08-05 21:00:00,21,126.0,False,False
baseline_lag168,-,keep,2021-08,2021-08-05 22:00:00,22,122.0,False,False
baseline_lag168,-,keep,2021-08,2021-08-05 23:00:00,23,114.0,False,False
baseline_lag168,-,keep,2021-08,2021-08-06 00:00:00,21,88.0,False,False
baseline_lag168,-,keep,2021-08,2021-08-06 01:00:00,21,121.0,False,False
baseline_lag168,-,keep,2021-08,2021-08-06 02:00:00,20,119.0,False,False
baseline_lag168,-,keep,2021-08,2021-08-06 03:00:00,22,122.0,False,False
baseline_lag168,-,keep,2021-08,2021-08-06 04:00:00,22,119.0,False,False
baseline_lag168,-,keep,2021-08,2021-08-06 05:00:00,21,105.0,False,False
baseline_lag168,-,keep,2021-08,2021-08-06 06:00:00,22,124.0,False,False
baseline_lag168,-,keep,2021-08,2021-08-06 07:00:00,20,156.0,False,False
baseline_lag168,-,keep,2021-08,2021-08-06 08:00:00,20,198.0,False,False
baseline_lag168,-,keep,2021-08,2021-08-06 09:00:00,21,198.0,False,False
baseline_lag168,-,keep,2021-08,2021-08-06 10:00:00,24,188.0,False,False
baseline_lag168,-,keep,2021-08,2021-08-06 11:00:00,24,208.0,False,False
baseline_lag168,-,keep,2021-08,2021-08-06 12:00:00,24,121.0,False,False
baseline_lag168,-,keep,2021-08,2021-08-06 13:00:00,23,194.0,False,False
baseline_lag168,-,keep,2021-08,2021-08-06 14:00:00,24,196.0,False,False
baseline_lag168,-,keep,2021-08,2021-08-06 15:00:00,22,161.0,False,False
baseline_lag168,-,keep,2021-08,2021-08-06 16:00:00,22,174.0,False,False
baseline_lag168,-,keep,2021-08,2021-08-06 17:00:00,23,147.0,False,False
baseline_lag168,-,keep,2021-08,2021-08-06 18:00:00,22,183.0,False,False
baseline_lag168,-,keep,2021-08,2021-08-06 19:00:00,21,151.0,False,False
baseline_lag168,-,keep,2021-08,2021-08-06 20:00:00,21,107.0,False,False
baseline_lag168,-,keep,2021-08,2021-08-06 21:00:00,23,110.0,False,False
baseline_lag168,-,keep,2021-08,2021-08-06 22:00:00,21,103.0,False,False
baseline_lag168,-,keep,2021-08,2021-08-06 23:00:00,21,103.0,False,False
baseline_lag168,-,keep,2021-08,2021-08-07 00:00:00,22,23.0,False,False
baseline_lag168,-,keep,2021-08,2021-08-07 01:00:00,22,21.0,False,False
baseline_lag168,-,keep,2021-08,2021-08-07 02:00:00,21,21.0,False,False
baseline_lag168,-,keep,2021-08,2021-08-07 03:00:00,21,21.0,False,False
baseline_lag168,-,keep,2021-08,2021-08-07 04:00:00,21,23.0,False,False
baseline_lag168,-,keep,2021-08,2021-08-07 05:00:00,22,20.0,False,False
baseline_lag168,-,keep,2021-08,2021-08-07 06:00:00,21,21.0,False,False
baseline_lag168,-,keep,2021-08,2021-08-07 07:00:00,21,22.0,False,False
baseline_lag168,-,keep,2021-08,2021-08-07 08:00:00,22,21.0,False,False
baseline_lag168,-,keep,2021-08,2021-08-07 09:00:00,22,21.0,False,False
baseline_lag168,-,keep,2021-08,2021-08-07 10:00:00,21,22.0,False,False
baseline_lag168,-,keep,2021-08,2021-08-07 11:00:00,21,23.0,False,False
baseline_lag168,-,keep,2021-08,2021-08-07 12:00:00,23,21.0,False,False
baseline_lag168,-,keep,2021-08,2021-08-07 13:00:00,21,21.0,False,False
baseline_lag168,-,keep,2021-08,2021-08-07 14:00:00,21,22.0,False,False
baseline_lag168,-,keep,2021-08,2021-08-07 15:00:00,21,22.0,False,False
baseline_lag168,-,keep,2021-08,2021-08-07 16:00:00,24,21.0,False,False
baseline_lag168,-,keep,2021-08,2021-08-07 17:00:00,21,21.0,False,False
baseline_lag168,-,keep,2021-08,2021-08-07 18:00:00,21,23.0,False,False
baseline_lag168,-,keep,2021-08,2021-08-07 19:00:00,22,21.0,False,False
baseline_lag168,-,keep,2021-08,2021-08-07 20:00:00,23,21.0,False,False
baseline_lag168,-,keep,2021-08,2021-08-07 21:00:00,22,23.0,False,False
baseline_lag168,-,keep,2021-08,2021-08-07 22:00:00,21,21.0,False,False
baseline_lag168,-,keep,2021-08,2021-08-07 23:00:00,23,21.0,False,False
baseline_lag168,-,keep,2021-08,2021-08-08 00:00:00,21,21.0,False,False
baseline_lag168,-,keep,2021-08,2021-08-08 01:00:00,21,23.0,False,False
baseline_lag168,-,keep,2021-08,2021-08-08 02:00:00,21,21.0,False,False
baseline_lag168,-,keep,2021-08,2021-08-08 03:00:00,23,21.0,False,False
baseline_lag168,-,keep,2021-08,2021-08-08 04:00:00,21,22.0,False,False
baseline_lag168,-,keep,2021-08,2021-08-08 05:00:00,21,22.0,False,False
baseline_lag168,-,keep,2021-08,2021-08-08 06:00:00,21,20.0,False,False
baseline_lag168,-,keep,2021-08,2021-08-08 07:00:00,22,20.0,False,False
baseline_lag168,-,keep,2021-08,2021-08-08 08:00:00,21,23.0,False,False
baseline_lag168,-,keep,2021-08,2021-08-08 09:00:00,21,22.0,False,False
baseline_lag168,-,keep,2021-08,2021-08-08 10:00:00,23,21.0,False,False
baseline_lag168,-,keep,2021-08,2021-08-08 11:00:00,21,21.0,False,False
baseline_lag168,-,keep,2021-08,2021-08-08 12:00:00,21,23.0,False,False
baseline_lag168,-,keep,2021-08,2021-08-08 13:00:00,21,21.0,False,False
baseline_lag168,-,keep,2021-08,2021-08-08 14:00:00,22,21.0,False,False
baseline_lag168,-,keep,2021-08,2021-08-08 15:00:00,21,22.0,False,False
baseline_lag168,-,keep,2021-08,2021-08-08 16:00:00,21,23.0,False,False
baseline_lag168,-,keep,2021-08,2021-08-08 17:00:00,22,21.0,False,False
baseline_lag168,-,keep,2021-08,2021-08-08 18:00:00,22,20.0,False,False
baseline_lag168,-,keep,2021-08,2021-08-08 19:00:00,21,21.0,False,False
baseline_lag168,-,keep,2021-08,2021-08-08 20:00:00,21,23.0,False,False
baseline_lag168,-,keep,2021-08,2021-08-08 21:00:00,22,22.0,False,False
baseline_lag168,-,keep,2021-08,2021-08-08 22:00:00,21,22.0,False,False
baseline_lag168,-,keep,2021-08,2021-08-08 23:00:00,21,22.0,False,False
baseline_lag168,-,keep,2021-08,2021-08-09 00:00:00,21,21.0,False,False
baseline_lag168,-,keep,2021-08,2021-08-09 01:00:00,23,21.0,False,False
baseline_lag168,-,keep,2021-08,2021-08-09 02:00:00,20,21.0,False,False
baseline_lag168,-,keep,2021-08,2021-08-09 03:00:00,22,23.0,False,False
baseline_lag168,-,keep,2021-08,2021-08-09 04:00:00,21,21.0,False,False
baseline_lag168,-,keep,2021-08,2021-08-09 05:00:00,21,21.0,False,False
baseline_lag168,-,keep,2021-08,2021-08-09 06:00:00,20,22.0,False,False
baseline_lag168,-,keep,2021-08,2021-08-09 07:00:00,70,21.0,False,False
baseline_lag168,-,keep,2021-08,2021-08-09 08:00:00,193,20.0,True,False
baseline_lag168,-,keep,2021-08,2021-08-09 09:00:00,191,21.0,True,False
baseline_lag168,-,keep,2021-08,2021-08-09 10:00:00,182,22.0,True,False
baseline_lag168,-,keep,2021-08,2021-08-09 11:00:00,187,21.0,True,False
baseline_lag168,-,keep,2021-08,2021-08-09 12:00:00,129,21.0,False,False
baseline_lag168,-,keep,2021-08,2021-08-09 13:00:00,182,22.0,True,False
baseline_lag168,-,keep,2021-08,2021-08-09 14:00:00,183,23.0,True,False
baseline_lag168,-,keep,2021-08,2021-08-09 15:00:00,167,21.0,False,False
baseline_lag168,-,keep,2021-08,2021-08-09 16:00:00,184,21.0,True,False
baseline_lag168,-,keep,2021-08,2021-08-09 17:00:00,146,22.0,False,False
baseline_lag168,-,keep,2021-08,2021-08-09 18:00:00,98,22.0,False,False
baseline_lag168,-,keep,2021-08,2021-08-09 19:00:00,93,21.0,False,False
baseline_lag168,-,keep,2021-08,2021-08-09 20:00:00,109,22.0,False,False
baseline_lag168,-,keep,2021-08,2021-08-09 21:00:00,115,22.0,False,False
baseline_lag168,-,keep,2021-08,2021-08-09 22:00:00,109,22.0,False,False
baseline_lag168,-,keep,2021-08,2021-08-09 23:00:00,98,21.0,False,False
baseline_lag168,-,keep,2021-08,2021-08-10 00:00:00,68,21.0,False,False
baseline_lag168,-,keep,2021-08,2021-08-10 01:00:00,99,23.0,False,False
baseline_lag168,-,keep,2021-08,2021-08-10 02:00:00,96,21.0,False,False
baseline_lag168,-,keep,2021-08,2021-08-10 03:00:00,98,21.0,False,False
baseline_lag168,-,keep,2021-08,2021-08-10 04:00:00,101,21.0,False,False
baseline_lag168,-,keep,2021-08,2021-08-10 05:00:00,85,22.0,False,False
baseline_lag168,-,keep,2021-08,2021-08-10 06:00:00,100,21.0,False,False
baseline_lag168,-,keep,2021-08,2021-08-10 07:00:00,128,20.0,False,False
baseline_lag168,-,keep,2021-08,2021-08-10 08:00:00,183,22.0,True,False
baseline_lag168,-,keep,2021-08,2021-08-10 09:00:00,185,21.0,True,False
baseline_lag168,-,keep,2021-08,2021-08-10 10:00:00,175,21.0,False,False
baseline_lag168,-,keep,2021-08,2021-08-10 11:00:00,185,22.0,True,False
baseline_lag168,-,keep,2021-08,2021-08-10 12:00:00,107,23.0,False,False
baseline_lag168,-,keep,2021-08,2021-08-10 13:00:00,181,21.0,True,False
baseline_lag168,-,keep,2021-08,2021-08-10 14:00:00,170,21.0,False,False
baseline_lag168,-,keep,2021-08,2021-08-10 15:00:00,155,23.0,False,False
baseline_lag168,-,keep,2021-08,2021-08-10 16:00:00,169,22.0,False,False
baseline_lag168,-,keep,2021-08,2021-08-10 17:00:00,126,21.0,False,False
baseline_lag168,-,keep,2021-08,2021-08-10 18:00:00,165,22.0,False,False
baseline_lag168,-,keep,2021-08,2021-08-10 19:00:00,156,23.0,False,False
baseline_lag168,-,keep,2021-08,2021-08-10 20:00:00,129,21.0,False,False
baseline_lag168,-,keep,2021-08,2021-08-10 21:00:00,123,22.0,False,False
baseline_lag168,-,keep,2021-08,2021-08-10 22:00:00,106,21.0,False,False
baseline_lag168,-,keep,2021-08,2021-08-10 23:00:00,99,23.0,False,False
baseline_lag168,-,keep,2021-08,2021-08-11 00:00:00,77,21.0,False,False
baseline_lag168,-,keep,2021-08,2021-08-11 01:00:00,99,21.0,False,False
baseline_lag168,-,keep,2021-08,2021-08-11 02:00:00,109,20.0,False,False
baseline_lag168,-,keep,2021-08,2021-08-11 03:00:00,104,22.0,False,False
baseline_lag168,-,keep,2021-08,2021-08-11 04:00:00,111,21.0,False,False
baseline_lag168,-,keep,2021-08,2021-08-11 05:00:00,92,21.0,False,False
baseline_lag168,-,keep,2021-08,2021-08-11 06:00:00,122,23.0,False,False
baseline_lag168,-,keep,2021-08,2021-08-11 07:00:00,132,20.0,False,False
baseline_lag168,-,keep,2021-08,2021-08-11 08:00:00,203,21.0,True,False
baseline_lag168,-,keep,2021-08,2021-08-11 09:00:00,179,21.0,True,False
baseline_lag168,-,keep,2021-08,2021-08-11 10:00:00,183,22.0,True,False
baseline_lag168,-,keep,2021-08,2021-08-11 11:00:00,184,21.0,True,False
baseline_lag168,-,keep,2021-08,2021-08-11 12:00:00,113,21.0,False,False
baseline_lag168,-,keep,2021-08,2021-08-11 13:00:00,183,22.0,True,False
baseline_lag168,-,keep,2021-08,2021-08-11 14:00:00,187,22.0,True,False
baseline_lag168,-,keep,2021-08,2021-08-11 15:00:00,153,22.0,False,False
baseline_lag168,-,keep,2021-08,2021-08-11 16:00:00,182,21.0,True,False
baseline_lag168,-,keep,2021-08,2021-08-11 17:00:00,151,23.0,False,False
baseline_lag168,-,keep,2021-08,2021-08-11 18:00:00,180,21.0,True,False
baseline_lag168,-,keep,2021-08,2021-08-11 19:00:00,150,21.0,False,False
baseline_lag168,-,keep,2021-08,2021-08-11 20:00:00,125,21.0,False,False
baseline_lag168,-,keep,2021-08,2021-08-11 21:00:00,108,23.0,False,False
baseline_lag168,-,keep,2021-08,2021-08-11 22:00:00,110,21.0,False,False
baseline_lag168,-,keep,2021-08,2021-08-11 23:00:00,99,21.0,False,False
baseline_lag168,-,keep,2021-08,2021-08-12 00:00:00,76,21.0,False,False
baseline_lag168,-,keep,2021-08,2021-08-12 01:00:00,105,22.0,False,False
baseline_lag168,-,keep,2021-08,2021-08-12 02:00:00,108,21.0,False,False
baseline_lag168,-,keep,2021-08,2021-08-12 03:00:00,104,21.0,False,False
baseline_lag168,-,keep,2021-08,2021-08-12 04:00:00,107,22.0,False,False
baseline_lag168,-,keep,2021-08,2021-08-12 05:00:00,89,21.0,False,False
baseline_lag168,-,keep,2021-08,2021-08-12 06:00:00,114,21.0,False,False
baseline_lag168,-,keep,2021-08,2021-08-12 07:00:00,130,20.0,False,False
baseline_lag168,-,keep,2021-08,2021-08-12 08:00:00,187,22.0,True,False
baseline_lag168,-,keep,2021-08,2021-08-12 09:00:00,181,21.0,True,False
baseline_lag168,-,keep,2021-08,2021-08-12 10:00:00,177,21.0,True,False
baseline_lag168,-,keep,2021-08,2021-08-12 11:00:00,188,22.0,True,False
baseline_lag168,-,keep,2021-08,2021-08-12 12:00:00,120,22.0,False,False
baseline_lag168,-,keep,2021-08,2021-08-12 13:00:00,170,22.0,False,False
baseline_lag168,-,keep,2021-08,2021-08-12 14:00:00,184,21.0,True,False
baseline_lag168,-,keep,2021-08,2021-08-12 15:00:00,165,23.0,False,False
baseline_lag168,-,keep,2021-08,2021-08-12 16:00:00,170,22.0,False,False
baseline_lag168,-,keep,2021-08,2021-08-12 17:00:00,135,22.0,False,False
baseline_lag168,-,keep,2021-08,2021-08-12 18:00:00,172,21.0,False,False
baseline_lag168,-,keep,2021-08,2021-08-12 19:00:00,161,22.0,False,False
baseline_lag168,-,keep,2021-08,2021-08-12 20:00:00,125,21.0,False,False
baseline_lag168,-,keep,2021-08,2021-08-12 21:00:00,112,21.0,False,False
baseline_lag168,-,keep,2021-08,2021-08-12 22:00:00,116,22.0,False,False
baseline_lag168,-,keep,2021-08,2021-08-12 23:00:00,103,23.0,False,False
baseline_lag168,-,keep,2021-08,2021-08-13 00:00:00,72,21.0,False,False
baseline_lag168,-,keep,2021-08,2021-08-13 01:00:00,100,21.0,False,False
baseline_lag168,-,keep,2021-08,2021-08-13 02:00:00,112,20.0,False,False
baseline_lag168,-,keep,2021-08,2021-08-13 03:00:00,116,22.0,False,False
baseline_lag168,-,keep,2021-08,2021-08-13 04:00:00,110,22.0,False,False
baseline_lag168,-,keep,2021-08,2021-08-13 05:00:00,88,21.0,False,False
baseline_lag168,-,keep,2021-08,2021-08-13 06:00:00,110,22.0,False,False
baseline_lag168,-,keep,2021-08,2021-08-13 07:00:00,136,20.0,False,False
baseline_lag168,-,keep,2021-08,2021-08-13 08:00:00,196,20.0,True,False
baseline_lag168,-,keep,2021-08,2021-08-13 09:00:00,188,21.0,True,False
baseline_lag168,-,keep,2021-08,2021-08-13 10:00:00,184,24.0,True,False
baseline_lag168,-,keep,2021-08,2021-08-13 11:00:00,196,24.0,True,False
baseline_lag168,-,keep,2021-08,2021-08-13 12:00:00,111,24.0,False,False
baseline_lag168,-,keep,2021-08,2021-08-13 13:00:00,183,23.0,True,False
baseline_lag168,-,keep,2021-08,2021-08-13 14:00:00,189,24.0,True,False
baseline_lag168,-,keep,2021-08,2021-08-13 15:00:00,167,22.0,False,False
baseline_lag168,-,keep,2021-08,2021-08-13 16:00:00,183,22.0,True,False
baseline_lag168,-,keep,2021-08,2021-08-13 17:00:00,149,23.0,False,False
baseline_lag168,-,keep,2021-08,2021-08-13 18:00:00,174,22.0,False,False
baseline_lag168,-,keep,2021-08,2021-08-13 19:00:00,146,21.0,False,False
baseline_lag168,-,keep,2021-08,2021-08-13 20:00:00,117,21.0,False,False
baseline_lag168,-,keep,2021-08,2021-08-13 21:00:00,113,23.0,False,False
baseline_lag168,-,keep,2021-08,2021-08-13 22:00:00,109,21.0,False,False
baseline_lag168,-,keep,2021-08,2021-08-13 23:00:00,97,21.0,False,False
baseline_lag168,-,keep,2021-08,2021-08-14 00:00:00,62,22.0,False,False
baseline_lag168,-,keep,2021-08,2021-08-14 01:00:00,97,22.0,False,False
baseline_lag168,-,keep,2021-08,2021-08-14 02:00:00,107,21.0,False,False
baseline_lag168,-,keep,2021-08,2021-08-14 03:00:00,91,21.0,False,False
baseline_lag168,-,keep,2021-08,2021-08-14 04:00:00,98,21.0,False,False
baseline_lag168,-,keep,2021-08,2021-08-14 05:00:00,83,22.0,False,False
baseline_lag168,-,keep,2021-08,2021-08-14 06:00:00,86,21.0,False,False
baseline_lag168,-,keep,2021-08,2021-08-14 07:00:00,53,21.0,False,False
baseline_lag168,-,keep,2021-08,2021-08-14 08:00:00,23,22.0,False,False
baseline_lag168,-,keep,2021-08,2021-08-14 09:00:00,22,22.0,False,False
baseline_lag168,-,keep,2021-08,2021-08-14 10:00:00,21,21.0,False,False
baseline_lag168,-,keep,2021-08,2021-08-14 11:00:00,23,21.0,False,False
baseline_lag168,-,keep,2021-08,2021-08-14 12:00:00,22,23.0,False,False
baseline_lag168,-,keep,2021-08,2021-08-14 13:00:00,21,21.0,False,False
baseline_lag168,-,keep,2021-08,2021-08-14 14:00:00,22,21.0,False,False
baseline_lag168,-,keep,2021-08,2021-08-14 15:00:00,23,21.0,False,False
baseline_lag168,-,keep,2021-08,2021-08-14 16:00:00,22,24.0,False,False
baseline_lag168,-,keep,2021-08,2021-08-14 17:00:00,21,21.0,False,False
baseline_lag168,-,keep,2021-08,2021-08-14 18:00:00,22,21.0,False,False
baseline_lag168,-,keep,2021-08,2021-08-14 19:00:00,23,22.0,False,False
baseline_lag168,-,keep,2021-08,2021-08-14 20:00:00,22,23.0,False,False
baseline_lag168,-,keep,2021-08,2021-08-14 21:00:00,22,22.0,False,False
baseline_lag168,-,keep,2021-08,2021-08-14 22:00:00,23,21.0,False,False
baseline_lag168,-,keep,2021-08,2021-08-14 23:00:00,22,23.0,False,False
baseline_lag168,-,keep,2021-08,2021-08-15 00:00:00,22,21.0,False,False
baseline_lag168,-,keep,2021-08,2021-08-15 01:00:00,23,21.0,False,False
baseline_lag168,-,keep,2021-08,2021-08-15 02:00:00,22,21.0,False,False
baseline_lag168,-,keep,2021-08,2021-08-15 03:00:00,21,23.0,False,False
baseline_lag168,-,keep,2021-08,2021-08-15 04:00:00,22,21.0,False,False
baseline_lag168,-,keep,2021-08,2021-08-15 05:00:00,23,21.0,False,False
baseline_lag168,-,keep,2021-08,2021-08-15 06:00:00,22,21.0,False,False
baseline_lag168,-,keep,2021-08,2021-08-15 07:00:00,21,22.0,False,False
baseline_lag168,-,keep,2021-08,2021-08-15 08:00:00,23,21.0,False,False
baseline_lag168,-,keep,2021-08,2021-08-15 09:00:00,23,21.0,False,False
baseline_lag168,-,keep,2021-08,2021-08-15 10:00:00,21,23.0,False,False
baseline_lag168,-,keep,2021-08,2021-08-15 11:00:00,22,21.0,False,False
baseline_lag168,-,keep,2021-08,2021-08-15 12:00:00,23,21.0,False,False
baseline_lag168,-,keep,2021-08,2021-08-15 13:00:00,22,21.0,False,False
baseline_lag168,-,keep,2021-08,2021-08-15 14:00:00,22,22.0,False,False
baseline_lag168,-,keep,2021-08,2021-08-15 15:00:00,21,21.0,False,False
baseline_lag168,-,keep,2021-08,2021-08-15 16:00:00,23,21.0,False,False
baseline_lag168,-,keep,2021-08,2021-08-15 17:00:00,22,22.0,False,False
baseline_lag168,-,keep,2021-08,2021-08-15 18:00:00,21,22.0,False,False
baseline_lag168,-,keep,2021-08,2021-08-15 19:00:00,23,21.0,False,False
baseline_lag168,-,keep,2021-08,2021-08-15 20:00:00,22,21.0,False,False
baseline_lag168,-,keep,2021-08,2021-08-15 21:00:00,22,22.0,False,False
baseline_lag168,-,keep,2021-08,2021-08-15 22:00:00,23,21.0,False,False
baseline_lag168,-,keep,2021-08,2021-08-15 23:00:00,23,21.0,False,False
baseline_lag168,-,keep,2021-08,2021-08-16 00:00:00,22,21.0,False,False
baseline_lag168,-,keep,2021-08,2021-08-16 01:00:00,21,23.0,False,False
baseline_lag168,-,keep,2021-08,2021-08-16 02:00:00,23,20.0,False,False
baseline_lag168,-,keep,2021-08,2021-08-16 03:00:00,21,22.0,False,False
baseline_lag168,-,keep,2021-08,2021-08-16 04:00:00,22,21.0,False,False
baseline_lag168,-,keep,2021-08,2021-08-16 05:00:00,22,21.0,False,False
baseline_lag168,-,keep,2021-08,2021-08-16 06:00:00,23,20.0,False,False
baseline_lag168,-,keep,2021-08,2021-08-16 07:00:00,60,70.0,False,False
baseline_lag168,-,keep,2021-08,2021-08-16 08:00:00,174,193.0,False,False
baseline_lag168,-,keep,2021-08,2021-08-16 09:00:00,183,191.0,True,False
baseline_lag168,-,keep,2021-08,2021-08-16 10:00:00,144,182.0,False,False
baseline_lag168,-,keep,2021-08,2021-08-16 11:00:00,155,187.0,False,False
baseline_lag168,-,keep,2021-08,2021-08-16 12:00:00,97,129.0,False,False
baseline_lag168,-,keep,2021-08,2021-08-16 13:00:00,153,182.0,False,False
baseline_lag168,-,keep,2021-08,2021-08-16 14:00:00,146,183.0,False,False
baseline_lag168,-,keep,2021-08,2021-08-16 15:00:00,133,167.0,False,False
baseline_lag168,-,keep,2021-08,2021-08-16 16:00:00,116,184.0,False,False
baseline_lag168,-,keep,2021-08,2021-08-16 17:00:00,100,146.0,False,False
baseline_lag168,-,keep,2021-08,2021-08-16 18:00:00,92,98.0,False,False
baseline_lag168,-,keep,2021-08,2021-08-16 19:00:00,89,93.0,False,False
baseline_lag168,-,keep,2021-08,2021-08-16 20:00:00,98,109.0,False,False
baseline_lag168,-,keep,2021-08,2021-08-16 21:00:00,112,115.0,False,False
baseline_lag168,-,keep,2021-08,2021-08-16 22:00:00,95,109.0,False,False
baseline_lag168,-,keep,2021-08,2021-08-16 23:00:00,96,98.0,False,False
baseline_lag168,-,keep,2021-08,2021-08-17 00:00:00,70,68.0,False,False
baseline_lag168,-,keep,2021-08,2021-08-17 01:00:00,96,99.0,False,False
baseline_lag168,-,keep,2021-08,2021-08-17 02:00:00,98,96.0,False,False
baseline_lag168,-,keep,2021-08,2021-08-17 03:00:00,92,98.0,False,False
baseline_lag168,-,keep,2021-08,2021-08-17 04:00:00,93,101.0,False,False
baseline_lag168,-,keep,2021-08,2021-08-17 05:00:00,86,85.0,False,False
baseline_lag168,-,keep,2021-08,2021-08-17 06:00:00,94,100.0,False,False
baseline_lag168,-,keep,2021-08,2021-08-17 07:00:00,125,128.0,False,False
baseline_lag168,-,keep,2021-08,2021-08-17 08:00:00,164,183.0,False,False
baseline_lag168,-,keep,2021-08,2021-08-17 09:00:00,163,185.0,False,False
baseline_lag168,-,keep,2021-08,2021-08-17 10:00:00,153,175.0,False,False
baseline_lag168,-,keep,2021-08,2021-08-17 11:00:00,169,185.0,False,False
baseline_lag168,-,keep,2021-08,2021-08-17 12:00:00,110,107.0,False,False
baseline_lag168,-,keep,2021-08,2021-08-17 13:00:00,162,181.0,False,False
baseline_lag168,-,keep,2021-08,2021-08-17 14:00:00,161,170.0,False,False
baseline_lag168,-,keep,2021-08,2021-08-17 15:00:00,150,155.0,False,False
baseline_lag168,-,keep,2021-08,2021-08-17 16:00:00,152,169.0,False,False
baseline_lag168,-,keep,2021-08,2021-08-17 17:00:00,113,126.0,False,False
baseline_lag168,-,keep,2021-08,2021-08-17 18:00:00,149,165.0,False,False
baseline_lag168,-,keep,2021-08,2021-08-17 19:00:00,138,156.0,False,False
baseline_lag168,-,keep,2021-08,2021-08-17 20:00:00,120,129.0,False,False
baseline_lag168,-,keep,2021-08,2021-08-17 21:00:00,118,123.0,False,False
baseline_lag168,-,keep,2021-08,2021-08-17 22:00:00,110,106.0,False,False
baseline_lag168,-,keep,2021-08,2021-08-17 23:00:00,104,99.0,False,False
baseline_lag168,-,keep,2021-08,2021-08-18 00:00:00,65,77.0,False,False
baseline_lag168,-,keep,2021-08,2021-08-18 01:00:00,95,99.0,False,False
baseline_lag168,-,keep,2021-08,2021-08-18 02:00:00,103,109.0,False,False
baseline_lag168,-,keep,2021-08,2021-08-18 03:00:00,91,104.0,False,False
baseline_lag168,-,keep,2021-08,2021-08-18 04:00:00,95,111.0,False,False
baseline_lag168,-,keep,2021-08,2021-08-18 05:00:00,83,92.0,False,False
baseline_lag168,-,keep,2021-08,2021-08-18 06:00:00,101,122.0,False,False
baseline_lag168,-,keep,2021-08,2021-08-18 07:00:00,125,132.0,False,False
baseline_lag168,-,keep,2021-08,2021-08-18 08:00:00,163,203.0,False,False
baseline_lag168,-,keep,2021-08,2021-08-18 09:00:00,169,179.0,False,False
baseline_lag168,-,keep,2021-08,2021-08-18 10:00:00,159,183.0,False,False
baseline_lag168,-,keep,2021-08,2021-08-18 11:00:00,173,184.0,False,False
baseline_lag168,-,keep,2021-08,2021-08-18 12:00:00,102,113.0,False,False
baseline_lag168,-,keep,2021-08,2021-08-18 13:00:00,171,183.0,False,False
baseline_lag168,-,keep,2021-08,2021-08-18 14:00:00,179,187.0,True,False
baseline_lag168,-,keep,2021-08,2021-08-18 15:00:00,170,153.0,False,False
baseline_lag168,-,keep,2021-08,2021-08-18 16:00:00,166,182.0,False,False
baseline_lag168,-,keep,2021-08,2021-08-18 17:00:00,141,151.0,False,False
baseline_lag168,-,keep,2021-08,2021-08-18 18:00:00,164,180.0,False,False
baseline_lag168,-,keep,2021-08,2021-08-18 19:00:00,143,150.0,False,False
baseline_lag168,-,keep,2021-08,2021-08-18 20:00:00,120,125.0,False,False
baseline_lag168,-,keep,2021-08,2021-08-18 21:00:00,115,108.0,False,False
baseline_lag168,-,keep,2021-08,2021-08-18 22:00:00,112,110.0,False,False
baseline_lag168,-,keep,2021-08,2021-08-18 23:00:00,105,99.0,False,False
baseline_lag168,-,keep,2021-08,2021-08-19 00:00:00,71,76.0,False,False
baseline_lag168,-,keep,2021-08,2021-08-19 01:00:00,102,105.0,False,False
baseline_lag168,-,keep,2021-08,2021-08-19 02:00:00,109,108.0,False,False
baseline_lag168,-,keep,2021-08,2021-08-19 03:00:00,109,104.0,False,False
baseline_lag168,-,keep,2021-08,2021-08-19 04:00:00,104,107.0,False,False
baseline_lag168,-,keep,2021-08,2021-08-19 05:00:00,88,89.0,False,False
baseline_lag168,-,keep,2021-08,2021-08-19 06:00:00,109,114.0,False,False
baseline_lag168,-,keep,2021-08,2021-08-19 07:00:00,123,130.0,False,False
baseline_lag168,-,keep,2021-08,2021-08-19 08:00:00,174,187.0,False,False
baseline_lag168,-,keep,2021-08,2021-08-19 09:00:00,174,181.0,False,False
baseline_lag168,-,keep,2021-08,2021-08-19 10:00:00,163,177.0,False,False
baseline_lag168,-,keep,2021-08,2021-08-19 11:00:00,177,188.0,True,False
baseline_lag168,-,keep,2021-08,2021-08-19 12:00:00,105,120.0,False,False
baseline_lag168,-,keep,2021-08,2021-08-19 13:00:00,168,170.0,False,False
baseline_lag168,-,keep,2021-08,2021-08-19 14:00:00,175,184.0,False,False
baseline_lag168,-,keep,2021-08,2021-08-19 15:00:00,170,165.0,False,False
baseline_lag168,-,keep,2021-08,2021-08-19 16:00:00,166,170.0,False,False
baseline_lag168,-,keep,2021-08,2021-08-19 17:00:00,130,135.0,False,False
baseline_lag168,-,keep,2021-08,2021-08-19 18:00:00,152,172.0,False,False
baseline_lag168,-,keep,2021-08,2021-08-19 19:00:00,147,161.0,False,False
baseline_lag168,-,keep,2021-08,2021-08-19 20:00:00,128,125.0,False,False
baseline_lag168,-,keep,2021-08,2021-08-19 21:00:00,121,112.0,False,False
baseline_lag168,-,keep,2021-08,2021-08-19 22:00:00,116,116.0,False,False
baseline_lag168,-,keep,2021-08,2021-08-19 23:00:00,110,103.0,False,False
baseline_lag168,-,keep,2021-08,2021-08-20 00:00:00,73,72.0,False,False
baseline_lag168,-,keep,2021-08,2021-08-20 01:00:00,101,100.0,False,False
baseline_lag168,-,keep,2021-08,2021-08-20 02:00:00,107,112.0,False,False
baseline_lag168,-,keep,2021-08,2021-08-20 03:00:00,102,116.0,False,False
baseline_lag168,-,keep,2021-08,2021-08-20 04:00:00,99,110.0,False,False
baseline_lag168,-,keep,2021-08,2021-08-20 05:00:00,88,88.0,False,False
baseline_lag168,-,keep,2021-08,2021-08-20 06:00:00,111,110.0,False,False
baseline_lag168,-,keep,2021-08,2021-08-20 07:00:00,127,136.0,False,False
baseline_lag168,-,keep,2021-08,2021-08-20 08:00:00,171,196.0,False,False
baseline_lag168,-,keep,2021-08,2021-08-20 09:00:00,165,188.0,False,False
baseline_lag168,-,keep,2021-08,2021-08-20 10:00:00,157,184.0,False,False
baseline_lag168,-,keep,2021-08,2021-08-20 11:00:00,187,196.0,True,False
baseline_lag168,-,keep,2021-08,2021-08-20 12:00:00,111,111.0,False,False
baseline_lag168,-,keep,2021-08,2021-08-20 13:00:00,177,183.0,True,False
baseline_lag168,-,keep,2021-08,2021-08-20 14:00:00,175,189.0,False,False
baseline_lag168,-,keep,2021-08,2021-08-20 15:00:00,159,167.0,False,False
baseline_lag168,-,keep,2021-08,2021-08-20 16:00:00,171,183.0,False,False
baseline_lag168,-,keep,2021-08,2021-08-20 17:00:00,134,149.0,False,False
baseline_lag168,-,keep,2021-08,2021-08-20 18:00:00,155,174.0,False,False
baseline_lag168,-,keep,2021-08,2021-08-20 19:00:00,125,146.0,False,False
baseline_lag168,-,keep,2021-08,2021-08-20 20:00:00,114,117.0,False,False
baseline_lag168,-,keep,2021-08,2021-08-20 21:00:00,118,113.0,False,False
baseline_lag168,-,keep,2021-08,2021-08-20 22:00:00,106,109.0,False,False
baseline_lag168,-,keep,2021-08,2021-08-20 23:00:00,98,97.0,False,False
baseline_lag168,-,keep,2021-08,2021-08-21 00:00:00,63,62.0,False,False
baseline_lag168,-,keep,2021-08,2021-08-21 01:00:00,95,97.0,False,False
baseline_lag168,-,keep,2021-08,2021-08-21 02:00:00,104,107.0,False,False
baseline_lag168,-,keep,2021-08,2021-08-21 03:00:00,94,91.0,False,False
baseline_lag168,-,keep,2021-08,2021-08-21 04:00:00,104,98.0,False,False
baseline_lag168,-,keep,2021-08,2021-08-21 05:00:00,95,83.0,False,False
baseline_lag168,-,keep,2021-08,2021-08-21 06:00:00,99,86.0,False,False
baseline_lag168,-,keep,2021-08,2021-08-21 07:00:00,69,53.0,False,False
baseline_lag168,-,keep,2021-08,2021-08-21 08:00:00,23,23.0,False,False
baseline_lag168,-,keep,2021-08,2021-08-21 09:00:00,21,22.0,False,False
baseline_lag168,-,keep,2021-08,2021-08-21 10:00:00,21,21.0,False,False
baseline_lag168,-,keep,2021-08,2021-08-21 11:00:00,23,23.0,False,False
baseline_lag168,-,keep,2021-08,2021-08-21 12:00:00,22,22.0,False,False
baseline_lag168,-,keep,2021-08,2021-08-21 13:00:00,21,21.0,False,False
baseline_lag168,-,keep,2021-08,2021-08-21 14:00:00,23,22.0,False,False
baseline_lag168,-,keep,2021-08,2021-08-21 15:00:00,22,23.0,False,False
baseline_lag168,-,keep,2021-08,2021-08-21 16:00:00,22,22.0,False,False
baseline_lag168,-,keep,2021-08,2021-08-21 17:00:00,22,21.0,False,False
baseline_lag168,-,keep,2021-08,2021-08-21 18:00:00,25,22.0,False,False
baseline_lag168,-,keep,2021-08,2021-08-21 19:00:00,21,23.0,False,False
baseline_lag168,-,keep,2021-08,2021-08-21 20:00:00,22,22.0,False,False
baseline_lag168,-,keep,2021-08,2021-08-21 21:00:00,23,22.0,False,False
baseline_lag168,-,keep,2021-08,2021-08-21 22:00:00,25,23.0,False,False
baseline_lag168,-,keep,2021-08,2021-08-21 23:00:00,22,22.0,False,False
baseline_lag168,-,keep,2021-08,2021-08-22 00:00:00,22,22.0,False,False
baseline_lag168,-,keep,2021-08,2021-08-22 01:00:00,23,23.0,False,False
baseline_lag168,-,keep,2021-08,2021-08-22 02:00:00,24,22.0,False,False
baseline_lag168,-,keep,2021-08,2021-08-22 03:00:00,23,21.0,False,False
baseline_lag168,-,keep,2021-08,2021-08-22 04:00:00,22,22.0,False,False
baseline_lag168,-,keep,2021-08,2021-08-22 05:00:00,24,23.0,False,False
baseline_lag168,-,keep,2021-08,2021-08-22 06:00:00,22,22.0,False,False
baseline_lag168,-,keep,2021-08,2021-08-22 07:00:00,22,21.0,False,False
baseline_lag168,-,keep,2021-08,2021-08-22 08:00:00,22,23.0,False,False
baseline_lag168,-,keep,2021-08,2021-08-22 09:00:00,24,23.0,False,False
baseline_lag168,-,keep,2021-08,2021-08-22 10:00:00,22,21.0,False,False
baseline_lag168,-,keep,2021-08,2021-08-22 11:00:00,22,22.0,False,False
baseline_lag168,-,keep,2021-08,2021-08-22 12:00:00,23,23.0,False,False
baseline_lag168,-,keep,2021-08,2021-08-22 13:00:00,24,22.0,False,False
baseline_lag168,-,keep,2021-08,2021-08-22 14:00:00,23,22.0,False,False
baseline_lag168,-,keep,2021-08,2021-08-22 15:00:00,23,21.0,False,False
baseline_lag168,-,keep,2021-08,2021-08-22 16:00:00,25,23.0,False,False
baseline_lag168,-,keep,2021-08,2021-08-22 17:00:00,22,22.0,False,False
baseline_lag168,-,keep,2021-08,2021-08-22 18:00:00,22,21.0,False,False
baseline_lag168,-,keep,2021-08,2021-08-22 19:00:00,22,23.0,False,False
baseline_lag168,-,keep,2021-08,2021-08-22 20:00:00,24,22.0,False,False
baseline_lag168,-,keep,2021-08,2021-08-22 21:00:00,22,22.0,False,False
baseline_lag168,-,keep,2021-08,2021-08-22 22:00:00,23,23.0,False,False
baseline_lag168,-,keep,2021-08,2021-08-22 23:00:00,23,23.0,False,False
baseline_lag168,-,keep,2021-08,2021-08-23 00:00:00,23,22.0,False,False
baseline_lag168,-,keep,2021-08,2021-08-23 01:00:00,23,21.0,False,False
baseline_lag168,-,keep,2021-08,2021-08-23 02:00:00,23,23.0,False,False
baseline_lag168,-,keep,2021-08,2021-08-23 03:00:00,24,21.0,False,False
baseline_lag168,-,keep,2021-08,2021-08-23 04:00:00,22,22.0,False,False
baseline_lag168,-,keep,2021-08,2021-08-23 05:00:00,22,22.0,False,False
baseline_lag168,-,keep,2021-08,2021-08-23 06:00:00,21,23.0,False,False
baseline_lag168,-,keep,2021-08,2021-08-23 07:00:00,58,60.0,False,False
baseline_lag168,-,keep,2021-08,2021-08-23 08:00:00,167,174.0,False,False
baseline_lag168,-,keep,2021-08,2021-08-23 09:00:00,180,183.0,True,False
baseline_lag168,-,keep,2021-08,2021-08-23 10:00:00,170,144.0,False,False
baseline_lag168,-,keep,2021-08,2021-08-23 11:00:00,184,155.0,True,False
baseline_lag168,-,keep,2021-08,2021-08-23 12:00:00,116,97.0,False,False
baseline_lag168,-,keep,2021-08,2021-08-23 13:00:00,184,153.0,True,False
baseline_lag168,-,keep,2021-08,2021-08-23 14:00:00,184,146.0,True,False
baseline_lag168,-,keep,2021-08,2021-08-23 15:00:00,180,133.0,True,False
baseline_lag168,-,keep,2021-08,2021-08-23 16:00:00,172,116.0,False,False
baseline_lag168,-,keep,2021-08,2021-08-23 17:00:00,142,100.0,False,False
baseline_lag168,-,keep,2021-08,2021-08-23 18:00:00,156,92.0,False,False
baseline_lag168,-,keep,2021-08,2021-08-23 19:00:00,129,89.0,False,False
baseline_lag168,-,keep,2021-08,2021-08-23 20:00:00,112,98.0,False,False
baseline_lag168,-,keep,2021-08,2021-08-23 21:00:00,111,112.0,False,False
baseline_lag168,-,keep,2021-08,2021-08-23 22:00:00,109,95.0,False,False
baseline_lag168,-,keep,2021-08,2021-08-23 23:00:00,96,96.0,False,False
baseline_lag168,-,keep,2021-08,2021-08-24 00:00:00,65,70.0,False,False
baseline_lag168,-,keep,2021-08,2021-08-24 01:00:00,105,96.0,False,False
baseline_lag168,-,keep,2021-08,2021-08-24 02:00:00,110,98.0,False,False
baseline_lag168,-,keep,2021-08,2021-08-24 03:00:00,105,92.0,False,False
baseline_lag168,-,keep,2021-08,2021-08-24 04:00:00,108,93.0,False,False
baseline_lag168,-,keep,2021-08,2021-08-24 05:00:00,88,86.0,False,False
baseline_lag168,-,keep,2021-08,2021-08-24 06:00:00,109,94.0,False,False
baseline_lag168,-,keep,2021-08,2021-08-24 07:00:00,131,125.0,False,False
baseline_lag168,-,keep,2021-08,2021-08-24 08:00:00,187,164.0,True,False
baseline_lag168,-,keep,2021-08,2021-08-24 09:00:00,181,163.0,True,False
baseline_lag168,-,keep,2021-08,2021-08-24 10:00:00,171,153.0,False,False
baseline_lag168,-,keep,2021-08,2021-08-24 11:00:00,183,169.0,True,False
baseline_lag168,-,keep,2021-08,2021-08-24 12:00:00,115,110.0,False,False
baseline_lag168,-,keep,2021-08,2021-08-24 13:00:00,174,162.0,False,False
baseline_lag168,-,keep,2021-08,2021-08-24 14:00:00,186,161.0,True,False
baseline_lag168,-,keep,2021-08,2021-08-24 15:00:00,175,150.0,False,False
baseline_lag168,-,keep,2021-08,2021-08-24 16:00:00,184,152.0,True,False
baseline_lag168,-,keep,2021-08,2021-08-24 17:00:00,139,113.0,False,False
baseline_lag168,-,keep,2021-08,2021-08-24 18:00:00,152,149.0,False,False
baseline_lag168,-,keep,2021-08,2021-08-24 19:00:00,150,138.0,False,False
baseline_lag168,-,keep,2021-08,2021-08-24 20:00:00,121,120.0,False,False
baseline_lag168,-,keep,2021-08,2021-08-24 21:00:00,121,118.0,False,False
baseline_lag168,-,keep,2021-08,2021-08-24 22:00:00,113,110.0,False,False
baseline_lag168,-,keep,2021-08,2021-08-24 23:00:00,99,104.0,False,False
baseline_lag168,-,keep,2021-08,2021-08-25 00:00:00,77,65.0,False,False
baseline_lag168,-,keep,2021-08,2021-08-25 01:00:00,104,95.0,False,False
baseline_lag168,-,keep,2021-08,2021-08-25 02:00:00,109,103.0,False,False
baseline_lag168,-,keep,2021-08,2021-08-25 03:00:00,99,91.0,False,False
baseline_lag168,-,keep,2021-08,2021-08-25 04:00:00,109,95.0,False,False
baseline_lag168,-,keep,2021-08,2021-08-25 05:00:00,91,83.0,False,False
baseline_lag168,-,keep,2021-08,2021-08-25 06:00:00,104,101.0,False,False
baseline_lag168,-,keep,2021-08,2021-08-25 07:00:00,139,125.0,False,False
baseline_lag168,-,keep,2021-08,2021-08-25 08:00:00,174,163.0,False,False
baseline_lag168,-,keep,2021-08,2021-08-25 09:00:00,171,169.0,False,False
baseline_lag168,-,keep,2021-08,2021-08-25 10:00:00,177,159.0,True,False
baseline_lag168,-,keep,2021-08,2021-08-25 11:00:00,173,173.0,False,False
baseline_lag168,-,keep,2021-08,2021-08-25 12:00:00,110,102.0,False,False
baseline_lag168,-,keep,2021-08,2021-08-25 13:00:00,174,171.0,False,False
baseline_lag168,-,keep,2021-08,2021-08-25 14:00:00,177,179.0,True,False
baseline_lag168,-,keep,2021-08,2021-08-25 15:00:00,169,170.0,False,False
baseline_lag168,-,keep,2021-08,2021-08-25 16:00:00,162,166.0,False,False
baseline_lag168,-,keep,2021-08,2021-08-25 17:00:00,146,141.0,False,False
baseline_lag168,-,keep,2021-08,2021-08-25 18:00:00,167,164.0,False,False
baseline_lag168,-,keep,2021-08,2021-08-25 19:00:00,139,143.0,False,False
baseline_lag168,-,keep,2021-08,2021-08-25 20:00:00,111,120.0,False,False
baseline_lag168,-,keep,2021-08,2021-08-25 21:00:00,121,115.0,False,False
baseline_lag168,-,keep,2021-08,2021-08-25 22:00:00,110,112.0,False,False
baseline_lag168,-,keep,2021-08,2021-08-25 23:00:00,105,105.0,False,False
baseline_lag168,-,keep,2021-08,2021-08-26 00:00:00,72,71.0,False,False
baseline_lag168,-,keep,2021-08,2021-08-26 01:00:00,103,102.0,False,False
baseline_lag168,-,keep,2021-08,2021-08-26 02:00:00,115,109.0,False,False
baseline_lag168,-,keep,2021-08,2021-08-26 03:00:00,99,109.0,False,False
baseline_lag168,-,keep,2021-08,2021-08-26 04:00:00,110,104.0,False,False
baseline_lag168,-,keep,2021-08,2021-08-26 05:00:00,92,88.0,False,False
baseline_lag168,-,keep,2021-08,2021-08-26 06:00:00,105,109.0,False,False
baseline_lag168,-,keep,2021-08,2021-08-26 07:00:00,134,123.0,False,False
baseline_lag168,-,keep,2021-08,2021-08-26 08:00:00,183,174.0,True,False
baseline_lag168,-,keep,2021-08,2021-08-26 09:00:00,195,174.0,True,False
baseline_lag168,-,keep,2021-08,2021-08-26 10:00:00,180,163.0,True,False
baseline_lag168,-,keep,2021-08,2021-08-26 11:00:00,188,177.0,True,False
baseline_lag168,-,keep,2021-08,2021-08-26 12:00:00,111,105.0,False,False
baseline_lag168,-,keep,2021-08,2021-08-26 13:00:00,183,168.0,True,False
baseline_lag168,-,keep,2021-08,2021-08-26 14:00:00,185,175.0,True,False
baseline_lag168,-,keep,2021-08,2021-08-26 15:00:00,188,170.0,True,False
baseline_lag168,-,keep,2021-08,2021-08-26 16:00:00,173,166.0,False,False
baseline_lag168,-,keep,2021-08,2021-08-26 17:00:00,132,130.0,False,False
baseline_lag168,-,keep,2021-08,2021-08-26 18:00:00,162,152.0,False,False
baseline_lag168,-,keep,2021-08,2021-08-26 19:00:00,156,147.0,False,False
baseline_lag168,-,keep,2021-08,2021-08-26 20:00:00,116,128.0,False,False
baseline_lag168,-,keep,2021-08,2021-08-26 21:00:00,125,121.0,False,False
baseline_lag168,-,keep,2021-08,2021-08-26 22:00:00,111,116.0,False,False
baseline_lag168,-,keep,2021-08,2021-08-26 23:00:00,105,110.0,False,False
baseline_lag168,-,keep,2021-08,2021-08-27 00:00:00,72,73.0,False,False
baseline_lag168,-,keep,2021-08,2021-08-27 01:00:00,102,101.0,False,False
baseline_lag168,-,keep,2021-08,2021-08-27 02:00:00,111,107.0,False,False
baseline_lag168,-,keep,2021-08,2021-08-27 03:00:00,102,102.0,False,False
baseline_lag168,-,keep,2021-08,2021-08-27 04:00:00,108,99.0,False,False
baseline_lag168,-,keep,2021-08,2021-08-27 05:00:00,86,88.0,False,False
baseline_lag168,-,keep,2021-08,2021-08-27 06:00:00,101,111.0,False,False
baseline_lag168,-,keep,2021-08,2021-08-27 07:00:00,125,127.0,False,False
baseline_lag168,-,keep,2021-08,2021-08-27 08:00:00,181,171.0,True,False
baseline_lag168,-,keep,2021-08,2021-08-27 09:00:00,176,165.0,False,False
baseline_lag168,-,keep,2021-08,2021-08-27 10:00:00,169,157.0,False,False
baseline_lag168,-,keep,2021-08,2021-08-27 11:00:00,175,187.0,False,False
baseline_lag168,-,keep,2021-08,2021-08-27 12:00:00,106,111.0,False,False
baseline_lag168,-,keep,2021-08,2021-08-27 13:00:00,173,177.0,False,False
baseline_lag168,-,keep,2021-08,2021-08-27 14:00:00,165,175.0,False,False
baseline_lag168,-,keep,2021-08,2021-08-27 15:00:00,162,159.0,False,False
baseline_lag168,-,keep,2021-08,2021-08-27 16:00:00,156,171.0,False,False
baseline_lag168,-,keep,2021-08,2021-08-27 17:00:00,142,134.0,False,False
baseline_lag168,-,keep,2021-08,2021-08-27 18:00:00,143,155.0,False,False
baseline_lag168,-,keep,2021-08,2021-08-27 19:00:00,127,125.0,False,False
baseline_lag168,-,keep,2021-08,2021-08-27 20:00:00,108,114.0,False,False
baseline_lag168,-,keep,2021-08,2021-08-27 21:00:00,107,118.0,False,False
baseline_lag168,-,keep,2021-08,2021-08-27 22:00:00,96,106.0,False,False
baseline_lag168,-,keep,2021-08,2021-08-27 23:00:00,102,98.0,False,False
baseline_lag168,-,keep,2021-08,2021-08-28 00:00:00,72,63.0,False,False
baseline_lag168,-,keep,2021-08,2021-08-28 01:00:00,104,95.0,False,False
baseline_lag168,-,keep,2021-08,2021-08-28 02:00:00,111,104.0,False,False
baseline_lag168,-,keep,2021-08,2021-08-28 03:00:00,102,94.0,False,False
baseline_lag168,-,keep,2021-08,2021-08-28 04:00:00,103,104.0,False,False
baseline_lag168,-,keep,2021-08,2021-08-28 05:00:00,87,95.0,False,False
baseline_lag168,-,keep,2021-08,2021-08-28 06:00:00,98,99.0,False,False
baseline_lag168,-,keep,2021-08,2021-08-28 07:00:00,66,69.0,False,False
baseline_lag168,-,keep,2021-08,2021-08-28 08:00:00,35,23.0,False,False
baseline_lag168,-,keep,2021-08,2021-08-28 09:00:00,36,21.0,False,False
baseline_lag168,-,keep,2021-08,2021-08-28 10:00:00,38,21.0,False,False
baseline_lag168,-,keep,2021-08,2021-08-28 11:00:00,37,23.0,False,False
baseline_lag168,-,keep,2021-08,2021-08-28 12:00:00,38,22.0,False,False
baseline_lag168,-,keep,2021-08,2021-08-28 13:00:00,38,21.0,False,False
baseline_lag168,-,keep,2021-08,2021-08-28 14:00:00,38,23.0,False,False
baseline_lag168,-,keep,2021-08,2021-08-28 15:00:00,38,22.0,False,False
baseline_lag168,-,keep,2021-08,2021-08-28 16:00:00,46,22.0,False,False
baseline_lag168,-,keep,2021-08,2021-08-29 12:00:00,22,23.0,False,False
baseline_lag168,-,keep,2021-08,2021-08-29 13:00:00,19,24.0,False,False
baseline_lag168,-,keep,2021-08,2021-08-29 14:00:00,22,23.0,False,False
baseline_lag168,-,keep,2021-08,2021-08-29 15:00:00,21,23.0,False,False
baseline_lag168,-,keep,2021-08,2021-08-29 16:00:00,22,25.0,False,False
baseline_lag168,-,keep,2021-08,2021-08-29 17:00:00,26,22.0,False,False
baseline_lag168,-,keep,2021-08,2021-08-29 18:00:00,24,22.0,False,False
baseline_lag168,-,keep,2021-08,2021-08-29 19:00:00,21,22.0,False,False
baseline_lag168,-,keep,2021-08,2021-08-29 20:00:00,20,24.0,False,False
baseline_lag168,-,keep,2021-08,2021-08-29 21:00:00,20,22.0,False,False
baseline_lag168,-,keep,2021-08,2021-08-29 22:00:00,22,23.0,False,False
baseline_lag168,-,keep,2021-08,2021-08-29 23:00:00,20,23.0,False,False
baseline_lag168,-,keep,2021-08,2021-08-30 00:00:00,20,23.0,False,False
baseline_lag168,-,keep,2021-08,2021-08-30 01:00:00,21,23.0,False,False
baseline_lag168,-,keep,2021-08,2021-08-30 02:00:00,21,23.0,False,False
baseline_lag168,-,keep,2021-08,2021-08-30 03:00:00,20,24.0,False,False
baseline_lag168,-,keep,2021-08,2021-08-30 04:00:00,20,22.0,False,False
baseline_lag168,-,keep,2021-08,2021-08-30 05:00:00,20,22.0,False,False
baseline_lag168,-,keep,2021-08,2021-08-30 06:00:00,21,21.0,False,False
baseline_lag168,-,keep,2021-08,2021-08-30 07:00:00,52,58.0,False,False
baseline_lag168,-,keep,2021-08,2021-08-30 08:00:00,167,167.0,False,False
baseline_lag168,-,keep,2021-08,2021-08-30 09:00:00,170,180.0,False,False
baseline_lag168,-,keep,2021-08,2021-08-30 10:00:00,171,170.0,False,False
baseline_lag168,-,keep,2021-08,2021-08-30 11:00:00,171,184.0,False,False
baseline_lag168,-,keep,2021-08,2021-08-30 12:00:00,114,116.0,False,False
baseline_lag168,-,keep,2021-08,2021-08-30 13:00:00,172,184.0,False,False
baseline_lag168,-,keep,2021-08,2021-08-30 14:00:00,171,184.0,False,False
baseline_lag168,-,keep,2021-08,2021-08-30 15:00:00,160,180.0,False,False
baseline_lag168,-,keep,2021-08,2021-08-30 16:00:00,170,172.0,False,False
baseline_lag168,-,keep,2021-08,2021-08-30 17:00:00,140,142.0,False,False
baseline_lag168,-,keep,2021-08,2021-08-30 18:00:00,168,156.0,False,False
baseline_lag168,-,keep,2021-08,2021-08-30 19:00:00,144,129.0,False,False
baseline_lag168,-,keep,2021-08,2021-08-30 20:00:00,128,112.0,False,False
baseline_lag168,-,keep,2021-08,2021-08-30 21:00:00,129,111.0,False,False
baseline_lag168,-,keep,2021-08,2021-08-30 22:00:00,116,109.0,False,False
baseline_lag168,-,keep,2021-08,2021-08-30 23:00:00,105,96.0,False,False
baseline_lag168,-,keep,2021-08,2021-08-31 00:00:00,73,65.0,False,False
baseline_lag168,-,keep,2021-08,2021-08-31 01:00:00,106,105.0,False,False
baseline_lag168,-,keep,2021-08,2021-08-31 02:00:00,108,110.0,False,False
baseline_lag168,-,keep,2021-08,2021-08-31 03:00:00,101,105.0,False,False
baseline_lag168,-,keep,2021-08,2021-08-31 04:00:00,110,108.0,False,False
baseline_lag168,-,keep,2021-08,2021-08-31 05:00:00,93,88.0,False,False
baseline_lag168,-,keep,2021-08,2021-08-31 06:00:00,113,109.0,False,False
baseline_lag168,-,keep,2021-08,2021-08-31 07:00:00,123,131.0,False,False
baseline_lag168,-,keep,2021-08,2021-08-31 08:00:00,167,187.0,False,False
baseline_lag168,-,keep,2021-08,2021-08-31 09:00:00,169,181.0,False,False
baseline_lag168,-,keep,2021-08,2021-08-31 10:00:00,176,171.0,False,False
baseline_lag168,-,keep,2021-08,2021-08-31 11:00:00,165,183.0,False,False
baseline_lag168,-,keep,2021-08,2021-08-31 12:00:00,112,115.0,False,False
baseline_lag168,-,keep,2021-08,2021-08-31 13:00:00,174,174.0,False,False
baseline_lag168,-,keep,2021-08,2021-08-31 14:00:00,182,186.0,True,False
baseline_lag168,-,keep,2021-08,2021-08-31 15:00:00,157,175.0,False,False
baseline_lag168,-,keep,2021-08,2021-08-31 16:00:00,167,184.0,False,False
baseline_lag168,-,keep,2021-08,2021-08-31 17:00:00,125,139.0,False,False
baseline_lag168,-,keep,2021-08,2021-08-31 18:00:00,156,152.0,False,False
baseline_lag168,-,keep,2021-08,2021-08-31 19:00:00,148,150.0,False,False
baseline_lag168,-,keep,2021-08,2021-08-31 20:00:00,147,121.0,False,False
baseline_lag168,-,keep,2021-08,2021-08-31 21:00:00,131,121.0,False,False
baseline_lag168,-,keep,2021-08,2021-08-31 22:00:00,119,113.0,False,False
baseline_lag168,-,keep,2021-08,2021-08-31 23:00:00,112,99.0,False,False
baseline_lag168,-,keep,2021-09,2021-09-01 00:00:00,74,77.0,False,False
baseline_lag168,-,keep,2021-09,2021-09-01 01:00:00,109,104.0,False,False
baseline_lag168,-,keep,2021-09,2021-09-01 02:00:00,114,109.0,False,False
baseline_lag168,-,keep,2021-09,2021-09-01 03:00:00,99,99.0,False,False
baseline_lag168,-,keep,2021-09,2021-09-01 04:00:00,115,109.0,False,False
baseline_lag168,-,keep,2021-09,2021-09-01 05:00:00,92,91.0,False,False
baseline_lag168,-,keep,2021-09,2021-09-01 06:00:00,116,104.0,False,False
baseline_lag168,-,keep,2021-09,2021-09-01 07:00:00,124,139.0,False,False
baseline_lag168,-,keep,2021-09,2021-09-01 08:00:00,180,174.0,True,False
baseline_lag168,-,keep,2021-09,2021-09-01 09:00:00,182,171.0,True,False
baseline_lag168,-,keep,2021-09,2021-09-01 10:00:00,185,177.0,True,False
baseline_lag168,-,keep,2021-09,2021-09-01 11:00:00,174,173.0,False,False
baseline_lag168,-,keep,2021-09,2021-09-01 12:00:00,117,110.0,False,False
baseline_lag168,-,keep,2021-09,2021-09-01 13:00:00,182,174.0,True,False
baseline_lag168,-,keep,2021-09,2021-09-01 14:00:00,184,177.0,True,False
baseline_lag168,-,keep,2021-09,2021-09-01 15:00:00,173,169.0,False,False
baseline_lag168,-,keep,2021-09,2021-09-01 16:00:00,176,162.0,False,False
baseline_lag168,-,keep,2021-09,2021-09-01 17:00:00,139,146.0,False,False
baseline_lag168,-,keep,2021-09,2021-09-01 18:00:00,163,167.0,False,False
baseline_lag168,-,keep,2021-09,2021-09-01 19:00:00,152,139.0,False,False
baseline_lag168,-,keep,2021-09,2021-09-01 20:00:00,129,111.0,False,False
baseline_lag168,-,keep,2021-09,2021-09-01 21:00:00,131,121.0,False,False
baseline_lag168,-,keep,2021-09,2021-09-01 22:00:00,119,110.0,False,False
baseline_lag168,-,keep,2021-09,2021-09-01 23:00:00,114,105.0,False,False
baseline_lag168,-,keep,2021-09,2021-09-02 00:00:00,79,72.0,False,False
baseline_lag168,-,keep,2021-09,2021-09-02 01:00:00,112,103.0,False,False
baseline_lag168,-,keep,2021-09,2021-09-02 02:00:00,114,115.0,False,False
baseline_lag168,-,keep,2021-09,2021-09-02 03:00:00,106,99.0,False,False
baseline_lag168,-,keep,2021-09,2021-09-02 04:00:00,114,110.0,False,False
baseline_lag168,-,keep,2021-09,2021-09-02 05:00:00,93,92.0,False,False
baseline_lag168,-,keep,2021-09,2021-09-02 06:00:00,115,105.0,False,False
baseline_lag168,-,keep,2021-09,2021-09-02 07:00:00,141,134.0,False,False
baseline_lag168,-,keep,2021-09,2021-09-02 08:00:00,166,183.0,False,False
baseline_lag168,-,keep,2021-09,2021-09-02 09:00:00,184,195.0,True,False
baseline_lag168,-,keep,2021-09,2021-09-02 10:00:00,179,180.0,True,False
baseline_lag168,-,keep,2021-09,2021-09-02 11:00:00,182,188.0,True,False
baseline_lag168,-,keep,2021-09,2021-09-02 12:00:00,112,111.0,False,False
baseline_lag168,-,keep,2021-09,2021-09-02 13:00:00,174,183.0,False,False
baseline_lag168,-,keep,2021-09,2021-09-02 14:00:00,192,185.0,True,False
baseline_lag168,-,keep,2021-09,2021-09-02 15:00:00,170,188.0,False,False
baseline_lag168,-,keep,2021-09,2021-09-02 16:00:00,174,173.0,False,False
baseline_lag168,-,keep,2021-09,2021-09-02 17:00:00,132,132.0,False,False
baseline_lag168,-,keep,2021-09,2021-09-02 18:00:00,159,162.0,False,False
baseline_lag168,-,keep,2021-09,2021-09-02 19:00:00,161,156.0,False,False
baseline_lag168,-,keep,2021-09,2021-09-02 20:00:00,132,116.0,False,False
baseline_lag168,-,keep,2021-09,2021-09-02 21:00:00,131,125.0,False,False
baseline_lag168,-,keep,2021-09,2021-09-02 22:00:00,114,111.0,False,False
baseline_lag168,-,keep,2021-09,2021-09-02 23:00:00,119,105.0,False,False
baseline_lag168,-,keep,2021-09,2021-09-03 00:00:00,69,72.0,False,False
baseline_lag168,-,keep,2021-09,2021-09-03 01:00:00,109,102.0,False,False
baseline_lag168,-,keep,2021-09,2021-09-03 02:00:00,112,111.0,False,False
baseline_lag168,-,keep,2021-09,2021-09-03 03:00:00,110,102.0,False,False
baseline_lag168,-,keep,2021-09,2021-09-03 04:00:00,107,108.0,False,False
baseline_lag168,-,keep,2021-09,2021-09-03 05:00:00,93,86.0,False,False
baseline_lag168,-,keep,2021-09,2021-09-03 06:00:00,107,101.0,False,False
baseline_lag168,-,keep,2021-09,2021-09-03 07:00:00,134,125.0,False,False
baseline_lag168,-,keep,2021-09,2021-09-03 08:00:00,170,181.0,False,False
baseline_lag168,-,keep,2021-09,2021-09-03 09:00:00,171,176.0,False,False
baseline_lag168,-,keep,2021-09,2021-09-03 10:00:00,163,169.0,False,False
baseline_lag168,-,keep,2021-09,2021-09-03 11:00:00,187,175.0,True,False
baseline_lag168,-,keep,2021-09,2021-09-03 12:00:00,108,106.0,False,False
baseline_lag168,-,keep,2021-09,2021-09-03 13:00:00,169,173.0,False,False
baseline_lag168,-,keep,2021-09,2021-09-03 14:00:00,178,165.0,True,False
baseline_lag168,-,keep,2021-09,2021-09-03 15:00:00,154,162.0,False,False
baseline_lag168,-,keep,2021-09,2021-09-03 16:00:00,161,156.0,False,False
baseline_lag168,-,keep,2021-09,2021-09-03 17:00:00,147,142.0,False,False
baseline_lag168,-,keep,2021-09,2021-09-03 18:00:00,154,143.0,False,False
baseline_lag168,-,keep,2021-09,2021-09-03 19:00:00,143,127.0,False,False
baseline_lag168,-,keep,2021-09,2021-09-03 20:00:00,115,108.0,False,False
baseline_lag168,-,keep,2021-09,2021-09-03 21:00:00,110,107.0,False,False
baseline_lag168,-,keep,2021-09,2021-09-03 22:00:00,105,96.0,False,False
baseline_lag168,-,keep,2021-09,2021-09-03 23:00:00,101,102.0,False,False
baseline_lag168,-,keep,2021-09,2021-09-04 00:00:00,64,72.0,False,False
baseline_lag168,-,keep,2021-09,2021-09-04 01:00:00,106,104.0,False,False
baseline_lag168,-,keep,2021-09,2021-09-04 02:00:00,104,111.0,False,False
baseline_lag168,-,keep,2021-09,2021-09-04 03:00:00,98,102.0,False,False
baseline_lag168,-,keep,2021-09,2021-09-04 04:00:00,109,103.0,False,False
baseline_lag168,-,keep,2021-09,2021-09-04 05:00:00,88,87.0,False,False
baseline_lag168,-,keep,2021-09,2021-09-04 06:00:00,111,98.0,False,False
baseline_lag168,-,keep,2021-09,2021-09-04 07:00:00,70,66.0,False,False
baseline_lag168,-,keep,2021-09,2021-09-04 08:00:00,33,35.0,False,False
baseline_lag168,-,keep,2021-09,2021-09-04 09:00:00,32,36.0,False,False
baseline_lag168,-,keep,2021-09,2021-09-04 10:00:00,34,38.0,False,False
baseline_lag168,-,keep,2021-09,2021-09-04 11:00:00,32,37.0,False,False
baseline_lag168,-,keep,2021-09,2021-09-04 12:00:00,33,38.0,False,False
baseline_lag168,-,keep,2021-09,2021-09-04 13:00:00,34,38.0,False,False
baseline_lag168,-,keep,2021-09,2021-09-04 14:00:00,34,38.0,False,False
baseline_lag168,-,keep,2021-09,2021-09-04 15:00:00,33,38.0,False,False
baseline_lag168,-,keep,2021-09,2021-09-04 16:00:00,36,46.0,False,False
baseline_lag168,-,keep,2021-09,2021-09-04 17:00:00,35,22.0,False,False
baseline_lag168,-,keep,2021-09,2021-09-04 18:00:00,26,0.0,False,False
baseline_lag168,-,keep,2021-09,2021-09-04 19:00:00,23,0.0,False,False
baseline_lag168,-,keep,2021-09,2021-09-04 20:00:00,25,0.0,False,False
baseline_lag168,-,keep,2021-09,2021-09-04 21:00:00,23,0.0,False,False
baseline_lag168,-,keep,2021-09,2021-09-04 22:00:00,23,0.0,False,False
baseline_lag168,-,keep,2021-09,2021-09-04 23:00:00,23,0.0,False,False
baseline_lag168,-,keep,2021-09,2021-09-05 00:00:00,24,0.0,False,False
baseline_lag168,-,keep,2021-09,2021-09-05 01:00:00,22,0.0,False,False
baseline_lag168,-,keep,2021-09,2021-09-05 02:00:00,22,0.0,False,False
baseline_lag168,-,keep,2021-09,2021-09-05 03:00:00,22,0.0,False,False
baseline_lag168,-,keep,2021-09,2021-09-05 04:00:00,24,0.0,False,False
baseline_lag168,-,keep,2021-09,2021-09-05 05:00:00,22,0.0,False,False
baseline_lag168,-,keep,2021-09,2021-09-05 06:00:00,22,0.0,False,False
baseline_lag168,-,keep,2021-09,2021-09-05 07:00:00,22,0.0,False,False
baseline_lag168,-,keep,2021-09,2021-09-05 08:00:00,25,0.0,False,False
baseline_lag168,-,keep,2021-09,2021-09-05 09:00:00,22,0.0,False,False
baseline_lag168,-,keep,2021-09,2021-09-05 10:00:00,22,0.0,False,False
baseline_lag168,-,keep,2021-09,2021-09-05 11:00:00,22,17.0,False,False
baseline_lag168,-,keep,2021-09,2021-09-05 12:00:00,24,22.0,False,False
baseline_lag168,-,keep,2021-09,2021-09-05 13:00:00,22,19.0,False,False
baseline_lag168,-,keep,2021-09,2021-09-05 14:00:00,23,22.0,False,False
baseline_lag168,-,keep,2021-09,2021-09-05 15:00:00,24,21.0,False,False
baseline_lag168,-,keep,2021-09,2021-09-05 16:00:00,23,22.0,False,False
baseline_lag168,-,keep,2021-09,2021-09-05 17:00:00,23,26.0,False,False
baseline_lag168,-,keep,2021-09,2021-09-05 18:00:00,22,24.0,False,False
baseline_lag168,-,keep,2021-09,2021-09-05 19:00:00,24,21.0,False,False
baseline_lag168,-,keep,2021-09,2021-09-05 20:00:00,23,20.0,False,False
baseline_lag168,-,keep,2021-09,2021-09-05 21:00:00,23,20.0,False,False
baseline_lag168,-,keep,2021-09,2021-09-05 22:00:00,24,22.0,False,False
baseline_lag168,-,keep,2021-09,2021-09-05 23:00:00,23,20.0,False,False
baseline_lag168,-,keep,2021-09,2021-09-06 00:00:00,22,20.0,False,False
baseline_lag168,-,keep,2021-09,2021-09-06 01:00:00,22,21.0,False,False
baseline_lag168,-,keep,2021-09,2021-09-06 02:00:00,24,21.0,False,False
baseline_lag168,-,keep,2021-09,2021-09-06 03:00:00,22,20.0,False,False
baseline_lag168,-,keep,2021-09,2021-09-06 04:00:00,22,20.0,False,False
baseline_lag168,-,keep,2021-09,2021-09-06 05:00:00,23,20.0,False,False
baseline_lag168,-,keep,2021-09,2021-09-06 06:00:00,24,21.0,False,False
baseline_lag168,-,keep,2021-09,2021-09-06 07:00:00,52,52.0,False,False
baseline_lag168,-,keep,2021-09,2021-09-06 08:00:00,171,167.0,False,False
baseline_lag168,-,keep,2021-09,2021-09-06 09:00:00,157,170.0,False,False
baseline_lag168,-,keep,2021-09,2021-09-06 10:00:00,171,171.0,False,False
baseline_lag168,-,keep,2021-09,2021-09-06 11:00:00,176,171.0,False,False
baseline_lag168,-,keep,2021-09,2021-09-06 12:00:00,109,114.0,False,False
baseline_lag168,-,keep,2021-09,2021-09-06 13:00:00,160,172.0,False,False
baseline_lag168,-,keep,2021-09,2021-09-06 14:00:00,160,171.0,False,False
baseline_lag168,-,keep,2021-09,2021-09-06 15:00:00,158,160.0,False,False
baseline_lag168,-,keep,2021-09,2021-09-06 16:00:00,146,170.0,False,False
baseline_lag168,-,keep,2021-09,2021-09-06 17:00:00,128,140.0,False,False
baseline_lag168,-,keep,2021-09,2021-09-06 18:00:00,152,168.0,False,False
baseline_lag168,-,keep,2021-09,2021-09-06 19:00:00,135,144.0,False,False
baseline_lag168,-,keep,2021-09,2021-09-06 20:00:00,121,128.0,False,False
baseline_lag168,-,keep,2021-09,2021-09-06 21:00:00,123,129.0,False,False
baseline_lag168,-,keep,2021-09,2021-09-06 22:00:00,110,116.0,False,False
baseline_lag168,-,keep,2021-09,2021-09-06 23:00:00,104,105.0,False,False
baseline_lag168,-,keep,2021-09,2021-09-07 00:00:00,72,73.0,False,False
baseline_lag168,-,keep,2021-09,2021-09-07 01:00:00,109,106.0,False,False
baseline_lag168,-,keep,2021-09,2021-09-07 02:00:00,111,108.0,False,False
baseline_lag168,-,keep,2021-09,2021-09-07 03:00:00,109,101.0,False,False
baseline_lag168,-,keep,2021-09,2021-09-07 04:00:00,109,110.0,False,False
baseline_lag168,-,keep,2021-09,2021-09-07 05:00:00,96,93.0,False,False
baseline_lag168,-,keep,2021-09,2021-09-07 06:00:00,115,113.0,False,False
baseline_lag168,-,keep,2021-09,2021-09-07 07:00:00,140,123.0,False,False
baseline_lag168,-,keep,2021-09,2021-09-07 08:00:00,173,167.0,False,False
baseline_lag168,-,keep,2021-09,2021-09-07 09:00:00,170,169.0,False,False
baseline_lag168,-,keep,2021-09,2021-09-07 10:00:00,164,176.0,False,False
baseline_lag168,-,keep,2021-09,2021-09-07 11:00:00,174,165.0,False,False
baseline_lag168,-,keep,2021-09,2021-09-07 12:00:00,116,112.0,False,False
baseline_lag168,-,keep,2021-09,2021-09-07 13:00:00,181,174.0,True,False
baseline_lag168,-,keep,2021-09,2021-09-07 14:00:00,182,182.0,True,False
baseline_lag168,-,keep,2021-09,2021-09-07 15:00:00,166,157.0,False,False
baseline_lag168,-,keep,2021-09,2021-09-07 16:00:00,160,167.0,False,False
baseline_lag168,-,keep,2021-09,2021-09-07 17:00:00,135,125.0,False,False
baseline_lag168,-,keep,2021-09,2021-09-07 18:00:00,156,156.0,False,False
baseline_lag168,-,keep,2021-09,2021-09-07 19:00:00,152,148.0,False,False
baseline_lag168,-,keep,2021-09,2021-09-07 20:00:00,134,147.0,False,False
baseline_lag168,-,keep,2021-09,2021-09-07 21:00:00,131,131.0,False,False
baseline_lag168,-,keep,2021-09,2021-09-07 22:00:00,115,119.0,False,False
baseline_lag168,-,keep,2021-09,2021-09-07 23:00:00,111,112.0,False,False
baseline_lag168,-,keep,2021-09,2021-09-08 00:00:00,72,74.0,False,False
baseline_lag168,-,keep,2021-09,2021-09-08 01:00:00,110,109.0,False,False
baseline_lag168,-,keep,2021-09,2021-09-08 02:00:00,118,114.0,False,False
baseline_lag168,-,keep,2021-09,2021-09-08 03:00:00,112,99.0,False,False
baseline_lag168,-,keep,2021-09,2021-09-08 04:00:00,113,115.0,False,False
baseline_lag168,-,keep,2021-09,2021-09-08 05:00:00,97,92.0,False,False
baseline_lag168,-,keep,2021-09,2021-09-08 06:00:00,118,116.0,False,False
baseline_lag168,-,keep,2021-09,2021-09-08 07:00:00,135,124.0,False,False
baseline_lag168,-,keep,2021-09,2021-09-08 08:00:00,171,180.0,False,False
baseline_lag168,-,keep,2021-09,2021-09-08 09:00:00,160,182.0,False,False
baseline_lag168,-,keep,2021-09,2021-09-08 10:00:00,152,185.0,False,False
baseline_lag168,-,keep,2021-09,2021-09-08 11:00:00,156,174.0,False,False
baseline_lag168,-,keep,2021-09,2021-09-08 13:00:00,152,182.0,False,False
baseline_lag168,-,keep,2021-09,2021-09-08 14:00:00,165,184.0,False,False
baseline_lag168,-,keep,2021-09,2021-09-08 15:00:00,165,173.0,False,False
baseline_lag168,-,keep,2021-09,2021-09-08 16:00:00,166,176.0,False,False
baseline_lag168,-,keep,2021-09,2021-09-08 17:00:00,144,139.0,False,False
baseline_lag168,-,keep,2021-09,2021-09-08 18:00:00,164,163.0,False,False
baseline_lag168,-,keep,2021-09,2021-09-08 19:00:00,150,152.0,False,False
baseline_lag168,-,keep,2021-09,2021-09-08 20:00:00,103,129.0,False,False
baseline_lag168,-,keep,2021-09,2021-09-08 21:00:00,122,131.0,False,False
baseline_lag168,-,keep,2021-09,2021-09-08 22:00:00,106,119.0,False,False
baseline_lag168,-,keep,2021-09,2021-09-08 23:00:00,101,114.0,False,False
baseline_lag168,-,keep,2021-09,2021-09-09 00:00:00,72,79.0,False,False
baseline_lag168,-,keep,2021-09,2021-09-09 01:00:00,97,112.0,False,False
baseline_lag168,-,keep,2021-09,2021-09-09 02:00:00,110,114.0,False,False
baseline_lag168,-,keep,2021-09,2021-09-09 03:00:00,109,106.0,False,False
baseline_lag168,-,keep,2021-09,2021-09-09 04:00:00,107,114.0,False,False
baseline_lag168,-,keep,2021-09,2021-09-09 05:00:00,92,93.0,False,False
baseline_lag168,-,keep,2021-09,2021-09-09 06:00:00,119,115.0,False,False
baseline_lag168,-,keep,2021-09,2021-09-09 07:00:00,139,141.0,False,False
baseline_lag168,-,keep,2021-09,2021-09-09 08:00:00,172,166.0,False,False
baseline_lag168,-,keep,2021-09,2021-09-09 09:00:00,170,184.0,False,False
baseline_lag168,-,keep,2021-09,2021-09-09 10:00:00,155,179.0,False,False
baseline_lag168,-,keep,2021-09,2021-09-09 11:00:00,174,182.0,False,False
baseline_lag168,-,keep,2021-09,2021-09-09 12:00:00,111,112.0,False,False
baseline_lag168,-,keep,2021-09,2021-09-09 13:00:00,171,174.0,False,False
baseline_lag168,-,keep,2021-09,2021-09-09 14:00:00,165,192.0,False,False
baseline_lag168,-,keep,2021-09,2021-09-09 15:00:00,173,170.0,False,False
baseline_lag168,-,keep,2021-09,2021-09-09 16:00:00,160,174.0,False,False
baseline_lag168,-,keep,2021-09,2021-09-09 17:00:00,140,132.0,False,False
baseline_lag168,-,keep,2021-09,2021-09-09 18:00:00,162,159.0,False,False
baseline_lag168,-,keep,2021-09,2021-09-09 19:00:00,142,161.0,False,False
baseline_lag168,-,keep,2021-09,2021-09-09 20:00:00,128,132.0,False,False
baseline_lag168,-,keep,2021-09,2021-09-09 21:00:00,128,131.0,False,False
baseline_lag168,-,keep,2021-09,2021-09-09 22:00:00,109,114.0,False,False
baseline_lag168,-,keep,2021-09,2021-09-09 23:00:00,109,119.0,False,False
baseline_lag168,-,keep,2021-09,2021-09-10 00:00:00,77,69.0,False,False
baseline_lag168,-,keep,2021-09,2021-09-10 01:00:00,102,109.0,False,False
baseline_lag168,-,keep,2021-09,2021-09-10 02:00:00,112,112.0,False,False
baseline_lag168,-,keep,2021-09,2021-09-10 03:00:00,106,110.0,False,False
baseline_lag168,-,keep,2021-09,2021-09-10 04:00:00,108,107.0,False,False
baseline_lag168,-,keep,2021-09,2021-09-10 05:00:00,92,93.0,False,False
baseline_lag168,-,keep,2021-09,2021-09-10 06:00:00,111,107.0,False,False
baseline_lag168,-,keep,2021-09,2021-09-10 07:00:00,132,134.0,False,False
baseline_lag168,-,keep,2021-09,2021-09-10 08:00:00,180,170.0,True,False
baseline_lag168,-,keep,2021-09,2021-09-10 09:00:00,184,171.0,True,False
baseline_lag168,-,keep,2021-09,2021-09-10 10:00:00,168,163.0,False,False
baseline_lag168,-,keep,2021-09,2021-09-10 11:00:00,181,187.0,True,False
baseline_lag168,-,keep,2021-09,2021-09-10 12:00:00,116,108.0,False,False
baseline_lag168,-,keep,2021-09,2021-09-10 13:00:00,180,169.0,True,False
baseline_lag168,-,keep,2021-09,2021-09-10 14:00:00,178,178.0,True,False
baseline_lag168,-,keep,2021-09,2021-09-10 15:00:00,171,154.0,False,False
baseline_lag168,-,keep,2021-09,2021-09-10 16:00:00,164,161.0,False,False
baseline_lag168,-,keep,2021-09,2021-09-10 17:00:00,138,147.0,False,False
baseline_lag168,-,keep,2021-09,2021-09-10 18:00:00,155,154.0,False,False
baseline_lag168,-,keep,2021-09,2021-09-10 19:00:00,142,143.0,False,False
baseline_lag168,-,keep,2021-09,2021-09-10 20:00:00,116,115.0,False,False
baseline_lag168,-,keep,2021-09,2021-09-10 21:00:00,117,110.0,False,False
baseline_lag168,-,keep,2021-09,2021-09-10 22:00:00,102,105.0,False,False
baseline_lag168,-,keep,2021-09,2021-09-10 23:00:00,88,101.0,False,False
baseline_lag168,-,keep,2021-09,2021-09-11 00:00:00,61,64.0,False,False
baseline_lag168,-,keep,2021-09,2021-09-11 01:00:00,97,106.0,False,False
baseline_lag168,-,keep,2021-09,2021-09-11 02:00:00,95,104.0,False,False
baseline_lag168,-,keep,2021-09,2021-09-11 03:00:00,94,98.0,False,False
baseline_lag168,-,keep,2021-09,2021-09-11 04:00:00,89,109.0,False,False
baseline_lag168,-,keep,2021-09,2021-09-11 05:00:00,82,88.0,False,False
baseline_lag168,-,keep,2021-09,2021-09-11 06:00:00,86,111.0,False,False
baseline_lag168,-,keep,2021-09,2021-09-11 07:00:00,51,70.0,False,False
baseline_lag168,-,keep,2021-09,2021-09-11 08:00:00,23,33.0,False,False
baseline_lag168,-,keep,2021-09,2021-09-11 09:00:00,23,32.0,False,False
baseline_lag168,-,keep,2021-09,2021-09-11 10:00:00,22,34.0,False,False
baseline_lag168,-,keep,2021-09,2021-09-11 11:00:00,23,32.0,False,False
baseline_lag168,-,keep,2021-09,2021-09-11 12:00:00,25,33.0,False,False
baseline_lag168,-,keep,2021-09,2021-09-11 13:00:00,23,34.0,False,False
baseline_lag168,-,keep,2021-09,2021-09-11 14:00:00,23,34.0,False,False
baseline_lag168,-,keep,2021-09,2021-09-11 15:00:00,24,33.0,False,False
baseline_lag168,-,keep,2021-09,2021-09-11 16:00:00,24,36.0,False,False
baseline_lag168,-,keep,2021-09,2021-09-11 17:00:00,23,35.0,False,False
baseline_lag168,-,keep,2021-09,2021-09-11 18:00:00,23,26.0,False,False
baseline_lag168,-,keep,2021-09,2021-09-11 19:00:00,25,23.0,False,False
baseline_lag168,-,keep,2021-09,2021-09-11 20:00:00,23,25.0,False,False
baseline_lag168,-,keep,2021-09,2021-09-11 21:00:00,23,23.0,False,False
baseline_lag168,-,keep,2021-09,2021-09-11 22:00:00,23,23.0,False,False
baseline_lag168,-,keep,2021-09,2021-09-11 23:00:00,23,23.0,False,False
baseline_lag168,-,keep,2021-09,2021-09-12 00:00:00,23,24.0,False,False
baseline_lag168,-,keep,2021-09,2021-09-12 01:00:00,23,22.0,False,False
baseline_lag168,-,keep,2021-09,2021-09-12 02:00:00,24,22.0,False,False
baseline_lag168,-,keep,2021-09,2021-09-12 03:00:00,23,22.0,False,False
baseline_lag168,-,keep,2021-09,2021-09-12 04:00:00,23,24.0,False,False
baseline_lag168,-,keep,2021-09,2021-09-12 05:00:00,23,22.0,False,False
baseline_lag168,-,keep,2021-09,2021-09-12 06:00:00,23,22.0,False,False
baseline_lag168,-,keep,2021-09,2021-09-12 07:00:00,23,22.0,False,False
baseline_lag168,-,keep,2021-09,2021-09-12 08:00:00,25,25.0,False,False
baseline_lag168,-,keep,2021-09,2021-09-12 09:00:00,23,22.0,False,False
baseline_lag168,-,keep,2021-09,2021-09-12 10:00:00,23,22.0,False,False
baseline_lag168,-,keep,2021-09,2021-09-12 11:00:00,23,22.0,False,False
baseline_lag168,-,keep,2021-09,2021-09-12 12:00:00,23,24.0,False,False
baseline_lag168,-,keep,2021-09,2021-09-12 13:00:00,23,22.0,False,False
baseline_lag168,-,keep,2021-09,2021-09-12 14:00:00,25,23.0,False,False
baseline_lag168,-,keep,2021-09,2021-09-12 15:00:00,23,24.0,False,False
baseline_lag168,-,keep,2021-09,2021-09-12 16:00:00,24,23.0,False,False
baseline_lag168,-,keep,2021-09,2021-09-12 17:00:00,23,23.0,False,False
baseline_lag168,-,keep,2021-09,2021-09-12 18:00:00,23,22.0,False,False
baseline_lag168,-,keep,2021-09,2021-09-12 19:00:00,23,24.0,False,False
baseline_lag168,-,keep,2021-09,2021-09-12 20:00:00,23,23.0,False,False
baseline_lag168,-,keep,2021-09,2021-09-12 21:00:00,25,23.0,False,False
baseline_lag168,-,keep,2021-09,2021-09-12 22:00:00,23,24.0,False,False
baseline_lag168,-,keep,2021-09,2021-09-12 23:00:00,23,23.0,False,False
baseline_lag168,-,keep,2021-09,2021-09-13 00:00:00,23,22.0,False,False
baseline_lag168,-,keep,2021-09,2021-09-13 01:00:00,23,22.0,False,False
baseline_lag168,-,keep,2021-09,2021-09-13 02:00:00,23,24.0,False,False
baseline_lag168,-,keep,2021-09,2021-09-13 03:00:00,24,22.0,False,False
baseline_lag168,-,keep,2021-09,2021-09-13 04:00:00,24,22.0,False,False
baseline_lag168,-,keep,2021-09,2021-09-13 05:00:00,23,23.0,False,False
baseline_lag168,-,keep,2021-09,2021-09-13 06:00:00,23,24.0,False,False
baseline_lag168,-,keep,2021-09,2021-09-13 07:00:00,63,52.0,False,False
baseline_lag168,-,keep,2021-09,2021-09-13 08:00:00,185,171.0,True,False
baseline_lag168,-,keep,2021-09,2021-09-13 09:00:00,183,157.0,True,False
baseline_lag168,-,keep,2021-09,2021-09-13 10:00:00,177,171.0,True,False
baseline_lag168,-,keep,2021-09,2021-09-13 11:00:00,182,176.0,True,False
baseline_lag168,-,keep,2021-09,2021-09-13 12:00:00,117,109.0,False,False
baseline_lag168,-,keep,2021-09,2021-09-13 13:00:00,184,160.0,True,False
baseline_lag168,-,keep,2021-09,2021-09-13 14:00:00,180,160.0,True,False
baseline_lag168,-,keep,2021-09,2021-09-13 15:00:00,168,158.0,False,False
baseline_lag168,-,keep,2021-09,2021-09-13 16:00:00,175,146.0,False,False
baseline_lag168,-,keep,2021-09,2021-09-13 17:00:00,132,128.0,False,False
baseline_lag168,-,keep,2021-09,2021-09-13 18:00:00,145,152.0,False,False
baseline_lag168,-,keep,2021-09,2021-09-13 19:00:00,148,135.0,False,False
baseline_lag168,-,keep,2021-09,2021-09-13 20:00:00,121,121.0,False,False
baseline_lag168,-,keep,2021-09,2021-09-13 21:00:00,123,123.0,False,False
baseline_lag168,-,keep,2021-09,2021-09-13 22:00:00,110,110.0,False,False
baseline_lag168,-,keep,2021-09,2021-09-13 23:00:00,108,104.0,False,False
baseline_lag168,-,keep,2021-09,2021-09-14 00:00:00,70,72.0,False,False
baseline_lag168,-,keep,2021-09,2021-09-14 01:00:00,110,109.0,False,False
baseline_lag168,-,keep,2021-09,2021-09-14 02:00:00,112,111.0,False,False
baseline_lag168,-,keep,2021-09,2021-09-14 03:00:00,105,109.0,False,False
baseline_lag168,-,keep,2021-09,2021-09-14 04:00:00,111,109.0,False,False
baseline_lag168,-,keep,2021-09,2021-09-14 05:00:00,93,96.0,False,False
baseline_lag168,-,keep,2021-09,2021-09-14 06:00:00,108,115.0,False,False
baseline_lag168,-,keep,2021-09,2021-09-14 07:00:00,140,140.0,False,False
baseline_lag168,-,keep,2021-09,2021-09-14 08:00:00,174,173.0,False,False
baseline_lag168,-,keep,2021-09,2021-09-14 09:00:00,166,170.0,False,False
baseline_lag168,-,keep,2021-09,2021-09-14 10:00:00,152,164.0,False,False
baseline_lag168,-,keep,2021-09,2021-09-14 11:00:00,170,174.0,False,False
baseline_lag168,-,keep,2021-09,2021-09-14 12:00:00,118,116.0,False,False
baseline_lag168,-,keep,2021-09,2021-09-14 13:00:00,163,181.0,False,False
baseline_lag168,-,keep,2021-09,2021-09-14 14:00:00,158,182.0,False,False
baseline_lag168,-,keep,2021-09,2021-09-14 15:00:00,161,166.0,False,False
baseline_lag168,-,keep,2021-09,2021-09-14 16:00:00,160,160.0,False,False
baseline_lag168,-,keep,2021-09,2021-09-14 17:00:00,123,135.0,False,False
baseline_lag168,-,keep,2021-09,2021-09-14 18:00:00,158,156.0,False,False
baseline_lag168,-,keep,2021-09,2021-09-14 19:00:00,153,152.0,False,False
baseline_lag168,-,keep,2021-09,2021-09-14 20:00:00,128,134.0,False,False
baseline_lag168,-,keep,2021-09,2021-09-14 21:00:00,128,131.0,False,False
baseline_lag168,-,keep,2021-09,2021-09-14 22:00:00,111,115.0,False,False
baseline_lag168,-,keep,2021-09,2021-09-14 23:00:00,110,111.0,False,False
baseline_요일x시간 평균,-,keep,2021-05,2021-05-01 00:00:00,70,64.52941176470588,False,True
baseline_요일x시간 평균,-,keep,2021-05,2021-05-01 01:00:00,107,104.47058823529412,False,True
baseline_요일x시간 평균,-,keep,2021-05,2021-05-01 02:00:00,109,105.0,False,True
baseline_요일x시간 평균,-,keep,2021-05,2021-05-01 03:00:00,100,105.29411764705883,False,True
baseline_요일x시간 평균,-,keep,2021-05,2021-05-01 04:00:00,102,107.11764705882354,False,True
baseline_요일x시간 평균,-,keep,2021-05,2021-05-01 05:00:00,86,90.6470588235294,False,True
baseline_요일x시간 평균,-,keep,2021-05,2021-05-01 06:00:00,101,106.29411764705883,False,True
baseline_요일x시간 평균,-,keep,2021-05,2021-05-01 07:00:00,72,72.76470588235294,False,True
baseline_요일x시간 평균,-,keep,2021-05,2021-05-01 08:00:00,23,49.8235294117647,False,True
baseline_요일x시간 평균,-,keep,2021-05,2021-05-01 09:00:00,21,39.88235294117647,False,True
baseline_요일x시간 평균,-,keep,2021-05,2021-05-01 10:00:00,21,38.411764705882355,False,True
baseline_요일x시간 평균,-,keep,2021-05,2021-05-01 11:00:00,23,39.588235294117645,False,True
baseline_요일x시간 평균,-,keep,2021-05,2021-05-01 12:00:00,22,37.11764705882353,False,True
baseline_요일x시간 평균,-,keep,2021-05,2021-05-01 13:00:00,21,47.05882352941177,False,True
baseline_요일x시간 평균,-,keep,2021-05,2021-05-01 14:00:00,21,47.1764705882353,False,True
baseline_요일x시간 평균,-,keep,2021-05,2021-05-01 15:00:00,23,47.64705882352941,False,True
baseline_요일x시간 평균,-,keep,2021-05,2021-05-01 16:00:00,21,46.94117647058823,False,True
baseline_요일x시간 평균,-,keep,2021-05,2021-05-01 17:00:00,21,42.588235294117645,False,True
baseline_요일x시간 평균,-,keep,2021-05,2021-05-01 18:00:00,23,55.8235294117647,False,True
baseline_요일x시간 평균,-,keep,2021-05,2021-05-01 19:00:00,21,49.64705882352941,False,True
baseline_요일x시간 평균,-,keep,2021-05,2021-05-01 20:00:00,21,38.705882352941174,False,True
baseline_요일x시간 평균,-,keep,2021-05,2021-05-01 21:00:00,24,39.705882352941174,False,True
baseline_요일x시간 평균,-,keep,2021-05,2021-05-01 22:00:00,21,32.94117647058823,False,True
baseline_요일x시간 평균,-,keep,2021-05,2021-05-01 23:00:00,21,41.8235294117647,False,True
baseline_요일x시간 평균,-,keep,2021-05,2021-05-02 00:00:00,21,30.470588235294116,False,True
baseline_요일x시간 평균,-,keep,2021-05,2021-05-02 01:00:00,23,37.76470588235294,False,True
baseline_요일x시간 평균,-,keep,2021-05,2021-05-02 02:00:00,21,38.11764705882353,False,True
baseline_요일x시간 평균,-,keep,2021-05,2021-05-02 03:00:00,21,37.470588235294116,False,True
baseline_요일x시간 평균,-,keep,2021-05,2021-05-02 04:00:00,24,34.11764705882353,False,True
baseline_요일x시간 평균,-,keep,2021-05,2021-05-02 05:00:00,21,30.705882352941178,False,True
baseline_요일x시간 평균,-,keep,2021-05,2021-05-02 06:00:00,21,33.588235294117645,False,True
baseline_요일x시간 평균,-,keep,2021-05,2021-05-02 07:00:00,24,41.1764705882353,False,True
baseline_요일x시간 평균,-,keep,2021-05,2021-05-02 08:00:00,21,85.94117647058823,False,True
baseline_요일x시간 평균,-,keep,2021-05,2021-05-02 09:00:00,21,76.29411764705883,False,True
baseline_요일x시간 평균,-,keep,2021-05,2021-05-02 10:00:00,22,81.58823529411765,False,True
baseline_요일x시간 평균,-,keep,2021-05,2021-05-02 11:00:00,22,84.70588235294117,False,True
baseline_요일x시간 평균,-,keep,2021-05,2021-05-02 12:00:00,21,54.11764705882353,False,True
baseline_요일x시간 평균,-,keep,2021-05,2021-05-02 13:00:00,21,78.11764705882354,False,True
baseline_요일x시간 평균,-,keep,2021-05,2021-05-02 14:00:00,23,85.23529411764706,False,True
baseline_요일x시간 평균,-,keep,2021-05,2021-05-02 15:00:00,21,73.29411764705883,False,True
baseline_요일x시간 평균,-,keep,2021-05,2021-05-02 16:00:00,20,73.05882352941177,False,True
baseline_요일x시간 평균,-,keep,2021-05,2021-05-02 17:00:00,23,64.0,False,True
baseline_요일x시간 평균,-,keep,2021-05,2021-05-02 18:00:00,20,77.0,False,True
baseline_요일x시간 평균,-,keep,2021-05,2021-05-02 19:00:00,20,66.76470588235294,False,True
baseline_요일x시간 평균,-,keep,2021-05,2021-05-02 20:00:00,23,57.76470588235294,False,True
baseline_요일x시간 평균,-,keep,2021-05,2021-05-02 21:00:00,22,64.05882352941177,False,True
baseline_요일x시간 평균,-,keep,2021-05,2021-05-02 22:00:00,21,59.470588235294116,False,True
baseline_요일x시간 평균,-,keep,2021-05,2021-05-02 23:00:00,22,57.8235294117647,False,True
baseline_요일x시간 평균,-,keep,2021-05,2021-05-03 00:00:00,23,62.705882352941174,False,True
baseline_요일x시간 평균,-,keep,2021-05,2021-05-03 01:00:00,21,94.94117647058823,False,True
baseline_요일x시간 평균,-,keep,2021-05,2021-05-03 02:00:00,21,98.17647058823529,False,True
baseline_요일x시간 평균,-,keep,2021-05,2021-05-03 03:00:00,23,96.11764705882354,False,True
baseline_요일x시간 평균,-,keep,2021-05,2021-05-03 04:00:00,21,97.76470588235294,False,True
baseline_요일x시간 평균,-,keep,2021-05,2021-05-03 05:00:00,21,83.6470588235294,False,True
baseline_요일x시간 평균,-,keep,2021-05,2021-05-03 06:00:00,23,98.47058823529412,False,True
baseline_요일x시간 평균,-,keep,2021-05,2021-05-03 07:00:00,59,117.17647058823529,False,True
baseline_요일x시간 평균,-,keep,2021-05,2021-05-03 08:00:00,175,169.7058823529412,True,True
baseline_요일x시간 평균,-,keep,2021-05,2021-05-03 09:00:00,170,169.88235294117646,False,True
baseline_요일x시간 평균,-,keep,2021-05,2021-05-03 10:00:00,149,160.11764705882354,False,True
baseline_요일x시간 평균,-,keep,2021-05,2021-05-03 11:00:00,174,170.76470588235293,True,True
baseline_요일x시간 평균,-,keep,2021-05,2021-05-03 12:00:00,106,104.3529411764706,False,True
baseline_요일x시간 평균,-,keep,2021-05,2021-05-03 13:00:00,179,168.7058823529412,True,True
baseline_요일x시간 평균,-,keep,2021-05,2021-05-03 14:00:00,167,164.94117647058823,False,True
baseline_요일x시간 평균,-,keep,2021-05,2021-05-03 15:00:00,154,156.58823529411765,False,True
baseline_요일x시간 평균,-,keep,2021-05,2021-05-03 16:00:00,147,157.8235294117647,False,True
baseline_요일x시간 평균,-,keep,2021-05,2021-05-03 17:00:00,119,128.41176470588235,False,True
baseline_요일x시간 평균,-,keep,2021-05,2021-05-03 18:00:00,134,148.41176470588235,False,True
baseline_요일x시간 평균,-,keep,2021-05,2021-05-03 19:00:00,122,138.11764705882354,False,True
baseline_요일x시간 평균,-,keep,2021-05,2021-05-03 20:00:00,110,120.82352941176471,False,True
baseline_요일x시간 평균,-,keep,2021-05,2021-05-03 21:00:00,104,117.41176470588235,False,True
baseline_요일x시간 평균,-,keep,2021-05,2021-05-03 22:00:00,105,109.23529411764706,False,True
baseline_요일x시간 평균,-,keep,2021-05,2021-05-03 23:00:00,99,102.23529411764706,False,True
baseline_요일x시간 평균,-,keep,2021-05,2021-05-04 00:00:00,65,54.0,False,True
baseline_요일x시간 평균,-,keep,2021-05,2021-05-04 01:00:00,108,78.6470588235294,False,True
baseline_요일x시간 평균,-,keep,2021-05,2021-05-04 02:00:00,116,83.47058823529412,False,True
baseline_요일x시간 평균,-,keep,2021-05,2021-05-04 03:00:00,104,79.6470588235294,False,True
baseline_요일x시간 평균,-,keep,2021-05,2021-05-04 04:00:00,101,79.82352941176471,False,True
baseline_요일x시간 평균,-,keep,2021-05,2021-05-04 05:00:00,85,68.70588235294117,False,True
baseline_요일x시간 평균,-,keep,2021-05,2021-05-04 06:00:00,111,82.11764705882354,False,True
baseline_요일x시간 평균,-,keep,2021-05,2021-05-04 07:00:00,126,100.52941176470588,False,True
baseline_요일x시간 평균,-,keep,2021-05,2021-05-04 08:00:00,171,134.05882352941177,False,True
baseline_요일x시간 평균,-,keep,2021-05,2021-05-04 09:00:00,168,135.7058823529412,False,True
baseline_요일x시간 평균,-,keep,2021-05,2021-05-04 10:00:00,161,129.64705882352942,False,True
baseline_요일x시간 평균,-,keep,2021-05,2021-05-04 11:00:00,173,132.05882352941177,True,True
baseline_요일x시간 평균,-,keep,2021-05,2021-05-04 12:00:00,104,83.47058823529412,False,True
baseline_요일x시간 평균,-,keep,2021-05,2021-05-04 13:00:00,165,132.8235294117647,False,True
baseline_요일x시간 평균,-,keep,2021-05,2021-05-04 14:00:00,166,131.1764705882353,False,True
baseline_요일x시간 평균,-,keep,2021-05,2021-05-04 15:00:00,159,124.76470588235294,False,True
baseline_요일x시간 평균,-,keep,2021-05,2021-05-04 16:00:00,161,126.05882352941177,False,True
baseline_요일x시간 평균,-,keep,2021-05,2021-05-04 17:00:00,123,107.41176470588235,False,True
baseline_요일x시간 평균,-,keep,2021-05,2021-05-04 18:00:00,163,123.41176470588235,False,True
baseline_요일x시간 평균,-,keep,2021-05,2021-05-04 19:00:00,158,107.52941176470588,False,True
baseline_요일x시간 평균,-,keep,2021-05,2021-05-04 20:00:00,124,93.6470588235294,False,True
baseline_요일x시간 평균,-,keep,2021-05,2021-05-04 21:00:00,125,92.52941176470588,False,True
baseline_요일x시간 평균,-,keep,2021-05,2021-05-04 22:00:00,105,84.70588235294117,False,True
baseline_요일x시간 평균,-,keep,2021-05,2021-05-04 23:00:00,95,82.17647058823529,False,True
baseline_요일x시간 평균,-,keep,2021-05,2021-05-05 00:00:00,65,51.1764705882353,False,False
baseline_요일x시간 평균,-,keep,2021-05,2021-05-05 01:00:00,105,74.70588235294117,False,False
baseline_요일x시간 평균,-,keep,2021-05,2021-05-05 02:00:00,110,77.58823529411765,False,False
baseline_요일x시간 평균,-,keep,2021-05,2021-05-05 03:00:00,103,76.23529411764706,False,False
baseline_요일x시간 평균,-,keep,2021-05,2021-05-05 04:00:00,112,77.17647058823529,False,False
baseline_요일x시간 평균,-,keep,2021-05,2021-05-05 05:00:00,88,67.58823529411765,False,False
baseline_요일x시간 평균,-,keep,2021-05,2021-05-05 06:00:00,103,79.29411764705883,False,False
baseline_요일x시간 평균,-,keep,2021-05,2021-05-05 07:00:00,63,94.3529411764706,False,False
baseline_요일x시간 평균,-,keep,2021-05,2021-05-05 08:00:00,21,128.2941176470588,False,False
baseline_요일x시간 평균,-,keep,2021-05,2021-05-05 09:00:00,21,125.3529411764706,False,False
baseline_요일x시간 평균,-,keep,2021-05,2021-05-05 10:00:00,23,119.47058823529412,False,False
baseline_요일x시간 평균,-,keep,2021-05,2021-05-05 11:00:00,21,124.17647058823529,False,False
baseline_요일x시간 평균,-,keep,2021-05,2021-05-05 12:00:00,20,78.6470588235294,False,False
baseline_요일x시간 평균,-,keep,2021-05,2021-05-05 13:00:00,24,123.0,False,False
baseline_요일x시간 평균,-,keep,2021-05,2021-05-05 14:00:00,21,122.3529411764706,False,False
baseline_요일x시간 평균,-,keep,2021-05,2021-05-05 15:00:00,21,115.05882352941177,False,False
baseline_요일x시간 평균,-,keep,2021-05,2021-05-05 16:00:00,23,117.29411764705883,False,False
baseline_요일x시간 평균,-,keep,2021-05,2021-05-05 17:00:00,22,97.94117647058823,False,False
baseline_요일x시간 평균,-,keep,2021-05,2021-05-05 18:00:00,21,106.6470588235294,False,False
baseline_요일x시간 평균,-,keep,2021-05,2021-05-05 19:00:00,21,101.3529411764706,False,False
baseline_요일x시간 평균,-,keep,2021-05,2021-05-05 20:00:00,24,96.58823529411765,False,False
baseline_요일x시간 평균,-,keep,2021-05,2021-05-05 21:00:00,21,93.41176470588235,False,False
baseline_요일x시간 평균,-,keep,2021-05,2021-05-05 22:00:00,22,87.17647058823529,False,False
baseline_요일x시간 평균,-,keep,2021-05,2021-05-05 23:00:00,24,81.23529411764706,False,False
baseline_요일x시간 평균,-,keep,2021-05,2021-05-06 00:00:00,21,55.470588235294116,False,True
baseline_요일x시간 평균,-,keep,2021-05,2021-05-06 01:00:00,21,82.58823529411765,False,True
baseline_요일x시간 평균,-,keep,2021-05,2021-05-06 02:00:00,23,82.58823529411765,False,True
baseline_요일x시간 평균,-,keep,2021-05,2021-05-06 03:00:00,22,81.52941176470588,False,True
baseline_요일x시간 평균,-,keep,2021-05,2021-05-06 04:00:00,21,83.0,False,True
baseline_요일x시간 평균,-,keep,2021-05,2021-05-06 05:00:00,22,72.94117647058823,False,True
baseline_요일x시간 평균,-,keep,2021-05,2021-05-06 06:00:00,23,84.0,False,True
baseline_요일x시간 평균,-,keep,2021-05,2021-05-06 07:00:00,56,107.05882352941177,False,True
baseline_요일x시간 평균,-,keep,2021-05,2021-05-06 08:00:00,185,167.47058823529412,True,True
baseline_요일x시간 평균,-,keep,2021-05,2021-05-06 09:00:00,186,169.0,True,True
baseline_요일x시간 평균,-,keep,2021-05,2021-05-06 10:00:00,165,162.47058823529412,False,True
baseline_요일x시간 평균,-,keep,2021-05,2021-05-06 11:00:00,171,169.94117647058823,False,True
baseline_요일x시간 평균,-,keep,2021-05,2021-05-06 12:00:00,101,106.17647058823529,False,True
baseline_요일x시간 평균,-,keep,2021-05,2021-05-06 13:00:00,166,170.35294117647058,False,True
baseline_요일x시간 평균,-,keep,2021-05,2021-05-06 14:00:00,160,166.11764705882354,False,True
baseline_요일x시간 평균,-,keep,2021-05,2021-05-06 15:00:00,155,157.11764705882354,False,True
baseline_요일x시간 평균,-,keep,2021-05,2021-05-06 16:00:00,159,156.0,False,True
baseline_요일x시간 평균,-,keep,2021-05,2021-05-06 17:00:00,125,132.58823529411765,False,True
baseline_요일x시간 평균,-,keep,2021-05,2021-05-06 18:00:00,125,146.2941176470588,False,True
baseline_요일x시간 평균,-,keep,2021-05,2021-05-06 19:00:00,115,128.41176470588235,False,True
baseline_요일x시간 평균,-,keep,2021-05,2021-05-06 20:00:00,128,112.58823529411765,False,True
baseline_요일x시간 평균,-,keep,2021-05,2021-05-06 21:00:00,121,113.0,False,True
baseline_요일x시간 평균,-,keep,2021-05,2021-05-06 22:00:00,114,108.23529411764706,False,True
baseline_요일x시간 평균,-,keep,2021-05,2021-05-06 23:00:00,101,100.3529411764706,False,True
baseline_요일x시간 평균,-,keep,2021-05,2021-05-07 00:00:00,67,53.77777777777778,False,True
baseline_요일x시간 평균,-,keep,2021-05,2021-05-07 01:00:00,104,81.61111111111111,False,True
baseline_요일x시간 평균,-,keep,2021-05,2021-05-07 02:00:00,102,83.61111111111111,False,True
baseline_요일x시간 평균,-,keep,2021-05,2021-05-07 03:00:00,105,81.22222222222223,False,True
baseline_요일x시간 평균,-,keep,2021-05,2021-05-07 04:00:00,98,83.77777777777777,False,True
baseline_요일x시간 평균,-,keep,2021-05,2021-05-07 05:00:00,89,71.05555555555556,False,True
baseline_요일x시간 평균,-,keep,2021-05,2021-05-07 06:00:00,107,83.66666666666667,False,True
baseline_요일x시간 평균,-,keep,2021-05,2021-05-07 07:00:00,118,81.5,False,True
baseline_요일x시간 평균,-,keep,2021-05,2021-05-07 08:00:00,172,97.77777777777777,False,True
baseline_요일x시간 평균,-,keep,2021-05,2021-05-07 09:00:00,170,94.05555555555556,False,True
baseline_요일x시간 평균,-,keep,2021-05,2021-05-07 10:00:00,158,91.66666666666667,False,True
baseline_요일x시간 평균,-,keep,2021-05,2021-05-07 11:00:00,164,96.11111111111111,False,True
baseline_요일x시간 평균,-,keep,2021-05,2021-05-07 12:00:00,106,63.111111111111114,False,True
baseline_요일x시간 평균,-,keep,2021-05,2021-05-07 13:00:00,167,93.83333333333333,False,True
baseline_요일x시간 평균,-,keep,2021-05,2021-05-07 14:00:00,153,94.16666666666667,False,True
baseline_요일x시간 평균,-,keep,2021-05,2021-05-07 15:00:00,133,89.05555555555556,False,True
baseline_요일x시간 평균,-,keep,2021-05,2021-05-07 16:00:00,145,90.11111111111111,False,True
baseline_요일x시간 평균,-,keep,2021-05,2021-05-07 17:00:00,120,73.27777777777777,False,True
baseline_요일x시간 평균,-,keep,2021-05,2021-05-07 18:00:00,108,88.22222222222223,False,True
baseline_요일x시간 평균,-,keep,2021-05,2021-05-07 19:00:00,100,84.27777777777777,False,True
baseline_요일x시간 평균,-,keep,2021-05,2021-05-07 20:00:00,103,73.27777777777777,False,True
baseline_요일x시간 평균,-,keep,2021-05,2021-05-07 21:00:00,102,72.0,False,True
baseline_요일x시간 평균,-,keep,2021-05,2021-05-07 22:00:00,100,65.44444444444444,False,True
baseline_요일x시간 평균,-,keep,2021-05,2021-05-07 23:00:00,85,62.611111111111114,False,True
baseline_요일x시간 평균,-,keep,2021-05,2021-05-08 00:00:00,61,64.52941176470588,False,True
baseline_요일x시간 평균,-,keep,2021-05,2021-05-08 01:00:00,104,104.47058823529412,False,True
baseline_요일x시간 평균,-,keep,2021-05,2021-05-08 02:00:00,103,105.0,False,True
baseline_요일x시간 평균,-,keep,2021-05,2021-05-08 03:00:00,103,105.29411764705883,False,True
baseline_요일x시간 평균,-,keep,2021-05,2021-05-08 04:00:00,106,107.11764705882354,False,True
baseline_요일x시간 평균,-,keep,2021-05,2021-05-08 05:00:00,87,90.6470588235294,False,True
baseline_요일x시간 평균,-,keep,2021-05,2021-05-08 06:00:00,104,106.29411764705883,False,True
baseline_요일x시간 평균,-,keep,2021-05,2021-05-08 07:00:00,63,72.76470588235294,False,True
baseline_요일x시간 평균,-,keep,2021-05,2021-05-08 08:00:00,24,49.8235294117647,False,True
baseline_요일x시간 평균,-,keep,2021-05,2021-05-08 09:00:00,22,39.88235294117647,False,True
baseline_요일x시간 평균,-,keep,2021-05,2021-05-08 10:00:00,22,38.411764705882355,False,True
baseline_요일x시간 평균,-,keep,2021-05,2021-05-08 11:00:00,25,39.588235294117645,False,True
baseline_요일x시간 평균,-,keep,2021-05,2021-05-08 12:00:00,23,37.11764705882353,False,True
baseline_요일x시간 평균,-,keep,2021-05,2021-05-08 13:00:00,22,47.05882352941177,False,True
baseline_요일x시간 평균,-,keep,2021-05,2021-05-08 14:00:00,23,47.1764705882353,False,True
baseline_요일x시간 평균,-,keep,2021-05,2021-05-08 15:00:00,24,47.64705882352941,False,True
baseline_요일x시간 평균,-,keep,2021-05,2021-05-08 16:00:00,23,46.94117647058823,False,True
baseline_요일x시간 평균,-,keep,2021-05,2021-05-08 17:00:00,22,42.588235294117645,False,True
baseline_요일x시간 평균,-,keep,2021-05,2021-05-08 18:00:00,24,55.8235294117647,False,True
baseline_요일x시간 평균,-,keep,2021-05,2021-05-08 19:00:00,22,49.64705882352941,False,True
baseline_요일x시간 평균,-,keep,2021-05,2021-05-08 20:00:00,22,38.705882352941174,False,True
baseline_요일x시간 평균,-,keep,2021-05,2021-05-08 21:00:00,25,39.705882352941174,False,True
baseline_요일x시간 평균,-,keep,2021-05,2021-05-08 22:00:00,23,32.94117647058823,False,True
baseline_요일x시간 평균,-,keep,2021-05,2021-05-08 23:00:00,23,41.8235294117647,False,True
baseline_요일x시간 평균,-,keep,2021-05,2021-05-09 00:00:00,23,30.470588235294116,False,True
baseline_요일x시간 평균,-,keep,2021-05,2021-05-09 01:00:00,23,37.76470588235294,False,True
baseline_요일x시간 평균,-,keep,2021-05,2021-05-09 02:00:00,25,38.11764705882353,False,True
baseline_요일x시간 평균,-,keep,2021-05,2021-05-09 03:00:00,23,37.470588235294116,False,True
baseline_요일x시간 평균,-,keep,2021-05,2021-05-09 04:00:00,23,34.11764705882353,False,True
baseline_요일x시간 평균,-,keep,2021-05,2021-05-09 05:00:00,24,30.705882352941178,False,True
baseline_요일x시간 평균,-,keep,2021-05,2021-05-09 06:00:00,24,33.588235294117645,False,True
baseline_요일x시간 평균,-,keep,2021-05,2021-05-09 07:00:00,64,41.1764705882353,False,True
baseline_요일x시간 평균,-,keep,2021-05,2021-05-09 08:00:00,177,85.94117647058823,True,True
baseline_요일x시간 평균,-,keep,2021-05,2021-05-09 09:00:00,158,76.29411764705883,False,True
baseline_요일x시간 평균,-,keep,2021-05,2021-05-09 10:00:00,157,81.58823529411765,False,True
baseline_요일x시간 평균,-,keep,2021-05,2021-05-09 11:00:00,164,84.70588235294117,False,True
baseline_요일x시간 평균,-,keep,2021-05,2021-05-09 12:00:00,106,54.11764705882353,False,True
baseline_요일x시간 평균,-,keep,2021-05,2021-05-09 13:00:00,158,78.11764705882354,False,True
baseline_요일x시간 평균,-,keep,2021-05,2021-05-09 14:00:00,154,85.23529411764706,False,True
baseline_요일x시간 평균,-,keep,2021-05,2021-05-09 15:00:00,141,73.29411764705883,False,True
baseline_요일x시간 평균,-,keep,2021-05,2021-05-09 16:00:00,153,73.05882352941177,False,True
baseline_요일x시간 평균,-,keep,2021-05,2021-05-09 17:00:00,128,64.0,False,True
baseline_요일x시간 평균,-,keep,2021-05,2021-05-09 18:00:00,159,77.0,False,True
baseline_요일x시간 평균,-,keep,2021-05,2021-05-09 19:00:00,142,66.76470588235294,False,True
baseline_요일x시간 평균,-,keep,2021-05,2021-05-09 20:00:00,111,57.76470588235294,False,True
baseline_요일x시간 평균,-,keep,2021-05,2021-05-09 21:00:00,120,64.05882352941177,False,True
baseline_요일x시간 평균,-,keep,2021-05,2021-05-09 22:00:00,112,59.470588235294116,False,True
baseline_요일x시간 평균,-,keep,2021-05,2021-05-09 23:00:00,101,57.8235294117647,False,True
baseline_요일x시간 평균,-,keep,2021-05,2021-05-10 00:00:00,23,62.705882352941174,False,True
baseline_요일x시간 평균,-,keep,2021-05,2021-05-10 01:00:00,23,94.94117647058823,False,True
baseline_요일x시간 평균,-,keep,2021-05,2021-05-10 02:00:00,25,98.17647058823529,False,True
baseline_요일x시간 평균,-,keep,2021-05,2021-05-10 03:00:00,23,96.11764705882354,False,True
baseline_요일x시간 평균,-,keep,2021-05,2021-05-10 04:00:00,23,97.76470588235294,False,True
baseline_요일x시간 평균,-,keep,2021-05,2021-05-10 05:00:00,24,83.6470588235294,False,True
baseline_요일x시간 평균,-,keep,2021-05,2021-05-10 06:00:00,24,98.47058823529412,False,True
baseline_요일x시간 평균,-,keep,2021-05,2021-05-10 07:00:00,64,117.17647058823529,False,True
baseline_요일x시간 평균,-,keep,2021-05,2021-05-10 08:00:00,177,169.7058823529412,True,True
baseline_요일x시간 평균,-,keep,2021-05,2021-05-10 09:00:00,158,169.88235294117646,False,True
baseline_요일x시간 평균,-,keep,2021-05,2021-05-10 10:00:00,157,160.11764705882354,False,True
baseline_요일x시간 평균,-,keep,2021-05,2021-05-10 11:00:00,164,170.76470588235293,False,True
baseline_요일x시간 평균,-,keep,2021-05,2021-05-10 12:00:00,106,104.3529411764706,False,True
baseline_요일x시간 평균,-,keep,2021-05,2021-05-10 13:00:00,158,168.7058823529412,False,True
baseline_요일x시간 평균,-,keep,2021-05,2021-05-10 14:00:00,154,164.94117647058823,False,True
baseline_요일x시간 평균,-,keep,2021-05,2021-05-10 15:00:00,141,156.58823529411765,False,True
baseline_요일x시간 평균,-,keep,2021-05,2021-05-10 16:00:00,153,157.8235294117647,False,True
baseline_요일x시간 평균,-,keep,2021-05,2021-05-10 17:00:00,128,128.41176470588235,False,True
baseline_요일x시간 평균,-,keep,2021-05,2021-05-10 18:00:00,159,148.41176470588235,False,True
baseline_요일x시간 평균,-,keep,2021-05,2021-05-10 19:00:00,142,138.11764705882354,False,True
baseline_요일x시간 평균,-,keep,2021-05,2021-05-10 20:00:00,111,120.82352941176471,False,True
baseline_요일x시간 평균,-,keep,2021-05,2021-05-10 21:00:00,120,117.41176470588235,False,True
baseline_요일x시간 평균,-,keep,2021-05,2021-05-10 22:00:00,112,109.23529411764706,False,True
baseline_요일x시간 평균,-,keep,2021-05,2021-05-10 23:00:00,101,102.23529411764706,False,True
baseline_요일x시간 평균,-,keep,2021-05,2021-05-11 00:00:00,64,54.0,False,False
baseline_요일x시간 평균,-,keep,2021-05,2021-05-11 01:00:00,98,78.6470588235294,False,False
baseline_요일x시간 평균,-,keep,2021-05,2021-05-11 02:00:00,104,83.47058823529412,False,False
baseline_요일x시간 평균,-,keep,2021-05,2021-05-11 03:00:00,101,79.6470588235294,False,False
baseline_요일x시간 평균,-,keep,2021-05,2021-05-11 04:00:00,105,79.82352941176471,False,False
baseline_요일x시간 평균,-,keep,2021-05,2021-05-11 05:00:00,97,68.70588235294117,False,False
baseline_요일x시간 평균,-,keep,2021-05,2021-05-11 06:00:00,107,82.11764705882354,False,False
baseline_요일x시간 평균,-,keep,2021-05,2021-05-11 07:00:00,124,100.52941176470588,False,False
baseline_요일x시간 평균,-,keep,2021-05,2021-05-11 08:00:00,171,134.05882352941177,False,False
baseline_요일x시간 평균,-,keep,2021-05,2021-05-11 09:00:00,173,135.7058823529412,True,False
baseline_요일x시간 평균,-,keep,2021-05,2021-05-11 10:00:00,160,129.64705882352942,False,False
baseline_요일x시간 평균,-,keep,2021-05,2021-05-11 11:00:00,169,132.05882352941177,False,False
baseline_요일x시간 평균,-,keep,2021-05,2021-05-11 12:00:00,100,83.47058823529412,False,False
baseline_요일x시간 평균,-,keep,2021-05,2021-05-11 13:00:00,176,132.8235294117647,True,False
baseline_요일x시간 평균,-,keep,2021-05,2021-05-11 14:00:00,155,131.1764705882353,False,False
baseline_요일x시간 평균,-,keep,2021-05,2021-05-11 15:00:00,151,124.76470588235294,False,False
baseline_요일x시간 평균,-,keep,2021-05,2021-05-11 16:00:00,144,126.05882352941177,False,False
baseline_요일x시간 평균,-,keep,2021-05,2021-05-11 17:00:00,118,107.41176470588235,False,False
baseline_요일x시간 평균,-,keep,2021-05,2021-05-11 18:00:00,138,123.41176470588235,False,False
baseline_요일x시간 평균,-,keep,2021-05,2021-05-11 19:00:00,132,107.52941176470588,False,False
baseline_요일x시간 평균,-,keep,2021-05,2021-05-11 20:00:00,128,93.6470588235294,False,False
baseline_요일x시간 평균,-,keep,2021-05,2021-05-11 21:00:00,125,92.52941176470588,False,False
baseline_요일x시간 평균,-,keep,2021-05,2021-05-11 22:00:00,107,84.70588235294117,False,False
baseline_요일x시간 평균,-,keep,2021-05,2021-05-11 23:00:00,107,82.17647058823529,False,False
baseline_요일x시간 평균,-,keep,2021-05,2021-05-12 00:00:00,67,51.1764705882353,False,False
baseline_요일x시간 평균,-,keep,2021-05,2021-05-12 01:00:00,98,74.70588235294117,False,False
baseline_요일x시간 평균,-,keep,2021-05,2021-05-12 02:00:00,110,77.58823529411765,False,False
baseline_요일x시간 평균,-,keep,2021-05,2021-05-12 03:00:00,96,76.23529411764706,False,False
baseline_요일x시간 평균,-,keep,2021-05,2021-05-12 04:00:00,107,77.17647058823529,False,False
baseline_요일x시간 평균,-,keep,2021-05,2021-05-12 05:00:00,92,67.58823529411765,False,False
baseline_요일x시간 평균,-,keep,2021-05,2021-05-12 06:00:00,104,79.29411764705883,False,False
baseline_요일x시간 평균,-,keep,2021-05,2021-05-12 07:00:00,126,94.3529411764706,False,False
baseline_요일x시간 평균,-,keep,2021-05,2021-05-12 08:00:00,169,128.2941176470588,False,False
baseline_요일x시간 평균,-,keep,2021-05,2021-05-12 09:00:00,160,125.3529411764706,False,False
baseline_요일x시간 평균,-,keep,2021-05,2021-05-12 10:00:00,149,119.47058823529412,False,False
baseline_요일x시간 평균,-,keep,2021-05,2021-05-12 11:00:00,168,124.17647058823529,False,False
baseline_요일x시간 평균,-,keep,2021-05,2021-05-12 12:00:00,94,78.6470588235294,False,False
baseline_요일x시간 평균,-,keep,2021-05,2021-05-12 13:00:00,178,123.0,True,False
baseline_요일x시간 평균,-,keep,2021-05,2021-05-12 14:00:00,164,122.3529411764706,False,False
baseline_요일x시간 평균,-,keep,2021-05,2021-05-12 15:00:00,153,115.05882352941177,False,False
baseline_요일x시간 평균,-,keep,2021-05,2021-05-12 16:00:00,159,117.29411764705883,False,False
baseline_요일x시간 평균,-,keep,2021-05,2021-05-12 17:00:00,131,97.94117647058823,False,False
baseline_요일x시간 평균,-,keep,2021-05,2021-05-12 18:00:00,157,106.6470588235294,False,False
baseline_요일x시간 평균,-,keep,2021-05,2021-05-12 19:00:00,125,101.3529411764706,False,False
baseline_요일x시간 평균,-,keep,2021-05,2021-05-12 20:00:00,105,96.58823529411765,False,False
baseline_요일x시간 평균,-,keep,2021-05,2021-05-12 21:00:00,110,93.41176470588235,False,False
baseline_요일x시간 평균,-,keep,2021-05,2021-05-12 22:00:00,102,87.17647058823529,False,False
baseline_요일x시간 평균,-,keep,2021-05,2021-05-12 23:00:00,102,81.23529411764706,False,False
baseline_요일x시간 평균,-,keep,2021-05,2021-05-13 00:00:00,70,55.470588235294116,False,False
baseline_요일x시간 평균,-,keep,2021-05,2021-05-13 01:00:00,98,82.58823529411765,False,False
baseline_요일x시간 평균,-,keep,2021-05,2021-05-13 02:00:00,103,82.58823529411765,False,False
baseline_요일x시간 평균,-,keep,2021-05,2021-05-13 03:00:00,100,81.52941176470588,False,False
baseline_요일x시간 평균,-,keep,2021-05,2021-05-13 04:00:00,105,83.0,False,False
baseline_요일x시간 평균,-,keep,2021-05,2021-05-13 05:00:00,89,72.94117647058823,False,False
baseline_요일x시간 평균,-,keep,2021-05,2021-05-13 06:00:00,101,84.0,False,False
baseline_요일x시간 평균,-,keep,2021-05,2021-05-13 07:00:00,117,107.05882352941177,False,False
baseline_요일x시간 평균,-,keep,2021-05,2021-05-13 08:00:00,165,167.47058823529412,False,False
baseline_요일x시간 평균,-,keep,2021-05,2021-05-13 09:00:00,163,169.0,False,False
baseline_요일x시간 평균,-,keep,2021-05,2021-05-13 10:00:00,158,162.47058823529412,False,False
baseline_요일x시간 평균,-,keep,2021-05,2021-05-13 11:00:00,164,169.94117647058823,False,False
baseline_요일x시간 평균,-,keep,2021-05,2021-05-13 12:00:00,96,106.17647058823529,False,False
baseline_요일x시간 평균,-,keep,2021-05,2021-05-13 13:00:00,168,170.35294117647058,False,False
baseline_요일x시간 평균,-,keep,2021-05,2021-05-13 14:00:00,163,166.11764705882354,False,False
baseline_요일x시간 평균,-,keep,2021-05,2021-05-13 15:00:00,139,157.11764705882354,False,False
baseline_요일x시간 평균,-,keep,2021-05,2021-05-13 16:00:00,150,156.0,False,False
baseline_요일x시간 평균,-,keep,2021-05,2021-05-13 17:00:00,101,132.58823529411765,False,False
baseline_요일x시간 평균,-,keep,2021-05,2021-05-13 18:00:00,102,146.2941176470588,False,False
baseline_요일x시간 평균,-,keep,2021-05,2021-05-13 19:00:00,101,128.41176470588235,False,False
baseline_요일x시간 평균,-,keep,2021-05,2021-05-13 20:00:00,133,112.58823529411765,False,False
baseline_요일x시간 평균,-,keep,2021-05,2021-05-13 21:00:00,127,113.0,False,False
baseline_요일x시간 평균,-,keep,2021-05,2021-05-13 22:00:00,114,108.23529411764706,False,False
baseline_요일x시간 평균,-,keep,2021-05,2021-05-13 23:00:00,104,100.3529411764706,False,False
baseline_요일x시간 평균,-,keep,2021-05,2021-05-14 00:00:00,67,53.77777777777778,False,False
baseline_요일x시간 평균,-,keep,2021-05,2021-05-14 01:00:00,100,81.61111111111111,False,False
baseline_요일x시간 평균,-,keep,2021-05,2021-05-14 02:00:00,107,83.61111111111111,False,False
baseline_요일x시간 평균,-,keep,2021-05,2021-05-14 03:00:00,97,81.22222222222223,False,False
baseline_요일x시간 평균,-,keep,2021-05,2021-05-14 04:00:00,106,83.77777777777777,False,False
baseline_요일x시간 평균,-,keep,2021-05,2021-05-14 05:00:00,93,71.05555555555556,False,False
baseline_요일x시간 평균,-,keep,2021-05,2021-05-14 06:00:00,100,83.66666666666667,False,False
baseline_요일x시간 평균,-,keep,2021-05,2021-05-14 07:00:00,115,81.5,False,False
baseline_요일x시간 평균,-,keep,2021-05,2021-05-14 08:00:00,147,97.77777777777777,False,False
baseline_요일x시간 평균,-,keep,2021-05,2021-05-14 09:00:00,140,94.05555555555556,False,False
baseline_요일x시간 평균,-,keep,2021-05,2021-05-14 10:00:00,143,91.66666666666667,False,False
baseline_요일x시간 평균,-,keep,2021-05,2021-05-14 11:00:00,149,96.11111111111111,False,False
baseline_요일x시간 평균,-,keep,2021-05,2021-05-14 12:00:00,91,63.111111111111114,False,False
baseline_요일x시간 평균,-,keep,2021-05,2021-05-14 13:00:00,150,93.83333333333333,False,False
baseline_요일x시간 평균,-,keep,2021-05,2021-05-14 14:00:00,143,94.16666666666667,False,False
baseline_요일x시간 평균,-,keep,2021-05,2021-05-14 15:00:00,137,89.05555555555556,False,False
baseline_요일x시간 평균,-,keep,2021-05,2021-05-14 16:00:00,135,90.11111111111111,False,False
baseline_요일x시간 평균,-,keep,2021-05,2021-05-14 17:00:00,109,73.27777777777777,False,False
baseline_요일x시간 평균,-,keep,2021-05,2021-05-14 18:00:00,146,88.22222222222223,False,False
baseline_요일x시간 평균,-,keep,2021-05,2021-05-14 19:00:00,129,84.27777777777777,False,False
baseline_요일x시간 평균,-,keep,2021-05,2021-05-14 20:00:00,106,73.27777777777777,False,False
baseline_요일x시간 평균,-,keep,2021-05,2021-05-14 21:00:00,110,72.0,False,False
baseline_요일x시간 평균,-,keep,2021-05,2021-05-14 22:00:00,103,65.44444444444444,False,False
baseline_요일x시간 평균,-,keep,2021-05,2021-05-14 23:00:00,89,62.611111111111114,False,False
baseline_요일x시간 평균,-,keep,2021-05,2021-05-15 00:00:00,54,64.52941176470588,False,False
baseline_요일x시간 평균,-,keep,2021-05,2021-05-15 01:00:00,96,104.47058823529412,False,False
baseline_요일x시간 평균,-,keep,2021-05,2021-05-15 02:00:00,98,105.0,False,False
baseline_요일x시간 평균,-,keep,2021-05,2021-05-15 03:00:00,93,105.29411764705883,False,False
baseline_요일x시간 평균,-,keep,2021-05,2021-05-15 04:00:00,101,107.11764705882354,False,False
baseline_요일x시간 평균,-,keep,2021-05,2021-05-15 05:00:00,80,90.6470588235294,False,False
baseline_요일x시간 평균,-,keep,2021-05,2021-05-15 06:00:00,98,106.29411764705883,False,False
baseline_요일x시간 평균,-,keep,2021-05,2021-05-15 07:00:00,69,72.76470588235294,False,False
baseline_요일x시간 평균,-,keep,2021-05,2021-05-15 08:00:00,22,49.8235294117647,False,False
baseline_요일x시간 평균,-,keep,2021-05,2021-05-15 09:00:00,20,39.88235294117647,False,False
baseline_요일x시간 평균,-,keep,2021-05,2021-05-15 10:00:00,20,38.411764705882355,False,False
baseline_요일x시간 평균,-,keep,2021-05,2021-05-15 11:00:00,22,39.588235294117645,False,False
baseline_요일x시간 평균,-,keep,2021-05,2021-05-15 12:00:00,20,37.11764705882353,False,False
baseline_요일x시간 평균,-,keep,2021-05,2021-05-15 13:00:00,19,47.05882352941177,False,False
baseline_요일x시간 평균,-,keep,2021-05,2021-05-15 14:00:00,21,47.1764705882353,False,False
baseline_요일x시간 평균,-,keep,2021-05,2021-05-15 15:00:00,20,47.64705882352941,False,False
baseline_요일x시간 평균,-,keep,2021-05,2021-05-15 16:00:00,20,46.94117647058823,False,False
baseline_요일x시간 평균,-,keep,2021-05,2021-05-15 17:00:00,20,42.588235294117645,False,False
baseline_요일x시간 평균,-,keep,2021-05,2021-05-15 18:00:00,22,55.8235294117647,False,False
baseline_요일x시간 평균,-,keep,2021-05,2021-05-15 19:00:00,20,49.64705882352941,False,False
baseline_요일x시간 평균,-,keep,2021-05,2021-05-15 20:00:00,20,38.705882352941174,False,False
baseline_요일x시간 평균,-,keep,2021-05,2021-05-15 21:00:00,23,39.705882352941174,False,False
baseline_요일x시간 평균,-,keep,2021-05,2021-05-15 22:00:00,21,32.94117647058823,False,False
baseline_요일x시간 평균,-,keep,2021-05,2021-05-15 23:00:00,20,41.8235294117647,False,False
baseline_요일x시간 평균,-,keep,2021-05,2021-05-16 00:00:00,20,30.470588235294116,False,True
baseline_요일x시간 평균,-,keep,2021-05,2021-05-16 01:00:00,23,37.76470588235294,False,True
baseline_요일x시간 평균,-,keep,2021-05,2021-05-16 02:00:00,20,38.11764705882353,False,True
baseline_요일x시간 평균,-,keep,2021-05,2021-05-16 03:00:00,20,37.470588235294116,False,True
baseline_요일x시간 평균,-,keep,2021-05,2021-05-16 04:00:00,22,34.11764705882353,False,True
baseline_요일x시간 평균,-,keep,2021-05,2021-05-16 05:00:00,20,30.705882352941178,False,True
baseline_요일x시간 평균,-,keep,2021-05,2021-05-16 06:00:00,20,33.588235294117645,False,True
baseline_요일x시간 평균,-,keep,2021-05,2021-05-16 07:00:00,20,41.1764705882353,False,True
baseline_요일x시간 평균,-,keep,2021-05,2021-05-16 08:00:00,21,85.94117647058823,False,True
baseline_요일x시간 평균,-,keep,2021-05,2021-05-16 09:00:00,20,76.29411764705883,False,True
baseline_요일x시간 평균,-,keep,2021-05,2021-05-16 10:00:00,21,81.58823529411765,False,True
baseline_요일x시간 평균,-,keep,2021-05,2021-05-16 11:00:00,21,84.70588235294117,False,True
baseline_요일x시간 평균,-,keep,2021-05,2021-05-16 12:00:00,20,54.11764705882353,False,True
baseline_요일x시간 평균,-,keep,2021-05,2021-05-16 13:00:00,20,78.11764705882354,False,True
baseline_요일x시간 평균,-,keep,2021-05,2021-05-16 14:00:00,22,85.23529411764706,False,True
baseline_요일x시간 평균,-,keep,2021-05,2021-05-16 15:00:00,20,73.29411764705883,False,True
baseline_요일x시간 평균,-,keep,2021-05,2021-05-16 16:00:00,20,73.05882352941177,False,True
baseline_요일x시간 평균,-,keep,2021-05,2021-05-16 17:00:00,23,64.0,False,True
baseline_요일x시간 평균,-,keep,2021-05,2021-05-16 18:00:00,19,77.0,False,True
baseline_요일x시간 평균,-,keep,2021-05,2021-05-16 19:00:00,20,66.76470588235294,False,True
baseline_요일x시간 평균,-,keep,2021-05,2021-05-16 20:00:00,21,57.76470588235294,False,True
baseline_요일x시간 평균,-,keep,2021-05,2021-05-16 21:00:00,21,64.05882352941177,False,True
baseline_요일x시간 평균,-,keep,2021-05,2021-05-16 22:00:00,20,59.470588235294116,False,True
baseline_요일x시간 평균,-,keep,2021-05,2021-05-16 23:00:00,21,57.8235294117647,False,True
baseline_요일x시간 평균,-,keep,2021-05,2021-05-17 00:00:00,22,62.705882352941174,False,False
baseline_요일x시간 평균,-,keep,2021-05,2021-05-17 01:00:00,20,94.94117647058823,False,False
baseline_요일x시간 평균,-,keep,2021-05,2021-05-17 02:00:00,20,98.17647058823529,False,False
baseline_요일x시간 평균,-,keep,2021-05,2021-05-17 03:00:00,22,96.11764705882354,False,False
baseline_요일x시간 평균,-,keep,2021-05,2021-05-17 04:00:00,20,97.76470588235294,False,False
baseline_요일x시간 평균,-,keep,2021-05,2021-05-17 05:00:00,20,83.6470588235294,False,False
baseline_요일x시간 평균,-,keep,2021-05,2021-05-17 06:00:00,22,98.47058823529412,False,False
baseline_요일x시간 평균,-,keep,2021-05,2021-05-17 07:00:00,50,117.17647058823529,False,False
baseline_요일x시간 평균,-,keep,2021-05,2021-05-17 08:00:00,174,169.7058823529412,True,False
baseline_요일x시간 평균,-,keep,2021-05,2021-05-17 09:00:00,160,169.88235294117646,False,False
baseline_요일x시간 평균,-,keep,2021-05,2021-05-17 10:00:00,164,160.11764705882354,False,False
baseline_요일x시간 평균,-,keep,2021-05,2021-05-17 11:00:00,169,170.76470588235293,False,False
baseline_요일x시간 평균,-,keep,2021-05,2021-05-17 12:00:00,104,104.3529411764706,False,False
baseline_요일x시간 평균,-,keep,2021-05,2021-05-17 13:00:00,170,168.7058823529412,False,False
baseline_요일x시간 평균,-,keep,2021-05,2021-05-17 14:00:00,163,164.94117647058823,False,False
baseline_요일x시간 평균,-,keep,2021-05,2021-05-17 15:00:00,157,156.58823529411765,False,False
baseline_요일x시간 평균,-,keep,2021-05,2021-05-17 16:00:00,161,157.8235294117647,False,False
baseline_요일x시간 평균,-,keep,2021-05,2021-05-17 17:00:00,138,128.41176470588235,False,False
baseline_요일x시간 평균,-,keep,2021-05,2021-05-17 18:00:00,152,148.41176470588235,False,False
baseline_요일x시간 평균,-,keep,2021-05,2021-05-17 19:00:00,128,138.11764705882354,False,False
baseline_요일x시간 평균,-,keep,2021-05,2021-05-17 20:00:00,96,120.82352941176471,False,False
baseline_요일x시간 평균,-,keep,2021-05,2021-05-17 21:00:00,89,117.41176470588235,False,False
baseline_요일x시간 평균,-,keep,2021-05,2021-05-17 22:00:00,93,109.23529411764706,False,False
baseline_요일x시간 평균,-,keep,2021-05,2021-05-17 23:00:00,87,102.23529411764706,False,False
baseline_요일x시간 평균,-,keep,2021-05,2021-05-18 00:00:00,64,54.0,False,True
baseline_요일x시간 평균,-,keep,2021-05,2021-05-18 01:00:00,93,78.6470588235294,False,True
baseline_요일x시간 평균,-,keep,2021-05,2021-05-18 02:00:00,94,83.47058823529412,False,True
baseline_요일x시간 평균,-,keep,2021-05,2021-05-18 03:00:00,88,79.6470588235294,False,True
baseline_요일x시간 평균,-,keep,2021-05,2021-05-18 04:00:00,85,79.82352941176471,False,True
baseline_요일x시간 평균,-,keep,2021-05,2021-05-18 05:00:00,81,68.70588235294117,False,True
baseline_요일x시간 평균,-,keep,2021-05,2021-05-18 06:00:00,95,82.11764705882354,False,True
baseline_요일x시간 평균,-,keep,2021-05,2021-05-18 07:00:00,115,100.52941176470588,False,True
baseline_요일x시간 평균,-,keep,2021-05,2021-05-18 08:00:00,170,134.05882352941177,False,True
baseline_요일x시간 평균,-,keep,2021-05,2021-05-18 09:00:00,171,135.7058823529412,False,True
baseline_요일x시간 평균,-,keep,2021-05,2021-05-18 10:00:00,159,129.64705882352942,False,True
baseline_요일x시간 평균,-,keep,2021-05,2021-05-18 11:00:00,167,132.05882352941177,False,True
baseline_요일x시간 평균,-,keep,2021-05,2021-05-18 12:00:00,99,83.47058823529412,False,True
baseline_요일x시간 평균,-,keep,2021-05,2021-05-18 13:00:00,177,132.8235294117647,True,True
baseline_요일x시간 평균,-,keep,2021-05,2021-05-18 14:00:00,167,131.1764705882353,False,True
baseline_요일x시간 평균,-,keep,2021-05,2021-05-18 15:00:00,162,124.76470588235294,False,True
baseline_요일x시간 평균,-,keep,2021-05,2021-05-18 16:00:00,154,126.05882352941177,False,True
baseline_요일x시간 평균,-,keep,2021-05,2021-05-18 17:00:00,118,107.41176470588235,False,True
baseline_요일x시간 평균,-,keep,2021-05,2021-05-18 18:00:00,146,123.41176470588235,False,True
baseline_요일x시간 평균,-,keep,2021-05,2021-05-18 19:00:00,144,107.52941176470588,False,True
baseline_요일x시간 평균,-,keep,2021-05,2021-05-18 20:00:00,115,93.6470588235294,False,True
baseline_요일x시간 평균,-,keep,2021-05,2021-05-18 21:00:00,112,92.52941176470588,False,True
baseline_요일x시간 평균,-,keep,2021-05,2021-05-18 22:00:00,100,84.70588235294117,False,True
baseline_요일x시간 평균,-,keep,2021-05,2021-05-18 23:00:00,93,82.17647058823529,False,True
baseline_요일x시간 평균,-,keep,2021-05,2021-05-19 00:00:00,62,51.1764705882353,False,False
baseline_요일x시간 평균,-,keep,2021-05,2021-05-19 01:00:00,89,74.70588235294117,False,False
baseline_요일x시간 평균,-,keep,2021-05,2021-05-19 02:00:00,97,77.58823529411765,False,False
baseline_요일x시간 평균,-,keep,2021-05,2021-05-19 03:00:00,96,76.23529411764706,False,False
baseline_요일x시간 평균,-,keep,2021-05,2021-05-19 04:00:00,94,77.17647058823529,False,False
baseline_요일x시간 평균,-,keep,2021-05,2021-05-19 05:00:00,79,67.58823529411765,False,False
baseline_요일x시간 평균,-,keep,2021-05,2021-05-19 06:00:00,95,79.29411764705883,False,False
baseline_요일x시간 평균,-,keep,2021-05,2021-05-19 07:00:00,54,94.3529411764706,False,False
baseline_요일x시간 평균,-,keep,2021-05,2021-05-19 08:00:00,21,128.2941176470588,False,False
baseline_요일x시간 평균,-,keep,2021-05,2021-05-19 09:00:00,23,125.3529411764706,False,False
baseline_요일x시간 평균,-,keep,2021-05,2021-05-19 10:00:00,21,119.47058823529412,False,False
baseline_요일x시간 평균,-,keep,2021-05,2021-05-19 11:00:00,21,124.17647058823529,False,False
baseline_요일x시간 평균,-,keep,2021-05,2021-05-19 12:00:00,22,78.6470588235294,False,False
baseline_요일x시간 평균,-,keep,2021-05,2021-05-19 13:00:00,21,123.0,False,False
baseline_요일x시간 평균,-,keep,2021-05,2021-05-19 14:00:00,20,122.3529411764706,False,False
baseline_요일x시간 평균,-,keep,2021-05,2021-05-19 15:00:00,20,115.05882352941177,False,False
baseline_요일x시간 평균,-,keep,2021-05,2021-05-19 16:00:00,23,117.29411764705883,False,False
baseline_요일x시간 평균,-,keep,2021-05,2021-05-19 17:00:00,21,97.94117647058823,False,False
baseline_요일x시간 평균,-,keep,2021-05,2021-05-19 18:00:00,21,106.6470588235294,False,False
baseline_요일x시간 평균,-,keep,2021-05,2021-05-19 19:00:00,23,101.3529411764706,False,False
baseline_요일x시간 평균,-,keep,2021-05,2021-05-19 20:00:00,21,96.58823529411765,False,False
baseline_요일x시간 평균,-,keep,2021-05,2021-05-19 21:00:00,22,93.41176470588235,False,False
baseline_요일x시간 평균,-,keep,2021-05,2021-05-19 22:00:00,23,87.17647058823529,False,False
baseline_요일x시간 평균,-,keep,2021-05,2021-05-19 23:00:00,21,81.23529411764706,False,False
baseline_요일x시간 평균,-,keep,2021-05,2021-05-20 00:00:00,20,55.470588235294116,False,False
baseline_요일x시간 평균,-,keep,2021-05,2021-05-20 01:00:00,21,82.58823529411765,False,False
baseline_요일x시간 평균,-,keep,2021-05,2021-05-20 02:00:00,22,82.58823529411765,False,False
baseline_요일x시간 평균,-,keep,2021-05,2021-05-20 03:00:00,20,81.52941176470588,False,False
baseline_요일x시간 평균,-,keep,2021-05,2021-05-20 04:00:00,20,83.0,False,False
baseline_요일x시간 평균,-,keep,2021-05,2021-05-20 05:00:00,23,72.94117647058823,False,False
baseline_요일x시간 평균,-,keep,2021-05,2021-05-20 06:00:00,20,84.0,False,False
baseline_요일x시간 평균,-,keep,2021-05,2021-05-20 07:00:00,64,107.05882352941177,False,False
baseline_요일x시간 평균,-,keep,2021-05,2021-05-20 08:00:00,170,167.47058823529412,False,False
baseline_요일x시간 평균,-,keep,2021-05,2021-05-20 09:00:00,162,169.0,False,False
baseline_요일x시간 평균,-,keep,2021-05,2021-05-20 10:00:00,157,162.47058823529412,False,False
baseline_요일x시간 평균,-,keep,2021-05,2021-05-20 11:00:00,172,169.94117647058823,False,False
baseline_요일x시간 평균,-,keep,2021-05,2021-05-20 12:00:00,106,106.17647058823529,False,False
baseline_요일x시간 평균,-,keep,2021-05,2021-05-20 13:00:00,166,170.35294117647058,False,False
baseline_요일x시간 평균,-,keep,2021-05,2021-05-20 14:00:00,163,166.11764705882354,False,False
baseline_요일x시간 평균,-,keep,2021-05,2021-05-20 15:00:00,150,157.11764705882354,False,False
baseline_요일x시간 평균,-,keep,2021-05,2021-05-20 16:00:00,152,156.0,False,False
baseline_요일x시간 평균,-,keep,2021-05,2021-05-20 17:00:00,101,132.58823529411765,False,False
baseline_요일x시간 평균,-,keep,2021-05,2021-05-20 18:00:00,106,146.2941176470588,False,False
baseline_요일x시간 평균,-,keep,2021-05,2021-05-20 19:00:00,109,128.41176470588235,False,False
baseline_요일x시간 평균,-,keep,2021-05,2021-05-20 20:00:00,110,112.58823529411765,False,False
baseline_요일x시간 평균,-,keep,2021-05,2021-05-20 21:00:00,103,113.0,False,False
baseline_요일x시간 평균,-,keep,2021-05,2021-05-20 22:00:00,101,108.23529411764706,False,False
baseline_요일x시간 평균,-,keep,2021-05,2021-05-20 23:00:00,93,100.3529411764706,False,False
baseline_요일x시간 평균,-,keep,2021-05,2021-05-21 00:00:00,61,53.77777777777778,False,False
baseline_요일x시간 평균,-,keep,2021-05,2021-05-21 01:00:00,94,81.61111111111111,False,False
baseline_요일x시간 평균,-,keep,2021-05,2021-05-21 02:00:00,107,83.61111111111111,False,False
baseline_요일x시간 평균,-,keep,2021-05,2021-05-21 03:00:00,98,81.22222222222223,False,False
baseline_요일x시간 평균,-,keep,2021-05,2021-05-21 04:00:00,95,83.77777777777777,False,False
baseline_요일x시간 평균,-,keep,2021-05,2021-05-21 05:00:00,82,71.05555555555556,False,False
baseline_요일x시간 평균,-,keep,2021-05,2021-05-21 06:00:00,102,83.66666666666667,False,False
baseline_요일x시간 평균,-,keep,2021-05,2021-05-21 07:00:00,121,81.5,False,False
baseline_요일x시간 평균,-,keep,2021-05,2021-05-21 08:00:00,153,97.77777777777777,False,False
baseline_요일x시간 평균,-,keep,2021-05,2021-05-21 09:00:00,144,94.05555555555556,False,False
baseline_요일x시간 평균,-,keep,2021-05,2021-05-21 10:00:00,140,91.66666666666667,False,False
baseline_요일x시간 평균,-,keep,2021-05,2021-05-21 11:00:00,156,96.11111111111111,False,False
baseline_요일x시간 평균,-,keep,2021-05,2021-05-21 12:00:00,93,63.111111111111114,False,False
baseline_요일x시간 평균,-,keep,2021-05,2021-05-21 13:00:00,149,93.83333333333333,False,False
baseline_요일x시간 평균,-,keep,2021-05,2021-05-21 14:00:00,153,94.16666666666667,False,False
baseline_요일x시간 평균,-,keep,2021-05,2021-05-21 15:00:00,132,89.05555555555556,False,False
baseline_요일x시간 평균,-,keep,2021-05,2021-05-21 16:00:00,144,90.11111111111111,False,False
baseline_요일x시간 평균,-,keep,2021-05,2021-05-21 17:00:00,121,73.27777777777777,False,False
baseline_요일x시간 평균,-,keep,2021-05,2021-05-21 18:00:00,132,88.22222222222223,False,False
baseline_요일x시간 평균,-,keep,2021-05,2021-05-21 19:00:00,124,84.27777777777777,False,False
baseline_요일x시간 평균,-,keep,2021-05,2021-05-21 20:00:00,103,73.27777777777777,False,False
baseline_요일x시간 평균,-,keep,2021-05,2021-05-21 21:00:00,105,72.0,False,False
baseline_요일x시간 평균,-,keep,2021-05,2021-05-21 22:00:00,101,65.44444444444444,False,False
baseline_요일x시간 평균,-,keep,2021-05,2021-05-21 23:00:00,93,62.611111111111114,False,False
baseline_요일x시간 평균,-,keep,2021-05,2021-05-22 00:00:00,59,64.52941176470588,False,True
baseline_요일x시간 평균,-,keep,2021-05,2021-05-22 01:00:00,101,104.47058823529412,False,True
baseline_요일x시간 평균,-,keep,2021-05,2021-05-22 02:00:00,96,105.0,False,True
baseline_요일x시간 평균,-,keep,2021-05,2021-05-22 03:00:00,99,105.29411764705883,False,True
baseline_요일x시간 평균,-,keep,2021-05,2021-05-22 04:00:00,101,107.11764705882354,False,True
baseline_요일x시간 평균,-,keep,2021-05,2021-05-22 05:00:00,84,90.6470588235294,False,True
baseline_요일x시간 평균,-,keep,2021-05,2021-05-22 06:00:00,102,106.29411764705883,False,True
baseline_요일x시간 평균,-,keep,2021-05,2021-05-22 07:00:00,56,72.76470588235294,False,True
baseline_요일x시간 평균,-,keep,2021-05,2021-05-22 08:00:00,20,49.8235294117647,False,True
baseline_요일x시간 평균,-,keep,2021-05,2021-05-22 09:00:00,20,39.88235294117647,False,True
baseline_요일x시간 평균,-,keep,2021-05,2021-05-22 10:00:00,23,38.411764705882355,False,True
baseline_요일x시간 평균,-,keep,2021-05,2021-05-22 11:00:00,21,39.588235294117645,False,True
baseline_요일x시간 평균,-,keep,2021-05,2021-05-22 12:00:00,20,37.11764705882353,False,True
baseline_요일x시간 평균,-,keep,2021-05,2021-05-22 13:00:00,22,47.05882352941177,False,True
baseline_요일x시간 평균,-,keep,2021-05,2021-05-22 14:00:00,21,47.1764705882353,False,True
baseline_요일x시간 평균,-,keep,2021-05,2021-05-22 15:00:00,20,47.64705882352941,False,True
baseline_요일x시간 평균,-,keep,2021-05,2021-05-22 16:00:00,21,46.94117647058823,False,True
baseline_요일x시간 평균,-,keep,2021-05,2021-05-22 17:00:00,22,42.588235294117645,False,True
baseline_요일x시간 평균,-,keep,2021-05,2021-05-22 18:00:00,20,55.8235294117647,False,True
baseline_요일x시간 평균,-,keep,2021-05,2021-05-22 19:00:00,20,49.64705882352941,False,True
baseline_요일x시간 평균,-,keep,2021-05,2021-05-22 20:00:00,23,38.705882352941174,False,True
baseline_요일x시간 평균,-,keep,2021-05,2021-05-22 21:00:00,21,39.705882352941174,False,True
baseline_요일x시간 평균,-,keep,2021-05,2021-05-22 22:00:00,20,32.94117647058823,False,True
baseline_요일x시간 평균,-,keep,2021-05,2021-05-22 23:00:00,23,41.8235294117647,False,True
baseline_요일x시간 평균,-,keep,2021-05,2021-05-23 00:00:00,21,30.470588235294116,False,False
baseline_요일x시간 평균,-,keep,2021-05,2021-05-23 01:00:00,21,37.76470588235294,False,False
baseline_요일x시간 평균,-,keep,2021-05,2021-05-23 02:00:00,23,38.11764705882353,False,False
baseline_요일x시간 평균,-,keep,2021-05,2021-05-23 03:00:00,21,37.470588235294116,False,False
baseline_요일x시간 평균,-,keep,2021-05,2021-05-23 04:00:00,21,34.11764705882353,False,False
baseline_요일x시간 평균,-,keep,2021-05,2021-05-23 05:00:00,22,30.705882352941178,False,False
baseline_요일x시간 평균,-,keep,2021-05,2021-05-23 06:00:00,22,33.588235294117645,False,False
baseline_요일x시간 평균,-,keep,2021-05,2021-05-23 07:00:00,20,41.1764705882353,False,False
baseline_요일x시간 평균,-,keep,2021-05,2021-05-23 08:00:00,20,85.94117647058823,False,False
baseline_요일x시간 평균,-,keep,2021-05,2021-05-23 09:00:00,23,76.29411764705883,False,False
baseline_요일x시간 평균,-,keep,2021-05,2021-05-23 10:00:00,20,81.58823529411765,False,False
baseline_요일x시간 평균,-,keep,2021-05,2021-05-23 11:00:00,21,84.70588235294117,False,False
baseline_요일x시간 평균,-,keep,2021-05,2021-05-23 12:00:00,23,54.11764705882353,False,False
baseline_요일x시간 평균,-,keep,2021-05,2021-05-23 13:00:00,21,78.11764705882354,False,False
baseline_요일x시간 평균,-,keep,2021-05,2021-05-23 14:00:00,20,85.23529411764706,False,False
baseline_요일x시간 평균,-,keep,2021-05,2021-05-23 15:00:00,21,73.29411764705883,False,False
baseline_요일x시간 평균,-,keep,2021-05,2021-05-23 16:00:00,22,73.05882352941177,False,False
baseline_요일x시간 평균,-,keep,2021-05,2021-05-23 17:00:00,20,64.0,False,False
baseline_요일x시간 평균,-,keep,2021-05,2021-05-23 18:00:00,21,77.0,False,False
baseline_요일x시간 평균,-,keep,2021-05,2021-05-23 19:00:00,22,66.76470588235294,False,False
baseline_요일x시간 평균,-,keep,2021-05,2021-05-23 20:00:00,20,57.76470588235294,False,False
baseline_요일x시간 평균,-,keep,2021-05,2021-05-23 21:00:00,21,64.05882352941177,False,False
baseline_요일x시간 평균,-,keep,2021-05,2021-05-23 22:00:00,23,59.470588235294116,False,False
baseline_요일x시간 평균,-,keep,2021-05,2021-05-23 23:00:00,21,57.8235294117647,False,False
baseline_요일x시간 평균,-,keep,2021-05,2021-05-24 00:00:00,20,62.705882352941174,False,True
baseline_요일x시간 평균,-,keep,2021-05,2021-05-24 01:00:00,23,94.94117647058823,False,True
baseline_요일x시간 평균,-,keep,2021-05,2021-05-24 02:00:00,20,98.17647058823529,False,True
baseline_요일x시간 평균,-,keep,2021-05,2021-05-24 03:00:00,20,96.11764705882354,False,True
baseline_요일x시간 평균,-,keep,2021-05,2021-05-24 04:00:00,23,97.76470588235294,False,True
baseline_요일x시간 평균,-,keep,2021-05,2021-05-24 05:00:00,20,83.6470588235294,False,True
baseline_요일x시간 평균,-,keep,2021-05,2021-05-24 06:00:00,20,98.47058823529412,False,True
baseline_요일x시간 평균,-,keep,2021-05,2021-05-24 07:00:00,54,117.17647058823529,False,True
baseline_요일x시간 평균,-,keep,2021-05,2021-05-24 08:00:00,160,169.7058823529412,False,True
baseline_요일x시간 평균,-,keep,2021-05,2021-05-24 09:00:00,163,169.88235294117646,False,True
baseline_요일x시간 평균,-,keep,2021-05,2021-05-24 10:00:00,155,160.11764705882354,False,True
baseline_요일x시간 평균,-,keep,2021-05,2021-05-24 11:00:00,164,170.76470588235293,False,True
baseline_요일x시간 평균,-,keep,2021-05,2021-05-24 12:00:00,104,104.3529411764706,False,True
baseline_요일x시간 평균,-,keep,2021-05,2021-05-24 13:00:00,155,168.7058823529412,False,True
baseline_요일x시간 평균,-,keep,2021-05,2021-05-24 14:00:00,159,164.94117647058823,False,True
baseline_요일x시간 평균,-,keep,2021-05,2021-05-24 15:00:00,154,156.58823529411765,False,True
baseline_요일x시간 평균,-,keep,2021-05,2021-05-24 16:00:00,147,157.8235294117647,False,True
baseline_요일x시간 평균,-,keep,2021-05,2021-05-24 17:00:00,129,128.41176470588235,False,True
baseline_요일x시간 평균,-,keep,2021-05,2021-05-24 18:00:00,147,148.41176470588235,False,True
baseline_요일x시간 평균,-,keep,2021-05,2021-05-24 19:00:00,130,138.11764705882354,False,True
baseline_요일x시간 평균,-,keep,2021-05,2021-05-24 20:00:00,106,120.82352941176471,False,True
baseline_요일x시간 평균,-,keep,2021-05,2021-05-24 21:00:00,106,117.41176470588235,False,True
baseline_요일x시간 평균,-,keep,2021-05,2021-05-24 22:00:00,105,109.23529411764706,False,True
baseline_요일x시간 평균,-,keep,2021-05,2021-05-24 23:00:00,98,102.23529411764706,False,True
baseline_요일x시간 평균,-,keep,2021-05,2021-05-25 00:00:00,58,54.0,False,True
baseline_요일x시간 평균,-,keep,2021-05,2021-05-25 01:00:00,99,78.6470588235294,False,True
baseline_요일x시간 평균,-,keep,2021-05,2021-05-25 02:00:00,101,83.47058823529412,False,True
baseline_요일x시간 평균,-,keep,2021-05,2021-05-25 03:00:00,98,79.6470588235294,False,True
baseline_요일x시간 평균,-,keep,2021-05,2021-05-25 04:00:00,104,79.82352941176471,False,True
baseline_요일x시간 평균,-,keep,2021-05,2021-05-25 05:00:00,89,68.70588235294117,False,True
baseline_요일x시간 평균,-,keep,2021-05,2021-05-25 06:00:00,106,82.11764705882354,False,True
baseline_요일x시간 평균,-,keep,2021-05,2021-05-25 07:00:00,122,100.52941176470588,False,True
baseline_요일x시간 평균,-,keep,2021-05,2021-05-25 08:00:00,163,134.05882352941177,False,True
baseline_요일x시간 평균,-,keep,2021-05,2021-05-25 09:00:00,153,135.7058823529412,False,True
baseline_요일x시간 평균,-,keep,2021-05,2021-05-25 10:00:00,161,129.64705882352942,False,True
baseline_요일x시간 평균,-,keep,2021-05,2021-05-25 11:00:00,156,132.05882352941177,False,True
baseline_요일x시간 평균,-,keep,2021-05,2021-05-25 12:00:00,92,83.47058823529412,False,True
baseline_요일x시간 평균,-,keep,2021-05,2021-05-25 13:00:00,151,132.8235294117647,False,True
baseline_요일x시간 평균,-,keep,2021-05,2021-05-25 14:00:00,161,131.1764705882353,False,True
baseline_요일x시간 평균,-,keep,2021-05,2021-05-25 15:00:00,148,124.76470588235294,False,True
baseline_요일x시간 평균,-,keep,2021-05,2021-05-25 16:00:00,151,126.05882352941177,False,True
baseline_요일x시간 평균,-,keep,2021-05,2021-05-25 17:00:00,112,107.41176470588235,False,True
baseline_요일x시간 평균,-,keep,2021-05,2021-05-25 18:00:00,141,123.41176470588235,False,True
baseline_요일x시간 평균,-,keep,2021-05,2021-05-25 19:00:00,130,107.52941176470588,False,True
baseline_요일x시간 평균,-,keep,2021-05,2021-05-25 20:00:00,119,93.6470588235294,False,True
baseline_요일x시간 평균,-,keep,2021-05,2021-05-25 21:00:00,119,92.52941176470588,False,True
baseline_요일x시간 평균,-,keep,2021-05,2021-05-25 22:00:00,106,84.70588235294117,False,True
baseline_요일x시간 평균,-,keep,2021-05,2021-05-25 23:00:00,100,82.17647058823529,False,True
baseline_요일x시간 평균,-,keep,2021-05,2021-05-26 00:00:00,58,51.1764705882353,False,False
baseline_요일x시간 평균,-,keep,2021-05,2021-05-26 01:00:00,98,74.70588235294117,False,False
baseline_요일x시간 평균,-,keep,2021-05,2021-05-26 02:00:00,101,77.58823529411765,False,False
baseline_요일x시간 평균,-,keep,2021-05,2021-05-26 03:00:00,103,76.23529411764706,False,False
baseline_요일x시간 평균,-,keep,2021-05,2021-05-26 04:00:00,100,77.17647058823529,False,False
baseline_요일x시간 평균,-,keep,2021-05,2021-05-26 05:00:00,94,67.58823529411765,False,False
baseline_요일x시간 평균,-,keep,2021-05,2021-05-26 06:00:00,100,79.29411764705883,False,False
baseline_요일x시간 평균,-,keep,2021-05,2021-05-26 07:00:00,121,94.3529411764706,False,False
baseline_요일x시간 평균,-,keep,2021-05,2021-05-26 08:00:00,155,128.2941176470588,False,False
baseline_요일x시간 평균,-,keep,2021-05,2021-05-26 09:00:00,154,125.3529411764706,False,False
baseline_요일x시간 평균,-,keep,2021-05,2021-05-26 10:00:00,147,119.47058823529412,False,False
baseline_요일x시간 평균,-,keep,2021-05,2021-05-26 11:00:00,157,124.17647058823529,False,False
baseline_요일x시간 평균,-,keep,2021-05,2021-05-26 12:00:00,91,78.6470588235294,False,False
baseline_요일x시간 평균,-,keep,2021-05,2021-05-26 13:00:00,157,123.0,False,False
baseline_요일x시간 평균,-,keep,2021-05,2021-05-26 14:00:00,157,122.3529411764706,False,False
baseline_요일x시간 평균,-,keep,2021-05,2021-05-26 15:00:00,145,115.05882352941177,False,False
baseline_요일x시간 평균,-,keep,2021-05,2021-05-26 16:00:00,137,117.29411764705883,False,False
baseline_요일x시간 평균,-,keep,2021-05,2021-05-26 17:00:00,117,97.94117647058823,False,False
baseline_요일x시간 평균,-,keep,2021-05,2021-05-26 18:00:00,133,106.6470588235294,False,False
baseline_요일x시간 평균,-,keep,2021-05,2021-05-26 19:00:00,131,101.3529411764706,False,False
baseline_요일x시간 평균,-,keep,2021-05,2021-05-26 20:00:00,115,96.58823529411765,False,False
baseline_요일x시간 평균,-,keep,2021-05,2021-05-26 21:00:00,104,93.41176470588235,False,False
baseline_요일x시간 평균,-,keep,2021-05,2021-05-26 22:00:00,97,87.17647058823529,False,False
baseline_요일x시간 평균,-,keep,2021-05,2021-05-26 23:00:00,98,81.23529411764706,False,False
baseline_요일x시간 평균,-,keep,2021-05,2021-05-27 00:00:00,62,55.470588235294116,False,True
baseline_요일x시간 평균,-,keep,2021-05,2021-05-27 01:00:00,95,82.58823529411765,False,True
baseline_요일x시간 평균,-,keep,2021-05,2021-05-27 02:00:00,101,82.58823529411765,False,True
baseline_요일x시간 평균,-,keep,2021-05,2021-05-27 03:00:00,94,81.52941176470588,False,True
baseline_요일x시간 평균,-,keep,2021-05,2021-05-27 04:00:00,99,83.0,False,True
baseline_요일x시간 평균,-,keep,2021-05,2021-05-27 05:00:00,86,72.94117647058823,False,True
baseline_요일x시간 평균,-,keep,2021-05,2021-05-27 06:00:00,96,84.0,False,True
baseline_요일x시간 평균,-,keep,2021-05,2021-05-27 07:00:00,126,107.05882352941177,False,True
baseline_요일x시간 평균,-,keep,2021-05,2021-05-27 08:00:00,152,167.47058823529412,False,True
baseline_요일x시간 평균,-,keep,2021-05,2021-05-27 09:00:00,164,169.0,False,True
baseline_요일x시간 평균,-,keep,2021-05,2021-05-27 10:00:00,148,162.47058823529412,False,True
baseline_요일x시간 평균,-,keep,2021-05,2021-05-27 11:00:00,165,169.94117647058823,False,True
baseline_요일x시간 평균,-,keep,2021-05,2021-05-27 12:00:00,90,106.17647058823529,False,True
baseline_요일x시간 평균,-,keep,2021-05,2021-05-27 13:00:00,164,170.35294117647058,False,True
baseline_요일x시간 평균,-,keep,2021-05,2021-05-27 14:00:00,152,166.11764705882354,False,True
baseline_요일x시간 평균,-,keep,2021-05,2021-05-27 15:00:00,144,157.11764705882354,False,True
baseline_요일x시간 평균,-,keep,2021-05,2021-05-27 16:00:00,144,156.0,False,True
baseline_요일x시간 평균,-,keep,2021-05,2021-05-27 17:00:00,114,132.58823529411765,False,True
baseline_요일x시간 평균,-,keep,2021-05,2021-05-27 18:00:00,124,146.2941176470588,False,True
baseline_요일x시간 평균,-,keep,2021-05,2021-05-27 19:00:00,99,128.41176470588235,False,True
baseline_요일x시간 평균,-,keep,2021-05,2021-05-27 20:00:00,118,112.58823529411765,False,True
baseline_요일x시간 평균,-,keep,2021-05,2021-05-27 21:00:00,113,113.0,False,True
baseline_요일x시간 평균,-,keep,2021-05,2021-05-27 22:00:00,102,108.23529411764706,False,True
baseline_요일x시간 평균,-,keep,2021-05,2021-05-27 23:00:00,97,100.3529411764706,False,True
baseline_요일x시간 평균,-,keep,2021-05,2021-05-28 00:00:00,61,53.77777777777778,False,True
baseline_요일x시간 평균,-,keep,2021-05,2021-05-28 01:00:00,100,81.61111111111111,False,True
baseline_요일x시간 평균,-,keep,2021-05,2021-05-28 02:00:00,102,83.61111111111111,False,True
baseline_요일x시간 평균,-,keep,2021-05,2021-05-28 03:00:00,99,81.22222222222223,False,True
baseline_요일x시간 평균,-,keep,2021-05,2021-05-28 04:00:00,105,83.77777777777777,False,True
baseline_요일x시간 평균,-,keep,2021-05,2021-05-28 05:00:00,92,71.05555555555556,False,True
baseline_요일x시간 평균,-,keep,2021-05,2021-05-28 06:00:00,109,83.66666666666667,False,True
baseline_요일x시간 평균,-,keep,2021-05,2021-05-28 07:00:00,115,81.5,False,True
baseline_요일x시간 평균,-,keep,2021-05,2021-05-28 08:00:00,164,97.77777777777777,False,True
baseline_요일x시간 평균,-,keep,2021-05,2021-05-28 09:00:00,160,94.05555555555556,False,True
baseline_요일x시간 평균,-,keep,2021-05,2021-05-28 10:00:00,151,91.66666666666667,False,True
baseline_요일x시간 평균,-,keep,2021-05,2021-05-28 11:00:00,167,96.11111111111111,False,True
baseline_요일x시간 평균,-,keep,2021-05,2021-05-28 12:00:00,98,63.111111111111114,False,True
baseline_요일x시간 평균,-,keep,2021-05,2021-05-28 13:00:00,162,93.83333333333333,False,True
baseline_요일x시간 평균,-,keep,2021-05,2021-05-28 14:00:00,151,94.16666666666667,False,True
baseline_요일x시간 평균,-,keep,2021-05,2021-05-28 15:00:00,140,89.05555555555556,False,True
baseline_요일x시간 평균,-,keep,2021-05,2021-05-28 16:00:00,137,90.11111111111111,False,True
baseline_요일x시간 평균,-,keep,2021-05,2021-05-28 17:00:00,125,73.27777777777777,False,True
baseline_요일x시간 평균,-,keep,2021-05,2021-05-28 18:00:00,148,88.22222222222223,False,True
baseline_요일x시간 평균,-,keep,2021-05,2021-05-28 19:00:00,117,84.27777777777777,False,True
baseline_요일x시간 평균,-,keep,2021-05,2021-05-28 20:00:00,105,73.27777777777777,False,True
baseline_요일x시간 평균,-,keep,2021-05,2021-05-28 21:00:00,111,72.0,False,True
baseline_요일x시간 평균,-,keep,2021-05,2021-05-28 22:00:00,103,65.44444444444444,False,True
baseline_요일x시간 평균,-,keep,2021-05,2021-05-28 23:00:00,95,62.611111111111114,False,True
baseline_요일x시간 평균,-,keep,2021-05,2021-05-29 00:00:00,61,64.52941176470588,False,False
baseline_요일x시간 평균,-,keep,2021-05,2021-05-29 01:00:00,99,104.47058823529412,False,False
baseline_요일x시간 평균,-,keep,2021-05,2021-05-29 02:00:00,95,105.0,False,False
baseline_요일x시간 평균,-,keep,2021-05,2021-05-29 03:00:00,96,105.29411764705883,False,False
baseline_요일x시간 평균,-,keep,2021-05,2021-05-29 04:00:00,102,107.11764705882354,False,False
baseline_요일x시간 평균,-,keep,2021-05,2021-05-29 05:00:00,88,90.6470588235294,False,False
baseline_요일x시간 평균,-,keep,2021-05,2021-05-29 06:00:00,100,106.29411764705883,False,False
baseline_요일x시간 평균,-,keep,2021-05,2021-05-29 07:00:00,65,72.76470588235294,False,False
baseline_요일x시간 평균,-,keep,2021-05,2021-05-29 08:00:00,23,49.8235294117647,False,False
baseline_요일x시간 평균,-,keep,2021-05,2021-05-29 09:00:00,21,39.88235294117647,False,False
baseline_요일x시간 평균,-,keep,2021-05,2021-05-29 10:00:00,21,38.411764705882355,False,False
baseline_요일x시간 평균,-,keep,2021-05,2021-05-29 11:00:00,23,39.588235294117645,False,False
baseline_요일x시간 평균,-,keep,2021-05,2021-05-29 12:00:00,21,37.11764705882353,False,False
baseline_요일x시간 평균,-,keep,2021-05,2021-05-29 13:00:00,21,47.05882352941177,False,False
baseline_요일x시간 평균,-,keep,2021-05,2021-05-29 14:00:00,23,47.1764705882353,False,False
baseline_요일x시간 평균,-,keep,2021-05,2021-05-29 15:00:00,22,47.64705882352941,False,False
baseline_요일x시간 평균,-,keep,2021-05,2021-05-29 16:00:00,21,46.94117647058823,False,False
baseline_요일x시간 평균,-,keep,2021-05,2021-05-29 17:00:00,22,42.588235294117645,False,False
baseline_요일x시간 평균,-,keep,2021-05,2021-05-29 18:00:00,23,55.8235294117647,False,False
baseline_요일x시간 평균,-,keep,2021-05,2021-05-29 19:00:00,21,49.64705882352941,False,False
baseline_요일x시간 평균,-,keep,2021-05,2021-05-29 20:00:00,21,38.705882352941174,False,False
baseline_요일x시간 평균,-,keep,2021-05,2021-05-29 21:00:00,23,39.705882352941174,False,False
baseline_요일x시간 평균,-,keep,2021-05,2021-05-29 22:00:00,21,32.94117647058823,False,False
baseline_요일x시간 평균,-,keep,2021-05,2021-05-29 23:00:00,21,41.8235294117647,False,False
baseline_요일x시간 평균,-,keep,2021-05,2021-05-30 00:00:00,24,30.470588235294116,False,True
baseline_요일x시간 평균,-,keep,2021-05,2021-05-30 01:00:00,21,37.76470588235294,False,True
baseline_요일x시간 평균,-,keep,2021-05,2021-05-30 02:00:00,21,38.11764705882353,False,True
baseline_요일x시간 평균,-,keep,2021-05,2021-05-30 03:00:00,23,37.470588235294116,False,True
baseline_요일x시간 평균,-,keep,2021-05,2021-05-30 04:00:00,23,34.11764705882353,False,True
baseline_요일x시간 평균,-,keep,2021-05,2021-05-30 05:00:00,21,30.705882352941178,False,True
baseline_요일x시간 평균,-,keep,2021-05,2021-05-30 06:00:00,21,33.588235294117645,False,True
baseline_요일x시간 평균,-,keep,2021-05,2021-05-30 07:00:00,24,41.1764705882353,False,True
baseline_요일x시간 평균,-,keep,2021-05,2021-05-30 08:00:00,21,85.94117647058823,False,True
baseline_요일x시간 평균,-,keep,2021-05,2021-05-30 09:00:00,21,76.29411764705883,False,True
baseline_요일x시간 평균,-,keep,2021-05,2021-05-30 10:00:00,23,81.58823529411765,False,True
baseline_요일x시간 평균,-,keep,2021-05,2021-05-30 11:00:00,22,84.70588235294117,False,True
baseline_요일x시간 평균,-,keep,2021-05,2021-05-30 12:00:00,21,54.11764705882353,False,True
baseline_요일x시간 평균,-,keep,2021-05,2021-05-30 13:00:00,21,78.11764705882354,False,True
baseline_요일x시간 평균,-,keep,2021-05,2021-05-30 14:00:00,23,85.23529411764706,False,True
baseline_요일x시간 평균,-,keep,2021-05,2021-05-30 15:00:00,21,73.29411764705883,False,True
baseline_요일x시간 평균,-,keep,2021-05,2021-05-30 16:00:00,21,73.05882352941177,False,True
baseline_요일x시간 평균,-,keep,2021-05,2021-05-30 17:00:00,23,64.0,False,True
baseline_요일x시간 평균,-,keep,2021-05,2021-05-30 18:00:00,21,77.0,False,True
baseline_요일x시간 평균,-,keep,2021-05,2021-05-30 19:00:00,21,66.76470588235294,False,True
baseline_요일x시간 평균,-,keep,2021-05,2021-05-30 20:00:00,23,57.76470588235294,False,True
baseline_요일x시간 평균,-,keep,2021-05,2021-05-30 21:00:00,21,64.05882352941177,False,True
baseline_요일x시간 평균,-,keep,2021-05,2021-05-30 22:00:00,21,59.470588235294116,False,True
baseline_요일x시간 평균,-,keep,2021-05,2021-05-30 23:00:00,24,57.8235294117647,False,True
baseline_요일x시간 평균,-,keep,2021-05,2021-05-31 00:00:00,21,62.705882352941174,False,False
baseline_요일x시간 평균,-,keep,2021-05,2021-05-31 01:00:00,21,94.94117647058823,False,False
baseline_요일x시간 평균,-,keep,2021-05,2021-05-31 02:00:00,21,98.17647058823529,False,False
baseline_요일x시간 평균,-,keep,2021-05,2021-05-31 03:00:00,23,96.11764705882354,False,False
baseline_요일x시간 평균,-,keep,2021-05,2021-05-31 04:00:00,21,97.76470588235294,False,False
baseline_요일x시간 평균,-,keep,2021-05,2021-05-31 05:00:00,21,83.6470588235294,False,False
baseline_요일x시간 평균,-,keep,2021-05,2021-05-31 06:00:00,24,98.47058823529412,False,False
baseline_요일x시간 평균,-,keep,2021-05,2021-05-31 07:00:00,49,117.17647058823529,False,False
baseline_요일x시간 평균,-,keep,2021-05,2021-05-31 08:00:00,160,169.7058823529412,False,False
baseline_요일x시간 평균,-,keep,2021-05,2021-05-31 09:00:00,169,169.88235294117646,False,False
baseline_요일x시간 평균,-,keep,2021-05,2021-05-31 10:00:00,160,160.11764705882354,False,False
baseline_요일x시간 평균,-,keep,2021-05,2021-05-31 11:00:00,167,170.76470588235293,False,False
baseline_요일x시간 평균,-,keep,2021-05,2021-05-31 12:00:00,104,104.3529411764706,False,False
baseline_요일x시간 평균,-,keep,2021-05,2021-05-31 13:00:00,159,168.7058823529412,False,False
baseline_요일x시간 평균,-,keep,2021-05,2021-05-31 14:00:00,156,164.94117647058823,False,False
baseline_요일x시간 평균,-,keep,2021-05,2021-05-31 15:00:00,142,156.58823529411765,False,False
baseline_요일x시간 평균,-,keep,2021-05,2021-05-31 16:00:00,147,157.8235294117647,False,False
baseline_요일x시간 평균,-,keep,2021-05,2021-05-31 17:00:00,125,128.41176470588235,False,False
baseline_요일x시간 평균,-,keep,2021-05,2021-05-31 18:00:00,157,148.41176470588235,False,False
baseline_요일x시간 평균,-,keep,2021-05,2021-05-31 19:00:00,146,138.11764705882354,False,False
baseline_요일x시간 평균,-,keep,2021-05,2021-05-31 20:00:00,113,120.82352941176471,False,False
baseline_요일x시간 평균,-,keep,2021-05,2021-05-31 21:00:00,113,117.41176470588235,False,False
baseline_요일x시간 평균,-,keep,2021-05,2021-05-31 22:00:00,103,109.23529411764706,False,False
baseline_요일x시간 평균,-,keep,2021-05,2021-05-31 23:00:00,99,102.23529411764706,False,False
baseline_요일x시간 평균,-,keep,2021-06,2021-06-01 00:00:00,61,55.666666666666664,False,True
baseline_요일x시간 평균,-,keep,2021-06,2021-06-01 01:00:00,99,82.61904761904762,False,True
baseline_요일x시간 평균,-,keep,2021-06,2021-06-01 02:00:00,104,87.33333333333333,False,True
baseline_요일x시간 평균,-,keep,2021-06,2021-06-01 03:00:00,103,83.0952380952381,False,True
baseline_요일x시간 평균,-,keep,2021-06,2021-06-01 04:00:00,105,83.42857142857143,False,True
baseline_요일x시간 평균,-,keep,2021-06,2021-06-01 05:00:00,90,72.38095238095238,False,True
baseline_요일x시간 평균,-,keep,2021-06,2021-06-01 06:00:00,109,86.42857142857143,False,True
baseline_요일x시간 평균,-,keep,2021-06,2021-06-01 07:00:00,122,104.57142857142857,False,True
baseline_요일x시간 평균,-,keep,2021-06,2021-06-01 08:00:00,179,140.66666666666666,True,True
baseline_요일x시간 평균,-,keep,2021-06,2021-06-01 09:00:00,173,141.52380952380952,True,True
baseline_요일x시간 평균,-,keep,2021-06,2021-06-01 10:00:00,171,135.47619047619048,True,True
baseline_요일x시간 평균,-,keep,2021-06,2021-06-01 11:00:00,174,138.57142857142858,True,True
baseline_요일x시간 평균,-,keep,2021-06,2021-06-01 12:00:00,94,86.38095238095238,False,True
baseline_요일x시간 평균,-,keep,2021-06,2021-06-01 13:00:00,170,139.38095238095238,False,True
baseline_요일x시간 평균,-,keep,2021-06,2021-06-01 14:00:00,165,137.0952380952381,False,True
baseline_요일x시간 평균,-,keep,2021-06,2021-06-01 15:00:00,152,130.52380952380952,False,True
baseline_요일x시간 평균,-,keep,2021-06,2021-06-01 16:00:00,162,131.0952380952381,False,True
baseline_요일x시간 평균,-,keep,2021-06,2021-06-01 17:00:00,124,109.38095238095238,False,True
baseline_요일x시간 평균,-,keep,2021-06,2021-06-01 18:00:00,147,127.9047619047619,False,True
baseline_요일x시간 평균,-,keep,2021-06,2021-06-01 19:00:00,144,113.9047619047619,False,True
baseline_요일x시간 평균,-,keep,2021-06,2021-06-01 20:00:00,121,98.95238095238095,False,True
baseline_요일x시간 평균,-,keep,2021-06,2021-06-01 21:00:00,121,97.80952380952381,False,True
baseline_요일x시간 평균,-,keep,2021-06,2021-06-01 22:00:00,106,88.47619047619048,False,True
baseline_요일x시간 평균,-,keep,2021-06,2021-06-01 23:00:00,99,85.33333333333333,False,True
baseline_요일x시간 평균,-,keep,2021-06,2021-06-02 00:00:00,62,53.42857142857143,False,True
baseline_요일x시간 평균,-,keep,2021-06,2021-06-02 01:00:00,102,79.04761904761905,False,True
baseline_요일x시간 평균,-,keep,2021-06,2021-06-02 02:00:00,109,82.71428571428571,False,True
baseline_요일x시간 평균,-,keep,2021-06,2021-06-02 03:00:00,104,80.66666666666667,False,True
baseline_요일x시간 평균,-,keep,2021-06,2021-06-02 04:00:00,100,82.14285714285714,False,True
baseline_요일x시간 평균,-,keep,2021-06,2021-06-02 05:00:00,85,71.52380952380952,False,True
baseline_요일x시간 평균,-,keep,2021-06,2021-06-02 06:00:00,103,83.33333333333333,False,True
baseline_요일x시간 평균,-,keep,2021-06,2021-06-02 07:00:00,132,93.71428571428571,False,True
baseline_요일x시간 평균,-,keep,2021-06,2021-06-02 08:00:00,172,121.28571428571429,True,True
baseline_요일x시간 평균,-,keep,2021-06,2021-06-02 09:00:00,177,118.52380952380952,True,True
baseline_요일x시간 평균,-,keep,2021-06,2021-06-02 10:00:00,173,112.9047619047619,True,True
baseline_요일x시간 평균,-,keep,2021-06,2021-06-02 11:00:00,168,118.0,False,True
baseline_요일x시간 평균,-,keep,2021-06,2021-06-02 12:00:00,103,74.47619047619048,False,True
baseline_요일x시간 평균,-,keep,2021-06,2021-06-02 13:00:00,182,117.66666666666667,True,True
baseline_요일x시간 평균,-,keep,2021-06,2021-06-02 14:00:00,177,116.28571428571429,True,True
baseline_요일x시간 평균,-,keep,2021-06,2021-06-02 15:00:00,156,109.28571428571429,False,True
baseline_요일x시간 평균,-,keep,2021-06,2021-06-02 16:00:00,167,111.23809523809524,False,True
baseline_요일x시간 평균,-,keep,2021-06,2021-06-02 17:00:00,136,93.14285714285714,False,True
baseline_요일x시간 평균,-,keep,2021-06,2021-06-02 18:00:00,152,102.14285714285714,False,True
baseline_요일x시간 평균,-,keep,2021-06,2021-06-02 19:00:00,128,96.33333333333333,False,True
baseline_요일x시간 평균,-,keep,2021-06,2021-06-02 20:00:00,113,90.80952380952381,False,True
baseline_요일x시간 평균,-,keep,2021-06,2021-06-02 21:00:00,111,87.85714285714286,False,True
baseline_요일x시간 평균,-,keep,2021-06,2021-06-02 22:00:00,101,82.19047619047619,False,True
baseline_요일x시간 평균,-,keep,2021-06,2021-06-02 23:00:00,96,77.42857142857143,False,True
baseline_요일x시간 평균,-,keep,2021-06,2021-06-03 00:00:00,66,53.142857142857146,False,True
baseline_요일x시간 평균,-,keep,2021-06,2021-06-03 01:00:00,105,78.04761904761905,False,True
baseline_요일x시간 평균,-,keep,2021-06,2021-06-03 02:00:00,113,78.71428571428571,False,True
baseline_요일x시간 평균,-,keep,2021-06,2021-06-03 03:00:00,105,77.23809523809524,False,True
baseline_요일x시간 평균,-,keep,2021-06,2021-06-03 04:00:00,106,78.85714285714286,False,True
baseline_요일x시간 평균,-,keep,2021-06,2021-06-03 05:00:00,91,69.52380952380952,False,True
baseline_요일x시간 평균,-,keep,2021-06,2021-06-03 06:00:00,112,79.42857142857143,False,True
baseline_요일x시간 평균,-,keep,2021-06,2021-06-03 07:00:00,129,103.95238095238095,False,True
baseline_요일x시간 평균,-,keep,2021-06,2021-06-03 08:00:00,170,167.57142857142858,False,True
baseline_요일x시간 평균,-,keep,2021-06,2021-06-03 09:00:00,170,168.95238095238096,False,True
baseline_요일x시간 평균,-,keep,2021-06,2021-06-03 10:00:00,156,161.42857142857142,False,True
baseline_요일x시간 평균,-,keep,2021-06,2021-06-03 11:00:00,162,169.57142857142858,False,True
baseline_요일x시간 평균,-,keep,2021-06,2021-06-03 12:00:00,102,104.66666666666667,False,True
baseline_요일x시간 평균,-,keep,2021-06,2021-06-03 13:00:00,158,169.52380952380952,False,True
baseline_요일x시간 평균,-,keep,2021-06,2021-06-03 14:00:00,159,164.85714285714286,False,True
baseline_요일x시간 평균,-,keep,2021-06,2021-06-03 15:00:00,151,155.1904761904762,False,True
baseline_요일x시간 평균,-,keep,2021-06,2021-06-03 16:00:00,160,155.0952380952381,False,True
baseline_요일x시간 평균,-,keep,2021-06,2021-06-03 17:00:00,132,128.33333333333334,False,True
baseline_요일x시간 평균,-,keep,2021-06,2021-06-03 18:00:00,132,140.1904761904762,False,True
baseline_요일x시간 평균,-,keep,2021-06,2021-06-03 19:00:00,115,124.14285714285714,False,True
baseline_요일x시간 평균,-,keep,2021-06,2021-06-03 20:00:00,122,114.42857142857143,False,True
baseline_요일x시간 평균,-,keep,2021-06,2021-06-03 21:00:00,123,113.57142857142857,False,True
baseline_요일x시간 평균,-,keep,2021-06,2021-06-03 22:00:00,113,108.14285714285714,False,True
baseline_요일x시간 평균,-,keep,2021-06,2021-06-03 23:00:00,105,100.04761904761905,False,True
baseline_요일x시간 평균,-,keep,2021-06,2021-06-04 00:00:00,68,55.63636363636363,False,True
baseline_요일x시간 평균,-,keep,2021-06,2021-06-04 01:00:00,108,84.86363636363636,False,True
baseline_요일x시간 평균,-,keep,2021-06,2021-06-04 02:00:00,110,87.4090909090909,False,True
baseline_요일x시간 평균,-,keep,2021-06,2021-06-04 03:00:00,107,84.5909090909091,False,True
baseline_요일x시간 평균,-,keep,2021-06,2021-06-04 04:00:00,109,86.9090909090909,False,True
baseline_요일x시간 평균,-,keep,2021-06,2021-06-04 05:00:00,90,74.31818181818181,False,True
baseline_요일x시간 평균,-,keep,2021-06,2021-06-04 06:00:00,109,87.45454545454545,False,True
baseline_요일x시간 평균,-,keep,2021-06,2021-06-04 07:00:00,128,88.0,False,True
baseline_요일x시간 평균,-,keep,2021-06,2021-06-04 08:00:00,156,108.9090909090909,False,True
baseline_요일x시간 평균,-,keep,2021-06,2021-06-04 09:00:00,160,104.86363636363636,False,True
baseline_요일x시간 평균,-,keep,2021-06,2021-06-04 10:00:00,157,101.9090909090909,False,True
baseline_요일x시간 평균,-,keep,2021-06,2021-06-04 11:00:00,149,107.54545454545455,False,True
baseline_요일x시간 평균,-,keep,2021-06,2021-06-04 12:00:00,89,69.27272727272727,False,True
baseline_요일x시간 평균,-,keep,2021-06,2021-06-04 13:00:00,155,105.31818181818181,False,True
baseline_요일x시간 평균,-,keep,2021-06,2021-06-04 14:00:00,152,104.31818181818181,False,True
baseline_요일x시간 평균,-,keep,2021-06,2021-06-04 15:00:00,140,97.5,False,True
baseline_요일x시간 평균,-,keep,2021-06,2021-06-04 16:00:00,142,99.22727272727273,False,True
baseline_요일x시간 평균,-,keep,2021-06,2021-06-04 17:00:00,122,81.54545454545455,False,True
baseline_요일x시간 평균,-,keep,2021-06,2021-06-04 18:00:00,139,96.45454545454545,False,True
baseline_요일x시간 평균,-,keep,2021-06,2021-06-04 19:00:00,113,90.31818181818181,False,True
baseline_요일x시간 평균,-,keep,2021-06,2021-06-04 20:00:00,101,78.9090909090909,False,True
baseline_요일x시간 평균,-,keep,2021-06,2021-06-04 21:00:00,108,78.36363636363636,False,True
baseline_요일x시간 평균,-,keep,2021-06,2021-06-04 22:00:00,107,72.04545454545455,False,True
baseline_요일x시간 평균,-,keep,2021-06,2021-06-04 23:00:00,97,67.68181818181819,False,True
baseline_요일x시간 평균,-,keep,2021-06,2021-06-05 00:00:00,63,63.72727272727273,False,True
baseline_요일x시간 평균,-,keep,2021-06,2021-06-05 01:00:00,105,103.77272727272727,False,True
baseline_요일x시간 평균,-,keep,2021-06,2021-06-05 02:00:00,104,103.9090909090909,False,True
baseline_요일x시간 평균,-,keep,2021-06,2021-06-05 03:00:00,105,103.68181818181819,False,True
baseline_요일x시간 평균,-,keep,2021-06,2021-06-05 04:00:00,107,106.04545454545455,False,True
baseline_요일x시간 평균,-,keep,2021-06,2021-06-05 05:00:00,92,89.36363636363636,False,True
baseline_요일x시간 평균,-,keep,2021-06,2021-06-05 06:00:00,107,105.0909090909091,False,True
baseline_요일x시간 평균,-,keep,2021-06,2021-06-05 07:00:00,61,71.0,False,True
baseline_요일x시간 평균,-,keep,2021-06,2021-06-05 08:00:00,24,43.59090909090909,False,True
baseline_요일x시간 평균,-,keep,2021-06,2021-06-05 09:00:00,22,35.54545454545455,False,True
baseline_요일x시간 평균,-,keep,2021-06,2021-06-05 10:00:00,22,34.54545454545455,False,True
baseline_요일x시간 평균,-,keep,2021-06,2021-06-05 11:00:00,25,35.77272727272727,False,True
baseline_요일x시간 평균,-,keep,2021-06,2021-06-05 12:00:00,22,33.5,False,True
baseline_요일x시간 평균,-,keep,2021-06,2021-06-05 13:00:00,22,41.13636363636363,False,True
baseline_요일x시간 평균,-,keep,2021-06,2021-06-05 14:00:00,23,41.40909090909091,False,True
baseline_요일x시간 평균,-,keep,2021-06,2021-06-05 15:00:00,25,41.77272727272727,False,True
baseline_요일x시간 평균,-,keep,2021-06,2021-06-05 16:00:00,23,41.09090909090909,False,True
baseline_요일x시간 평균,-,keep,2021-06,2021-06-05 17:00:00,22,37.77272727272727,False,True
baseline_요일x시간 평균,-,keep,2021-06,2021-06-05 18:00:00,25,48.22727272727273,False,True
baseline_요일x시간 평균,-,keep,2021-06,2021-06-05 19:00:00,22,43.09090909090909,False,True
baseline_요일x시간 평균,-,keep,2021-06,2021-06-05 20:00:00,22,34.77272727272727,False,True
baseline_요일x시간 평균,-,keep,2021-06,2021-06-05 21:00:00,24,35.95454545454545,False,True
baseline_요일x시간 평균,-,keep,2021-06,2021-06-05 22:00:00,23,30.272727272727273,False,True
baseline_요일x시간 평균,-,keep,2021-06,2021-06-05 23:00:00,22,37.22727272727273,False,True
baseline_요일x시간 평균,-,keep,2021-06,2021-06-06 00:00:00,22,28.5,False,True
baseline_요일x시간 평균,-,keep,2021-06,2021-06-06 01:00:00,25,34.22727272727273,False,True
baseline_요일x시간 평균,-,keep,2021-06,2021-06-06 02:00:00,22,34.45454545454545,False,True
baseline_요일x시간 평균,-,keep,2021-06,2021-06-06 03:00:00,22,33.86363636363637,False,True
baseline_요일x시간 평균,-,keep,2021-06,2021-06-06 04:00:00,24,31.5,False,True
baseline_요일x시간 평균,-,keep,2021-06,2021-06-06 05:00:00,22,28.636363636363637,False,True
baseline_요일x시간 평균,-,keep,2021-06,2021-06-06 06:00:00,22,30.863636363636363,False,True
baseline_요일x시간 평균,-,keep,2021-06,2021-06-06 07:00:00,24,38.72727272727273,False,True
baseline_요일x시간 평균,-,keep,2021-06,2021-06-06 08:00:00,22,78.22727272727273,False,True
baseline_요일x시간 평균,-,keep,2021-06,2021-06-06 09:00:00,23,70.0,False,True
baseline_요일x시간 평균,-,keep,2021-06,2021-06-06 10:00:00,23,74.0909090909091,False,True
baseline_요일x시간 평균,-,keep,2021-06,2021-06-06 11:00:00,24,76.81818181818181,False,True
baseline_요일x시간 평균,-,keep,2021-06,2021-06-06 12:00:00,22,50.5,False,True
baseline_요일x시간 평균,-,keep,2021-06,2021-06-06 13:00:00,22,71.31818181818181,False,True
baseline_요일x시간 평균,-,keep,2021-06,2021-06-06 14:00:00,24,76.86363636363636,False,True
baseline_요일x시간 평균,-,keep,2021-06,2021-06-06 15:00:00,22,66.81818181818181,False,True
baseline_요일x시간 평균,-,keep,2021-06,2021-06-06 16:00:00,23,67.18181818181819,False,True
baseline_요일x시간 평균,-,keep,2021-06,2021-06-06 17:00:00,23,59.31818181818182,False,True
baseline_요일x시간 평균,-,keep,2021-06,2021-06-06 18:00:00,23,70.4090909090909,False,True
baseline_요일x시간 평균,-,keep,2021-06,2021-06-06 19:00:00,22,61.81818181818182,False,True
baseline_요일x시간 평균,-,keep,2021-06,2021-06-06 20:00:00,22,53.63636363636363,False,True
baseline_요일x시간 평균,-,keep,2021-06,2021-06-06 21:00:00,25,58.81818181818182,False,True
baseline_요일x시간 평균,-,keep,2021-06,2021-06-06 22:00:00,23,54.90909090909091,False,True
baseline_요일x시간 평균,-,keep,2021-06,2021-06-06 23:00:00,23,53.27272727272727,False,True
baseline_요일x시간 평균,-,keep,2021-06,2021-06-07 00:00:00,23,53.40909090909091,False,True
baseline_요일x시간 평균,-,keep,2021-06,2021-06-07 01:00:00,23,78.27272727272727,False,True
baseline_요일x시간 평균,-,keep,2021-06,2021-06-07 02:00:00,22,80.72727272727273,False,True
baseline_요일x시간 평균,-,keep,2021-06,2021-06-07 03:00:00,22,79.31818181818181,False,True
baseline_요일x시간 평균,-,keep,2021-06,2021-06-07 04:00:00,24,80.45454545454545,False,True
baseline_요일x시간 평균,-,keep,2021-06,2021-06-07 05:00:00,22,69.45454545454545,False,True
baseline_요일x시간 평균,-,keep,2021-06,2021-06-07 06:00:00,22,81.22727272727273,False,True
baseline_요일x시간 평균,-,keep,2021-06,2021-06-07 07:00:00,56,103.0909090909091,False,True
baseline_요일x시간 평균,-,keep,2021-06,2021-06-07 08:00:00,171,169.5909090909091,True,True
baseline_요일x시간 평균,-,keep,2021-06,2021-06-07 09:00:00,166,168.54545454545453,False,True
baseline_요일x시간 평균,-,keep,2021-06,2021-06-07 10:00:00,161,159.4090909090909,False,True
baseline_요일x시간 평균,-,keep,2021-06,2021-06-07 11:00:00,168,170.04545454545453,False,True
baseline_요일x시간 평균,-,keep,2021-06,2021-06-07 12:00:00,115,104.45454545454545,False,True
baseline_요일x시간 평균,-,keep,2021-06,2021-06-07 13:00:00,175,167.6818181818182,True,True
baseline_요일x시간 평균,-,keep,2021-06,2021-06-07 14:00:00,175,163.77272727272728,True,True
baseline_요일x시간 평균,-,keep,2021-06,2021-06-07 15:00:00,163,155.0,False,True
baseline_요일x시간 평균,-,keep,2021-06,2021-06-07 16:00:00,165,156.27272727272728,False,True
baseline_요일x시간 평균,-,keep,2021-06,2021-06-07 17:00:00,136,128.27272727272728,False,True
baseline_요일x시간 평균,-,keep,2021-06,2021-06-07 18:00:00,152,148.72727272727272,False,True
baseline_요일x시간 평균,-,keep,2021-06,2021-06-07 19:00:00,130,137.0909090909091,False,True
baseline_요일x시간 평균,-,keep,2021-06,2021-06-07 20:00:00,108,117.72727272727273,False,True
baseline_요일x시간 평균,-,keep,2021-06,2021-06-07 21:00:00,111,114.9090909090909,False,True
baseline_요일x시간 평균,-,keep,2021-06,2021-06-07 22:00:00,95,107.95454545454545,False,True
baseline_요일x시간 평균,-,keep,2021-06,2021-06-07 23:00:00,98,101.0,False,True
baseline_요일x시간 평균,-,keep,2021-06,2021-06-08 00:00:00,63,55.666666666666664,False,True
baseline_요일x시간 평균,-,keep,2021-06,2021-06-08 01:00:00,99,82.61904761904762,False,True
baseline_요일x시간 평균,-,keep,2021-06,2021-06-08 02:00:00,103,87.33333333333333,False,True
baseline_요일x시간 평균,-,keep,2021-06,2021-06-08 03:00:00,100,83.0952380952381,False,True
baseline_요일x시간 평균,-,keep,2021-06,2021-06-08 04:00:00,105,83.42857142857143,False,True
baseline_요일x시간 평균,-,keep,2021-06,2021-06-08 05:00:00,87,72.38095238095238,False,True
baseline_요일x시간 평균,-,keep,2021-06,2021-06-08 06:00:00,98,86.42857142857143,False,True
baseline_요일x시간 평균,-,keep,2021-06,2021-06-08 07:00:00,93,104.57142857142857,False,True
baseline_요일x시간 평균,-,keep,2021-06,2021-06-08 08:00:00,154,140.66666666666666,False,True
baseline_요일x시간 평균,-,keep,2021-06,2021-06-08 09:00:00,160,141.52380952380952,False,True
baseline_요일x시간 평균,-,keep,2021-06,2021-06-08 10:00:00,142,135.47619047619048,False,True
baseline_요일x시간 평균,-,keep,2021-06,2021-06-08 11:00:00,164,138.57142857142858,False,True
baseline_요일x시간 평균,-,keep,2021-06,2021-06-08 12:00:00,103,86.38095238095238,False,True
baseline_요일x시간 평균,-,keep,2021-06,2021-06-08 13:00:00,165,139.38095238095238,False,True
baseline_요일x시간 평균,-,keep,2021-06,2021-06-08 14:00:00,166,137.0952380952381,False,True
baseline_요일x시간 평균,-,keep,2021-06,2021-06-08 15:00:00,161,130.52380952380952,False,True
baseline_요일x시간 평균,-,keep,2021-06,2021-06-08 16:00:00,158,131.0952380952381,False,True
baseline_요일x시간 평균,-,keep,2021-06,2021-06-08 17:00:00,136,109.38095238095238,False,True
baseline_요일x시간 평균,-,keep,2021-06,2021-06-08 18:00:00,154,127.9047619047619,False,True
baseline_요일x시간 평균,-,keep,2021-06,2021-06-08 19:00:00,142,113.9047619047619,False,True
baseline_요일x시간 평균,-,keep,2021-06,2021-06-08 20:00:00,129,98.95238095238095,False,True
baseline_요일x시간 평균,-,keep,2021-06,2021-06-08 21:00:00,121,97.80952380952381,False,True
baseline_요일x시간 평균,-,keep,2021-06,2021-06-08 22:00:00,107,88.47619047619048,False,True
baseline_요일x시간 평균,-,keep,2021-06,2021-06-08 23:00:00,101,85.33333333333333,False,True
baseline_요일x시간 평균,-,keep,2021-06,2021-06-09 00:00:00,68,53.42857142857143,False,True
baseline_요일x시간 평균,-,keep,2021-06,2021-06-09 01:00:00,99,79.04761904761905,False,True
baseline_요일x시간 평균,-,keep,2021-06,2021-06-09 02:00:00,104,82.71428571428571,False,True
baseline_요일x시간 평균,-,keep,2021-06,2021-06-09 03:00:00,103,80.66666666666667,False,True
baseline_요일x시간 평균,-,keep,2021-06,2021-06-09 04:00:00,100,82.14285714285714,False,True
baseline_요일x시간 평균,-,keep,2021-06,2021-06-09 05:00:00,85,71.52380952380952,False,True
baseline_요일x시간 평균,-,keep,2021-06,2021-06-09 06:00:00,103,83.33333333333333,False,True
baseline_요일x시간 평균,-,keep,2021-06,2021-06-09 07:00:00,128,93.71428571428571,False,True
baseline_요일x시간 평균,-,keep,2021-06,2021-06-09 08:00:00,169,121.28571428571429,False,True
baseline_요일x시간 평균,-,keep,2021-06,2021-06-09 09:00:00,172,118.52380952380952,True,True
baseline_요일x시간 평균,-,keep,2021-06,2021-06-09 10:00:00,166,112.9047619047619,False,True
baseline_요일x시간 평균,-,keep,2021-06,2021-06-09 11:00:00,172,118.0,True,True
baseline_요일x시간 평균,-,keep,2021-06,2021-06-09 12:00:00,110,74.47619047619048,False,True
baseline_요일x시간 평균,-,keep,2021-06,2021-06-09 13:00:00,169,117.66666666666667,False,True
baseline_요일x시간 평균,-,keep,2021-06,2021-06-09 14:00:00,165,116.28571428571429,False,True
baseline_요일x시간 평균,-,keep,2021-06,2021-06-09 15:00:00,158,109.28571428571429,False,True
baseline_요일x시간 평균,-,keep,2021-06,2021-06-09 16:00:00,151,111.23809523809524,False,True
baseline_요일x시간 평균,-,keep,2021-06,2021-06-09 17:00:00,129,93.14285714285714,False,True
baseline_요일x시간 평균,-,keep,2021-06,2021-06-09 18:00:00,155,102.14285714285714,False,True
baseline_요일x시간 평균,-,keep,2021-06,2021-06-09 19:00:00,132,96.33333333333333,False,True
baseline_요일x시간 평균,-,keep,2021-06,2021-06-09 20:00:00,109,90.80952380952381,False,True
baseline_요일x시간 평균,-,keep,2021-06,2021-06-09 21:00:00,105,87.85714285714286,False,True
baseline_요일x시간 평균,-,keep,2021-06,2021-06-09 22:00:00,101,82.19047619047619,False,True
baseline_요일x시간 평균,-,keep,2021-06,2021-06-09 23:00:00,95,77.42857142857143,False,True
baseline_요일x시간 평균,-,keep,2021-06,2021-06-10 00:00:00,65,53.142857142857146,False,True
baseline_요일x시간 평균,-,keep,2021-06,2021-06-10 01:00:00,103,78.04761904761905,False,True
baseline_요일x시간 평균,-,keep,2021-06,2021-06-10 02:00:00,104,78.71428571428571,False,True
baseline_요일x시간 평균,-,keep,2021-06,2021-06-10 03:00:00,99,77.23809523809524,False,True
baseline_요일x시간 평균,-,keep,2021-06,2021-06-10 04:00:00,106,78.85714285714286,False,True
baseline_요일x시간 평균,-,keep,2021-06,2021-06-10 05:00:00,91,69.52380952380952,False,True
baseline_요일x시간 평균,-,keep,2021-06,2021-06-10 06:00:00,104,79.42857142857143,False,True
baseline_요일x시간 평균,-,keep,2021-06,2021-06-10 07:00:00,119,103.95238095238095,False,True
baseline_요일x시간 평균,-,keep,2021-06,2021-06-10 08:00:00,155,167.57142857142858,False,True
baseline_요일x시간 평균,-,keep,2021-06,2021-06-10 09:00:00,166,168.95238095238096,False,True
baseline_요일x시간 평균,-,keep,2021-06,2021-06-10 10:00:00,164,161.42857142857142,False,True
baseline_요일x시간 평균,-,keep,2021-06,2021-06-10 11:00:00,161,169.57142857142858,False,True
baseline_요일x시간 평균,-,keep,2021-06,2021-06-10 12:00:00,111,104.66666666666667,False,True
baseline_요일x시간 평균,-,keep,2021-06,2021-06-10 13:00:00,153,169.52380952380952,False,True
baseline_요일x시간 평균,-,keep,2021-06,2021-06-10 14:00:00,162,164.85714285714286,False,True
baseline_요일x시간 평균,-,keep,2021-06,2021-06-10 15:00:00,152,155.1904761904762,False,True
baseline_요일x시간 평균,-,keep,2021-06,2021-06-10 16:00:00,153,155.0952380952381,False,True
baseline_요일x시간 평균,-,keep,2021-06,2021-06-10 17:00:00,130,128.33333333333334,False,True
baseline_요일x시간 평균,-,keep,2021-06,2021-06-10 18:00:00,122,140.1904761904762,False,True
baseline_요일x시간 평균,-,keep,2021-06,2021-06-10 19:00:00,123,124.14285714285714,False,True
baseline_요일x시간 평균,-,keep,2021-06,2021-06-10 20:00:00,133,114.42857142857143,False,True
baseline_요일x시간 평균,-,keep,2021-06,2021-06-10 21:00:00,129,113.57142857142857,False,True
baseline_요일x시간 평균,-,keep,2021-06,2021-06-10 22:00:00,118,108.14285714285714,False,True
baseline_요일x시간 평균,-,keep,2021-06,2021-06-10 23:00:00,105,100.04761904761905,False,True
baseline_요일x시간 평균,-,keep,2021-06,2021-06-11 00:00:00,70,55.63636363636363,False,True
baseline_요일x시간 평균,-,keep,2021-06,2021-06-11 01:00:00,107,84.86363636363636,False,True
baseline_요일x시간 평균,-,keep,2021-06,2021-06-11 02:00:00,104,87.4090909090909,False,True
baseline_요일x시간 평균,-,keep,2021-06,2021-06-11 03:00:00,101,84.5909090909091,False,True
baseline_요일x시간 평균,-,keep,2021-06,2021-06-11 04:00:00,111,86.9090909090909,False,True
baseline_요일x시간 평균,-,keep,2021-06,2021-06-11 05:00:00,90,74.31818181818181,False,True
baseline_요일x시간 평균,-,keep,2021-06,2021-06-11 06:00:00,105,87.45454545454545,False,True
baseline_요일x시간 평균,-,keep,2021-06,2021-06-11 07:00:00,133,88.0,False,True
baseline_요일x시간 평균,-,keep,2021-06,2021-06-11 08:00:00,168,108.9090909090909,False,True
baseline_요일x시간 평균,-,keep,2021-06,2021-06-11 09:00:00,168,104.86363636363636,False,True
baseline_요일x시간 평균,-,keep,2021-06,2021-06-11 10:00:00,156,101.9090909090909,False,True
baseline_요일x시간 평균,-,keep,2021-06,2021-06-11 11:00:00,168,107.54545454545455,False,True
baseline_요일x시간 평균,-,keep,2021-06,2021-06-11 12:00:00,104,69.27272727272727,False,True
baseline_요일x시간 평균,-,keep,2021-06,2021-06-11 13:00:00,154,105.31818181818181,False,True
baseline_요일x시간 평균,-,keep,2021-06,2021-06-11 14:00:00,159,104.31818181818181,False,True
baseline_요일x시간 평균,-,keep,2021-06,2021-06-11 15:00:00,150,97.5,False,True
baseline_요일x시간 평균,-,keep,2021-06,2021-06-11 16:00:00,157,99.22727272727273,False,True
baseline_요일x시간 평균,-,keep,2021-06,2021-06-11 17:00:00,136,81.54545454545455,False,True
baseline_요일x시간 평균,-,keep,2021-06,2021-06-11 18:00:00,145,96.45454545454545,False,True
baseline_요일x시간 평균,-,keep,2021-06,2021-06-11 19:00:00,136,90.31818181818181,False,True
baseline_요일x시간 평균,-,keep,2021-06,2021-06-11 20:00:00,121,78.9090909090909,False,True
baseline_요일x시간 평균,-,keep,2021-06,2021-06-11 21:00:00,109,78.36363636363636,False,True
baseline_요일x시간 평균,-,keep,2021-06,2021-06-11 22:00:00,104,72.04545454545455,False,True
baseline_요일x시간 평균,-,keep,2021-06,2021-06-11 23:00:00,100,67.68181818181819,False,True
baseline_요일x시간 평균,-,keep,2021-06,2021-06-12 00:00:00,66,63.72727272727273,False,True
baseline_요일x시간 평균,-,keep,2021-06,2021-06-12 01:00:00,106,103.77272727272727,False,True
baseline_요일x시간 평균,-,keep,2021-06,2021-06-12 02:00:00,104,103.9090909090909,False,True
baseline_요일x시간 평균,-,keep,2021-06,2021-06-12 03:00:00,107,103.68181818181819,False,True
baseline_요일x시간 평균,-,keep,2021-06,2021-06-12 04:00:00,109,106.04545454545455,False,True
baseline_요일x시간 평균,-,keep,2021-06,2021-06-12 05:00:00,90,89.36363636363636,False,True
baseline_요일x시간 평균,-,keep,2021-06,2021-06-12 06:00:00,102,105.0909090909091,False,True
baseline_요일x시간 평균,-,keep,2021-06,2021-06-12 07:00:00,71,71.0,False,True
baseline_요일x시간 평균,-,keep,2021-06,2021-06-12 08:00:00,23,43.59090909090909,False,True
baseline_요일x시간 평균,-,keep,2021-06,2021-06-12 09:00:00,25,35.54545454545455,False,True
baseline_요일x시간 평균,-,keep,2021-06,2021-06-12 10:00:00,26,34.54545454545455,False,True
baseline_요일x시간 평균,-,keep,2021-06,2021-06-12 11:00:00,26,35.77272727272727,False,True
baseline_요일x시간 평균,-,keep,2021-06,2021-06-12 12:00:00,25,33.5,False,True
baseline_요일x시간 평균,-,keep,2021-06,2021-06-12 13:00:00,23,41.13636363636363,False,True
baseline_요일x시간 평균,-,keep,2021-06,2021-06-12 14:00:00,22,41.40909090909091,False,True
baseline_요일x시간 평균,-,keep,2021-06,2021-06-12 15:00:00,23,41.77272727272727,False,True
baseline_요일x시간 평균,-,keep,2021-06,2021-06-12 16:00:00,25,41.09090909090909,False,True
baseline_요일x시간 평균,-,keep,2021-06,2021-06-12 17:00:00,23,37.77272727272727,False,True
baseline_요일x시간 평균,-,keep,2021-06,2021-06-12 18:00:00,22,48.22727272727273,False,True
baseline_요일x시간 평균,-,keep,2021-06,2021-06-12 19:00:00,25,43.09090909090909,False,True
baseline_요일x시간 평균,-,keep,2021-06,2021-06-12 20:00:00,23,34.77272727272727,False,True
baseline_요일x시간 평균,-,keep,2021-06,2021-06-12 21:00:00,23,35.95454545454545,False,True
baseline_요일x시간 평균,-,keep,2021-06,2021-06-12 22:00:00,23,30.272727272727273,False,True
baseline_요일x시간 평균,-,keep,2021-06,2021-06-12 23:00:00,24,37.22727272727273,False,True
baseline_요일x시간 평균,-,keep,2021-06,2021-06-13 00:00:00,23,28.5,False,True
baseline_요일x시간 평균,-,keep,2021-06,2021-06-13 01:00:00,22,34.22727272727273,False,True
baseline_요일x시간 평균,-,keep,2021-06,2021-06-13 02:00:00,25,34.45454545454545,False,True
baseline_요일x시간 평균,-,keep,2021-06,2021-06-13 03:00:00,22,33.86363636363637,False,True
baseline_요일x시간 평균,-,keep,2021-06,2021-06-13 04:00:00,23,31.5,False,True
baseline_요일x시간 평균,-,keep,2021-06,2021-06-13 05:00:00,22,28.636363636363637,False,True
baseline_요일x시간 평균,-,keep,2021-06,2021-06-13 06:00:00,24,30.863636363636363,False,True
baseline_요일x시간 평균,-,keep,2021-06,2021-06-13 07:00:00,22,38.72727272727273,False,True
baseline_요일x시간 평균,-,keep,2021-06,2021-06-13 08:00:00,22,78.22727272727273,False,True
baseline_요일x시간 평균,-,keep,2021-06,2021-06-13 09:00:00,24,70.0,False,True
baseline_요일x시간 평균,-,keep,2021-06,2021-06-13 10:00:00,22,74.0909090909091,False,True
baseline_요일x시간 평균,-,keep,2021-06,2021-06-13 11:00:00,22,76.81818181818181,False,True
baseline_요일x시간 평균,-,keep,2021-06,2021-06-13 12:00:00,24,50.5,False,True
baseline_요일x시간 평균,-,keep,2021-06,2021-06-13 13:00:00,23,71.31818181818181,False,True
baseline_요일x시간 평균,-,keep,2021-06,2021-06-13 14:00:00,22,76.86363636363636,False,True
baseline_요일x시간 평균,-,keep,2021-06,2021-06-13 15:00:00,22,66.81818181818181,False,True
baseline_요일x시간 평균,-,keep,2021-06,2021-06-13 16:00:00,25,67.18181818181819,False,True
baseline_요일x시간 평균,-,keep,2021-06,2021-06-13 17:00:00,22,59.31818181818182,False,True
baseline_요일x시간 평균,-,keep,2021-06,2021-06-13 18:00:00,22,70.4090909090909,False,True
baseline_요일x시간 평균,-,keep,2021-06,2021-06-13 19:00:00,24,61.81818181818182,False,True
baseline_요일x시간 평균,-,keep,2021-06,2021-06-13 20:00:00,22,53.63636363636363,False,True
baseline_요일x시간 평균,-,keep,2021-06,2021-06-13 21:00:00,23,58.81818181818182,False,True
baseline_요일x시간 평균,-,keep,2021-06,2021-06-13 22:00:00,23,54.90909090909091,False,True
baseline_요일x시간 평균,-,keep,2021-06,2021-06-13 23:00:00,24,53.27272727272727,False,True
baseline_요일x시간 평균,-,keep,2021-06,2021-06-14 00:00:00,22,53.40909090909091,False,True
baseline_요일x시간 평균,-,keep,2021-06,2021-06-14 01:00:00,22,78.27272727272727,False,True
baseline_요일x시간 평균,-,keep,2021-06,2021-06-14 02:00:00,24,80.72727272727273,False,True
baseline_요일x시간 평균,-,keep,2021-06,2021-06-14 03:00:00,22,79.31818181818181,False,True
baseline_요일x시간 평균,-,keep,2021-06,2021-06-14 04:00:00,23,80.45454545454545,False,True
baseline_요일x시간 평균,-,keep,2021-06,2021-06-14 05:00:00,24,69.45454545454545,False,True
baseline_요일x시간 평균,-,keep,2021-06,2021-06-14 06:00:00,23,81.22727272727273,False,True
baseline_요일x시간 평균,-,keep,2021-06,2021-06-14 07:00:00,62,103.0909090909091,False,True
baseline_요일x시간 평균,-,keep,2021-06,2021-06-14 08:00:00,183,169.5909090909091,True,True
baseline_요일x시간 평균,-,keep,2021-06,2021-06-14 09:00:00,178,168.54545454545453,True,True
baseline_요일x시간 평균,-,keep,2021-06,2021-06-14 10:00:00,171,159.4090909090909,True,True
baseline_요일x시간 평균,-,keep,2021-06,2021-06-14 11:00:00,181,170.04545454545453,True,True
baseline_요일x시간 평균,-,keep,2021-06,2021-06-14 12:00:00,119,104.45454545454545,False,True
baseline_요일x시간 평균,-,keep,2021-06,2021-06-14 13:00:00,186,167.6818181818182,True,True
baseline_요일x시간 평균,-,keep,2021-06,2021-06-14 14:00:00,177,163.77272727272728,True,True
baseline_요일x시간 평균,-,keep,2021-06,2021-06-14 15:00:00,178,155.0,True,True
baseline_요일x시간 평균,-,keep,2021-06,2021-06-14 16:00:00,171,156.27272727272728,True,True
baseline_요일x시간 평균,-,keep,2021-06,2021-06-14 17:00:00,146,128.27272727272728,False,True
baseline_요일x시간 평균,-,keep,2021-06,2021-06-14 18:00:00,173,148.72727272727272,True,True
baseline_요일x시간 평균,-,keep,2021-06,2021-06-14 19:00:00,150,137.0909090909091,False,True
baseline_요일x시간 평균,-,keep,2021-06,2021-06-14 20:00:00,119,117.72727272727273,False,True
baseline_요일x시간 평균,-,keep,2021-06,2021-06-14 21:00:00,123,114.9090909090909,False,True
baseline_요일x시간 평균,-,keep,2021-06,2021-06-14 22:00:00,112,107.95454545454545,False,True
baseline_요일x시간 평균,-,keep,2021-06,2021-06-14 23:00:00,107,101.0,False,True
baseline_요일x시간 평균,-,keep,2021-06,2021-06-15 00:00:00,76,55.666666666666664,False,True
baseline_요일x시간 평균,-,keep,2021-06,2021-06-15 01:00:00,110,82.61904761904762,False,True
baseline_요일x시간 평균,-,keep,2021-06,2021-06-15 02:00:00,117,87.33333333333333,False,True
baseline_요일x시간 평균,-,keep,2021-06,2021-06-15 03:00:00,116,83.0952380952381,False,True
baseline_요일x시간 평균,-,keep,2021-06,2021-06-15 04:00:00,110,83.42857142857143,False,True
baseline_요일x시간 평균,-,keep,2021-06,2021-06-15 05:00:00,97,72.38095238095238,False,True
baseline_요일x시간 평균,-,keep,2021-06,2021-06-15 06:00:00,118,86.42857142857143,False,True
baseline_요일x시간 평균,-,keep,2021-06,2021-06-15 07:00:00,132,104.57142857142857,False,True
baseline_요일x시간 평균,-,keep,2021-06,2021-06-15 08:00:00,188,140.66666666666666,True,True
baseline_요일x시간 평균,-,keep,2021-06,2021-06-15 09:00:00,186,141.52380952380952,True,True
baseline_요일x시간 평균,-,keep,2021-06,2021-06-15 10:00:00,164,135.47619047619048,False,True
baseline_요일x시간 평균,-,keep,2021-06,2021-06-15 11:00:00,173,138.57142857142858,True,True
baseline_요일x시간 평균,-,keep,2021-06,2021-06-15 12:00:00,112,86.38095238095238,False,True
baseline_요일x시간 평균,-,keep,2021-06,2021-06-15 13:00:00,171,139.38095238095238,True,True
baseline_요일x시간 평균,-,keep,2021-06,2021-06-15 14:00:00,177,137.0952380952381,True,True
baseline_요일x시간 평균,-,keep,2021-06,2021-06-15 15:00:00,163,130.52380952380952,False,True
baseline_요일x시간 평균,-,keep,2021-06,2021-06-15 16:00:00,170,131.0952380952381,False,True
baseline_요일x시간 평균,-,keep,2021-06,2021-06-15 17:00:00,134,109.38095238095238,False,True
baseline_요일x시간 평균,-,keep,2021-06,2021-06-15 18:00:00,161,127.9047619047619,False,True
baseline_요일x시간 평균,-,keep,2021-06,2021-06-15 19:00:00,156,113.9047619047619,False,True
baseline_요일x시간 평균,-,keep,2021-06,2021-06-15 20:00:00,128,98.95238095238095,False,True
baseline_요일x시간 평균,-,keep,2021-06,2021-06-15 21:00:00,127,97.80952380952381,False,True
baseline_요일x시간 평균,-,keep,2021-06,2021-06-15 22:00:00,115,88.47619047619048,False,True
baseline_요일x시간 평균,-,keep,2021-06,2021-06-15 23:00:00,108,85.33333333333333,False,True
baseline_요일x시간 평균,-,keep,2021-06,2021-06-16 00:00:00,73,53.42857142857143,False,True
baseline_요일x시간 평균,-,keep,2021-06,2021-06-16 01:00:00,111,79.04761904761905,False,True
baseline_요일x시간 평균,-,keep,2021-06,2021-06-16 02:00:00,114,82.71428571428571,False,True
baseline_요일x시간 평균,-,keep,2021-06,2021-06-16 03:00:00,112,80.66666666666667,False,True
baseline_요일x시간 평균,-,keep,2021-06,2021-06-16 04:00:00,112,82.14285714285714,False,True
baseline_요일x시간 평균,-,keep,2021-06,2021-06-16 05:00:00,92,71.52380952380952,False,True
baseline_요일x시간 평균,-,keep,2021-06,2021-06-16 06:00:00,115,83.33333333333333,False,True
baseline_요일x시간 평균,-,keep,2021-06,2021-06-16 07:00:00,130,93.71428571428571,False,True
baseline_요일x시간 평균,-,keep,2021-06,2021-06-16 08:00:00,177,121.28571428571429,True,True
baseline_요일x시간 평균,-,keep,2021-06,2021-06-16 09:00:00,180,118.52380952380952,True,True
baseline_요일x시간 평균,-,keep,2021-06,2021-06-16 10:00:00,178,112.9047619047619,True,True
baseline_요일x시간 평균,-,keep,2021-06,2021-06-16 11:00:00,176,118.0,True,True
baseline_요일x시간 평균,-,keep,2021-06,2021-06-16 12:00:00,109,74.47619047619048,False,True
baseline_요일x시간 평균,-,keep,2021-06,2021-06-16 13:00:00,169,117.66666666666667,False,True
baseline_요일x시간 평균,-,keep,2021-06,2021-06-16 14:00:00,171,116.28571428571429,True,True
baseline_요일x시간 평균,-,keep,2021-06,2021-06-16 15:00:00,163,109.28571428571429,False,True
baseline_요일x시간 평균,-,keep,2021-06,2021-06-16 16:00:00,168,111.23809523809524,False,True
baseline_요일x시간 평균,-,keep,2021-06,2021-06-16 17:00:00,154,93.14285714285714,False,True
baseline_요일x시간 평균,-,keep,2021-06,2021-06-16 18:00:00,168,102.14285714285714,False,True
baseline_요일x시간 평균,-,keep,2021-06,2021-06-16 19:00:00,139,96.33333333333333,False,True
baseline_요일x시간 평균,-,keep,2021-06,2021-06-16 20:00:00,114,90.80952380952381,False,True
baseline_요일x시간 평균,-,keep,2021-06,2021-06-16 21:00:00,118,87.85714285714286,False,True
baseline_요일x시간 평균,-,keep,2021-06,2021-06-16 22:00:00,103,82.19047619047619,False,True
baseline_요일x시간 평균,-,keep,2021-06,2021-06-16 23:00:00,106,77.42857142857143,False,True
baseline_요일x시간 평균,-,keep,2021-06,2021-06-17 00:00:00,72,53.142857142857146,False,True
baseline_요일x시간 평균,-,keep,2021-06,2021-06-17 01:00:00,107,78.04761904761905,False,True
baseline_요일x시간 평균,-,keep,2021-06,2021-06-17 02:00:00,112,78.71428571428571,False,True
baseline_요일x시간 평균,-,keep,2021-06,2021-06-17 03:00:00,116,77.23809523809524,False,True
baseline_요일x시간 평균,-,keep,2021-06,2021-06-17 04:00:00,113,78.85714285714286,False,True
baseline_요일x시간 평균,-,keep,2021-06,2021-06-17 05:00:00,97,69.52380952380952,False,True
baseline_요일x시간 평균,-,keep,2021-06,2021-06-17 06:00:00,121,79.42857142857143,False,True
baseline_요일x시간 평균,-,keep,2021-06,2021-06-17 07:00:00,141,103.95238095238095,False,True
baseline_요일x시간 평균,-,keep,2021-06,2021-06-17 08:00:00,190,167.57142857142858,True,True
baseline_요일x시간 평균,-,keep,2021-06,2021-06-17 09:00:00,180,168.95238095238096,True,True
baseline_요일x시간 평균,-,keep,2021-06,2021-06-17 10:00:00,166,161.42857142857142,False,True
baseline_요일x시간 평균,-,keep,2021-06,2021-06-17 11:00:00,183,169.57142857142858,True,True
baseline_요일x시간 평균,-,keep,2021-06,2021-06-17 12:00:00,103,104.66666666666667,False,True
baseline_요일x시간 평균,-,keep,2021-06,2021-06-17 13:00:00,183,169.52380952380952,True,True
baseline_요일x시간 평균,-,keep,2021-06,2021-06-17 14:00:00,179,164.85714285714286,True,True
baseline_요일x시간 평균,-,keep,2021-06,2021-06-17 15:00:00,170,155.1904761904762,False,True
baseline_요일x시간 평균,-,keep,2021-06,2021-06-17 16:00:00,169,155.0952380952381,False,True
baseline_요일x시간 평균,-,keep,2021-06,2021-06-17 17:00:00,138,128.33333333333334,False,True
baseline_요일x시간 평균,-,keep,2021-06,2021-06-17 18:00:00,170,140.1904761904762,False,True
baseline_요일x시간 평균,-,keep,2021-06,2021-06-17 19:00:00,159,124.14285714285714,False,True
baseline_요일x시간 평균,-,keep,2021-06,2021-06-17 20:00:00,139,114.42857142857143,False,True
baseline_요일x시간 평균,-,keep,2021-06,2021-06-17 21:00:00,127,113.57142857142857,False,True
baseline_요일x시간 평균,-,keep,2021-06,2021-06-17 22:00:00,125,108.14285714285714,False,True
baseline_요일x시간 평균,-,keep,2021-06,2021-06-17 23:00:00,111,100.04761904761905,False,True
baseline_요일x시간 평균,-,keep,2021-06,2021-06-18 00:00:00,80,55.63636363636363,False,True
baseline_요일x시간 평균,-,keep,2021-06,2021-06-18 01:00:00,112,84.86363636363636,False,True
baseline_요일x시간 평균,-,keep,2021-06,2021-06-18 02:00:00,115,87.4090909090909,False,True
baseline_요일x시간 평균,-,keep,2021-06,2021-06-18 03:00:00,114,84.5909090909091,False,True
baseline_요일x시간 평균,-,keep,2021-06,2021-06-18 04:00:00,112,86.9090909090909,False,True
baseline_요일x시간 평균,-,keep,2021-06,2021-06-18 05:00:00,102,74.31818181818181,False,True
baseline_요일x시간 평균,-,keep,2021-06,2021-06-18 06:00:00,121,87.45454545454545,False,True
baseline_요일x시간 평균,-,keep,2021-06,2021-06-18 07:00:00,133,88.0,False,True
baseline_요일x시간 평균,-,keep,2021-06,2021-06-18 08:00:00,162,108.9090909090909,False,True
baseline_요일x시간 평균,-,keep,2021-06,2021-06-18 09:00:00,171,104.86363636363636,True,True
baseline_요일x시간 평균,-,keep,2021-06,2021-06-18 10:00:00,165,101.9090909090909,False,True
baseline_요일x시간 평균,-,keep,2021-06,2021-06-18 11:00:00,177,107.54545454545455,True,True
baseline_요일x시간 평균,-,keep,2021-06,2021-06-18 12:00:00,102,69.27272727272727,False,True
baseline_요일x시간 평균,-,keep,2021-06,2021-06-18 13:00:00,174,105.31818181818181,True,True
baseline_요일x시간 평균,-,keep,2021-06,2021-06-18 14:00:00,164,104.31818181818181,False,True
baseline_요일x시간 평균,-,keep,2021-06,2021-06-18 15:00:00,156,97.5,False,True
baseline_요일x시간 평균,-,keep,2021-06,2021-06-18 16:00:00,162,99.22727272727273,False,True
baseline_요일x시간 평균,-,keep,2021-06,2021-06-18 17:00:00,148,81.54545454545455,False,True
baseline_요일x시간 평균,-,keep,2021-06,2021-06-18 18:00:00,150,96.45454545454545,False,True
baseline_요일x시간 평균,-,keep,2021-06,2021-06-18 19:00:00,138,90.31818181818181,False,True
baseline_요일x시간 평균,-,keep,2021-06,2021-06-18 20:00:00,117,78.9090909090909,False,True
baseline_요일x시간 평균,-,keep,2021-06,2021-06-18 21:00:00,114,78.36363636363636,False,True
baseline_요일x시간 평균,-,keep,2021-06,2021-06-18 22:00:00,114,72.04545454545455,False,True
baseline_요일x시간 평균,-,keep,2021-06,2021-06-18 23:00:00,106,67.68181818181819,False,True
baseline_요일x시간 평균,-,keep,2021-06,2021-06-19 00:00:00,67,63.72727272727273,False,True
baseline_요일x시간 평균,-,keep,2021-06,2021-06-19 01:00:00,110,103.77272727272727,False,True
baseline_요일x시간 평균,-,keep,2021-06,2021-06-19 02:00:00,115,103.9090909090909,False,True
baseline_요일x시간 평균,-,keep,2021-06,2021-06-19 03:00:00,100,103.68181818181819,False,True
baseline_요일x시간 평균,-,keep,2021-06,2021-06-19 04:00:00,109,106.04545454545455,False,True
baseline_요일x시간 평균,-,keep,2021-06,2021-06-19 05:00:00,88,89.36363636363636,False,True
baseline_요일x시간 평균,-,keep,2021-06,2021-06-19 06:00:00,103,105.0909090909091,False,True
baseline_요일x시간 평균,-,keep,2021-06,2021-06-19 07:00:00,57,71.0,False,True
baseline_요일x시간 평균,-,keep,2021-06,2021-06-19 08:00:00,23,43.59090909090909,False,True
baseline_요일x시간 평균,-,keep,2021-06,2021-06-19 09:00:00,22,35.54545454545455,False,True
baseline_요일x시간 평균,-,keep,2021-06,2021-06-19 10:00:00,22,34.54545454545455,False,True
baseline_요일x시간 평균,-,keep,2021-06,2021-06-19 11:00:00,24,35.77272727272727,False,True
baseline_요일x시간 평균,-,keep,2021-06,2021-06-19 12:00:00,22,33.5,False,True
baseline_요일x시간 평균,-,keep,2021-06,2021-06-19 13:00:00,22,41.13636363636363,False,True
baseline_요일x시간 평균,-,keep,2021-06,2021-06-19 14:00:00,25,41.40909090909091,False,True
baseline_요일x시간 평균,-,keep,2021-06,2021-06-19 15:00:00,22,41.77272727272727,False,True
baseline_요일x시간 평균,-,keep,2021-06,2021-06-19 16:00:00,22,41.09090909090909,False,True
baseline_요일x시간 평균,-,keep,2021-06,2021-06-19 17:00:00,23,37.77272727272727,False,True
baseline_요일x시간 평균,-,keep,2021-06,2021-06-19 18:00:00,24,48.22727272727273,False,True
baseline_요일x시간 평균,-,keep,2021-06,2021-06-19 19:00:00,22,43.09090909090909,False,True
baseline_요일x시간 평균,-,keep,2021-06,2021-06-19 20:00:00,22,34.77272727272727,False,True
baseline_요일x시간 평균,-,keep,2021-06,2021-06-19 21:00:00,24,35.95454545454545,False,True
baseline_요일x시간 평균,-,keep,2021-06,2021-06-19 22:00:00,23,30.272727272727273,False,True
baseline_요일x시간 평균,-,keep,2021-06,2021-06-19 23:00:00,22,37.22727272727273,False,True
baseline_요일x시간 평균,-,keep,2021-06,2021-06-20 00:00:00,22,28.5,False,False
baseline_요일x시간 평균,-,keep,2021-06,2021-06-20 01:00:00,24,34.22727272727273,False,False
baseline_요일x시간 평균,-,keep,2021-06,2021-06-20 02:00:00,22,34.45454545454545,False,False
baseline_요일x시간 평균,-,keep,2021-06,2021-06-20 03:00:00,22,33.86363636363637,False,False
baseline_요일x시간 평균,-,keep,2021-06,2021-06-20 04:00:00,24,31.5,False,False
baseline_요일x시간 평균,-,keep,2021-06,2021-06-20 05:00:00,23,28.636363636363637,False,False
baseline_요일x시간 평균,-,keep,2021-06,2021-06-20 06:00:00,22,30.863636363636363,False,False
baseline_요일x시간 평균,-,keep,2021-06,2021-06-20 07:00:00,22,38.72727272727273,False,False
baseline_요일x시간 평균,-,keep,2021-06,2021-06-20 08:00:00,24,78.22727272727273,False,False
baseline_요일x시간 평균,-,keep,2021-06,2021-06-20 09:00:00,22,70.0,False,False
baseline_요일x시간 평균,-,keep,2021-06,2021-06-20 10:00:00,22,74.0909090909091,False,False
baseline_요일x시간 평균,-,keep,2021-06,2021-06-20 11:00:00,24,76.81818181818181,False,False
baseline_요일x시간 평균,-,keep,2021-06,2021-06-20 12:00:00,22,50.5,False,False
baseline_요일x시간 평균,-,keep,2021-06,2021-06-20 13:00:00,22,71.31818181818181,False,False
baseline_요일x시간 평균,-,keep,2021-06,2021-06-20 14:00:00,23,76.86363636363636,False,False
baseline_요일x시간 평균,-,keep,2021-06,2021-06-20 15:00:00,25,66.81818181818181,False,False
baseline_요일x시간 평균,-,keep,2021-06,2021-06-20 16:00:00,23,67.18181818181819,False,False
baseline_요일x시간 평균,-,keep,2021-06,2021-06-20 17:00:00,23,59.31818181818182,False,False
baseline_요일x시간 평균,-,keep,2021-06,2021-06-20 18:00:00,24,70.4090909090909,False,False
baseline_요일x시간 평균,-,keep,2021-06,2021-06-20 19:00:00,23,61.81818181818182,False,False
baseline_요일x시간 평균,-,keep,2021-06,2021-06-20 20:00:00,22,53.63636363636363,False,False
baseline_요일x시간 평균,-,keep,2021-06,2021-06-20 21:00:00,25,58.81818181818182,False,False
baseline_요일x시간 평균,-,keep,2021-06,2021-06-20 22:00:00,23,54.90909090909091,False,False
baseline_요일x시간 평균,-,keep,2021-06,2021-06-20 23:00:00,23,53.27272727272727,False,False
baseline_요일x시간 평균,-,keep,2021-06,2021-06-21 00:00:00,23,53.40909090909091,False,True
baseline_요일x시간 평균,-,keep,2021-06,2021-06-21 01:00:00,24,78.27272727272727,False,True
baseline_요일x시간 평균,-,keep,2021-06,2021-06-21 02:00:00,22,80.72727272727273,False,True
baseline_요일x시간 평균,-,keep,2021-06,2021-06-21 03:00:00,23,79.31818181818181,False,True
baseline_요일x시간 평균,-,keep,2021-06,2021-06-21 04:00:00,25,80.45454545454545,False,True
baseline_요일x시간 평균,-,keep,2021-06,2021-06-21 05:00:00,22,69.45454545454545,False,True
baseline_요일x시간 평균,-,keep,2021-06,2021-06-21 06:00:00,22,81.22727272727273,False,True
baseline_요일x시간 평균,-,keep,2021-06,2021-06-21 07:00:00,58,103.0909090909091,False,True
baseline_요일x시간 평균,-,keep,2021-06,2021-06-21 08:00:00,190,169.5909090909091,True,True
baseline_요일x시간 평균,-,keep,2021-06,2021-06-21 09:00:00,189,168.54545454545453,True,True
baseline_요일x시간 평균,-,keep,2021-06,2021-06-21 10:00:00,185,159.4090909090909,True,True
baseline_요일x시간 평균,-,keep,2021-06,2021-06-21 11:00:00,181,170.04545454545453,True,True
baseline_요일x시간 평균,-,keep,2021-06,2021-06-21 12:00:00,115,104.45454545454545,False,True
baseline_요일x시간 평균,-,keep,2021-06,2021-06-21 13:00:00,190,167.6818181818182,True,True
baseline_요일x시간 평균,-,keep,2021-06,2021-06-21 14:00:00,189,163.77272727272728,True,True
baseline_요일x시간 평균,-,keep,2021-06,2021-06-21 15:00:00,169,155.0,False,True
baseline_요일x시간 평균,-,keep,2021-06,2021-06-21 16:00:00,160,156.27272727272728,False,True
baseline_요일x시간 평균,-,keep,2021-06,2021-06-21 17:00:00,134,128.27272727272728,False,True
baseline_요일x시간 평균,-,keep,2021-06,2021-06-21 18:00:00,156,148.72727272727272,False,True
baseline_요일x시간 평균,-,keep,2021-06,2021-06-21 19:00:00,143,137.0909090909091,False,True
baseline_요일x시간 평균,-,keep,2021-06,2021-06-21 20:00:00,127,117.72727272727273,False,True
baseline_요일x시간 평균,-,keep,2021-06,2021-06-21 21:00:00,127,114.9090909090909,False,True
baseline_요일x시간 평균,-,keep,2021-06,2021-06-21 22:00:00,114,107.95454545454545,False,True
baseline_요일x시간 평균,-,keep,2021-06,2021-06-21 23:00:00,112,101.0,False,True
baseline_요일x시간 평균,-,keep,2021-06,2021-06-22 00:00:00,71,55.666666666666664,False,True
baseline_요일x시간 평균,-,keep,2021-06,2021-06-22 01:00:00,108,82.61904761904762,False,True
baseline_요일x시간 평균,-,keep,2021-06,2021-06-22 02:00:00,113,87.33333333333333,False,True
baseline_요일x시간 평균,-,keep,2021-06,2021-06-22 03:00:00,113,83.0952380952381,False,True
baseline_요일x시간 평균,-,keep,2021-06,2021-06-22 04:00:00,117,83.42857142857143,False,True
baseline_요일x시간 평균,-,keep,2021-06,2021-06-22 05:00:00,94,72.38095238095238,False,True
baseline_요일x시간 평균,-,keep,2021-06,2021-06-22 06:00:00,114,86.42857142857143,False,True
baseline_요일x시간 평균,-,keep,2021-06,2021-06-22 07:00:00,139,104.57142857142857,False,True
baseline_요일x시간 평균,-,keep,2021-06,2021-06-22 08:00:00,171,140.66666666666666,True,True
baseline_요일x시간 평균,-,keep,2021-06,2021-06-22 09:00:00,167,141.52380952380952,False,True
baseline_요일x시간 평균,-,keep,2021-06,2021-06-22 10:00:00,172,135.47619047619048,True,True
baseline_요일x시간 평균,-,keep,2021-06,2021-06-22 11:00:00,172,138.57142857142858,True,True
baseline_요일x시간 평균,-,keep,2021-06,2021-06-22 12:00:00,111,86.38095238095238,False,True
baseline_요일x시간 평균,-,keep,2021-06,2021-06-22 13:00:00,166,139.38095238095238,False,True
baseline_요일x시간 평균,-,keep,2021-06,2021-06-22 14:00:00,157,137.0952380952381,False,True
baseline_요일x시간 평균,-,keep,2021-06,2021-06-22 15:00:00,156,130.52380952380952,False,True
baseline_요일x시간 평균,-,keep,2021-06,2021-06-22 16:00:00,160,131.0952380952381,False,True
baseline_요일x시간 평균,-,keep,2021-06,2021-06-22 17:00:00,120,109.38095238095238,False,True
baseline_요일x시간 평균,-,keep,2021-06,2021-06-22 18:00:00,153,127.9047619047619,False,True
baseline_요일x시간 평균,-,keep,2021-06,2021-06-22 19:00:00,156,113.9047619047619,False,True
baseline_요일x시간 평균,-,keep,2021-06,2021-06-22 20:00:00,133,98.95238095238095,False,True
baseline_요일x시간 평균,-,keep,2021-06,2021-06-22 21:00:00,126,97.80952380952381,False,True
baseline_요일x시간 평균,-,keep,2021-06,2021-06-22 22:00:00,114,88.47619047619048,False,True
baseline_요일x시간 평균,-,keep,2021-06,2021-06-22 23:00:00,113,85.33333333333333,False,True
baseline_요일x시간 평균,-,keep,2021-06,2021-06-23 00:00:00,69,53.42857142857143,False,True
baseline_요일x시간 평균,-,keep,2021-06,2021-06-23 01:00:00,103,79.04761904761905,False,True
baseline_요일x시간 평균,-,keep,2021-06,2021-06-23 02:00:00,120,82.71428571428571,False,True
baseline_요일x시간 평균,-,keep,2021-06,2021-06-23 03:00:00,103,80.66666666666667,False,True
baseline_요일x시간 평균,-,keep,2021-06,2021-06-23 04:00:00,112,82.14285714285714,False,True
baseline_요일x시간 평균,-,keep,2021-06,2021-06-23 05:00:00,95,71.52380952380952,False,True
baseline_요일x시간 평균,-,keep,2021-06,2021-06-23 06:00:00,117,83.33333333333333,False,True
baseline_요일x시간 평균,-,keep,2021-06,2021-06-23 07:00:00,140,93.71428571428571,False,True
baseline_요일x시간 평균,-,keep,2021-06,2021-06-23 08:00:00,163,121.28571428571429,False,True
baseline_요일x시간 평균,-,keep,2021-06,2021-06-23 09:00:00,160,118.52380952380952,False,True
baseline_요일x시간 평균,-,keep,2021-06,2021-06-23 10:00:00,148,112.9047619047619,False,True
baseline_요일x시간 평균,-,keep,2021-06,2021-06-23 11:00:00,156,118.0,False,True
baseline_요일x시간 평균,-,keep,2021-06,2021-06-23 12:00:00,93,74.47619047619048,False,True
baseline_요일x시간 평균,-,keep,2021-06,2021-06-23 13:00:00,153,117.66666666666667,False,True
baseline_요일x시간 평균,-,keep,2021-06,2021-06-23 14:00:00,151,116.28571428571429,False,True
baseline_요일x시간 평균,-,keep,2021-06,2021-06-23 15:00:00,150,109.28571428571429,False,True
baseline_요일x시간 평균,-,keep,2021-06,2021-06-23 16:00:00,160,111.23809523809524,False,True
baseline_요일x시간 평균,-,keep,2021-06,2021-06-23 17:00:00,128,93.14285714285714,False,True
baseline_요일x시간 평균,-,keep,2021-06,2021-06-23 18:00:00,162,102.14285714285714,False,True
baseline_요일x시간 평균,-,keep,2021-06,2021-06-23 19:00:00,137,96.33333333333333,False,True
baseline_요일x시간 평균,-,keep,2021-06,2021-06-23 20:00:00,128,90.80952380952381,False,True
baseline_요일x시간 평균,-,keep,2021-06,2021-06-23 21:00:00,126,87.85714285714286,False,True
baseline_요일x시간 평균,-,keep,2021-06,2021-06-23 22:00:00,114,82.19047619047619,False,True
baseline_요일x시간 평균,-,keep,2021-06,2021-06-23 23:00:00,110,77.42857142857143,False,True
baseline_요일x시간 평균,-,keep,2021-06,2021-06-24 00:00:00,70,53.142857142857146,False,True
baseline_요일x시간 평균,-,keep,2021-06,2021-06-24 01:00:00,111,78.04761904761905,False,True
baseline_요일x시간 평균,-,keep,2021-06,2021-06-24 02:00:00,118,78.71428571428571,False,True
baseline_요일x시간 평균,-,keep,2021-06,2021-06-24 03:00:00,117,77.23809523809524,False,True
baseline_요일x시간 평균,-,keep,2021-06,2021-06-24 04:00:00,116,78.85714285714286,False,True
baseline_요일x시간 평균,-,keep,2021-06,2021-06-24 05:00:00,101,69.52380952380952,False,True
baseline_요일x시간 평균,-,keep,2021-06,2021-06-24 06:00:00,118,79.42857142857143,False,True
baseline_요일x시간 평균,-,keep,2021-06,2021-06-24 07:00:00,149,103.95238095238095,False,True
baseline_요일x시간 평균,-,keep,2021-06,2021-06-24 08:00:00,182,167.57142857142858,True,True
baseline_요일x시간 평균,-,keep,2021-06,2021-06-24 09:00:00,162,168.95238095238096,False,True
baseline_요일x시간 평균,-,keep,2021-06,2021-06-24 10:00:00,154,161.42857142857142,False,True
baseline_요일x시간 평균,-,keep,2021-06,2021-06-24 11:00:00,164,169.57142857142858,False,True
baseline_요일x시간 평균,-,keep,2021-06,2021-06-24 12:00:00,105,104.66666666666667,False,True
baseline_요일x시간 평균,-,keep,2021-06,2021-06-24 13:00:00,171,169.52380952380952,True,True
baseline_요일x시간 평균,-,keep,2021-06,2021-06-24 14:00:00,163,164.85714285714286,False,True
baseline_요일x시간 평균,-,keep,2021-06,2021-06-24 15:00:00,150,155.1904761904762,False,True
baseline_요일x시간 평균,-,keep,2021-06,2021-06-24 16:00:00,162,155.0952380952381,False,True
baseline_요일x시간 평균,-,keep,2021-06,2021-06-24 17:00:00,135,128.33333333333334,False,True
baseline_요일x시간 평균,-,keep,2021-06,2021-06-24 18:00:00,150,140.1904761904762,False,True
baseline_요일x시간 평균,-,keep,2021-06,2021-06-24 19:00:00,159,124.14285714285714,False,True
baseline_요일x시간 평균,-,keep,2021-06,2021-06-24 20:00:00,136,114.42857142857143,False,True
baseline_요일x시간 평균,-,keep,2021-06,2021-06-24 21:00:00,131,113.57142857142857,False,True
baseline_요일x시간 평균,-,keep,2021-06,2021-06-24 22:00:00,121,108.14285714285714,False,True
baseline_요일x시간 평균,-,keep,2021-06,2021-06-24 23:00:00,115,100.04761904761905,False,True
baseline_요일x시간 평균,-,keep,2021-06,2021-06-25 00:00:00,71,55.63636363636363,False,True
baseline_요일x시간 평균,-,keep,2021-06,2021-06-25 01:00:00,119,84.86363636363636,False,True
baseline_요일x시간 평균,-,keep,2021-06,2021-06-25 02:00:00,117,87.4090909090909,False,True
baseline_요일x시간 평균,-,keep,2021-06,2021-06-25 03:00:00,119,84.5909090909091,False,True
baseline_요일x시간 평균,-,keep,2021-06,2021-06-25 04:00:00,118,86.9090909090909,False,True
baseline_요일x시간 평균,-,keep,2021-06,2021-06-25 05:00:00,106,74.31818181818181,False,True
baseline_요일x시간 평균,-,keep,2021-06,2021-06-25 06:00:00,114,87.45454545454545,False,True
baseline_요일x시간 평균,-,keep,2021-06,2021-06-25 07:00:00,135,88.0,False,True
baseline_요일x시간 평균,-,keep,2021-06,2021-06-25 08:00:00,156,108.9090909090909,False,True
baseline_요일x시간 평균,-,keep,2021-06,2021-06-25 09:00:00,170,104.86363636363636,False,True
baseline_요일x시간 평균,-,keep,2021-06,2021-06-25 10:00:00,172,101.9090909090909,True,True
baseline_요일x시간 평균,-,keep,2021-06,2021-06-25 11:00:00,180,107.54545454545455,True,True
baseline_요일x시간 평균,-,keep,2021-06,2021-06-25 12:00:00,122,69.27272727272727,False,True
baseline_요일x시간 평균,-,keep,2021-06,2021-06-25 13:00:00,179,105.31818181818181,True,True
baseline_요일x시간 평균,-,keep,2021-06,2021-06-25 14:00:00,177,104.31818181818181,True,True
baseline_요일x시간 평균,-,keep,2021-06,2021-06-25 15:00:00,175,97.5,True,True
baseline_요일x시간 평균,-,keep,2021-06,2021-06-25 16:00:00,166,99.22727272727273,False,True
baseline_요일x시간 평균,-,keep,2021-06,2021-06-25 17:00:00,141,81.54545454545455,False,True
baseline_요일x시간 평균,-,keep,2021-06,2021-06-25 18:00:00,142,96.45454545454545,False,True
baseline_요일x시간 평균,-,keep,2021-06,2021-06-25 19:00:00,110,90.31818181818181,False,True
baseline_요일x시간 평균,-,keep,2021-06,2021-06-25 20:00:00,109,78.9090909090909,False,True
baseline_요일x시간 평균,-,keep,2021-06,2021-06-25 21:00:00,116,78.36363636363636,False,True
baseline_요일x시간 평균,-,keep,2021-06,2021-06-25 22:00:00,123,72.04545454545455,False,True
baseline_요일x시간 평균,-,keep,2021-06,2021-06-25 23:00:00,102,67.68181818181819,False,True
baseline_요일x시간 평균,-,keep,2021-06,2021-06-26 00:00:00,71,63.72727272727273,False,True
baseline_요일x시간 평균,-,keep,2021-06,2021-06-26 01:00:00,116,103.77272727272727,False,True
baseline_요일x시간 평균,-,keep,2021-06,2021-06-26 02:00:00,111,103.9090909090909,False,True
baseline_요일x시간 평균,-,keep,2021-06,2021-06-26 03:00:00,109,103.68181818181819,False,True
baseline_요일x시간 평균,-,keep,2021-06,2021-06-26 04:00:00,125,106.04545454545455,False,True
baseline_요일x시간 평균,-,keep,2021-06,2021-06-26 05:00:00,97,89.36363636363636,False,True
baseline_요일x시간 평균,-,keep,2021-06,2021-06-26 06:00:00,118,105.0909090909091,False,True
baseline_요일x시간 평균,-,keep,2021-06,2021-06-26 07:00:00,71,71.0,False,True
baseline_요일x시간 평균,-,keep,2021-06,2021-06-26 08:00:00,23,43.59090909090909,False,True
baseline_요일x시간 평균,-,keep,2021-06,2021-06-26 09:00:00,23,35.54545454545455,False,True
baseline_요일x시간 평균,-,keep,2021-06,2021-06-26 10:00:00,26,34.54545454545455,False,True
baseline_요일x시간 평균,-,keep,2021-06,2021-06-26 11:00:00,24,35.77272727272727,False,True
baseline_요일x시간 평균,-,keep,2021-06,2021-06-26 12:00:00,24,33.5,False,True
baseline_요일x시간 평균,-,keep,2021-06,2021-06-26 13:00:00,25,41.13636363636363,False,True
baseline_요일x시간 평균,-,keep,2021-06,2021-06-26 14:00:00,24,41.40909090909091,False,True
baseline_요일x시간 평균,-,keep,2021-06,2021-06-26 15:00:00,23,41.77272727272727,False,True
baseline_요일x시간 평균,-,keep,2021-06,2021-06-26 16:00:00,23,41.09090909090909,False,True
baseline_요일x시간 평균,-,keep,2021-06,2021-06-26 17:00:00,26,37.77272727272727,False,True
baseline_요일x시간 평균,-,keep,2021-06,2021-06-26 18:00:00,24,48.22727272727273,False,True
baseline_요일x시간 평균,-,keep,2021-06,2021-06-26 19:00:00,24,43.09090909090909,False,True
baseline_요일x시간 평균,-,keep,2021-06,2021-06-26 20:00:00,25,34.77272727272727,False,True
baseline_요일x시간 평균,-,keep,2021-06,2021-06-26 21:00:00,24,35.95454545454545,False,True
baseline_요일x시간 평균,-,keep,2021-06,2021-06-26 22:00:00,24,30.272727272727273,False,True
baseline_요일x시간 평균,-,keep,2021-06,2021-06-26 23:00:00,26,37.22727272727273,False,True
baseline_요일x시간 평균,-,keep,2021-06,2021-06-27 00:00:00,23,28.5,False,False
baseline_요일x시간 평균,-,keep,2021-06,2021-06-27 01:00:00,23,34.22727272727273,False,False
baseline_요일x시간 평균,-,keep,2021-06,2021-06-27 02:00:00,24,34.45454545454545,False,False
baseline_요일x시간 평균,-,keep,2021-06,2021-06-27 03:00:00,25,33.86363636363637,False,False
baseline_요일x시간 평균,-,keep,2021-06,2021-06-27 04:00:00,23,31.5,False,False
baseline_요일x시간 평균,-,keep,2021-06,2021-06-27 05:00:00,23,28.636363636363637,False,False
baseline_요일x시간 평균,-,keep,2021-06,2021-06-27 06:00:00,25,30.863636363636363,False,False
baseline_요일x시간 평균,-,keep,2021-06,2021-06-27 07:00:00,23,38.72727272727273,False,False
baseline_요일x시간 평균,-,keep,2021-06,2021-06-27 08:00:00,24,78.22727272727273,False,False
baseline_요일x시간 평균,-,keep,2021-06,2021-06-27 09:00:00,26,70.0,False,False
baseline_요일x시간 평균,-,keep,2021-06,2021-06-27 10:00:00,24,74.0909090909091,False,False
baseline_요일x시간 평균,-,keep,2021-06,2021-06-27 11:00:00,24,76.81818181818181,False,False
baseline_요일x시간 평균,-,keep,2021-06,2021-06-27 12:00:00,26,50.5,False,False
baseline_요일x시간 평균,-,keep,2021-06,2021-06-27 13:00:00,24,71.31818181818181,False,False
baseline_요일x시간 평균,-,keep,2021-06,2021-06-27 14:00:00,24,76.86363636363636,False,False
baseline_요일x시간 평균,-,keep,2021-06,2021-06-27 15:00:00,26,66.81818181818181,False,False
baseline_요일x시간 평균,-,keep,2021-06,2021-06-27 16:00:00,24,67.18181818181819,False,False
baseline_요일x시간 평균,-,keep,2021-06,2021-06-27 17:00:00,24,59.31818181818182,False,False
baseline_요일x시간 평균,-,keep,2021-06,2021-06-27 18:00:00,26,70.4090909090909,False,False
baseline_요일x시간 평균,-,keep,2021-06,2021-06-27 19:00:00,24,61.81818181818182,False,False
baseline_요일x시간 평균,-,keep,2021-06,2021-06-27 20:00:00,24,53.63636363636363,False,False
baseline_요일x시간 평균,-,keep,2021-06,2021-06-27 21:00:00,24,58.81818181818182,False,False
baseline_요일x시간 평균,-,keep,2021-06,2021-06-27 22:00:00,26,54.90909090909091,False,False
baseline_요일x시간 평균,-,keep,2021-06,2021-06-27 23:00:00,24,53.27272727272727,False,False
baseline_요일x시간 평균,-,keep,2021-06,2021-06-28 00:00:00,24,53.40909090909091,False,True
baseline_요일x시간 평균,-,keep,2021-06,2021-06-28 01:00:00,26,78.27272727272727,False,True
baseline_요일x시간 평균,-,keep,2021-06,2021-06-28 02:00:00,24,80.72727272727273,False,True
baseline_요일x시간 평균,-,keep,2021-06,2021-06-28 03:00:00,24,79.31818181818181,False,True
baseline_요일x시간 평균,-,keep,2021-06,2021-06-28 04:00:00,26,80.45454545454545,False,True
baseline_요일x시간 평균,-,keep,2021-06,2021-06-28 05:00:00,24,69.45454545454545,False,True
baseline_요일x시간 평균,-,keep,2021-06,2021-06-28 06:00:00,23,81.22727272727273,False,True
baseline_요일x시간 평균,-,keep,2021-06,2021-06-28 07:00:00,57,103.0909090909091,False,True
baseline_요일x시간 평균,-,keep,2021-06,2021-06-28 08:00:00,175,169.5909090909091,True,True
baseline_요일x시간 평균,-,keep,2021-06,2021-06-28 09:00:00,178,168.54545454545453,True,True
baseline_요일x시간 평균,-,keep,2021-06,2021-06-28 10:00:00,167,159.4090909090909,False,True
baseline_요일x시간 평균,-,keep,2021-06,2021-06-28 11:00:00,183,170.04545454545453,True,True
baseline_요일x시간 평균,-,keep,2021-06,2021-06-28 12:00:00,121,104.45454545454545,False,True
baseline_요일x시간 평균,-,keep,2021-06,2021-06-28 13:00:00,185,167.6818181818182,True,True
baseline_요일x시간 평균,-,keep,2021-06,2021-06-28 14:00:00,180,163.77272727272728,True,True
baseline_요일x시간 평균,-,keep,2021-06,2021-06-28 15:00:00,182,155.0,True,True
baseline_요일x시간 평균,-,keep,2021-06,2021-06-28 16:00:00,168,156.27272727272728,False,True
baseline_요일x시간 평균,-,keep,2021-06,2021-06-28 17:00:00,150,128.27272727272728,False,True
baseline_요일x시간 평균,-,keep,2021-06,2021-06-28 18:00:00,177,148.72727272727272,True,True
baseline_요일x시간 평균,-,keep,2021-06,2021-06-28 19:00:00,153,137.0909090909091,False,True
baseline_요일x시간 평균,-,keep,2021-06,2021-06-28 20:00:00,112,117.72727272727273,False,True
baseline_요일x시간 평균,-,keep,2021-06,2021-06-28 21:00:00,118,114.9090909090909,False,True
baseline_요일x시간 평균,-,keep,2021-06,2021-06-28 22:00:00,109,107.95454545454545,False,True
baseline_요일x시간 평균,-,keep,2021-06,2021-06-28 23:00:00,107,101.0,False,True
baseline_요일x시간 평균,-,keep,2021-06,2021-06-29 00:00:00,66,55.666666666666664,False,True
baseline_요일x시간 평균,-,keep,2021-06,2021-06-29 01:00:00,104,82.61904761904762,False,True
baseline_요일x시간 평균,-,keep,2021-06,2021-06-29 02:00:00,113,87.33333333333333,False,True
baseline_요일x시간 평균,-,keep,2021-06,2021-06-29 03:00:00,104,83.0952380952381,False,True
baseline_요일x시간 평균,-,keep,2021-06,2021-06-29 04:00:00,110,83.42857142857143,False,True
baseline_요일x시간 평균,-,keep,2021-06,2021-06-29 05:00:00,90,72.38095238095238,False,True
baseline_요일x시간 평균,-,keep,2021-06,2021-06-29 06:00:00,113,86.42857142857143,False,True
baseline_요일x시간 평균,-,keep,2021-06,2021-06-29 07:00:00,137,104.57142857142857,False,True
baseline_요일x시간 평균,-,keep,2021-06,2021-06-29 08:00:00,202,140.66666666666666,True,True
baseline_요일x시간 평균,-,keep,2021-06,2021-06-29 09:00:00,179,141.52380952380952,True,True
baseline_요일x시간 평균,-,keep,2021-06,2021-06-29 10:00:00,163,135.47619047619048,False,True
baseline_요일x시간 평균,-,keep,2021-06,2021-06-29 11:00:00,193,138.57142857142858,True,True
baseline_요일x시간 평균,-,keep,2021-06,2021-06-29 12:00:00,118,86.38095238095238,False,True
baseline_요일x시간 평균,-,keep,2021-06,2021-06-29 13:00:00,187,139.38095238095238,True,True
baseline_요일x시간 평균,-,keep,2021-06,2021-06-29 14:00:00,177,137.0952380952381,True,True
baseline_요일x시간 평균,-,keep,2021-06,2021-06-29 15:00:00,163,130.52380952380952,False,True
baseline_요일x시간 평균,-,keep,2021-06,2021-06-29 16:00:00,164,131.0952380952381,False,True
baseline_요일x시간 평균,-,keep,2021-06,2021-06-29 17:00:00,128,109.38095238095238,False,True
baseline_요일x시간 평균,-,keep,2021-06,2021-06-29 18:00:00,166,127.9047619047619,False,True
baseline_요일x시간 평균,-,keep,2021-06,2021-06-29 19:00:00,160,113.9047619047619,False,True
baseline_요일x시간 평균,-,keep,2021-06,2021-06-29 20:00:00,135,98.95238095238095,False,True
baseline_요일x시간 평균,-,keep,2021-06,2021-06-29 21:00:00,124,97.80952380952381,False,True
baseline_요일x시간 평균,-,keep,2021-06,2021-06-29 22:00:00,113,88.47619047619048,False,True
baseline_요일x시간 평균,-,keep,2021-06,2021-06-29 23:00:00,104,85.33333333333333,False,True
baseline_요일x시간 평균,-,keep,2021-06,2021-06-30 00:00:00,67,53.42857142857143,False,True
baseline_요일x시간 평균,-,keep,2021-06,2021-06-30 01:00:00,104,79.04761904761905,False,True
baseline_요일x시간 평균,-,keep,2021-06,2021-06-30 02:00:00,110,82.71428571428571,False,True
baseline_요일x시간 평균,-,keep,2021-06,2021-06-30 03:00:00,112,80.66666666666667,False,True
baseline_요일x시간 평균,-,keep,2021-06,2021-06-30 04:00:00,109,82.14285714285714,False,True
baseline_요일x시간 평균,-,keep,2021-06,2021-06-30 05:00:00,98,71.52380952380952,False,True
baseline_요일x시간 평균,-,keep,2021-06,2021-06-30 06:00:00,114,83.33333333333333,False,True
baseline_요일x시간 평균,-,keep,2021-06,2021-06-30 07:00:00,132,93.71428571428571,False,True
baseline_요일x시간 평균,-,keep,2021-06,2021-06-30 08:00:00,180,121.28571428571429,True,True
baseline_요일x시간 평균,-,keep,2021-06,2021-06-30 09:00:00,179,118.52380952380952,True,True
baseline_요일x시간 평균,-,keep,2021-06,2021-06-30 10:00:00,159,112.9047619047619,False,True
baseline_요일x시간 평균,-,keep,2021-06,2021-06-30 11:00:00,144,118.0,False,True
baseline_요일x시간 평균,-,keep,2021-06,2021-06-30 12:00:00,108,74.47619047619048,False,True
baseline_요일x시간 평균,-,keep,2021-06,2021-06-30 13:00:00,167,117.66666666666667,False,True
baseline_요일x시간 평균,-,keep,2021-06,2021-06-30 14:00:00,166,116.28571428571429,False,True
baseline_요일x시간 평균,-,keep,2021-06,2021-06-30 15:00:00,164,109.28571428571429,False,True
baseline_요일x시간 평균,-,keep,2021-06,2021-06-30 16:00:00,161,111.23809523809524,False,True
baseline_요일x시간 평균,-,keep,2021-06,2021-06-30 17:00:00,156,93.14285714285714,False,True
baseline_요일x시간 평균,-,keep,2021-06,2021-06-30 18:00:00,160,102.14285714285714,False,True
baseline_요일x시간 평균,-,keep,2021-06,2021-06-30 19:00:00,141,96.33333333333333,False,True
baseline_요일x시간 평균,-,keep,2021-06,2021-06-30 20:00:00,109,90.80952380952381,False,True
baseline_요일x시간 평균,-,keep,2021-06,2021-06-30 21:00:00,113,87.85714285714286,False,True
baseline_요일x시간 평균,-,keep,2021-06,2021-06-30 22:00:00,106,82.19047619047619,False,True
baseline_요일x시간 평균,-,keep,2021-06,2021-06-30 23:00:00,104,77.42857142857143,False,True
baseline_요일x시간 평균,-,keep,2021-07,2021-07-01 00:00:00,68,55.56,False,False
baseline_요일x시간 평균,-,keep,2021-07,2021-07-01 01:00:00,104,82.6,False,False
baseline_요일x시간 평균,-,keep,2021-07,2021-07-01 02:00:00,113,84.0,False,False
baseline_요일x시간 평균,-,keep,2021-07,2021-07-01 03:00:00,107,82.36,False,False
baseline_요일x시간 평균,-,keep,2021-07,2021-07-01 04:00:00,104,83.88,False,False
baseline_요일x시간 평균,-,keep,2021-07,2021-07-01 05:00:00,93,73.6,False,False
baseline_요일x시간 평균,-,keep,2021-07,2021-07-01 06:00:00,110,84.92,False,False
baseline_요일x시간 평균,-,keep,2021-07,2021-07-01 07:00:00,129,108.84,False,False
baseline_요일x시간 평균,-,keep,2021-07,2021-07-01 08:00:00,182,168.64,True,False
baseline_요일x시간 평균,-,keep,2021-07,2021-07-01 09:00:00,178,169.04,True,False
baseline_요일x시간 평균,-,keep,2021-07,2021-07-01 10:00:00,172,161.2,True,False
baseline_요일x시간 평균,-,keep,2021-07,2021-07-01 11:00:00,188,169.24,True,False
baseline_요일x시간 평균,-,keep,2021-07,2021-07-01 12:00:00,111,104.76,False,False
baseline_요일x시간 평균,-,keep,2021-07,2021-07-01 13:00:00,190,169.0,True,False
baseline_요일x시간 평균,-,keep,2021-07,2021-07-01 14:00:00,187,165.0,True,False
baseline_요일x시간 평균,-,keep,2021-07,2021-07-01 15:00:00,164,155.28,False,False
baseline_요일x시간 평균,-,keep,2021-07,2021-07-01 16:00:00,170,156.04,False,False
baseline_요일x시간 평균,-,keep,2021-07,2021-07-01 17:00:00,135,129.2,False,False
baseline_요일x시간 평균,-,keep,2021-07,2021-07-01 18:00:00,157,140.72,False,False
baseline_요일x시간 평균,-,keep,2021-07,2021-07-01 19:00:00,163,126.52,False,False
baseline_요일x시간 평균,-,keep,2021-07,2021-07-01 20:00:00,142,117.32,False,False
baseline_요일x시간 평균,-,keep,2021-07,2021-07-01 21:00:00,140,115.8,False,False
baseline_요일x시간 평균,-,keep,2021-07,2021-07-01 22:00:00,119,109.92,False,False
baseline_요일x시간 평균,-,keep,2021-07,2021-07-01 23:00:00,108,101.48,False,False
baseline_요일x시간 평균,-,keep,2021-07,2021-07-02 00:00:00,68,58.19230769230769,False,False
baseline_요일x시간 평균,-,keep,2021-07,2021-07-02 01:00:00,106,88.96153846153847,False,False
baseline_요일x시간 평균,-,keep,2021-07,2021-07-02 02:00:00,116,91.11538461538461,False,False
baseline_요일x시간 평균,-,keep,2021-07,2021-07-02 03:00:00,108,88.53846153846153,False,False
baseline_요일x시간 평균,-,keep,2021-07,2021-07-02 04:00:00,106,90.84615384615384,False,False
baseline_요일x시간 평균,-,keep,2021-07,2021-07-02 05:00:00,96,77.8076923076923,False,False
baseline_요일x시간 평균,-,keep,2021-07,2021-07-02 06:00:00,112,91.26923076923077,False,False
baseline_요일x시간 평균,-,keep,2021-07,2021-07-02 07:00:00,133,94.8076923076923,False,False
baseline_요일x시간 평균,-,keep,2021-07,2021-07-02 08:00:00,161,116.84615384615384,False,False
baseline_요일x시간 평균,-,keep,2021-07,2021-07-02 09:00:00,175,114.46153846153847,True,False
baseline_요일x시간 평균,-,keep,2021-07,2021-07-02 10:00:00,164,111.23076923076923,False,False
baseline_요일x시간 평균,-,keep,2021-07,2021-07-02 11:00:00,179,116.92307692307692,True,False
baseline_요일x시간 평균,-,keep,2021-07,2021-07-02 12:00:00,108,74.65384615384616,False,False
baseline_요일x시간 평균,-,keep,2021-07,2021-07-02 13:00:00,170,114.57692307692308,False,False
baseline_요일x시간 평균,-,keep,2021-07,2021-07-02 14:00:00,175,113.34615384615384,True,False
baseline_요일x시간 평균,-,keep,2021-07,2021-07-02 15:00:00,143,106.38461538461539,False,False
baseline_요일x시간 평균,-,keep,2021-07,2021-07-02 16:00:00,158,108.07692307692308,False,False
baseline_요일x시간 평균,-,keep,2021-07,2021-07-02 17:00:00,147,90.03846153846153,False,False
baseline_요일x시간 평균,-,keep,2021-07,2021-07-02 18:00:00,160,103.76923076923077,False,False
baseline_요일x시간 평균,-,keep,2021-07,2021-07-02 19:00:00,136,95.53846153846153,False,False
baseline_요일x시간 평균,-,keep,2021-07,2021-07-02 20:00:00,122,84.0,False,False
baseline_요일x시간 평균,-,keep,2021-07,2021-07-02 21:00:00,114,83.5,False,False
baseline_요일x시간 평균,-,keep,2021-07,2021-07-02 22:00:00,111,78.1923076923077,False,False
baseline_요일x시간 평균,-,keep,2021-07,2021-07-02 23:00:00,93,72.84615384615384,False,False
baseline_요일x시간 평균,-,keep,2021-07,2021-07-03 00:00:00,67,64.1923076923077,False,False
baseline_요일x시간 평균,-,keep,2021-07,2021-07-03 01:00:00,104,104.61538461538461,False,False
baseline_요일x시간 평균,-,keep,2021-07,2021-07-03 02:00:00,106,104.61538461538461,False,False
baseline_요일x시간 평균,-,keep,2021-07,2021-07-03 03:00:00,103,103.92307692307692,False,False
baseline_요일x시간 평균,-,keep,2021-07,2021-07-03 04:00:00,104,107.03846153846153,False,False
baseline_요일x시간 평균,-,keep,2021-07,2021-07-03 05:00:00,89,89.73076923076923,False,False
baseline_요일x시간 평균,-,keep,2021-07,2021-07-03 06:00:00,98,105.46153846153847,False,False
baseline_요일x시간 평균,-,keep,2021-07,2021-07-03 07:00:00,53,70.07692307692308,False,False
baseline_요일x시간 평균,-,keep,2021-07,2021-07-03 08:00:00,22,40.46153846153846,False,False
baseline_요일x시간 평균,-,keep,2021-07,2021-07-03 09:00:00,25,33.61538461538461,False,False
baseline_요일x시간 평균,-,keep,2021-07,2021-07-03 10:00:00,23,32.92307692307692,False,False
baseline_요일x시간 평균,-,keep,2021-07,2021-07-03 11:00:00,23,34.07692307692308,False,False
baseline_요일x시간 평균,-,keep,2021-07,2021-07-03 12:00:00,24,31.923076923076923,False,False
baseline_요일x시간 평균,-,keep,2021-07,2021-07-03 13:00:00,22,38.34615384615385,False,False
baseline_요일x시간 평균,-,keep,2021-07,2021-07-03 14:00:00,22,38.65384615384615,False,False
baseline_요일x시간 평균,-,keep,2021-07,2021-07-03 15:00:00,23,38.92307692307692,False,False
baseline_요일x시간 평균,-,keep,2021-07,2021-07-03 16:00:00,23,38.34615384615385,False,False
baseline_요일x시간 평균,-,keep,2021-07,2021-07-03 17:00:00,22,35.57692307692308,False,False
baseline_요일x시간 평균,-,keep,2021-07,2021-07-03 18:00:00,22,44.46153846153846,False,False
baseline_요일x시간 평균,-,keep,2021-07,2021-07-03 19:00:00,24,40.03846153846154,False,False
baseline_요일x시간 평균,-,keep,2021-07,2021-07-03 20:00:00,22,32.96153846153846,False,False
baseline_요일x시간 평균,-,keep,2021-07,2021-07-03 21:00:00,23,34.07692307692308,False,False
baseline_요일x시간 평균,-,keep,2021-07,2021-07-03 22:00:00,24,29.192307692307693,False,False
baseline_요일x시간 평균,-,keep,2021-07,2021-07-03 23:00:00,22,35.11538461538461,False,False
baseline_요일x시간 평균,-,keep,2021-07,2021-07-04 00:00:00,22,27.576923076923077,False,False
baseline_요일x시간 평균,-,keep,2021-07,2021-07-04 01:00:00,25,32.57692307692308,False,False
baseline_요일x시간 평균,-,keep,2021-07,2021-07-04 02:00:00,23,32.73076923076923,False,False
baseline_요일x시간 평균,-,keep,2021-07,2021-07-04 03:00:00,23,32.15384615384615,False,False
baseline_요일x시간 평균,-,keep,2021-07,2021-07-04 04:00:00,23,30.26923076923077,False,False
baseline_요일x시간 평균,-,keep,2021-07,2021-07-04 05:00:00,24,27.692307692307693,False,False
baseline_요일x시간 평균,-,keep,2021-07,2021-07-04 06:00:00,22,29.692307692307693,False,False
baseline_요일x시간 평균,-,keep,2021-07,2021-07-04 07:00:00,22,36.26923076923077,False,False
baseline_요일x시간 평균,-,keep,2021-07,2021-07-04 08:00:00,24,69.73076923076923,False,False
baseline_요일x시간 평균,-,keep,2021-07,2021-07-04 09:00:00,22,62.88461538461539,False,False
baseline_요일x시간 평균,-,keep,2021-07,2021-07-04 10:00:00,23,66.1923076923077,False,False
baseline_요일x시간 평균,-,keep,2021-07,2021-07-04 11:00:00,26,68.61538461538461,False,False
baseline_요일x시간 평균,-,keep,2021-07,2021-07-04 12:00:00,23,46.34615384615385,False,False
baseline_요일x시간 평균,-,keep,2021-07,2021-07-04 13:00:00,23,63.84615384615385,False,False
baseline_요일x시간 평균,-,keep,2021-07,2021-07-04 14:00:00,24,68.61538461538461,False,False
baseline_요일x시간 평균,-,keep,2021-07,2021-07-04 15:00:00,24,60.19230769230769,False,False
baseline_요일x시간 평균,-,keep,2021-07,2021-07-04 16:00:00,24,60.5,False,False
baseline_요일x시간 평균,-,keep,2021-07,2021-07-04 17:00:00,22,53.73076923076923,False,False
baseline_요일x시간 평균,-,keep,2021-07,2021-07-04 18:00:00,25,63.23076923076923,False,False
baseline_요일x시간 평균,-,keep,2021-07,2021-07-04 19:00:00,23,55.88461538461539,False,False
baseline_요일x시간 평균,-,keep,2021-07,2021-07-04 20:00:00,22,48.84615384615385,False,False
baseline_요일x시간 평균,-,keep,2021-07,2021-07-04 21:00:00,25,53.5,False,False
baseline_요일x시간 평균,-,keep,2021-07,2021-07-04 22:00:00,23,50.11538461538461,False,False
baseline_요일x시간 평균,-,keep,2021-07,2021-07-04 23:00:00,23,48.69230769230769,False,False
baseline_요일x시간 평균,-,keep,2021-07,2021-07-05 00:00:00,25,48.73076923076923,False,False
baseline_요일x시간 평균,-,keep,2021-07,2021-07-05 01:00:00,23,69.88461538461539,False,False
baseline_요일x시간 평균,-,keep,2021-07,2021-07-05 02:00:00,23,71.84615384615384,False,False
baseline_요일x시간 평균,-,keep,2021-07,2021-07-05 03:00:00,24,70.61538461538461,False,False
baseline_요일x시간 평균,-,keep,2021-07,2021-07-05 04:00:00,24,71.84615384615384,False,False
baseline_요일x시간 평균,-,keep,2021-07,2021-07-05 05:00:00,23,62.30769230769231,False,False
baseline_요일x시간 평균,-,keep,2021-07,2021-07-05 06:00:00,22,72.1923076923077,False,False
baseline_요일x시간 평균,-,keep,2021-07,2021-07-05 07:00:00,63,96.1923076923077,False,False
baseline_요일x시간 평균,-,keep,2021-07,2021-07-05 08:00:00,168,171.15384615384616,False,False
baseline_요일x시간 평균,-,keep,2021-07,2021-07-05 09:00:00,170,169.96153846153845,False,False
baseline_요일x시간 평균,-,keep,2021-07,2021-07-05 10:00:00,173,161.19230769230768,True,False
baseline_요일x시간 평균,-,keep,2021-07,2021-07-05 11:00:00,172,171.30769230769232,True,False
baseline_요일x시간 평균,-,keep,2021-07,2021-07-05 12:00:00,104,106.46153846153847,False,False
baseline_요일x시간 평균,-,keep,2021-07,2021-07-05 13:00:00,168,170.19230769230768,False,False
baseline_요일x시간 평균,-,keep,2021-07,2021-07-05 14:00:00,169,166.30769230769232,False,False
baseline_요일x시간 평균,-,keep,2021-07,2021-07-05 15:00:00,160,157.76923076923077,False,False
baseline_요일x시간 평균,-,keep,2021-07,2021-07-05 16:00:00,158,157.76923076923077,False,False
baseline_요일x시간 평균,-,keep,2021-07,2021-07-05 17:00:00,129,130.30769230769232,False,False
baseline_요일x시간 평균,-,keep,2021-07,2021-07-05 18:00:00,158,151.15384615384616,False,False
baseline_요일x시간 평균,-,keep,2021-07,2021-07-05 19:00:00,139,138.15384615384616,False,False
baseline_요일x시간 평균,-,keep,2021-07,2021-07-05 20:00:00,120,117.53846153846153,False,False
baseline_요일x시간 평균,-,keep,2021-07,2021-07-05 21:00:00,117,115.65384615384616,False,False
baseline_요일x시간 평균,-,keep,2021-07,2021-07-05 22:00:00,104,107.88461538461539,False,False
baseline_요일x시간 평균,-,keep,2021-07,2021-07-05 23:00:00,102,101.76923076923077,False,False
baseline_요일x시간 평균,-,keep,2021-07,2021-07-06 00:00:00,68,57.92307692307692,False,False
baseline_요일x시간 평균,-,keep,2021-07,2021-07-06 01:00:00,103,86.73076923076923,False,False
baseline_요일x시간 평균,-,keep,2021-07,2021-07-06 02:00:00,105,91.6923076923077,False,False
baseline_요일x시간 평균,-,keep,2021-07,2021-07-06 03:00:00,105,87.73076923076923,False,False
baseline_요일x시간 평균,-,keep,2021-07,2021-07-06 04:00:00,106,88.42307692307692,False,False
baseline_요일x시간 평균,-,keep,2021-07,2021-07-06 05:00:00,98,76.07692307692308,False,False
baseline_요일x시간 평균,-,keep,2021-07,2021-07-06 06:00:00,98,91.03846153846153,False,False
baseline_요일x시간 평균,-,keep,2021-07,2021-07-06 07:00:00,119,108.42307692307692,False,False
baseline_요일x시간 평균,-,keep,2021-07,2021-07-06 08:00:00,180,148.0,True,False
baseline_요일x시간 평균,-,keep,2021-07,2021-07-06 09:00:00,180,147.57692307692307,True,False
baseline_요일x시간 평균,-,keep,2021-07,2021-07-06 10:00:00,168,140.65384615384616,False,False
baseline_요일x시간 평균,-,keep,2021-07,2021-07-06 11:00:00,176,145.6153846153846,True,False
baseline_요일x시간 평균,-,keep,2021-07,2021-07-06 12:00:00,110,90.46153846153847,False,False
baseline_요일x시간 평균,-,keep,2021-07,2021-07-06 13:00:00,159,145.6153846153846,False,False
baseline_요일x시간 평균,-,keep,2021-07,2021-07-06 14:00:00,179,143.1153846153846,True,False
baseline_요일x시간 평균,-,keep,2021-07,2021-07-06 15:00:00,158,136.0,False,False
baseline_요일x시간 평균,-,keep,2021-07,2021-07-06 16:00:00,171,137.19230769230768,False,False
baseline_요일x시간 평균,-,keep,2021-07,2021-07-06 17:00:00,129,113.03846153846153,False,False
baseline_요일x시간 평균,-,keep,2021-07,2021-07-06 18:00:00,153,133.34615384615384,False,False
baseline_요일x시간 평균,-,keep,2021-07,2021-07-06 19:00:00,151,121.15384615384616,False,False
baseline_요일x시간 평균,-,keep,2021-07,2021-07-06 20:00:00,134,104.76923076923077,False,False
baseline_요일x시간 평균,-,keep,2021-07,2021-07-06 21:00:00,126,102.8076923076923,False,False
baseline_요일x시간 평균,-,keep,2021-07,2021-07-06 22:00:00,112,92.8076923076923,False,False
baseline_요일x시간 평균,-,keep,2021-07,2021-07-06 23:00:00,106,89.11538461538461,False,False
baseline_요일x시간 평균,-,keep,2021-07,2021-07-07 00:00:00,76,56.19230769230769,False,False
baseline_요일x시간 평균,-,keep,2021-07,2021-07-07 01:00:00,102,83.8076923076923,False,False
baseline_요일x시간 평균,-,keep,2021-07,2021-07-07 02:00:00,106,88.23076923076923,False,False
baseline_요일x시간 평균,-,keep,2021-07,2021-07-07 03:00:00,110,85.6923076923077,False,False
baseline_요일x시간 평균,-,keep,2021-07,2021-07-07 04:00:00,106,86.84615384615384,False,False
baseline_요일x시간 평균,-,keep,2021-07,2021-07-07 05:00:00,94,75.26923076923077,False,False
baseline_요일x시간 평균,-,keep,2021-07,2021-07-07 06:00:00,102,88.53846153846153,False,False
baseline_요일x시간 평균,-,keep,2021-07,2021-07-07 07:00:00,130,101.15384615384616,False,False
baseline_요일x시간 평균,-,keep,2021-07,2021-07-07 08:00:00,181,131.07692307692307,True,False
baseline_요일x시간 평균,-,keep,2021-07,2021-07-07 09:00:00,178,129.1153846153846,True,False
baseline_요일x시간 평균,-,keep,2021-07,2021-07-07 10:00:00,174,122.88461538461539,True,False
baseline_요일x시간 평균,-,keep,2021-07,2021-07-07 11:00:00,178,126.6923076923077,True,False
baseline_요일x시간 평균,-,keep,2021-07,2021-07-07 12:00:00,112,80.26923076923077,False,False
baseline_요일x시간 평균,-,keep,2021-07,2021-07-07 13:00:00,173,127.34615384615384,True,False
baseline_요일x시간 평균,-,keep,2021-07,2021-07-07 14:00:00,175,125.84615384615384,True,False
baseline_요일x시간 평균,-,keep,2021-07,2021-07-07 15:00:00,158,118.6923076923077,False,False
baseline_요일x시간 평균,-,keep,2021-07,2021-07-07 16:00:00,177,120.88461538461539,True,False
baseline_요일x시간 평균,-,keep,2021-07,2021-07-07 17:00:00,138,102.26923076923077,False,False
baseline_요일x시간 평균,-,keep,2021-07,2021-07-07 18:00:00,169,113.15384615384616,False,False
baseline_요일x시간 평균,-,keep,2021-07,2021-07-07 19:00:00,157,103.84615384615384,False,False
baseline_요일x시간 평균,-,keep,2021-07,2021-07-07 20:00:00,117,95.38461538461539,False,False
baseline_요일x시간 평균,-,keep,2021-07,2021-07-07 21:00:00,115,93.0,False,False
baseline_요일x시간 평균,-,keep,2021-07,2021-07-07 22:00:00,104,86.57692307692308,False,False
baseline_요일x시간 평균,-,keep,2021-07,2021-07-07 23:00:00,105,82.1923076923077,False,False
baseline_요일x시간 평균,-,keep,2021-07,2021-07-08 00:00:00,73,55.56,False,False
baseline_요일x시간 평균,-,keep,2021-07,2021-07-08 01:00:00,99,82.6,False,False
baseline_요일x시간 평균,-,keep,2021-07,2021-07-08 02:00:00,104,84.0,False,False
baseline_요일x시간 평균,-,keep,2021-07,2021-07-08 03:00:00,105,82.36,False,False
baseline_요일x시간 평균,-,keep,2021-07,2021-07-08 04:00:00,106,83.88,False,False
baseline_요일x시간 평균,-,keep,2021-07,2021-07-08 05:00:00,96,73.6,False,False
baseline_요일x시간 평균,-,keep,2021-07,2021-07-08 06:00:00,110,84.92,False,False
baseline_요일x시간 평균,-,keep,2021-07,2021-07-08 07:00:00,133,108.84,False,False
baseline_요일x시간 평균,-,keep,2021-07,2021-07-08 08:00:00,166,168.64,False,False
baseline_요일x시간 평균,-,keep,2021-07,2021-07-08 09:00:00,180,169.04,True,False
baseline_요일x시간 평균,-,keep,2021-07,2021-07-08 10:00:00,184,161.2,True,False
baseline_요일x시간 평균,-,keep,2021-07,2021-07-08 11:00:00,190,169.24,True,False
baseline_요일x시간 평균,-,keep,2021-07,2021-07-08 12:00:00,120,104.76,False,False
baseline_요일x시간 평균,-,keep,2021-07,2021-07-08 13:00:00,186,169.0,True,False
baseline_요일x시간 평균,-,keep,2021-07,2021-07-08 14:00:00,184,165.0,True,False
baseline_요일x시간 평균,-,keep,2021-07,2021-07-08 15:00:00,161,155.28,False,False
baseline_요일x시간 평균,-,keep,2021-07,2021-07-08 16:00:00,174,156.04,True,False
baseline_요일x시간 평균,-,keep,2021-07,2021-07-08 17:00:00,128,129.2,False,False
baseline_요일x시간 평균,-,keep,2021-07,2021-07-08 18:00:00,147,140.72,False,False
baseline_요일x시간 평균,-,keep,2021-07,2021-07-08 19:00:00,147,126.52,False,False
baseline_요일x시간 평균,-,keep,2021-07,2021-07-08 20:00:00,130,117.32,False,False
baseline_요일x시간 평균,-,keep,2021-07,2021-07-08 21:00:00,125,115.8,False,False
baseline_요일x시간 평균,-,keep,2021-07,2021-07-08 22:00:00,111,109.92,False,False
baseline_요일x시간 평균,-,keep,2021-07,2021-07-08 23:00:00,113,101.48,False,False
baseline_요일x시간 평균,-,keep,2021-07,2021-07-09 00:00:00,73,58.19230769230769,False,False
baseline_요일x시간 평균,-,keep,2021-07,2021-07-09 01:00:00,102,88.96153846153847,False,False
baseline_요일x시간 평균,-,keep,2021-07,2021-07-09 02:00:00,110,91.11538461538461,False,False
baseline_요일x시간 평균,-,keep,2021-07,2021-07-09 03:00:00,99,88.53846153846153,False,False
baseline_요일x시간 평균,-,keep,2021-07,2021-07-09 04:00:00,104,90.84615384615384,False,False
baseline_요일x시간 평균,-,keep,2021-07,2021-07-09 05:00:00,98,77.8076923076923,False,False
baseline_요일x시간 평균,-,keep,2021-07,2021-07-09 06:00:00,113,91.26923076923077,False,False
baseline_요일x시간 평균,-,keep,2021-07,2021-07-09 07:00:00,137,94.8076923076923,False,False
baseline_요일x시간 평균,-,keep,2021-07,2021-07-09 08:00:00,174,116.84615384615384,True,False
baseline_요일x시간 평균,-,keep,2021-07,2021-07-09 09:00:00,166,114.46153846153847,False,False
baseline_요일x시간 평균,-,keep,2021-07,2021-07-09 10:00:00,164,111.23076923076923,False,False
baseline_요일x시간 평균,-,keep,2021-07,2021-07-09 11:00:00,171,116.92307692307692,False,False
baseline_요일x시간 평균,-,keep,2021-07,2021-07-09 12:00:00,100,74.65384615384616,False,False
baseline_요일x시간 평균,-,keep,2021-07,2021-07-09 13:00:00,174,114.57692307692308,True,False
baseline_요일x시간 평균,-,keep,2021-07,2021-07-09 14:00:00,181,113.34615384615384,True,False
baseline_요일x시간 평균,-,keep,2021-07,2021-07-09 15:00:00,167,106.38461538461539,False,False
baseline_요일x시간 평균,-,keep,2021-07,2021-07-09 16:00:00,171,108.07692307692308,False,False
baseline_요일x시간 평균,-,keep,2021-07,2021-07-09 17:00:00,143,90.03846153846153,False,False
baseline_요일x시간 평균,-,keep,2021-07,2021-07-09 18:00:00,170,103.76923076923077,False,False
baseline_요일x시간 평균,-,keep,2021-07,2021-07-09 19:00:00,134,95.53846153846153,False,False
baseline_요일x시간 평균,-,keep,2021-07,2021-07-09 20:00:00,104,84.0,False,False
baseline_요일x시간 평균,-,keep,2021-07,2021-07-09 21:00:00,103,83.5,False,False
baseline_요일x시간 평균,-,keep,2021-07,2021-07-09 22:00:00,102,78.1923076923077,False,False
baseline_요일x시간 평균,-,keep,2021-07,2021-07-09 23:00:00,96,72.84615384615384,False,False
baseline_요일x시간 평균,-,keep,2021-07,2021-07-10 00:00:00,65,64.1923076923077,False,False
baseline_요일x시간 평균,-,keep,2021-07,2021-07-10 01:00:00,97,104.61538461538461,False,False
baseline_요일x시간 평균,-,keep,2021-07,2021-07-10 02:00:00,97,104.61538461538461,False,False
baseline_요일x시간 평균,-,keep,2021-07,2021-07-10 03:00:00,97,103.92307692307692,False,False
baseline_요일x시간 평균,-,keep,2021-07,2021-07-10 04:00:00,100,107.03846153846153,False,False
baseline_요일x시간 평균,-,keep,2021-07,2021-07-10 05:00:00,83,89.73076923076923,False,False
baseline_요일x시간 평균,-,keep,2021-07,2021-07-10 06:00:00,101,105.46153846153847,False,False
baseline_요일x시간 평균,-,keep,2021-07,2021-07-10 07:00:00,75,70.07692307692308,False,False
baseline_요일x시간 평균,-,keep,2021-07,2021-07-10 08:00:00,26,40.46153846153846,False,False
baseline_요일x시간 평균,-,keep,2021-07,2021-07-10 09:00:00,27,33.61538461538461,False,False
baseline_요일x시간 평균,-,keep,2021-07,2021-07-10 10:00:00,30,32.92307692307692,False,False
baseline_요일x시간 평균,-,keep,2021-07,2021-07-10 11:00:00,29,34.07692307692308,False,False
baseline_요일x시간 평균,-,keep,2021-07,2021-07-10 12:00:00,26,31.923076923076923,False,False
baseline_요일x시간 평균,-,keep,2021-07,2021-07-10 13:00:00,25,38.34615384615385,False,False
baseline_요일x시간 평균,-,keep,2021-07,2021-07-10 14:00:00,23,38.65384615384615,False,False
baseline_요일x시간 평균,-,keep,2021-07,2021-07-10 15:00:00,24,38.92307692307692,False,False
baseline_요일x시간 평균,-,keep,2021-07,2021-07-10 16:00:00,24,38.34615384615385,False,False
baseline_요일x시간 평균,-,keep,2021-07,2021-07-10 17:00:00,23,35.57692307692308,False,False
baseline_요일x시간 평균,-,keep,2021-07,2021-07-10 18:00:00,22,44.46153846153846,False,False
baseline_요일x시간 평균,-,keep,2021-07,2021-07-10 19:00:00,24,40.03846153846154,False,False
baseline_요일x시간 평균,-,keep,2021-07,2021-07-10 20:00:00,22,32.96153846153846,False,False
baseline_요일x시간 평균,-,keep,2021-07,2021-07-10 21:00:00,22,34.07692307692308,False,False
baseline_요일x시간 평균,-,keep,2021-07,2021-07-10 22:00:00,25,29.192307692307693,False,False
baseline_요일x시간 평균,-,keep,2021-07,2021-07-10 23:00:00,22,35.11538461538461,False,False
baseline_요일x시간 평균,-,keep,2021-07,2021-07-11 00:00:00,23,27.576923076923077,False,False
baseline_요일x시간 평균,-,keep,2021-07,2021-07-11 01:00:00,26,32.57692307692308,False,False
baseline_요일x시간 평균,-,keep,2021-07,2021-07-11 02:00:00,23,32.73076923076923,False,False
baseline_요일x시간 평균,-,keep,2021-07,2021-07-11 03:00:00,23,32.15384615384615,False,False
baseline_요일x시간 평균,-,keep,2021-07,2021-07-11 04:00:00,23,30.26923076923077,False,False
baseline_요일x시간 평균,-,keep,2021-07,2021-07-11 05:00:00,24,27.692307692307693,False,False
baseline_요일x시간 평균,-,keep,2021-07,2021-07-11 06:00:00,22,29.692307692307693,False,False
baseline_요일x시간 평균,-,keep,2021-07,2021-07-11 07:00:00,22,36.26923076923077,False,False
baseline_요일x시간 평균,-,keep,2021-07,2021-07-11 08:00:00,24,69.73076923076923,False,False
baseline_요일x시간 평균,-,keep,2021-07,2021-07-11 09:00:00,22,62.88461538461539,False,False
baseline_요일x시간 평균,-,keep,2021-07,2021-07-11 10:00:00,23,66.1923076923077,False,False
baseline_요일x시간 평균,-,keep,2021-07,2021-07-11 11:00:00,25,68.61538461538461,False,False
baseline_요일x시간 평균,-,keep,2021-07,2021-07-11 12:00:00,23,46.34615384615385,False,False
baseline_요일x시간 평균,-,keep,2021-07,2021-07-11 13:00:00,24,63.84615384615385,False,False
baseline_요일x시간 평균,-,keep,2021-07,2021-07-11 14:00:00,26,68.61538461538461,False,False
baseline_요일x시간 평균,-,keep,2021-07,2021-07-11 15:00:00,24,60.19230769230769,False,False
baseline_요일x시간 평균,-,keep,2021-07,2021-07-11 16:00:00,25,60.5,False,False
baseline_요일x시간 평균,-,keep,2021-07,2021-07-11 17:00:00,24,53.73076923076923,False,False
baseline_요일x시간 평균,-,keep,2021-07,2021-07-11 18:00:00,23,63.23076923076923,False,False
baseline_요일x시간 평균,-,keep,2021-07,2021-07-11 19:00:00,22,55.88461538461539,False,False
baseline_요일x시간 평균,-,keep,2021-07,2021-07-11 20:00:00,23,48.84615384615385,False,False
baseline_요일x시간 평균,-,keep,2021-07,2021-07-11 21:00:00,25,53.5,False,False
baseline_요일x시간 평균,-,keep,2021-07,2021-07-11 22:00:00,23,50.11538461538461,False,False
baseline_요일x시간 평균,-,keep,2021-07,2021-07-11 23:00:00,23,48.69230769230769,False,False
baseline_요일x시간 평균,-,keep,2021-07,2021-07-12 00:00:00,25,48.73076923076923,False,False
baseline_요일x시간 평균,-,keep,2021-07,2021-07-12 01:00:00,23,69.88461538461539,False,False
baseline_요일x시간 평균,-,keep,2021-07,2021-07-12 02:00:00,23,71.84615384615384,False,False
baseline_요일x시간 평균,-,keep,2021-07,2021-07-12 03:00:00,24,70.61538461538461,False,False
baseline_요일x시간 평균,-,keep,2021-07,2021-07-12 04:00:00,22,71.84615384615384,False,False
baseline_요일x시간 평균,-,keep,2021-07,2021-07-12 05:00:00,23,62.30769230769231,False,False
baseline_요일x시간 평균,-,keep,2021-07,2021-07-12 06:00:00,24,72.1923076923077,False,False
baseline_요일x시간 평균,-,keep,2021-07,2021-07-12 07:00:00,65,96.1923076923077,False,False
baseline_요일x시간 평균,-,keep,2021-07,2021-07-12 08:00:00,186,171.15384615384616,True,False
baseline_요일x시간 평균,-,keep,2021-07,2021-07-12 09:00:00,191,169.96153846153845,True,False
baseline_요일x시간 평균,-,keep,2021-07,2021-07-12 10:00:00,175,161.19230769230768,True,False
baseline_요일x시간 평균,-,keep,2021-07,2021-07-12 11:00:00,186,171.30769230769232,True,False
baseline_요일x시간 평균,-,keep,2021-07,2021-07-12 12:00:00,115,106.46153846153847,False,False
baseline_요일x시간 평균,-,keep,2021-07,2021-07-12 13:00:00,167,170.19230769230768,False,False
baseline_요일x시간 평균,-,keep,2021-07,2021-07-12 14:00:00,184,166.30769230769232,True,False
baseline_요일x시간 평균,-,keep,2021-07,2021-07-12 15:00:00,164,157.76923076923077,False,False
baseline_요일x시간 평균,-,keep,2021-07,2021-07-12 16:00:00,174,157.76923076923077,True,False
baseline_요일x시간 평균,-,keep,2021-07,2021-07-12 17:00:00,138,130.30769230769232,False,False
baseline_요일x시간 평균,-,keep,2021-07,2021-07-12 18:00:00,157,151.15384615384616,False,False
baseline_요일x시간 평균,-,keep,2021-07,2021-07-12 19:00:00,157,138.15384615384616,False,False
baseline_요일x시간 평균,-,keep,2021-07,2021-07-12 20:00:00,125,117.53846153846153,False,False
baseline_요일x시간 평균,-,keep,2021-07,2021-07-12 21:00:00,120,115.65384615384616,False,False
baseline_요일x시간 평균,-,keep,2021-07,2021-07-12 22:00:00,116,107.88461538461539,False,False
baseline_요일x시간 평균,-,keep,2021-07,2021-07-12 23:00:00,103,101.76923076923077,False,False
baseline_요일x시간 평균,-,keep,2021-07,2021-07-14 00:00:00,73,56.19230769230769,False,False
baseline_요일x시간 평균,-,keep,2021-07,2021-07-14 01:00:00,102,83.8076923076923,False,False
baseline_요일x시간 평균,-,keep,2021-07,2021-07-14 02:00:00,105,88.23076923076923,False,False
baseline_요일x시간 평균,-,keep,2021-07,2021-07-14 03:00:00,102,85.6923076923077,False,False
baseline_요일x시간 평균,-,keep,2021-07,2021-07-14 04:00:00,105,86.84615384615384,False,False
baseline_요일x시간 평균,-,keep,2021-07,2021-07-14 05:00:00,89,75.26923076923077,False,False
baseline_요일x시간 평균,-,keep,2021-07,2021-07-14 06:00:00,106,88.53846153846153,False,False
baseline_요일x시간 평균,-,keep,2021-07,2021-07-14 07:00:00,132,101.15384615384616,False,False
baseline_요일x시간 평균,-,keep,2021-07,2021-07-14 08:00:00,179,131.07692307692307,True,False
baseline_요일x시간 평균,-,keep,2021-07,2021-07-14 09:00:00,185,129.1153846153846,True,False
baseline_요일x시간 평균,-,keep,2021-07,2021-07-14 10:00:00,175,122.88461538461539,True,False
baseline_요일x시간 평균,-,keep,2021-07,2021-07-14 11:00:00,185,126.6923076923077,True,False
baseline_요일x시간 평균,-,keep,2021-07,2021-07-14 12:00:00,99,80.26923076923077,False,False
baseline_요일x시간 평균,-,keep,2021-07,2021-07-14 13:00:00,166,127.34615384615384,False,False
baseline_요일x시간 평균,-,keep,2021-07,2021-07-14 14:00:00,178,125.84615384615384,True,False
baseline_요일x시간 평균,-,keep,2021-07,2021-07-14 15:00:00,134,118.6923076923077,False,False
baseline_요일x시간 평균,-,keep,2021-07,2021-07-14 16:00:00,154,120.88461538461539,False,False
baseline_요일x시간 평균,-,keep,2021-07,2021-07-14 17:00:00,140,102.26923076923077,False,False
baseline_요일x시간 평균,-,keep,2021-07,2021-07-14 18:00:00,165,113.15384615384616,False,False
baseline_요일x시간 평균,-,keep,2021-07,2021-07-14 19:00:00,138,103.84615384615384,False,False
baseline_요일x시간 평균,-,keep,2021-07,2021-07-14 20:00:00,112,95.38461538461539,False,False
baseline_요일x시간 평균,-,keep,2021-07,2021-07-14 21:00:00,112,93.0,False,False
baseline_요일x시간 평균,-,keep,2021-07,2021-07-14 22:00:00,110,86.57692307692308,False,False
baseline_요일x시간 평균,-,keep,2021-07,2021-07-14 23:00:00,104,82.1923076923077,False,False
baseline_요일x시간 평균,-,keep,2021-07,2021-07-16 00:00:00,65,58.19230769230769,False,False
baseline_요일x시간 평균,-,keep,2021-07,2021-07-16 01:00:00,96,88.96153846153847,False,False
baseline_요일x시간 평균,-,keep,2021-07,2021-07-16 02:00:00,101,91.11538461538461,False,False
baseline_요일x시간 평균,-,keep,2021-07,2021-07-16 03:00:00,107,88.53846153846153,False,False
baseline_요일x시간 평균,-,keep,2021-07,2021-07-16 04:00:00,106,90.84615384615384,False,False
baseline_요일x시간 평균,-,keep,2021-07,2021-07-16 05:00:00,88,77.8076923076923,False,False
baseline_요일x시간 평균,-,keep,2021-07,2021-07-16 06:00:00,106,91.26923076923077,False,False
baseline_요일x시간 평균,-,keep,2021-07,2021-07-16 07:00:00,135,94.8076923076923,False,False
baseline_요일x시간 평균,-,keep,2021-07,2021-07-16 08:00:00,187,116.84615384615384,True,False
baseline_요일x시간 평균,-,keep,2021-07,2021-07-16 09:00:00,185,114.46153846153847,True,False
baseline_요일x시간 평균,-,keep,2021-07,2021-07-16 10:00:00,169,111.23076923076923,False,False
baseline_요일x시간 평균,-,keep,2021-07,2021-07-16 11:00:00,188,116.92307692307692,True,False
baseline_요일x시간 평균,-,keep,2021-07,2021-07-16 12:00:00,116,74.65384615384616,False,False
baseline_요일x시간 평균,-,keep,2021-07,2021-07-16 13:00:00,172,114.57692307692308,True,False
baseline_요일x시간 평균,-,keep,2021-07,2021-07-16 14:00:00,166,113.34615384615384,False,False
baseline_요일x시간 평균,-,keep,2021-07,2021-07-16 15:00:00,158,106.38461538461539,False,False
baseline_요일x시간 평균,-,keep,2021-07,2021-07-16 16:00:00,165,108.07692307692308,False,False
baseline_요일x시간 평균,-,keep,2021-07,2021-07-16 17:00:00,138,90.03846153846153,False,False
baseline_요일x시간 평균,-,keep,2021-07,2021-07-16 18:00:00,158,103.76923076923077,False,False
baseline_요일x시간 평균,-,keep,2021-07,2021-07-16 19:00:00,136,95.53846153846153,False,False
baseline_요일x시간 평균,-,keep,2021-07,2021-07-16 20:00:00,114,84.0,False,False
baseline_요일x시간 평균,-,keep,2021-07,2021-07-16 21:00:00,114,83.5,False,False
baseline_요일x시간 평균,-,keep,2021-07,2021-07-16 22:00:00,102,78.1923076923077,False,False
baseline_요일x시간 평균,-,keep,2021-07,2021-07-16 23:00:00,101,72.84615384615384,False,False
baseline_요일x시간 평균,-,keep,2021-07,2021-07-17 00:00:00,64,64.1923076923077,False,False
baseline_요일x시간 평균,-,keep,2021-07,2021-07-17 01:00:00,101,104.61538461538461,False,False
baseline_요일x시간 평균,-,keep,2021-07,2021-07-17 02:00:00,98,104.61538461538461,False,False
baseline_요일x시간 평균,-,keep,2021-07,2021-07-17 03:00:00,94,103.92307692307692,False,False
baseline_요일x시간 평균,-,keep,2021-07,2021-07-17 04:00:00,96,107.03846153846153,False,False
baseline_요일x시간 평균,-,keep,2021-07,2021-07-17 05:00:00,84,89.73076923076923,False,False
baseline_요일x시간 평균,-,keep,2021-07,2021-07-17 06:00:00,85,105.46153846153847,False,False
baseline_요일x시간 평균,-,keep,2021-07,2021-07-17 07:00:00,57,70.07692307692308,False,False
baseline_요일x시간 평균,-,keep,2021-07,2021-07-17 08:00:00,25,40.46153846153846,False,False
baseline_요일x시간 평균,-,keep,2021-07,2021-07-17 09:00:00,23,33.61538461538461,False,False
baseline_요일x시간 평균,-,keep,2021-07,2021-07-17 10:00:00,23,32.92307692307692,False,False
baseline_요일x시간 평균,-,keep,2021-07,2021-07-17 11:00:00,24,34.07692307692308,False,False
baseline_요일x시간 평균,-,keep,2021-07,2021-07-17 12:00:00,24,31.923076923076923,False,False
baseline_요일x시간 평균,-,keep,2021-07,2021-07-17 13:00:00,23,38.34615384615385,False,False
baseline_요일x시간 평균,-,keep,2021-07,2021-07-17 14:00:00,23,38.65384615384615,False,False
baseline_요일x시간 평균,-,keep,2021-07,2021-07-17 15:00:00,25,38.92307692307692,False,False
baseline_요일x시간 평균,-,keep,2021-07,2021-07-17 16:00:00,23,38.34615384615385,False,False
baseline_요일x시간 평균,-,keep,2021-07,2021-07-17 17:00:00,22,35.57692307692308,False,False
baseline_요일x시간 평균,-,keep,2021-07,2021-07-17 18:00:00,24,44.46153846153846,False,False
baseline_요일x시간 평균,-,keep,2021-07,2021-07-17 19:00:00,23,40.03846153846154,False,False
baseline_요일x시간 평균,-,keep,2021-07,2021-07-17 20:00:00,23,32.96153846153846,False,False
baseline_요일x시간 평균,-,keep,2021-07,2021-07-17 21:00:00,24,34.07692307692308,False,False
baseline_요일x시간 평균,-,keep,2021-07,2021-07-17 22:00:00,25,29.192307692307693,False,False
baseline_요일x시간 평균,-,keep,2021-07,2021-07-17 23:00:00,23,35.11538461538461,False,False
baseline_요일x시간 평균,-,keep,2021-07,2021-07-18 00:00:00,23,27.576923076923077,False,False
baseline_요일x시간 평균,-,keep,2021-07,2021-07-18 01:00:00,25,32.57692307692308,False,False
baseline_요일x시간 평균,-,keep,2021-07,2021-07-18 02:00:00,23,32.73076923076923,False,False
baseline_요일x시간 평균,-,keep,2021-07,2021-07-18 03:00:00,23,32.15384615384615,False,False
baseline_요일x시간 평균,-,keep,2021-07,2021-07-18 04:00:00,25,30.26923076923077,False,False
baseline_요일x시간 평균,-,keep,2021-07,2021-07-18 05:00:00,22,27.692307692307693,False,False
baseline_요일x시간 평균,-,keep,2021-07,2021-07-18 06:00:00,23,29.692307692307693,False,False
baseline_요일x시간 평균,-,keep,2021-07,2021-07-18 07:00:00,25,36.26923076923077,False,False
baseline_요일x시간 평균,-,keep,2021-07,2021-07-18 08:00:00,23,69.73076923076923,False,False
baseline_요일x시간 평균,-,keep,2021-07,2021-07-18 09:00:00,23,62.88461538461539,False,False
baseline_요일x시간 평균,-,keep,2021-07,2021-07-18 10:00:00,23,66.1923076923077,False,False
baseline_요일x시간 평균,-,keep,2021-07,2021-07-18 11:00:00,25,68.61538461538461,False,False
baseline_요일x시간 평균,-,keep,2021-07,2021-07-18 12:00:00,23,46.34615384615385,False,False
baseline_요일x시간 평균,-,keep,2021-07,2021-07-18 13:00:00,23,63.84615384615385,False,False
baseline_요일x시간 평균,-,keep,2021-07,2021-07-18 14:00:00,25,68.61538461538461,False,False
baseline_요일x시간 평균,-,keep,2021-07,2021-07-18 15:00:00,24,60.19230769230769,False,False
baseline_요일x시간 평균,-,keep,2021-07,2021-07-18 16:00:00,23,60.5,False,False
baseline_요일x시간 평균,-,keep,2021-07,2021-07-18 17:00:00,24,53.73076923076923,False,False
baseline_요일x시간 평균,-,keep,2021-07,2021-07-18 18:00:00,24,63.23076923076923,False,False
baseline_요일x시간 평균,-,keep,2021-07,2021-07-18 19:00:00,23,55.88461538461539,False,False
baseline_요일x시간 평균,-,keep,2021-07,2021-07-18 20:00:00,23,48.84615384615385,False,False
baseline_요일x시간 평균,-,keep,2021-07,2021-07-18 21:00:00,25,53.5,False,False
baseline_요일x시간 평균,-,keep,2021-07,2021-07-18 22:00:00,24,50.11538461538461,False,False
baseline_요일x시간 평균,-,keep,2021-07,2021-07-18 23:00:00,23,48.69230769230769,False,False
baseline_요일x시간 평균,-,keep,2021-07,2021-07-19 00:00:00,26,48.73076923076923,False,False
baseline_요일x시간 평균,-,keep,2021-07,2021-07-19 01:00:00,24,69.88461538461539,False,False
baseline_요일x시간 평균,-,keep,2021-07,2021-07-19 02:00:00,23,71.84615384615384,False,False
baseline_요일x시간 평균,-,keep,2021-07,2021-07-19 03:00:00,23,70.61538461538461,False,False
baseline_요일x시간 평균,-,keep,2021-07,2021-07-19 04:00:00,25,71.84615384615384,False,False
baseline_요일x시간 평균,-,keep,2021-07,2021-07-19 05:00:00,23,62.30769230769231,False,False
baseline_요일x시간 평균,-,keep,2021-07,2021-07-19 06:00:00,23,72.1923076923077,False,False
baseline_요일x시간 평균,-,keep,2021-07,2021-07-19 07:00:00,65,96.1923076923077,False,False
baseline_요일x시간 평균,-,keep,2021-07,2021-07-19 08:00:00,188,171.15384615384616,True,False
baseline_요일x시간 평균,-,keep,2021-07,2021-07-19 09:00:00,179,169.96153846153845,True,False
baseline_요일x시간 평균,-,keep,2021-07,2021-07-19 10:00:00,185,161.19230769230768,True,False
baseline_요일x시간 평균,-,keep,2021-07,2021-07-19 11:00:00,199,171.30769230769232,True,False
baseline_요일x시간 평균,-,keep,2021-07,2021-07-19 12:00:00,117,106.46153846153847,False,False
baseline_요일x시간 평균,-,keep,2021-07,2021-07-19 13:00:00,178,170.19230769230768,True,False
baseline_요일x시간 평균,-,keep,2021-07,2021-07-19 14:00:00,178,166.30769230769232,True,False
baseline_요일x시간 평균,-,keep,2021-07,2021-07-19 15:00:00,169,157.76923076923077,False,False
baseline_요일x시간 평균,-,keep,2021-07,2021-07-19 16:00:00,183,157.76923076923077,True,False
baseline_요일x시간 평균,-,keep,2021-07,2021-07-19 17:00:00,149,130.30769230769232,False,False
baseline_요일x시간 평균,-,keep,2021-07,2021-07-19 18:00:00,171,151.15384615384616,False,False
baseline_요일x시간 평균,-,keep,2021-07,2021-07-19 19:00:00,151,138.15384615384616,False,False
baseline_요일x시간 평균,-,keep,2021-07,2021-07-19 20:00:00,127,117.53846153846153,False,False
baseline_요일x시간 평균,-,keep,2021-07,2021-07-19 21:00:00,124,115.65384615384616,False,False
baseline_요일x시간 평균,-,keep,2021-07,2021-07-19 22:00:00,106,107.88461538461539,False,False
baseline_요일x시간 평균,-,keep,2021-07,2021-07-19 23:00:00,110,101.76923076923077,False,False
baseline_요일x시간 평균,-,keep,2021-07,2021-07-20 00:00:00,71,57.92307692307692,False,False
baseline_요일x시간 평균,-,keep,2021-07,2021-07-20 01:00:00,100,86.73076923076923,False,False
baseline_요일x시간 평균,-,keep,2021-07,2021-07-20 02:00:00,103,91.6923076923077,False,False
baseline_요일x시간 평균,-,keep,2021-07,2021-07-20 03:00:00,105,87.73076923076923,False,False
baseline_요일x시간 평균,-,keep,2021-07,2021-07-20 04:00:00,107,88.42307692307692,False,False
baseline_요일x시간 평균,-,keep,2021-07,2021-07-20 05:00:00,91,76.07692307692308,False,False
baseline_요일x시간 평균,-,keep,2021-07,2021-07-20 06:00:00,110,91.03846153846153,False,False
baseline_요일x시간 평균,-,keep,2021-07,2021-07-20 07:00:00,133,108.42307692307692,False,False
baseline_요일x시간 평균,-,keep,2021-07,2021-07-20 08:00:00,188,148.0,True,False
baseline_요일x시간 평균,-,keep,2021-07,2021-07-20 09:00:00,191,147.57692307692307,True,False
baseline_요일x시간 평균,-,keep,2021-07,2021-07-20 10:00:00,189,140.65384615384616,True,False
baseline_요일x시간 평균,-,keep,2021-07,2021-07-20 11:00:00,190,145.6153846153846,True,False
baseline_요일x시간 평균,-,keep,2021-07,2021-07-20 12:00:00,121,90.46153846153847,False,False
baseline_요일x시간 평균,-,keep,2021-07,2021-07-20 13:00:00,178,145.6153846153846,True,False
baseline_요일x시간 평균,-,keep,2021-07,2021-07-20 14:00:00,187,143.1153846153846,True,False
baseline_요일x시간 평균,-,keep,2021-07,2021-07-20 15:00:00,167,136.0,False,False
baseline_요일x시간 평균,-,keep,2021-07,2021-07-20 16:00:00,185,137.19230769230768,True,False
baseline_요일x시간 평균,-,keep,2021-07,2021-07-20 17:00:00,132,113.03846153846153,False,False
baseline_요일x시간 평균,-,keep,2021-07,2021-07-20 18:00:00,175,133.34615384615384,True,False
baseline_요일x시간 평균,-,keep,2021-07,2021-07-20 19:00:00,170,121.15384615384616,False,False
baseline_요일x시간 평균,-,keep,2021-07,2021-07-20 20:00:00,127,104.76923076923077,False,False
baseline_요일x시간 평균,-,keep,2021-07,2021-07-20 21:00:00,130,102.8076923076923,False,False
baseline_요일x시간 평균,-,keep,2021-07,2021-07-20 22:00:00,112,92.8076923076923,False,False
baseline_요일x시간 평균,-,keep,2021-07,2021-07-20 23:00:00,109,89.11538461538461,False,False
baseline_요일x시간 평균,-,keep,2021-07,2021-07-21 00:00:00,78,56.19230769230769,False,False
baseline_요일x시간 평균,-,keep,2021-07,2021-07-21 01:00:00,107,83.8076923076923,False,False
baseline_요일x시간 평균,-,keep,2021-07,2021-07-21 02:00:00,100,88.23076923076923,False,False
baseline_요일x시간 평균,-,keep,2021-07,2021-07-21 03:00:00,102,85.6923076923077,False,False
baseline_요일x시간 평균,-,keep,2021-07,2021-07-21 04:00:00,107,86.84615384615384,False,False
baseline_요일x시간 평균,-,keep,2021-07,2021-07-21 05:00:00,94,75.26923076923077,False,False
baseline_요일x시간 평균,-,keep,2021-07,2021-07-21 06:00:00,106,88.53846153846153,False,False
baseline_요일x시간 평균,-,keep,2021-07,2021-07-21 07:00:00,128,101.15384615384616,False,False
baseline_요일x시간 평균,-,keep,2021-07,2021-07-21 08:00:00,193,131.07692307692307,True,False
baseline_요일x시간 평균,-,keep,2021-07,2021-07-21 09:00:00,204,129.1153846153846,True,False
baseline_요일x시간 평균,-,keep,2021-07,2021-07-21 10:00:00,179,122.88461538461539,True,False
baseline_요일x시간 평균,-,keep,2021-07,2021-07-21 11:00:00,197,126.6923076923077,True,False
baseline_요일x시간 평균,-,keep,2021-07,2021-07-21 12:00:00,128,80.26923076923077,False,False
baseline_요일x시간 평균,-,keep,2021-07,2021-07-21 13:00:00,189,127.34615384615384,True,False
baseline_요일x시간 평균,-,keep,2021-07,2021-07-21 14:00:00,199,125.84615384615384,True,False
baseline_요일x시간 평균,-,keep,2021-07,2021-07-21 15:00:00,171,118.6923076923077,False,False
baseline_요일x시간 평균,-,keep,2021-07,2021-07-21 16:00:00,182,120.88461538461539,True,False
baseline_요일x시간 평균,-,keep,2021-07,2021-07-21 17:00:00,138,102.26923076923077,False,False
baseline_요일x시간 평균,-,keep,2021-07,2021-07-21 18:00:00,162,113.15384615384616,False,False
baseline_요일x시간 평균,-,keep,2021-07,2021-07-21 19:00:00,162,103.84615384615384,False,False
baseline_요일x시간 평균,-,keep,2021-07,2021-07-21 20:00:00,131,95.38461538461539,False,False
baseline_요일x시간 평균,-,keep,2021-07,2021-07-21 21:00:00,117,93.0,False,False
baseline_요일x시간 평균,-,keep,2021-07,2021-07-21 22:00:00,104,86.57692307692308,False,False
baseline_요일x시간 평균,-,keep,2021-07,2021-07-21 23:00:00,103,82.1923076923077,False,False
baseline_요일x시간 평균,-,keep,2021-07,2021-07-22 00:00:00,71,55.56,False,False
baseline_요일x시간 평균,-,keep,2021-07,2021-07-22 01:00:00,99,82.6,False,False
baseline_요일x시간 평균,-,keep,2021-07,2021-07-22 02:00:00,103,84.0,False,False
baseline_요일x시간 평균,-,keep,2021-07,2021-07-22 03:00:00,100,82.36,False,False
baseline_요일x시간 평균,-,keep,2021-07,2021-07-22 04:00:00,105,83.88,False,False
baseline_요일x시간 평균,-,keep,2021-07,2021-07-22 05:00:00,86,73.6,False,False
baseline_요일x시간 평균,-,keep,2021-07,2021-07-22 06:00:00,106,84.92,False,False
baseline_요일x시간 평균,-,keep,2021-07,2021-07-22 07:00:00,122,108.84,False,False
baseline_요일x시간 평균,-,keep,2021-07,2021-07-22 08:00:00,197,168.64,True,False
baseline_요일x시간 평균,-,keep,2021-07,2021-07-22 09:00:00,192,169.04,True,False
baseline_요일x시간 평균,-,keep,2021-07,2021-07-22 10:00:00,180,161.2,True,False
baseline_요일x시간 평균,-,keep,2021-07,2021-07-22 11:00:00,186,169.24,True,False
baseline_요일x시간 평균,-,keep,2021-07,2021-07-22 12:00:00,104,104.76,False,False
baseline_요일x시간 평균,-,keep,2021-07,2021-07-22 13:00:00,171,169.0,False,False
baseline_요일x시간 평균,-,keep,2021-07,2021-07-22 14:00:00,182,165.0,True,False
baseline_요일x시간 평균,-,keep,2021-07,2021-07-22 15:00:00,164,155.28,False,False
baseline_요일x시간 평균,-,keep,2021-07,2021-07-22 16:00:00,165,156.04,False,False
baseline_요일x시간 평균,-,keep,2021-07,2021-07-22 17:00:00,124,129.2,False,False
baseline_요일x시간 평균,-,keep,2021-07,2021-07-22 18:00:00,164,140.72,False,False
baseline_요일x시간 평균,-,keep,2021-07,2021-07-22 19:00:00,154,126.52,False,False
baseline_요일x시간 평균,-,keep,2021-07,2021-07-22 20:00:00,132,117.32,False,False
baseline_요일x시간 평균,-,keep,2021-07,2021-07-22 21:00:00,120,115.8,False,False
baseline_요일x시간 평균,-,keep,2021-07,2021-07-22 22:00:00,115,109.92,False,False
baseline_요일x시간 평균,-,keep,2021-07,2021-07-22 23:00:00,107,101.48,False,False
baseline_요일x시간 평균,-,keep,2021-07,2021-07-23 00:00:00,78,58.19230769230769,False,False
baseline_요일x시간 평균,-,keep,2021-07,2021-07-23 01:00:00,105,88.96153846153847,False,False
baseline_요일x시간 평균,-,keep,2021-07,2021-07-23 02:00:00,105,91.11538461538461,False,False
baseline_요일x시간 평균,-,keep,2021-07,2021-07-23 03:00:00,102,88.53846153846153,False,False
baseline_요일x시간 평균,-,keep,2021-07,2021-07-23 04:00:00,99,90.84615384615384,False,False
baseline_요일x시간 평균,-,keep,2021-07,2021-07-23 05:00:00,89,77.8076923076923,False,False
baseline_요일x시간 평균,-,keep,2021-07,2021-07-23 06:00:00,103,91.26923076923077,False,False
baseline_요일x시간 평균,-,keep,2021-07,2021-07-23 07:00:00,122,94.8076923076923,False,False
baseline_요일x시간 평균,-,keep,2021-07,2021-07-23 08:00:00,191,116.84615384615384,True,False
baseline_요일x시간 평균,-,keep,2021-07,2021-07-23 09:00:00,185,114.46153846153847,True,False
baseline_요일x시간 평균,-,keep,2021-07,2021-07-23 10:00:00,179,111.23076923076923,True,False
baseline_요일x시간 평균,-,keep,2021-07,2021-07-23 11:00:00,188,116.92307692307692,True,False
baseline_요일x시간 평균,-,keep,2021-07,2021-07-23 12:00:00,113,74.65384615384616,False,False
baseline_요일x시간 평균,-,keep,2021-07,2021-07-23 13:00:00,180,114.57692307692308,True,False
baseline_요일x시간 평균,-,keep,2021-07,2021-07-23 14:00:00,184,113.34615384615384,True,False
baseline_요일x시간 평균,-,keep,2021-07,2021-07-23 15:00:00,175,106.38461538461539,True,False
baseline_요일x시간 평균,-,keep,2021-07,2021-07-23 16:00:00,189,108.07692307692308,True,False
baseline_요일x시간 평균,-,keep,2021-07,2021-07-23 17:00:00,138,90.03846153846153,False,False
baseline_요일x시간 평균,-,keep,2021-07,2021-07-23 18:00:00,175,103.76923076923077,True,False
baseline_요일x시간 평균,-,keep,2021-07,2021-07-23 19:00:00,145,95.53846153846153,False,False
baseline_요일x시간 평균,-,keep,2021-07,2021-07-23 20:00:00,111,84.0,False,False
baseline_요일x시간 평균,-,keep,2021-07,2021-07-23 21:00:00,107,83.5,False,False
baseline_요일x시간 평균,-,keep,2021-07,2021-07-23 22:00:00,100,78.1923076923077,False,False
baseline_요일x시간 평균,-,keep,2021-07,2021-07-23 23:00:00,102,72.84615384615384,False,False
baseline_요일x시간 평균,-,keep,2021-07,2021-07-24 00:00:00,68,64.1923076923077,False,False
baseline_요일x시간 평균,-,keep,2021-07,2021-07-24 01:00:00,96,104.61538461538461,False,False
baseline_요일x시간 평균,-,keep,2021-07,2021-07-24 02:00:00,95,104.61538461538461,False,False
baseline_요일x시간 평균,-,keep,2021-07,2021-07-24 03:00:00,93,103.92307692307692,False,False
baseline_요일x시간 평균,-,keep,2021-07,2021-07-24 04:00:00,97,107.03846153846153,False,False
baseline_요일x시간 평균,-,keep,2021-07,2021-07-24 05:00:00,81,89.73076923076923,False,False
baseline_요일x시간 평균,-,keep,2021-07,2021-07-24 06:00:00,95,105.46153846153847,False,False
baseline_요일x시간 평균,-,keep,2021-07,2021-07-24 07:00:00,61,70.07692307692308,False,False
baseline_요일x시간 평균,-,keep,2021-07,2021-07-24 08:00:00,25,40.46153846153846,False,False
baseline_요일x시간 평균,-,keep,2021-07,2021-07-24 09:00:00,24,33.61538461538461,False,False
baseline_요일x시간 평균,-,keep,2021-07,2021-07-24 10:00:00,24,32.92307692307692,False,False
baseline_요일x시간 평균,-,keep,2021-07,2021-07-24 11:00:00,27,34.07692307692308,False,False
baseline_요일x시간 평균,-,keep,2021-07,2021-07-24 12:00:00,23,31.923076923076923,False,False
baseline_요일x시간 평균,-,keep,2021-07,2021-07-24 13:00:00,24,38.34615384615385,False,False
baseline_요일x시간 평균,-,keep,2021-07,2021-07-24 14:00:00,24,38.65384615384615,False,False
baseline_요일x시간 평균,-,keep,2021-07,2021-07-24 15:00:00,26,38.92307692307692,False,False
baseline_요일x시간 평균,-,keep,2021-07,2021-07-24 16:00:00,24,38.34615384615385,False,False
baseline_요일x시간 평균,-,keep,2021-07,2021-07-24 17:00:00,24,35.57692307692308,False,False
baseline_요일x시간 평균,-,keep,2021-07,2021-07-24 18:00:00,25,44.46153846153846,False,False
baseline_요일x시간 평균,-,keep,2021-07,2021-07-24 19:00:00,25,40.03846153846154,False,False
baseline_요일x시간 평균,-,keep,2021-07,2021-07-24 20:00:00,24,32.96153846153846,False,False
baseline_요일x시간 평균,-,keep,2021-07,2021-07-24 21:00:00,25,34.07692307692308,False,False
baseline_요일x시간 평균,-,keep,2021-07,2021-07-24 22:00:00,26,29.192307692307693,False,False
baseline_요일x시간 평균,-,keep,2021-07,2021-07-24 23:00:00,24,35.11538461538461,False,False
baseline_요일x시간 평균,-,keep,2021-07,2021-07-25 00:00:00,24,27.576923076923077,False,False
baseline_요일x시간 평균,-,keep,2021-07,2021-07-25 01:00:00,25,32.57692307692308,False,False
baseline_요일x시간 평균,-,keep,2021-07,2021-07-25 02:00:00,25,32.73076923076923,False,False
baseline_요일x시간 평균,-,keep,2021-07,2021-07-25 03:00:00,24,32.15384615384615,False,False
baseline_요일x시간 평균,-,keep,2021-07,2021-07-25 04:00:00,24,30.26923076923077,False,False
baseline_요일x시간 평균,-,keep,2021-07,2021-07-25 05:00:00,26,27.692307692307693,False,False
baseline_요일x시간 평균,-,keep,2021-07,2021-07-25 06:00:00,24,29.692307692307693,False,False
baseline_요일x시간 평균,-,keep,2021-07,2021-07-25 07:00:00,24,36.26923076923077,False,False
baseline_요일x시간 평균,-,keep,2021-07,2021-07-25 08:00:00,24,69.73076923076923,False,False
baseline_요일x시간 평균,-,keep,2021-07,2021-07-25 09:00:00,26,62.88461538461539,False,False
baseline_요일x시간 평균,-,keep,2021-07,2021-07-25 10:00:00,24,66.1923076923077,False,False
baseline_요일x시간 평균,-,keep,2021-07,2021-07-25 11:00:00,24,68.61538461538461,False,False
baseline_요일x시간 평균,-,keep,2021-07,2021-07-25 12:00:00,26,46.34615384615385,False,False
baseline_요일x시간 평균,-,keep,2021-07,2021-07-25 13:00:00,24,63.84615384615385,False,False
baseline_요일x시간 평균,-,keep,2021-07,2021-07-25 14:00:00,24,68.61538461538461,False,False
baseline_요일x시간 평균,-,keep,2021-07,2021-07-25 15:00:00,25,60.19230769230769,False,False
baseline_요일x시간 평균,-,keep,2021-07,2021-07-25 16:00:00,26,60.5,False,False
baseline_요일x시간 평균,-,keep,2021-07,2021-07-25 17:00:00,24,53.73076923076923,False,False
baseline_요일x시간 평균,-,keep,2021-07,2021-07-25 18:00:00,23,63.23076923076923,False,False
baseline_요일x시간 평균,-,keep,2021-07,2021-07-25 19:00:00,25,55.88461538461539,False,False
baseline_요일x시간 평균,-,keep,2021-07,2021-07-25 20:00:00,24,48.84615384615385,False,False
baseline_요일x시간 평균,-,keep,2021-07,2021-07-25 21:00:00,24,53.5,False,False
baseline_요일x시간 평균,-,keep,2021-07,2021-07-25 22:00:00,24,50.11538461538461,False,False
baseline_요일x시간 평균,-,keep,2021-07,2021-07-25 23:00:00,26,48.69230769230769,False,False
baseline_요일x시간 평균,-,keep,2021-07,2021-07-26 00:00:00,24,48.73076923076923,False,False
baseline_요일x시간 평균,-,keep,2021-07,2021-07-26 01:00:00,24,69.88461538461539,False,False
baseline_요일x시간 평균,-,keep,2021-07,2021-07-26 02:00:00,25,71.84615384615384,False,False
baseline_요일x시간 평균,-,keep,2021-07,2021-07-26 03:00:00,25,70.61538461538461,False,False
baseline_요일x시간 평균,-,keep,2021-07,2021-07-26 04:00:00,24,71.84615384615384,False,False
baseline_요일x시간 평균,-,keep,2021-07,2021-07-26 05:00:00,24,62.30769230769231,False,False
baseline_요일x시간 평균,-,keep,2021-07,2021-07-26 06:00:00,26,72.1923076923077,False,False
baseline_요일x시간 평균,-,keep,2021-07,2021-07-26 07:00:00,71,96.1923076923077,False,False
baseline_요일x시간 평균,-,keep,2021-07,2021-07-26 08:00:00,198,171.15384615384616,True,False
baseline_요일x시간 평균,-,keep,2021-07,2021-07-26 09:00:00,184,169.96153846153845,True,False
baseline_요일x시간 평균,-,keep,2021-07,2021-07-26 10:00:00,185,161.19230769230768,True,False
baseline_요일x시간 평균,-,keep,2021-07,2021-07-26 11:00:00,190,171.30769230769232,True,False
baseline_요일x시간 평균,-,keep,2021-07,2021-07-26 12:00:00,113,106.46153846153847,False,False
baseline_요일x시간 평균,-,keep,2021-07,2021-07-26 13:00:00,169,170.19230769230768,False,False
baseline_요일x시간 평균,-,keep,2021-07,2021-07-26 14:00:00,186,166.30769230769232,True,False
baseline_요일x시간 평균,-,keep,2021-07,2021-07-26 15:00:00,158,157.76923076923077,False,False
baseline_요일x시간 평균,-,keep,2021-07,2021-07-26 16:00:00,169,157.76923076923077,False,False
baseline_요일x시간 평균,-,keep,2021-07,2021-07-26 17:00:00,136,130.30769230769232,False,False
baseline_요일x시간 평균,-,keep,2021-07,2021-07-26 18:00:00,175,151.15384615384616,True,False
baseline_요일x시간 평균,-,keep,2021-07,2021-07-26 19:00:00,157,138.15384615384616,False,False
baseline_요일x시간 평균,-,keep,2021-07,2021-07-26 20:00:00,102,117.53846153846153,False,False
baseline_요일x시간 평균,-,keep,2021-07,2021-07-26 21:00:00,110,115.65384615384616,False,False
baseline_요일x시간 평균,-,keep,2021-07,2021-07-26 22:00:00,110,107.88461538461539,False,False
baseline_요일x시간 평균,-,keep,2021-07,2021-07-26 23:00:00,95,101.76923076923077,False,False
baseline_요일x시간 평균,-,keep,2021-07,2021-07-27 00:00:00,68,57.92307692307692,False,False
baseline_요일x시간 평균,-,keep,2021-07,2021-07-27 01:00:00,102,86.73076923076923,False,False
baseline_요일x시간 평균,-,keep,2021-07,2021-07-27 02:00:00,115,91.6923076923077,False,False
baseline_요일x시간 평균,-,keep,2021-07,2021-07-27 03:00:00,105,87.73076923076923,False,False
baseline_요일x시간 평균,-,keep,2021-07,2021-07-27 04:00:00,108,88.42307692307692,False,False
baseline_요일x시간 평균,-,keep,2021-07,2021-07-27 05:00:00,89,76.07692307692308,False,False
baseline_요일x시간 평균,-,keep,2021-07,2021-07-27 06:00:00,105,91.03846153846153,False,False
baseline_요일x시간 평균,-,keep,2021-07,2021-07-27 07:00:00,134,108.42307692307692,False,False
baseline_요일x시간 평균,-,keep,2021-07,2021-07-27 08:00:00,194,148.0,True,False
baseline_요일x시간 평균,-,keep,2021-07,2021-07-27 09:00:00,181,147.57692307692307,True,False
baseline_요일x시간 평균,-,keep,2021-07,2021-07-27 10:00:00,188,140.65384615384616,True,False
baseline_요일x시간 평균,-,keep,2021-07,2021-07-27 11:00:00,207,145.6153846153846,True,False
baseline_요일x시간 평균,-,keep,2021-07,2021-07-27 12:00:00,110,90.46153846153847,False,False
baseline_요일x시간 평균,-,keep,2021-07,2021-07-27 13:00:00,182,145.6153846153846,True,False
baseline_요일x시간 평균,-,keep,2021-07,2021-07-27 14:00:00,195,143.1153846153846,True,False
baseline_요일x시간 평균,-,keep,2021-07,2021-07-27 15:00:00,179,136.0,True,False
baseline_요일x시간 평균,-,keep,2021-07,2021-07-27 16:00:00,186,137.19230769230768,True,False
baseline_요일x시간 평균,-,keep,2021-07,2021-07-27 17:00:00,159,113.03846153846153,False,False
baseline_요일x시간 평균,-,keep,2021-07,2021-07-27 18:00:00,169,133.34615384615384,False,False
baseline_요일x시간 평균,-,keep,2021-07,2021-07-27 19:00:00,169,121.15384615384616,False,False
baseline_요일x시간 평균,-,keep,2021-07,2021-07-27 20:00:00,144,104.76923076923077,False,False
baseline_요일x시간 평균,-,keep,2021-07,2021-07-27 21:00:00,144,102.8076923076923,False,False
baseline_요일x시간 평균,-,keep,2021-07,2021-07-27 22:00:00,129,92.8076923076923,False,False
baseline_요일x시간 평균,-,keep,2021-07,2021-07-27 23:00:00,122,89.11538461538461,False,False
baseline_요일x시간 평균,-,keep,2021-07,2021-07-28 00:00:00,88,56.19230769230769,False,True
baseline_요일x시간 평균,-,keep,2021-07,2021-07-28 01:00:00,121,83.8076923076923,False,True
baseline_요일x시간 평균,-,keep,2021-07,2021-07-28 02:00:00,119,88.23076923076923,False,True
baseline_요일x시간 평균,-,keep,2021-07,2021-07-28 03:00:00,122,85.6923076923077,False,True
baseline_요일x시간 평균,-,keep,2021-07,2021-07-28 04:00:00,119,86.84615384615384,False,True
baseline_요일x시간 평균,-,keep,2021-07,2021-07-28 05:00:00,105,75.26923076923077,False,True
baseline_요일x시간 평균,-,keep,2021-07,2021-07-28 06:00:00,124,88.53846153846153,False,True
baseline_요일x시간 평균,-,keep,2021-07,2021-07-28 07:00:00,156,101.15384615384616,False,True
baseline_요일x시간 평균,-,keep,2021-07,2021-07-28 08:00:00,198,131.07692307692307,True,True
baseline_요일x시간 평균,-,keep,2021-07,2021-07-28 09:00:00,198,129.1153846153846,True,True
baseline_요일x시간 평균,-,keep,2021-07,2021-07-28 10:00:00,188,122.88461538461539,True,True
baseline_요일x시간 평균,-,keep,2021-07,2021-07-28 11:00:00,208,126.6923076923077,True,True
baseline_요일x시간 평균,-,keep,2021-07,2021-07-28 12:00:00,121,80.26923076923077,False,True
baseline_요일x시간 평균,-,keep,2021-07,2021-07-28 13:00:00,194,127.34615384615384,True,True
baseline_요일x시간 평균,-,keep,2021-07,2021-07-28 14:00:00,196,125.84615384615384,True,True
baseline_요일x시간 평균,-,keep,2021-07,2021-07-28 15:00:00,161,118.6923076923077,False,True
baseline_요일x시간 평균,-,keep,2021-07,2021-07-28 16:00:00,174,120.88461538461539,True,True
baseline_요일x시간 평균,-,keep,2021-07,2021-07-28 17:00:00,147,102.26923076923077,False,True
baseline_요일x시간 평균,-,keep,2021-07,2021-07-28 18:00:00,183,113.15384615384616,True,True
baseline_요일x시간 평균,-,keep,2021-07,2021-07-28 19:00:00,151,103.84615384615384,False,True
baseline_요일x시간 평균,-,keep,2021-07,2021-07-28 20:00:00,107,95.38461538461539,False,True
baseline_요일x시간 평균,-,keep,2021-07,2021-07-28 21:00:00,110,93.0,False,True
baseline_요일x시간 평균,-,keep,2021-07,2021-07-28 22:00:00,103,86.57692307692308,False,True
baseline_요일x시간 평균,-,keep,2021-07,2021-07-28 23:00:00,103,82.1923076923077,False,True
baseline_요일x시간 평균,-,keep,2021-07,2021-07-29 00:00:00,68,55.56,False,False
baseline_요일x시간 평균,-,keep,2021-07,2021-07-29 01:00:00,110,82.6,False,False
baseline_요일x시간 평균,-,keep,2021-07,2021-07-29 02:00:00,111,84.0,False,False
baseline_요일x시간 평균,-,keep,2021-07,2021-07-29 03:00:00,110,82.36,False,False
baseline_요일x시간 평균,-,keep,2021-07,2021-07-29 04:00:00,111,83.88,False,False
baseline_요일x시간 평균,-,keep,2021-07,2021-07-29 05:00:00,94,73.6,False,False
baseline_요일x시간 평균,-,keep,2021-07,2021-07-29 06:00:00,116,84.92,False,False
baseline_요일x시간 평균,-,keep,2021-07,2021-07-29 07:00:00,141,108.84,False,False
baseline_요일x시간 평균,-,keep,2021-07,2021-07-29 08:00:00,192,168.64,True,False
baseline_요일x시간 평균,-,keep,2021-07,2021-07-29 09:00:00,198,169.04,True,False
baseline_요일x시간 평균,-,keep,2021-07,2021-07-29 10:00:00,187,161.2,True,False
baseline_요일x시간 평균,-,keep,2021-07,2021-07-29 11:00:00,207,169.24,True,False
baseline_요일x시간 평균,-,keep,2021-07,2021-07-29 12:00:00,112,104.76,False,False
baseline_요일x시간 평균,-,keep,2021-07,2021-07-29 13:00:00,192,169.0,True,False
baseline_요일x시간 평균,-,keep,2021-07,2021-07-29 14:00:00,187,165.0,True,False
baseline_요일x시간 평균,-,keep,2021-07,2021-07-29 15:00:00,164,155.28,False,False
baseline_요일x시간 평균,-,keep,2021-07,2021-07-29 16:00:00,166,156.04,False,False
baseline_요일x시간 평균,-,keep,2021-07,2021-07-29 17:00:00,129,129.2,False,False
baseline_요일x시간 평균,-,keep,2021-07,2021-07-29 18:00:00,174,140.72,True,False
baseline_요일x시간 평균,-,keep,2021-07,2021-07-29 19:00:00,169,126.52,False,False
baseline_요일x시간 평균,-,keep,2021-07,2021-07-29 20:00:00,128,117.32,False,False
baseline_요일x시간 평균,-,keep,2021-07,2021-07-29 21:00:00,126,115.8,False,False
baseline_요일x시간 평균,-,keep,2021-07,2021-07-29 22:00:00,122,109.92,False,False
baseline_요일x시간 평균,-,keep,2021-07,2021-07-29 23:00:00,114,101.48,False,False
baseline_요일x시간 평균,-,keep,2021-07,2021-07-30 00:00:00,88,58.19230769230769,False,True
baseline_요일x시간 평균,-,keep,2021-07,2021-07-30 01:00:00,121,88.96153846153847,False,True
baseline_요일x시간 평균,-,keep,2021-07,2021-07-30 02:00:00,119,91.11538461538461,False,True
baseline_요일x시간 평균,-,keep,2021-07,2021-07-30 03:00:00,122,88.53846153846153,False,True
baseline_요일x시간 평균,-,keep,2021-07,2021-07-30 04:00:00,119,90.84615384615384,False,True
baseline_요일x시간 평균,-,keep,2021-07,2021-07-30 05:00:00,105,77.8076923076923,False,True
baseline_요일x시간 평균,-,keep,2021-07,2021-07-30 06:00:00,124,91.26923076923077,False,True
baseline_요일x시간 평균,-,keep,2021-07,2021-07-30 07:00:00,156,94.8076923076923,False,True
baseline_요일x시간 평균,-,keep,2021-07,2021-07-30 08:00:00,198,116.84615384615384,True,True
baseline_요일x시간 평균,-,keep,2021-07,2021-07-30 09:00:00,198,114.46153846153847,True,True
baseline_요일x시간 평균,-,keep,2021-07,2021-07-30 10:00:00,188,111.23076923076923,True,True
baseline_요일x시간 평균,-,keep,2021-07,2021-07-30 11:00:00,208,116.92307692307692,True,True
baseline_요일x시간 평균,-,keep,2021-07,2021-07-30 12:00:00,121,74.65384615384616,False,True
baseline_요일x시간 평균,-,keep,2021-07,2021-07-30 13:00:00,194,114.57692307692308,True,True
baseline_요일x시간 평균,-,keep,2021-07,2021-07-30 14:00:00,196,113.34615384615384,True,True
baseline_요일x시간 평균,-,keep,2021-07,2021-07-30 15:00:00,161,106.38461538461539,False,True
baseline_요일x시간 평균,-,keep,2021-07,2021-07-30 16:00:00,174,108.07692307692308,True,True
baseline_요일x시간 평균,-,keep,2021-07,2021-07-30 17:00:00,147,90.03846153846153,False,True
baseline_요일x시간 평균,-,keep,2021-07,2021-07-30 18:00:00,183,103.76923076923077,True,True
baseline_요일x시간 평균,-,keep,2021-07,2021-07-30 19:00:00,151,95.53846153846153,False,True
baseline_요일x시간 평균,-,keep,2021-07,2021-07-30 20:00:00,107,84.0,False,True
baseline_요일x시간 평균,-,keep,2021-07,2021-07-30 21:00:00,110,83.5,False,True
baseline_요일x시간 평균,-,keep,2021-07,2021-07-30 22:00:00,103,78.1923076923077,False,True
baseline_요일x시간 평균,-,keep,2021-07,2021-07-30 23:00:00,103,72.84615384615384,False,True
baseline_요일x시간 평균,-,keep,2021-07,2021-07-31 00:00:00,23,64.1923076923077,False,False
baseline_요일x시간 평균,-,keep,2021-07,2021-07-31 01:00:00,21,104.61538461538461,False,False
baseline_요일x시간 평균,-,keep,2021-07,2021-07-31 02:00:00,21,104.61538461538461,False,False
baseline_요일x시간 평균,-,keep,2021-07,2021-07-31 03:00:00,21,103.92307692307692,False,False
baseline_요일x시간 평균,-,keep,2021-07,2021-07-31 04:00:00,23,107.03846153846153,False,False
baseline_요일x시간 평균,-,keep,2021-07,2021-07-31 05:00:00,20,89.73076923076923,False,False
baseline_요일x시간 평균,-,keep,2021-07,2021-07-31 06:00:00,21,105.46153846153847,False,False
baseline_요일x시간 평균,-,keep,2021-07,2021-07-31 07:00:00,22,70.07692307692308,False,False
baseline_요일x시간 평균,-,keep,2021-07,2021-07-31 08:00:00,21,40.46153846153846,False,False
baseline_요일x시간 평균,-,keep,2021-07,2021-07-31 09:00:00,21,33.61538461538461,False,False
baseline_요일x시간 평균,-,keep,2021-07,2021-07-31 10:00:00,22,32.92307692307692,False,False
baseline_요일x시간 평균,-,keep,2021-07,2021-07-31 11:00:00,23,34.07692307692308,False,False
baseline_요일x시간 평균,-,keep,2021-07,2021-07-31 12:00:00,21,31.923076923076923,False,False
baseline_요일x시간 평균,-,keep,2021-07,2021-07-31 13:00:00,21,38.34615384615385,False,False
baseline_요일x시간 평균,-,keep,2021-07,2021-07-31 14:00:00,22,38.65384615384615,False,False
baseline_요일x시간 평균,-,keep,2021-07,2021-07-31 15:00:00,22,38.92307692307692,False,False
baseline_요일x시간 평균,-,keep,2021-07,2021-07-31 16:00:00,21,38.34615384615385,False,False
baseline_요일x시간 평균,-,keep,2021-07,2021-07-31 17:00:00,21,35.57692307692308,False,False
baseline_요일x시간 평균,-,keep,2021-07,2021-07-31 18:00:00,23,44.46153846153846,False,False
baseline_요일x시간 평균,-,keep,2021-07,2021-07-31 19:00:00,21,40.03846153846154,False,False
baseline_요일x시간 평균,-,keep,2021-07,2021-07-31 20:00:00,21,32.96153846153846,False,False
baseline_요일x시간 평균,-,keep,2021-07,2021-07-31 21:00:00,23,34.07692307692308,False,False
baseline_요일x시간 평균,-,keep,2021-07,2021-07-31 22:00:00,21,29.192307692307693,False,False
baseline_요일x시간 평균,-,keep,2021-07,2021-07-31 23:00:00,21,35.11538461538461,False,False
baseline_요일x시간 평균,-,keep,2021-08,2021-08-01 00:00:00,21,26.966666666666665,False,False
baseline_요일x시간 평균,-,keep,2021-08,2021-08-01 01:00:00,23,31.6,False,False
baseline_요일x시간 평균,-,keep,2021-08,2021-08-01 02:00:00,21,31.5,False,False
baseline_요일x시간 평균,-,keep,2021-08,2021-08-01 03:00:00,21,30.966666666666665,False,False
baseline_요일x시간 평균,-,keep,2021-08,2021-08-01 04:00:00,22,29.4,False,False
baseline_요일x시간 평균,-,keep,2021-08,2021-08-01 05:00:00,22,27.2,False,False
baseline_요일x시간 평균,-,keep,2021-08,2021-08-01 06:00:00,20,28.766666666666666,False,False
baseline_요일x시간 평균,-,keep,2021-08,2021-08-01 07:00:00,20,34.53333333333333,False,False
baseline_요일x시간 평균,-,keep,2021-08,2021-08-01 08:00:00,23,63.6,False,False
baseline_요일x시간 평균,-,keep,2021-08,2021-08-01 09:00:00,22,57.6,False,False
baseline_요일x시간 평균,-,keep,2021-08,2021-08-01 10:00:00,21,60.46666666666667,False,False
baseline_요일x시간 평균,-,keep,2021-08,2021-08-01 11:00:00,21,62.8,False,False
baseline_요일x시간 평균,-,keep,2021-08,2021-08-01 12:00:00,23,43.333333333333336,False,False
baseline_요일x시간 평균,-,keep,2021-08,2021-08-01 13:00:00,21,58.46666666666667,False,False
baseline_요일x시간 평균,-,keep,2021-08,2021-08-01 14:00:00,21,62.766666666666666,False,False
baseline_요일x시간 평균,-,keep,2021-08,2021-08-01 15:00:00,22,55.4,False,False
baseline_요일x시간 평균,-,keep,2021-08,2021-08-01 16:00:00,23,55.7,False,False
baseline_요일x시간 평균,-,keep,2021-08,2021-08-01 17:00:00,21,49.7,False,False
baseline_요일x시간 평균,-,keep,2021-08,2021-08-01 18:00:00,20,57.96666666666667,False,False
baseline_요일x시간 평균,-,keep,2021-08,2021-08-01 19:00:00,21,51.53333333333333,False,False
baseline_요일x시간 평균,-,keep,2021-08,2021-08-01 20:00:00,23,45.4,False,False
baseline_요일x시간 평균,-,keep,2021-08,2021-08-01 21:00:00,22,49.666666666666664,False,False
baseline_요일x시간 평균,-,keep,2021-08,2021-08-01 22:00:00,22,46.56666666666667,False,False
baseline_요일x시간 평균,-,keep,2021-08,2021-08-01 23:00:00,22,45.36666666666667,False,False
baseline_요일x시간 평균,-,keep,2021-08,2021-08-02 00:00:00,21,45.56666666666667,False,False
baseline_요일x시간 평균,-,keep,2021-08,2021-08-02 01:00:00,21,63.7,False,False
baseline_요일x시간 평균,-,keep,2021-08,2021-08-02 02:00:00,21,65.4,False,False
baseline_요일x시간 평균,-,keep,2021-08,2021-08-02 03:00:00,23,64.4,False,False
baseline_요일x시간 평균,-,keep,2021-08,2021-08-02 04:00:00,21,65.43333333333334,False,False
baseline_요일x시간 평균,-,keep,2021-08,2021-08-02 05:00:00,21,57.1,False,False
baseline_요일x시간 평균,-,keep,2021-08,2021-08-02 06:00:00,22,65.73333333333333,False,False
baseline_요일x시간 평균,-,keep,2021-08,2021-08-02 07:00:00,21,92.16666666666667,False,False
baseline_요일x시간 평균,-,keep,2021-08,2021-08-02 08:00:00,20,173.0,False,False
baseline_요일x시간 평균,-,keep,2021-08,2021-08-02 09:00:00,21,171.43333333333334,False,False
baseline_요일x시간 평균,-,keep,2021-08,2021-08-02 10:00:00,22,163.63333333333333,False,False
baseline_요일x시간 평균,-,keep,2021-08,2021-08-02 11:00:00,21,173.36666666666667,False,False
baseline_요일x시간 평균,-,keep,2021-08,2021-08-02 12:00:00,21,107.23333333333333,False,False
baseline_요일x시간 평균,-,keep,2021-08,2021-08-02 13:00:00,22,170.23333333333332,False,False
baseline_요일x시간 평균,-,keep,2021-08,2021-08-02 14:00:00,23,168.03333333333333,False,False
baseline_요일x시간 평균,-,keep,2021-08,2021-08-02 15:00:00,21,158.43333333333334,False,False
baseline_요일x시간 평균,-,keep,2021-08,2021-08-02 16:00:00,21,159.53333333333333,False,False
baseline_요일x시간 평균,-,keep,2021-08,2021-08-02 17:00:00,22,131.33333333333334,False,False
baseline_요일x시간 평균,-,keep,2021-08,2021-08-02 18:00:00,22,153.03333333333333,False,False
baseline_요일x시간 평균,-,keep,2021-08,2021-08-02 19:00:00,21,139.86666666666667,False,False
baseline_요일x시간 평균,-,keep,2021-08,2021-08-02 20:00:00,22,117.66666666666667,False,False
baseline_요일x시간 평균,-,keep,2021-08,2021-08-02 21:00:00,22,115.93333333333334,False,False
baseline_요일x시간 평균,-,keep,2021-08,2021-08-02 22:00:00,22,108.03333333333333,False,False
baseline_요일x시간 평균,-,keep,2021-08,2021-08-02 23:00:00,21,101.86666666666666,False,False
baseline_요일x시간 평균,-,keep,2021-08,2021-08-03 00:00:00,21,59.06896551724138,False,False
baseline_요일x시간 평균,-,keep,2021-08,2021-08-03 01:00:00,23,88.27586206896552,False,False
baseline_요일x시간 평균,-,keep,2021-08,2021-08-03 02:00:00,21,93.34482758620689,False,False
baseline_요일x시간 평균,-,keep,2021-08,2021-08-03 03:00:00,21,89.51724137931035,False,False
baseline_요일x시간 평균,-,keep,2021-08,2021-08-03 04:00:00,21,90.34482758620689,False,False
baseline_요일x시간 평균,-,keep,2021-08,2021-08-03 05:00:00,22,77.79310344827586,False,False
baseline_요일x시간 평균,-,keep,2021-08,2021-08-03 06:00:00,21,92.41379310344827,False,False
baseline_요일x시간 평균,-,keep,2021-08,2021-08-03 07:00:00,20,110.51724137931035,False,False
baseline_요일x시간 평균,-,keep,2021-08,2021-08-03 08:00:00,22,152.06896551724137,False,False
baseline_요일x시간 평균,-,keep,2021-08,2021-08-03 09:00:00,21,151.3448275862069,False,False
baseline_요일x시간 평균,-,keep,2021-08,2021-08-03 10:00:00,21,144.89655172413794,False,False
baseline_요일x시간 평균,-,keep,2021-08,2021-08-03 11:00:00,22,150.31034482758622,False,False
baseline_요일x시간 평균,-,keep,2021-08,2021-08-03 12:00:00,23,92.86206896551724,False,False
baseline_요일x시간 평균,-,keep,2021-08,2021-08-03 13:00:00,21,148.44827586206895,False,False
baseline_요일x시간 평균,-,keep,2021-08,2021-08-03 14:00:00,21,147.6551724137931,False,False
baseline_요일x시간 평균,-,keep,2021-08,2021-08-03 15:00:00,23,139.31034482758622,False,False
baseline_요일x시간 평균,-,keep,2021-08,2021-08-03 16:00:00,22,141.68965517241378,False,False
baseline_요일x시간 평균,-,keep,2021-08,2021-08-03 17:00:00,21,115.82758620689656,False,False
baseline_요일x시간 평균,-,keep,2021-08,2021-08-03 18:00:00,22,136.68965517241378,False,False
baseline_요일x시간 평균,-,keep,2021-08,2021-08-03 19:00:00,23,125.51724137931035,False,False
baseline_요일x시간 평균,-,keep,2021-08,2021-08-03 20:00:00,21,107.89655172413794,False,False
baseline_요일x시간 평균,-,keep,2021-08,2021-08-03 21:00:00,22,105.96551724137932,False,False
baseline_요일x시간 평균,-,keep,2021-08,2021-08-03 22:00:00,21,95.37931034482759,False,False
baseline_요일x시간 평균,-,keep,2021-08,2021-08-03 23:00:00,23,91.51724137931035,False,False
baseline_요일x시간 평균,-,keep,2021-08,2021-08-04 00:00:00,21,59.2,False,False
baseline_요일x시간 평균,-,keep,2021-08,2021-08-04 01:00:00,21,87.03333333333333,False,False
baseline_요일x시간 평균,-,keep,2021-08,2021-08-04 02:00:00,20,90.8,False,False
baseline_요일x시간 평균,-,keep,2021-08,2021-08-04 03:00:00,22,88.8,False,False
baseline_요일x시간 평균,-,keep,2021-08,2021-08-04 04:00:00,21,89.83333333333333,False,False
baseline_요일x시간 평균,-,keep,2021-08,2021-08-04 05:00:00,21,77.96666666666667,False,False
baseline_요일x시간 평균,-,keep,2021-08,2021-08-04 06:00:00,23,91.33333333333333,False,False
baseline_요일x시간 평균,-,keep,2021-08,2021-08-04 07:00:00,20,105.86666666666666,False,False
baseline_요일x시간 평균,-,keep,2021-08,2021-08-04 08:00:00,21,138.63333333333333,False,False
baseline_요일x시간 평균,-,keep,2021-08,2021-08-04 09:00:00,21,137.4,False,False
baseline_요일x시간 평균,-,keep,2021-08,2021-08-04 10:00:00,22,130.36666666666667,False,False
baseline_요일x시간 평균,-,keep,2021-08,2021-08-04 11:00:00,21,135.4,False,False
baseline_요일x시간 평균,-,keep,2021-08,2021-08-04 12:00:00,21,84.9,False,False
baseline_요일x시간 평균,-,keep,2021-08,2021-08-04 13:00:00,22,134.43333333333334,False,False
baseline_요일x시간 평균,-,keep,2021-08,2021-08-04 14:00:00,22,134.0,False,False
baseline_요일x시간 평균,-,keep,2021-08,2021-08-04 15:00:00,22,123.66666666666667,False,False
baseline_요일x시간 평균,-,keep,2021-08,2021-08-04 16:00:00,21,127.66666666666667,False,False
baseline_요일x시간 평균,-,keep,2021-08,2021-08-04 17:00:00,23,107.4,False,False
baseline_요일x시간 평균,-,keep,2021-08,2021-08-04 18:00:00,21,120.7,False,False
baseline_요일x시간 평균,-,keep,2021-08,2021-08-04 19:00:00,21,110.26666666666667,False,False
baseline_요일x시간 평균,-,keep,2021-08,2021-08-04 20:00:00,21,98.23333333333333,False,False
baseline_요일x시간 평균,-,keep,2021-08,2021-08-04 21:00:00,23,95.73333333333333,False,False
baseline_요일x시간 평균,-,keep,2021-08,2021-08-04 22:00:00,21,89.06666666666666,False,False
baseline_요일x시간 평균,-,keep,2021-08,2021-08-04 23:00:00,21,85.06666666666666,False,False
baseline_요일x시간 평균,-,keep,2021-08,2021-08-05 00:00:00,21,57.55172413793103,False,False
baseline_요일x시간 평균,-,keep,2021-08,2021-08-05 01:00:00,22,85.41379310344827,False,False
baseline_요일x시간 평균,-,keep,2021-08,2021-08-05 02:00:00,21,87.27586206896552,False,False
baseline_요일x시간 평균,-,keep,2021-08,2021-08-05 03:00:00,21,85.55172413793103,False,False
baseline_요일x시간 평균,-,keep,2021-08,2021-08-05 04:00:00,22,87.0,False,False
baseline_요일x시간 평균,-,keep,2021-08,2021-08-05 05:00:00,21,76.17241379310344,False,False
baseline_요일x시간 평균,-,keep,2021-08,2021-08-05 06:00:00,21,88.44827586206897,False,False
baseline_요일x시간 평균,-,keep,2021-08,2021-08-05 07:00:00,20,111.93103448275862,False,False
baseline_요일x시간 평균,-,keep,2021-08,2021-08-05 08:00:00,22,170.79310344827587,False,False
baseline_요일x시간 평균,-,keep,2021-08,2021-08-05 09:00:00,21,171.51724137931035,False,False
baseline_요일x시간 평균,-,keep,2021-08,2021-08-05 10:00:00,21,163.89655172413794,False,False
baseline_요일x시간 평균,-,keep,2021-08,2021-08-05 11:00:00,22,172.48275862068965,False,False
baseline_요일x시간 평균,-,keep,2021-08,2021-08-05 12:00:00,22,105.72413793103448,False,False
baseline_요일x시간 평균,-,keep,2021-08,2021-08-05 13:00:00,22,171.17241379310346,False,False
baseline_요일x시간 평균,-,keep,2021-08,2021-08-05 14:00:00,21,167.75862068965517,False,False
baseline_요일x시간 평균,-,keep,2021-08,2021-08-05 15:00:00,23,156.3793103448276,False,False
baseline_요일x시간 평균,-,keep,2021-08,2021-08-05 16:00:00,22,157.79310344827587,False,False
baseline_요일x시간 평균,-,keep,2021-08,2021-08-05 17:00:00,22,129.17241379310346,False,False
baseline_요일x시간 평균,-,keep,2021-08,2021-08-05 18:00:00,21,143.44827586206895,False,False
baseline_요일x시간 평균,-,keep,2021-08,2021-08-05 19:00:00,22,130.89655172413794,False,False
baseline_요일x시간 평균,-,keep,2021-08,2021-08-05 20:00:00,21,119.48275862068965,False,False
baseline_요일x시간 평균,-,keep,2021-08,2021-08-05 21:00:00,21,117.44827586206897,False,False
baseline_요일x시간 평균,-,keep,2021-08,2021-08-05 22:00:00,22,110.86206896551724,False,False
baseline_요일x시간 평균,-,keep,2021-08,2021-08-05 23:00:00,23,102.72413793103448,False,False
baseline_요일x시간 평균,-,keep,2021-08,2021-08-06 00:00:00,21,60.806451612903224,False,False
baseline_요일x시간 평균,-,keep,2021-08,2021-08-06 01:00:00,21,91.70967741935483,False,False
baseline_요일x시간 평균,-,keep,2021-08,2021-08-06 02:00:00,20,94.19354838709677,False,False
baseline_요일x시간 평균,-,keep,2021-08,2021-08-06 03:00:00,22,91.61290322580645,False,False
baseline_요일x시간 평균,-,keep,2021-08,2021-08-06 04:00:00,22,93.41935483870968,False,False
baseline_요일x시간 평균,-,keep,2021-08,2021-08-06 05:00:00,21,80.61290322580645,False,False
baseline_요일x시간 평균,-,keep,2021-08,2021-08-06 06:00:00,22,94.54838709677419,False,False
baseline_요일x시간 평균,-,keep,2021-08,2021-08-06 07:00:00,20,101.54838709677419,False,False
baseline_요일x시간 평균,-,keep,2021-08,2021-08-06 08:00:00,20,127.38709677419355,False,False
baseline_요일x시간 평균,-,keep,2021-08,2021-08-06 09:00:00,21,125.3225806451613,False,False
baseline_요일x시간 평균,-,keep,2021-08,2021-08-06 10:00:00,24,121.16129032258064,False,False
baseline_요일x시간 평균,-,keep,2021-08,2021-08-06 11:00:00,24,128.19354838709677,False,False
baseline_요일x시간 평균,-,keep,2021-08,2021-08-06 12:00:00,24,80.61290322580645,False,False
baseline_요일x시간 평균,-,keep,2021-08,2021-08-06 13:00:00,23,124.80645161290323,False,False
baseline_요일x시간 평균,-,keep,2021-08,2021-08-06 14:00:00,24,124.16129032258064,False,False
baseline_요일x시간 평균,-,keep,2021-08,2021-08-06 15:00:00,22,115.16129032258064,False,False
baseline_요일x시간 평균,-,keep,2021-08,2021-08-06 16:00:00,22,118.29032258064517,False,False
baseline_요일x시간 평균,-,keep,2021-08,2021-08-06 17:00:00,23,98.51612903225806,False,False
baseline_요일x시간 평균,-,keep,2021-08,2021-08-06 18:00:00,22,114.3225806451613,False,False
baseline_요일x시간 평균,-,keep,2021-08,2021-08-06 19:00:00,21,102.7741935483871,False,False
baseline_요일x시간 평균,-,keep,2021-08,2021-08-06 20:00:00,21,88.45161290322581,False,False
baseline_요일x시간 평균,-,keep,2021-08,2021-08-06 21:00:00,23,87.70967741935483,False,False
baseline_요일x시간 평균,-,keep,2021-08,2021-08-06 22:00:00,21,82.29032258064517,False,False
baseline_요일x시간 평균,-,keep,2021-08,2021-08-06 23:00:00,21,77.06451612903226,False,False
baseline_요일x시간 평균,-,keep,2021-08,2021-08-07 00:00:00,22,63.096774193548384,False,False
baseline_요일x시간 평균,-,keep,2021-08,2021-08-07 01:00:00,22,101.25806451612904,False,False
baseline_요일x시간 평균,-,keep,2021-08,2021-08-07 02:00:00,21,101.19354838709677,False,False
baseline_요일x시간 평균,-,keep,2021-08,2021-08-07 03:00:00,21,100.3225806451613,False,False
baseline_요일x시간 평균,-,keep,2021-08,2021-08-07 04:00:00,21,103.3225806451613,False,False
baseline_요일x시간 평균,-,keep,2021-08,2021-08-07 05:00:00,22,86.7741935483871,False,False
baseline_요일x시간 평균,-,keep,2021-08,2021-08-07 06:00:00,21,101.35483870967742,False,False
baseline_요일x시간 평균,-,keep,2021-08,2021-08-07 07:00:00,21,67.41935483870968,False,False
baseline_요일x시간 평균,-,keep,2021-08,2021-08-07 08:00:00,22,37.774193548387096,False,False
baseline_요일x시간 평균,-,keep,2021-08,2021-08-07 09:00:00,22,32.064516129032256,False,False
baseline_요일x시간 평균,-,keep,2021-08,2021-08-07 10:00:00,21,31.548387096774192,False,False
baseline_요일x시간 평균,-,keep,2021-08,2021-08-07 11:00:00,21,32.645161290322584,False,False
baseline_요일x시간 평균,-,keep,2021-08,2021-08-07 12:00:00,23,30.580645161290324,False,False
baseline_요일x시간 평균,-,keep,2021-08,2021-08-07 13:00:00,21,35.87096774193548,False,False
baseline_요일x시간 평균,-,keep,2021-08,2021-08-07 14:00:00,21,36.096774193548384,False,False
baseline_요일x시간 평균,-,keep,2021-08,2021-08-07 15:00:00,21,36.516129032258064,False,False
baseline_요일x시간 평균,-,keep,2021-08,2021-08-07 16:00:00,24,35.87096774193548,False,False
baseline_요일x시간 평균,-,keep,2021-08,2021-08-07 17:00:00,21,33.45161290322581,False,False
baseline_요일x시간 평균,-,keep,2021-08,2021-08-07 18:00:00,21,41.03225806451613,False,False
baseline_요일x시간 평균,-,keep,2021-08,2021-08-07 19:00:00,22,37.354838709677416,False,False
baseline_요일x시간 평균,-,keep,2021-08,2021-08-07 20:00:00,23,31.258064516129032,False,False
baseline_요일x시간 평균,-,keep,2021-08,2021-08-07 21:00:00,22,32.354838709677416,False,False
baseline_요일x시간 평균,-,keep,2021-08,2021-08-07 22:00:00,21,28.387096774193548,False,False
baseline_요일x시간 평균,-,keep,2021-08,2021-08-07 23:00:00,23,33.064516129032256,False,False
baseline_요일x시간 평균,-,keep,2021-08,2021-08-08 00:00:00,21,26.966666666666665,False,False
baseline_요일x시간 평균,-,keep,2021-08,2021-08-08 01:00:00,21,31.6,False,False
baseline_요일x시간 평균,-,keep,2021-08,2021-08-08 02:00:00,21,31.5,False,False
baseline_요일x시간 평균,-,keep,2021-08,2021-08-08 03:00:00,23,30.966666666666665,False,False
baseline_요일x시간 평균,-,keep,2021-08,2021-08-08 04:00:00,21,29.4,False,False
baseline_요일x시간 평균,-,keep,2021-08,2021-08-08 05:00:00,21,27.2,False,False
baseline_요일x시간 평균,-,keep,2021-08,2021-08-08 06:00:00,21,28.766666666666666,False,False
baseline_요일x시간 평균,-,keep,2021-08,2021-08-08 07:00:00,22,34.53333333333333,False,False
baseline_요일x시간 평균,-,keep,2021-08,2021-08-08 08:00:00,21,63.6,False,False
baseline_요일x시간 평균,-,keep,2021-08,2021-08-08 09:00:00,21,57.6,False,False
baseline_요일x시간 평균,-,keep,2021-08,2021-08-08 10:00:00,23,60.46666666666667,False,False
baseline_요일x시간 평균,-,keep,2021-08,2021-08-08 11:00:00,21,62.8,False,False
baseline_요일x시간 평균,-,keep,2021-08,2021-08-08 12:00:00,21,43.333333333333336,False,False
baseline_요일x시간 평균,-,keep,2021-08,2021-08-08 13:00:00,21,58.46666666666667,False,False
baseline_요일x시간 평균,-,keep,2021-08,2021-08-08 14:00:00,22,62.766666666666666,False,False
baseline_요일x시간 평균,-,keep,2021-08,2021-08-08 15:00:00,21,55.4,False,False
baseline_요일x시간 평균,-,keep,2021-08,2021-08-08 16:00:00,21,55.7,False,False
baseline_요일x시간 평균,-,keep,2021-08,2021-08-08 17:00:00,22,49.7,False,False
baseline_요일x시간 평균,-,keep,2021-08,2021-08-08 18:00:00,22,57.96666666666667,False,False
baseline_요일x시간 평균,-,keep,2021-08,2021-08-08 19:00:00,21,51.53333333333333,False,False
baseline_요일x시간 평균,-,keep,2021-08,2021-08-08 20:00:00,21,45.4,False,False
baseline_요일x시간 평균,-,keep,2021-08,2021-08-08 21:00:00,22,49.666666666666664,False,False
baseline_요일x시간 평균,-,keep,2021-08,2021-08-08 22:00:00,21,46.56666666666667,False,False
baseline_요일x시간 평균,-,keep,2021-08,2021-08-08 23:00:00,21,45.36666666666667,False,False
baseline_요일x시간 평균,-,keep,2021-08,2021-08-09 00:00:00,21,45.56666666666667,False,False
baseline_요일x시간 평균,-,keep,2021-08,2021-08-09 01:00:00,23,63.7,False,False
baseline_요일x시간 평균,-,keep,2021-08,2021-08-09 02:00:00,20,65.4,False,False
baseline_요일x시간 평균,-,keep,2021-08,2021-08-09 03:00:00,22,64.4,False,False
baseline_요일x시간 평균,-,keep,2021-08,2021-08-09 04:00:00,21,65.43333333333334,False,False
baseline_요일x시간 평균,-,keep,2021-08,2021-08-09 05:00:00,21,57.1,False,False
baseline_요일x시간 평균,-,keep,2021-08,2021-08-09 06:00:00,20,65.73333333333333,False,False
baseline_요일x시간 평균,-,keep,2021-08,2021-08-09 07:00:00,70,92.16666666666667,False,False
baseline_요일x시간 평균,-,keep,2021-08,2021-08-09 08:00:00,193,173.0,True,False
baseline_요일x시간 평균,-,keep,2021-08,2021-08-09 09:00:00,191,171.43333333333334,True,False
baseline_요일x시간 평균,-,keep,2021-08,2021-08-09 10:00:00,182,163.63333333333333,True,False
baseline_요일x시간 평균,-,keep,2021-08,2021-08-09 11:00:00,187,173.36666666666667,True,False
baseline_요일x시간 평균,-,keep,2021-08,2021-08-09 12:00:00,129,107.23333333333333,False,False
baseline_요일x시간 평균,-,keep,2021-08,2021-08-09 13:00:00,182,170.23333333333332,True,False
baseline_요일x시간 평균,-,keep,2021-08,2021-08-09 14:00:00,183,168.03333333333333,True,False
baseline_요일x시간 평균,-,keep,2021-08,2021-08-09 15:00:00,167,158.43333333333334,False,False
baseline_요일x시간 평균,-,keep,2021-08,2021-08-09 16:00:00,184,159.53333333333333,True,False
baseline_요일x시간 평균,-,keep,2021-08,2021-08-09 17:00:00,146,131.33333333333334,False,False
baseline_요일x시간 평균,-,keep,2021-08,2021-08-09 18:00:00,98,153.03333333333333,False,False
baseline_요일x시간 평균,-,keep,2021-08,2021-08-09 19:00:00,93,139.86666666666667,False,False
baseline_요일x시간 평균,-,keep,2021-08,2021-08-09 20:00:00,109,117.66666666666667,False,False
baseline_요일x시간 평균,-,keep,2021-08,2021-08-09 21:00:00,115,115.93333333333334,False,False
baseline_요일x시간 평균,-,keep,2021-08,2021-08-09 22:00:00,109,108.03333333333333,False,False
baseline_요일x시간 평균,-,keep,2021-08,2021-08-09 23:00:00,98,101.86666666666666,False,False
baseline_요일x시간 평균,-,keep,2021-08,2021-08-10 00:00:00,68,59.06896551724138,False,False
baseline_요일x시간 평균,-,keep,2021-08,2021-08-10 01:00:00,99,88.27586206896552,False,False
baseline_요일x시간 평균,-,keep,2021-08,2021-08-10 02:00:00,96,93.34482758620689,False,False
baseline_요일x시간 평균,-,keep,2021-08,2021-08-10 03:00:00,98,89.51724137931035,False,False
baseline_요일x시간 평균,-,keep,2021-08,2021-08-10 04:00:00,101,90.34482758620689,False,False
baseline_요일x시간 평균,-,keep,2021-08,2021-08-10 05:00:00,85,77.79310344827586,False,False
baseline_요일x시간 평균,-,keep,2021-08,2021-08-10 06:00:00,100,92.41379310344827,False,False
baseline_요일x시간 평균,-,keep,2021-08,2021-08-10 07:00:00,128,110.51724137931035,False,False
baseline_요일x시간 평균,-,keep,2021-08,2021-08-10 08:00:00,183,152.06896551724137,True,False
baseline_요일x시간 평균,-,keep,2021-08,2021-08-10 09:00:00,185,151.3448275862069,True,False
baseline_요일x시간 평균,-,keep,2021-08,2021-08-10 10:00:00,175,144.89655172413794,False,False
baseline_요일x시간 평균,-,keep,2021-08,2021-08-10 11:00:00,185,150.31034482758622,True,False
baseline_요일x시간 평균,-,keep,2021-08,2021-08-10 12:00:00,107,92.86206896551724,False,False
baseline_요일x시간 평균,-,keep,2021-08,2021-08-10 13:00:00,181,148.44827586206895,True,False
baseline_요일x시간 평균,-,keep,2021-08,2021-08-10 14:00:00,170,147.6551724137931,False,False
baseline_요일x시간 평균,-,keep,2021-08,2021-08-10 15:00:00,155,139.31034482758622,False,False
baseline_요일x시간 평균,-,keep,2021-08,2021-08-10 16:00:00,169,141.68965517241378,False,False
baseline_요일x시간 평균,-,keep,2021-08,2021-08-10 17:00:00,126,115.82758620689656,False,False
baseline_요일x시간 평균,-,keep,2021-08,2021-08-10 18:00:00,165,136.68965517241378,False,False
baseline_요일x시간 평균,-,keep,2021-08,2021-08-10 19:00:00,156,125.51724137931035,False,False
baseline_요일x시간 평균,-,keep,2021-08,2021-08-10 20:00:00,129,107.89655172413794,False,False
baseline_요일x시간 평균,-,keep,2021-08,2021-08-10 21:00:00,123,105.96551724137932,False,False
baseline_요일x시간 평균,-,keep,2021-08,2021-08-10 22:00:00,106,95.37931034482759,False,False
baseline_요일x시간 평균,-,keep,2021-08,2021-08-10 23:00:00,99,91.51724137931035,False,False
baseline_요일x시간 평균,-,keep,2021-08,2021-08-11 00:00:00,77,59.2,False,False
baseline_요일x시간 평균,-,keep,2021-08,2021-08-11 01:00:00,99,87.03333333333333,False,False
baseline_요일x시간 평균,-,keep,2021-08,2021-08-11 02:00:00,109,90.8,False,False
baseline_요일x시간 평균,-,keep,2021-08,2021-08-11 03:00:00,104,88.8,False,False
baseline_요일x시간 평균,-,keep,2021-08,2021-08-11 04:00:00,111,89.83333333333333,False,False
baseline_요일x시간 평균,-,keep,2021-08,2021-08-11 05:00:00,92,77.96666666666667,False,False
baseline_요일x시간 평균,-,keep,2021-08,2021-08-11 06:00:00,122,91.33333333333333,False,False
baseline_요일x시간 평균,-,keep,2021-08,2021-08-11 07:00:00,132,105.86666666666666,False,False
baseline_요일x시간 평균,-,keep,2021-08,2021-08-11 08:00:00,203,138.63333333333333,True,False
baseline_요일x시간 평균,-,keep,2021-08,2021-08-11 09:00:00,179,137.4,True,False
baseline_요일x시간 평균,-,keep,2021-08,2021-08-11 10:00:00,183,130.36666666666667,True,False
baseline_요일x시간 평균,-,keep,2021-08,2021-08-11 11:00:00,184,135.4,True,False
baseline_요일x시간 평균,-,keep,2021-08,2021-08-11 12:00:00,113,84.9,False,False
baseline_요일x시간 평균,-,keep,2021-08,2021-08-11 13:00:00,183,134.43333333333334,True,False
baseline_요일x시간 평균,-,keep,2021-08,2021-08-11 14:00:00,187,134.0,True,False
baseline_요일x시간 평균,-,keep,2021-08,2021-08-11 15:00:00,153,123.66666666666667,False,False
baseline_요일x시간 평균,-,keep,2021-08,2021-08-11 16:00:00,182,127.66666666666667,True,False
baseline_요일x시간 평균,-,keep,2021-08,2021-08-11 17:00:00,151,107.4,False,False
baseline_요일x시간 평균,-,keep,2021-08,2021-08-11 18:00:00,180,120.7,True,False
baseline_요일x시간 평균,-,keep,2021-08,2021-08-11 19:00:00,150,110.26666666666667,False,False
baseline_요일x시간 평균,-,keep,2021-08,2021-08-11 20:00:00,125,98.23333333333333,False,False
baseline_요일x시간 평균,-,keep,2021-08,2021-08-11 21:00:00,108,95.73333333333333,False,False
baseline_요일x시간 평균,-,keep,2021-08,2021-08-11 22:00:00,110,89.06666666666666,False,False
baseline_요일x시간 평균,-,keep,2021-08,2021-08-11 23:00:00,99,85.06666666666666,False,False
baseline_요일x시간 평균,-,keep,2021-08,2021-08-12 00:00:00,76,57.55172413793103,False,False
baseline_요일x시간 평균,-,keep,2021-08,2021-08-12 01:00:00,105,85.41379310344827,False,False
baseline_요일x시간 평균,-,keep,2021-08,2021-08-12 02:00:00,108,87.27586206896552,False,False
baseline_요일x시간 평균,-,keep,2021-08,2021-08-12 03:00:00,104,85.55172413793103,False,False
baseline_요일x시간 평균,-,keep,2021-08,2021-08-12 04:00:00,107,87.0,False,False
baseline_요일x시간 평균,-,keep,2021-08,2021-08-12 05:00:00,89,76.17241379310344,False,False
baseline_요일x시간 평균,-,keep,2021-08,2021-08-12 06:00:00,114,88.44827586206897,False,False
baseline_요일x시간 평균,-,keep,2021-08,2021-08-12 07:00:00,130,111.93103448275862,False,False
baseline_요일x시간 평균,-,keep,2021-08,2021-08-12 08:00:00,187,170.79310344827587,True,False
baseline_요일x시간 평균,-,keep,2021-08,2021-08-12 09:00:00,181,171.51724137931035,True,False
baseline_요일x시간 평균,-,keep,2021-08,2021-08-12 10:00:00,177,163.89655172413794,True,False
baseline_요일x시간 평균,-,keep,2021-08,2021-08-12 11:00:00,188,172.48275862068965,True,False
baseline_요일x시간 평균,-,keep,2021-08,2021-08-12 12:00:00,120,105.72413793103448,False,False
baseline_요일x시간 평균,-,keep,2021-08,2021-08-12 13:00:00,170,171.17241379310346,False,False
baseline_요일x시간 평균,-,keep,2021-08,2021-08-12 14:00:00,184,167.75862068965517,True,False
baseline_요일x시간 평균,-,keep,2021-08,2021-08-12 15:00:00,165,156.3793103448276,False,False
baseline_요일x시간 평균,-,keep,2021-08,2021-08-12 16:00:00,170,157.79310344827587,False,False
baseline_요일x시간 평균,-,keep,2021-08,2021-08-12 17:00:00,135,129.17241379310346,False,False
baseline_요일x시간 평균,-,keep,2021-08,2021-08-12 18:00:00,172,143.44827586206895,False,False
baseline_요일x시간 평균,-,keep,2021-08,2021-08-12 19:00:00,161,130.89655172413794,False,False
baseline_요일x시간 평균,-,keep,2021-08,2021-08-12 20:00:00,125,119.48275862068965,False,False
baseline_요일x시간 평균,-,keep,2021-08,2021-08-12 21:00:00,112,117.44827586206897,False,False
baseline_요일x시간 평균,-,keep,2021-08,2021-08-12 22:00:00,116,110.86206896551724,False,False
baseline_요일x시간 평균,-,keep,2021-08,2021-08-12 23:00:00,103,102.72413793103448,False,False
baseline_요일x시간 평균,-,keep,2021-08,2021-08-13 00:00:00,72,60.806451612903224,False,False
baseline_요일x시간 평균,-,keep,2021-08,2021-08-13 01:00:00,100,91.70967741935483,False,False
baseline_요일x시간 평균,-,keep,2021-08,2021-08-13 02:00:00,112,94.19354838709677,False,False
baseline_요일x시간 평균,-,keep,2021-08,2021-08-13 03:00:00,116,91.61290322580645,False,False
baseline_요일x시간 평균,-,keep,2021-08,2021-08-13 04:00:00,110,93.41935483870968,False,False
baseline_요일x시간 평균,-,keep,2021-08,2021-08-13 05:00:00,88,80.61290322580645,False,False
baseline_요일x시간 평균,-,keep,2021-08,2021-08-13 06:00:00,110,94.54838709677419,False,False
baseline_요일x시간 평균,-,keep,2021-08,2021-08-13 07:00:00,136,101.54838709677419,False,False
baseline_요일x시간 평균,-,keep,2021-08,2021-08-13 08:00:00,196,127.38709677419355,True,False
baseline_요일x시간 평균,-,keep,2021-08,2021-08-13 09:00:00,188,125.3225806451613,True,False
baseline_요일x시간 평균,-,keep,2021-08,2021-08-13 10:00:00,184,121.16129032258064,True,False
baseline_요일x시간 평균,-,keep,2021-08,2021-08-13 11:00:00,196,128.19354838709677,True,False
baseline_요일x시간 평균,-,keep,2021-08,2021-08-13 12:00:00,111,80.61290322580645,False,False
baseline_요일x시간 평균,-,keep,2021-08,2021-08-13 13:00:00,183,124.80645161290323,True,False
baseline_요일x시간 평균,-,keep,2021-08,2021-08-13 14:00:00,189,124.16129032258064,True,False
baseline_요일x시간 평균,-,keep,2021-08,2021-08-13 15:00:00,167,115.16129032258064,False,False
baseline_요일x시간 평균,-,keep,2021-08,2021-08-13 16:00:00,183,118.29032258064517,True,False
baseline_요일x시간 평균,-,keep,2021-08,2021-08-13 17:00:00,149,98.51612903225806,False,False
baseline_요일x시간 평균,-,keep,2021-08,2021-08-13 18:00:00,174,114.3225806451613,False,False
baseline_요일x시간 평균,-,keep,2021-08,2021-08-13 19:00:00,146,102.7741935483871,False,False
baseline_요일x시간 평균,-,keep,2021-08,2021-08-13 20:00:00,117,88.45161290322581,False,False
baseline_요일x시간 평균,-,keep,2021-08,2021-08-13 21:00:00,113,87.70967741935483,False,False
baseline_요일x시간 평균,-,keep,2021-08,2021-08-13 22:00:00,109,82.29032258064517,False,False
baseline_요일x시간 평균,-,keep,2021-08,2021-08-13 23:00:00,97,77.06451612903226,False,False
baseline_요일x시간 평균,-,keep,2021-08,2021-08-14 00:00:00,62,63.096774193548384,False,False
baseline_요일x시간 평균,-,keep,2021-08,2021-08-14 01:00:00,97,101.25806451612904,False,False
baseline_요일x시간 평균,-,keep,2021-08,2021-08-14 02:00:00,107,101.19354838709677,False,False
baseline_요일x시간 평균,-,keep,2021-08,2021-08-14 03:00:00,91,100.3225806451613,False,False
baseline_요일x시간 평균,-,keep,2021-08,2021-08-14 04:00:00,98,103.3225806451613,False,False
baseline_요일x시간 평균,-,keep,2021-08,2021-08-14 05:00:00,83,86.7741935483871,False,False
baseline_요일x시간 평균,-,keep,2021-08,2021-08-14 06:00:00,86,101.35483870967742,False,False
baseline_요일x시간 평균,-,keep,2021-08,2021-08-14 07:00:00,53,67.41935483870968,False,False
baseline_요일x시간 평균,-,keep,2021-08,2021-08-14 08:00:00,23,37.774193548387096,False,False
baseline_요일x시간 평균,-,keep,2021-08,2021-08-14 09:00:00,22,32.064516129032256,False,False
baseline_요일x시간 평균,-,keep,2021-08,2021-08-14 10:00:00,21,31.548387096774192,False,False
baseline_요일x시간 평균,-,keep,2021-08,2021-08-14 11:00:00,23,32.645161290322584,False,False
baseline_요일x시간 평균,-,keep,2021-08,2021-08-14 12:00:00,22,30.580645161290324,False,False
baseline_요일x시간 평균,-,keep,2021-08,2021-08-14 13:00:00,21,35.87096774193548,False,False
baseline_요일x시간 평균,-,keep,2021-08,2021-08-14 14:00:00,22,36.096774193548384,False,False
baseline_요일x시간 평균,-,keep,2021-08,2021-08-14 15:00:00,23,36.516129032258064,False,False
baseline_요일x시간 평균,-,keep,2021-08,2021-08-14 16:00:00,22,35.87096774193548,False,False
baseline_요일x시간 평균,-,keep,2021-08,2021-08-14 17:00:00,21,33.45161290322581,False,False
baseline_요일x시간 평균,-,keep,2021-08,2021-08-14 18:00:00,22,41.03225806451613,False,False
baseline_요일x시간 평균,-,keep,2021-08,2021-08-14 19:00:00,23,37.354838709677416,False,False
baseline_요일x시간 평균,-,keep,2021-08,2021-08-14 20:00:00,22,31.258064516129032,False,False
baseline_요일x시간 평균,-,keep,2021-08,2021-08-14 21:00:00,22,32.354838709677416,False,False
baseline_요일x시간 평균,-,keep,2021-08,2021-08-14 22:00:00,23,28.387096774193548,False,False
baseline_요일x시간 평균,-,keep,2021-08,2021-08-14 23:00:00,22,33.064516129032256,False,False
baseline_요일x시간 평균,-,keep,2021-08,2021-08-15 00:00:00,22,26.966666666666665,False,False
baseline_요일x시간 평균,-,keep,2021-08,2021-08-15 01:00:00,23,31.6,False,False
baseline_요일x시간 평균,-,keep,2021-08,2021-08-15 02:00:00,22,31.5,False,False
baseline_요일x시간 평균,-,keep,2021-08,2021-08-15 03:00:00,21,30.966666666666665,False,False
baseline_요일x시간 평균,-,keep,2021-08,2021-08-15 04:00:00,22,29.4,False,False
baseline_요일x시간 평균,-,keep,2021-08,2021-08-15 05:00:00,23,27.2,False,False
baseline_요일x시간 평균,-,keep,2021-08,2021-08-15 06:00:00,22,28.766666666666666,False,False
baseline_요일x시간 평균,-,keep,2021-08,2021-08-15 07:00:00,21,34.53333333333333,False,False
baseline_요일x시간 평균,-,keep,2021-08,2021-08-15 08:00:00,23,63.6,False,False
baseline_요일x시간 평균,-,keep,2021-08,2021-08-15 09:00:00,23,57.6,False,False
baseline_요일x시간 평균,-,keep,2021-08,2021-08-15 10:00:00,21,60.46666666666667,False,False
baseline_요일x시간 평균,-,keep,2021-08,2021-08-15 11:00:00,22,62.8,False,False
baseline_요일x시간 평균,-,keep,2021-08,2021-08-15 12:00:00,23,43.333333333333336,False,False
baseline_요일x시간 평균,-,keep,2021-08,2021-08-15 13:00:00,22,58.46666666666667,False,False
baseline_요일x시간 평균,-,keep,2021-08,2021-08-15 14:00:00,22,62.766666666666666,False,False
baseline_요일x시간 평균,-,keep,2021-08,2021-08-15 15:00:00,21,55.4,False,False
baseline_요일x시간 평균,-,keep,2021-08,2021-08-15 16:00:00,23,55.7,False,False
baseline_요일x시간 평균,-,keep,2021-08,2021-08-15 17:00:00,22,49.7,False,False
baseline_요일x시간 평균,-,keep,2021-08,2021-08-15 18:00:00,21,57.96666666666667,False,False
baseline_요일x시간 평균,-,keep,2021-08,2021-08-15 19:00:00,23,51.53333333333333,False,False
baseline_요일x시간 평균,-,keep,2021-08,2021-08-15 20:00:00,22,45.4,False,False
baseline_요일x시간 평균,-,keep,2021-08,2021-08-15 21:00:00,22,49.666666666666664,False,False
baseline_요일x시간 평균,-,keep,2021-08,2021-08-15 22:00:00,23,46.56666666666667,False,False
baseline_요일x시간 평균,-,keep,2021-08,2021-08-15 23:00:00,23,45.36666666666667,False,False
baseline_요일x시간 평균,-,keep,2021-08,2021-08-16 00:00:00,22,45.56666666666667,False,False
baseline_요일x시간 평균,-,keep,2021-08,2021-08-16 01:00:00,21,63.7,False,False
baseline_요일x시간 평균,-,keep,2021-08,2021-08-16 02:00:00,23,65.4,False,False
baseline_요일x시간 평균,-,keep,2021-08,2021-08-16 03:00:00,21,64.4,False,False
baseline_요일x시간 평균,-,keep,2021-08,2021-08-16 04:00:00,22,65.43333333333334,False,False
baseline_요일x시간 평균,-,keep,2021-08,2021-08-16 05:00:00,22,57.1,False,False
baseline_요일x시간 평균,-,keep,2021-08,2021-08-16 06:00:00,23,65.73333333333333,False,False
baseline_요일x시간 평균,-,keep,2021-08,2021-08-16 07:00:00,60,92.16666666666667,False,False
baseline_요일x시간 평균,-,keep,2021-08,2021-08-16 08:00:00,174,173.0,False,False
baseline_요일x시간 평균,-,keep,2021-08,2021-08-16 09:00:00,183,171.43333333333334,True,False
baseline_요일x시간 평균,-,keep,2021-08,2021-08-16 10:00:00,144,163.63333333333333,False,False
baseline_요일x시간 평균,-,keep,2021-08,2021-08-16 11:00:00,155,173.36666666666667,False,False
baseline_요일x시간 평균,-,keep,2021-08,2021-08-16 12:00:00,97,107.23333333333333,False,False
baseline_요일x시간 평균,-,keep,2021-08,2021-08-16 13:00:00,153,170.23333333333332,False,False
baseline_요일x시간 평균,-,keep,2021-08,2021-08-16 14:00:00,146,168.03333333333333,False,False
baseline_요일x시간 평균,-,keep,2021-08,2021-08-16 15:00:00,133,158.43333333333334,False,False
baseline_요일x시간 평균,-,keep,2021-08,2021-08-16 16:00:00,116,159.53333333333333,False,False
baseline_요일x시간 평균,-,keep,2021-08,2021-08-16 17:00:00,100,131.33333333333334,False,False
baseline_요일x시간 평균,-,keep,2021-08,2021-08-16 18:00:00,92,153.03333333333333,False,False
baseline_요일x시간 평균,-,keep,2021-08,2021-08-16 19:00:00,89,139.86666666666667,False,False
baseline_요일x시간 평균,-,keep,2021-08,2021-08-16 20:00:00,98,117.66666666666667,False,False
baseline_요일x시간 평균,-,keep,2021-08,2021-08-16 21:00:00,112,115.93333333333334,False,False
baseline_요일x시간 평균,-,keep,2021-08,2021-08-16 22:00:00,95,108.03333333333333,False,False
baseline_요일x시간 평균,-,keep,2021-08,2021-08-16 23:00:00,96,101.86666666666666,False,False
baseline_요일x시간 평균,-,keep,2021-08,2021-08-17 00:00:00,70,59.06896551724138,False,False
baseline_요일x시간 평균,-,keep,2021-08,2021-08-17 01:00:00,96,88.27586206896552,False,False
baseline_요일x시간 평균,-,keep,2021-08,2021-08-17 02:00:00,98,93.34482758620689,False,False
baseline_요일x시간 평균,-,keep,2021-08,2021-08-17 03:00:00,92,89.51724137931035,False,False
baseline_요일x시간 평균,-,keep,2021-08,2021-08-17 04:00:00,93,90.34482758620689,False,False
baseline_요일x시간 평균,-,keep,2021-08,2021-08-17 05:00:00,86,77.79310344827586,False,False
baseline_요일x시간 평균,-,keep,2021-08,2021-08-17 06:00:00,94,92.41379310344827,False,False
baseline_요일x시간 평균,-,keep,2021-08,2021-08-17 07:00:00,125,110.51724137931035,False,False
baseline_요일x시간 평균,-,keep,2021-08,2021-08-17 08:00:00,164,152.06896551724137,False,False
baseline_요일x시간 평균,-,keep,2021-08,2021-08-17 09:00:00,163,151.3448275862069,False,False
baseline_요일x시간 평균,-,keep,2021-08,2021-08-17 10:00:00,153,144.89655172413794,False,False
baseline_요일x시간 평균,-,keep,2021-08,2021-08-17 11:00:00,169,150.31034482758622,False,False
baseline_요일x시간 평균,-,keep,2021-08,2021-08-17 12:00:00,110,92.86206896551724,False,False
baseline_요일x시간 평균,-,keep,2021-08,2021-08-17 13:00:00,162,148.44827586206895,False,False
baseline_요일x시간 평균,-,keep,2021-08,2021-08-17 14:00:00,161,147.6551724137931,False,False
baseline_요일x시간 평균,-,keep,2021-08,2021-08-17 15:00:00,150,139.31034482758622,False,False
baseline_요일x시간 평균,-,keep,2021-08,2021-08-17 16:00:00,152,141.68965517241378,False,False
baseline_요일x시간 평균,-,keep,2021-08,2021-08-17 17:00:00,113,115.82758620689656,False,False
baseline_요일x시간 평균,-,keep,2021-08,2021-08-17 18:00:00,149,136.68965517241378,False,False
baseline_요일x시간 평균,-,keep,2021-08,2021-08-17 19:00:00,138,125.51724137931035,False,False
baseline_요일x시간 평균,-,keep,2021-08,2021-08-17 20:00:00,120,107.89655172413794,False,False
baseline_요일x시간 평균,-,keep,2021-08,2021-08-17 21:00:00,118,105.96551724137932,False,False
baseline_요일x시간 평균,-,keep,2021-08,2021-08-17 22:00:00,110,95.37931034482759,False,False
baseline_요일x시간 평균,-,keep,2021-08,2021-08-17 23:00:00,104,91.51724137931035,False,False
baseline_요일x시간 평균,-,keep,2021-08,2021-08-18 00:00:00,65,59.2,False,False
baseline_요일x시간 평균,-,keep,2021-08,2021-08-18 01:00:00,95,87.03333333333333,False,False
baseline_요일x시간 평균,-,keep,2021-08,2021-08-18 02:00:00,103,90.8,False,False
baseline_요일x시간 평균,-,keep,2021-08,2021-08-18 03:00:00,91,88.8,False,False
baseline_요일x시간 평균,-,keep,2021-08,2021-08-18 04:00:00,95,89.83333333333333,False,False
baseline_요일x시간 평균,-,keep,2021-08,2021-08-18 05:00:00,83,77.96666666666667,False,False
baseline_요일x시간 평균,-,keep,2021-08,2021-08-18 06:00:00,101,91.33333333333333,False,False
baseline_요일x시간 평균,-,keep,2021-08,2021-08-18 07:00:00,125,105.86666666666666,False,False
baseline_요일x시간 평균,-,keep,2021-08,2021-08-18 08:00:00,163,138.63333333333333,False,False
baseline_요일x시간 평균,-,keep,2021-08,2021-08-18 09:00:00,169,137.4,False,False
baseline_요일x시간 평균,-,keep,2021-08,2021-08-18 10:00:00,159,130.36666666666667,False,False
baseline_요일x시간 평균,-,keep,2021-08,2021-08-18 11:00:00,173,135.4,False,False
baseline_요일x시간 평균,-,keep,2021-08,2021-08-18 12:00:00,102,84.9,False,False
baseline_요일x시간 평균,-,keep,2021-08,2021-08-18 13:00:00,171,134.43333333333334,False,False
baseline_요일x시간 평균,-,keep,2021-08,2021-08-18 14:00:00,179,134.0,True,False
baseline_요일x시간 평균,-,keep,2021-08,2021-08-18 15:00:00,170,123.66666666666667,False,False
baseline_요일x시간 평균,-,keep,2021-08,2021-08-18 16:00:00,166,127.66666666666667,False,False
baseline_요일x시간 평균,-,keep,2021-08,2021-08-18 17:00:00,141,107.4,False,False
baseline_요일x시간 평균,-,keep,2021-08,2021-08-18 18:00:00,164,120.7,False,False
baseline_요일x시간 평균,-,keep,2021-08,2021-08-18 19:00:00,143,110.26666666666667,False,False
baseline_요일x시간 평균,-,keep,2021-08,2021-08-18 20:00:00,120,98.23333333333333,False,False
baseline_요일x시간 평균,-,keep,2021-08,2021-08-18 21:00:00,115,95.73333333333333,False,False
baseline_요일x시간 평균,-,keep,2021-08,2021-08-18 22:00:00,112,89.06666666666666,False,False
baseline_요일x시간 평균,-,keep,2021-08,2021-08-18 23:00:00,105,85.06666666666666,False,False
baseline_요일x시간 평균,-,keep,2021-08,2021-08-19 00:00:00,71,57.55172413793103,False,False
baseline_요일x시간 평균,-,keep,2021-08,2021-08-19 01:00:00,102,85.41379310344827,False,False
baseline_요일x시간 평균,-,keep,2021-08,2021-08-19 02:00:00,109,87.27586206896552,False,False
baseline_요일x시간 평균,-,keep,2021-08,2021-08-19 03:00:00,109,85.55172413793103,False,False
baseline_요일x시간 평균,-,keep,2021-08,2021-08-19 04:00:00,104,87.0,False,False
baseline_요일x시간 평균,-,keep,2021-08,2021-08-19 05:00:00,88,76.17241379310344,False,False
baseline_요일x시간 평균,-,keep,2021-08,2021-08-19 06:00:00,109,88.44827586206897,False,False
baseline_요일x시간 평균,-,keep,2021-08,2021-08-19 07:00:00,123,111.93103448275862,False,False
baseline_요일x시간 평균,-,keep,2021-08,2021-08-19 08:00:00,174,170.79310344827587,False,False
baseline_요일x시간 평균,-,keep,2021-08,2021-08-19 09:00:00,174,171.51724137931035,False,False
baseline_요일x시간 평균,-,keep,2021-08,2021-08-19 10:00:00,163,163.89655172413794,False,False
baseline_요일x시간 평균,-,keep,2021-08,2021-08-19 11:00:00,177,172.48275862068965,True,False
baseline_요일x시간 평균,-,keep,2021-08,2021-08-19 12:00:00,105,105.72413793103448,False,False
baseline_요일x시간 평균,-,keep,2021-08,2021-08-19 13:00:00,168,171.17241379310346,False,False
baseline_요일x시간 평균,-,keep,2021-08,2021-08-19 14:00:00,175,167.75862068965517,False,False
baseline_요일x시간 평균,-,keep,2021-08,2021-08-19 15:00:00,170,156.3793103448276,False,False
baseline_요일x시간 평균,-,keep,2021-08,2021-08-19 16:00:00,166,157.79310344827587,False,False
baseline_요일x시간 평균,-,keep,2021-08,2021-08-19 17:00:00,130,129.17241379310346,False,False
baseline_요일x시간 평균,-,keep,2021-08,2021-08-19 18:00:00,152,143.44827586206895,False,False
baseline_요일x시간 평균,-,keep,2021-08,2021-08-19 19:00:00,147,130.89655172413794,False,False
baseline_요일x시간 평균,-,keep,2021-08,2021-08-19 20:00:00,128,119.48275862068965,False,False
baseline_요일x시간 평균,-,keep,2021-08,2021-08-19 21:00:00,121,117.44827586206897,False,False
baseline_요일x시간 평균,-,keep,2021-08,2021-08-19 22:00:00,116,110.86206896551724,False,False
baseline_요일x시간 평균,-,keep,2021-08,2021-08-19 23:00:00,110,102.72413793103448,False,False
baseline_요일x시간 평균,-,keep,2021-08,2021-08-20 00:00:00,73,60.806451612903224,False,False
baseline_요일x시간 평균,-,keep,2021-08,2021-08-20 01:00:00,101,91.70967741935483,False,False
baseline_요일x시간 평균,-,keep,2021-08,2021-08-20 02:00:00,107,94.19354838709677,False,False
baseline_요일x시간 평균,-,keep,2021-08,2021-08-20 03:00:00,102,91.61290322580645,False,False
baseline_요일x시간 평균,-,keep,2021-08,2021-08-20 04:00:00,99,93.41935483870968,False,False
baseline_요일x시간 평균,-,keep,2021-08,2021-08-20 05:00:00,88,80.61290322580645,False,False
baseline_요일x시간 평균,-,keep,2021-08,2021-08-20 06:00:00,111,94.54838709677419,False,False
baseline_요일x시간 평균,-,keep,2021-08,2021-08-20 07:00:00,127,101.54838709677419,False,False
baseline_요일x시간 평균,-,keep,2021-08,2021-08-20 08:00:00,171,127.38709677419355,False,False
baseline_요일x시간 평균,-,keep,2021-08,2021-08-20 09:00:00,165,125.3225806451613,False,False
baseline_요일x시간 평균,-,keep,2021-08,2021-08-20 10:00:00,157,121.16129032258064,False,False
baseline_요일x시간 평균,-,keep,2021-08,2021-08-20 11:00:00,187,128.19354838709677,True,False
baseline_요일x시간 평균,-,keep,2021-08,2021-08-20 12:00:00,111,80.61290322580645,False,False
baseline_요일x시간 평균,-,keep,2021-08,2021-08-20 13:00:00,177,124.80645161290323,True,False
baseline_요일x시간 평균,-,keep,2021-08,2021-08-20 14:00:00,175,124.16129032258064,False,False
baseline_요일x시간 평균,-,keep,2021-08,2021-08-20 15:00:00,159,115.16129032258064,False,False
baseline_요일x시간 평균,-,keep,2021-08,2021-08-20 16:00:00,171,118.29032258064517,False,False
baseline_요일x시간 평균,-,keep,2021-08,2021-08-20 17:00:00,134,98.51612903225806,False,False
baseline_요일x시간 평균,-,keep,2021-08,2021-08-20 18:00:00,155,114.3225806451613,False,False
baseline_요일x시간 평균,-,keep,2021-08,2021-08-20 19:00:00,125,102.7741935483871,False,False
baseline_요일x시간 평균,-,keep,2021-08,2021-08-20 20:00:00,114,88.45161290322581,False,False
baseline_요일x시간 평균,-,keep,2021-08,2021-08-20 21:00:00,118,87.70967741935483,False,False
baseline_요일x시간 평균,-,keep,2021-08,2021-08-20 22:00:00,106,82.29032258064517,False,False
baseline_요일x시간 평균,-,keep,2021-08,2021-08-20 23:00:00,98,77.06451612903226,False,False
baseline_요일x시간 평균,-,keep,2021-08,2021-08-21 00:00:00,63,63.096774193548384,False,False
baseline_요일x시간 평균,-,keep,2021-08,2021-08-21 01:00:00,95,101.25806451612904,False,False
baseline_요일x시간 평균,-,keep,2021-08,2021-08-21 02:00:00,104,101.19354838709677,False,False
baseline_요일x시간 평균,-,keep,2021-08,2021-08-21 03:00:00,94,100.3225806451613,False,False
baseline_요일x시간 평균,-,keep,2021-08,2021-08-21 04:00:00,104,103.3225806451613,False,False
baseline_요일x시간 평균,-,keep,2021-08,2021-08-21 05:00:00,95,86.7741935483871,False,False
baseline_요일x시간 평균,-,keep,2021-08,2021-08-21 06:00:00,99,101.35483870967742,False,False
baseline_요일x시간 평균,-,keep,2021-08,2021-08-21 07:00:00,69,67.41935483870968,False,False
baseline_요일x시간 평균,-,keep,2021-08,2021-08-21 08:00:00,23,37.774193548387096,False,False
baseline_요일x시간 평균,-,keep,2021-08,2021-08-21 09:00:00,21,32.064516129032256,False,False
baseline_요일x시간 평균,-,keep,2021-08,2021-08-21 10:00:00,21,31.548387096774192,False,False
baseline_요일x시간 평균,-,keep,2021-08,2021-08-21 11:00:00,23,32.645161290322584,False,False
baseline_요일x시간 평균,-,keep,2021-08,2021-08-21 12:00:00,22,30.580645161290324,False,False
baseline_요일x시간 평균,-,keep,2021-08,2021-08-21 13:00:00,21,35.87096774193548,False,False
baseline_요일x시간 평균,-,keep,2021-08,2021-08-21 14:00:00,23,36.096774193548384,False,False
baseline_요일x시간 평균,-,keep,2021-08,2021-08-21 15:00:00,22,36.516129032258064,False,False
baseline_요일x시간 평균,-,keep,2021-08,2021-08-21 16:00:00,22,35.87096774193548,False,False
baseline_요일x시간 평균,-,keep,2021-08,2021-08-21 17:00:00,22,33.45161290322581,False,False
baseline_요일x시간 평균,-,keep,2021-08,2021-08-21 18:00:00,25,41.03225806451613,False,False
baseline_요일x시간 평균,-,keep,2021-08,2021-08-21 19:00:00,21,37.354838709677416,False,False
baseline_요일x시간 평균,-,keep,2021-08,2021-08-21 20:00:00,22,31.258064516129032,False,False
baseline_요일x시간 평균,-,keep,2021-08,2021-08-21 21:00:00,23,32.354838709677416,False,False
baseline_요일x시간 평균,-,keep,2021-08,2021-08-21 22:00:00,25,28.387096774193548,False,False
baseline_요일x시간 평균,-,keep,2021-08,2021-08-21 23:00:00,22,33.064516129032256,False,False
baseline_요일x시간 평균,-,keep,2021-08,2021-08-22 00:00:00,22,26.966666666666665,False,False
baseline_요일x시간 평균,-,keep,2021-08,2021-08-22 01:00:00,23,31.6,False,False
baseline_요일x시간 평균,-,keep,2021-08,2021-08-22 02:00:00,24,31.5,False,False
baseline_요일x시간 평균,-,keep,2021-08,2021-08-22 03:00:00,23,30.966666666666665,False,False
baseline_요일x시간 평균,-,keep,2021-08,2021-08-22 04:00:00,22,29.4,False,False
baseline_요일x시간 평균,-,keep,2021-08,2021-08-22 05:00:00,24,27.2,False,False
baseline_요일x시간 평균,-,keep,2021-08,2021-08-22 06:00:00,22,28.766666666666666,False,False
baseline_요일x시간 평균,-,keep,2021-08,2021-08-22 07:00:00,22,34.53333333333333,False,False
baseline_요일x시간 평균,-,keep,2021-08,2021-08-22 08:00:00,22,63.6,False,False
baseline_요일x시간 평균,-,keep,2021-08,2021-08-22 09:00:00,24,57.6,False,False
baseline_요일x시간 평균,-,keep,2021-08,2021-08-22 10:00:00,22,60.46666666666667,False,False
baseline_요일x시간 평균,-,keep,2021-08,2021-08-22 11:00:00,22,62.8,False,False
baseline_요일x시간 평균,-,keep,2021-08,2021-08-22 12:00:00,23,43.333333333333336,False,False
baseline_요일x시간 평균,-,keep,2021-08,2021-08-22 13:00:00,24,58.46666666666667,False,False
baseline_요일x시간 평균,-,keep,2021-08,2021-08-22 14:00:00,23,62.766666666666666,False,False
baseline_요일x시간 평균,-,keep,2021-08,2021-08-22 15:00:00,23,55.4,False,False
baseline_요일x시간 평균,-,keep,2021-08,2021-08-22 16:00:00,25,55.7,False,False
baseline_요일x시간 평균,-,keep,2021-08,2021-08-22 17:00:00,22,49.7,False,False
baseline_요일x시간 평균,-,keep,2021-08,2021-08-22 18:00:00,22,57.96666666666667,False,False
baseline_요일x시간 평균,-,keep,2021-08,2021-08-22 19:00:00,22,51.53333333333333,False,False
baseline_요일x시간 평균,-,keep,2021-08,2021-08-22 20:00:00,24,45.4,False,False
baseline_요일x시간 평균,-,keep,2021-08,2021-08-22 21:00:00,22,49.666666666666664,False,False
baseline_요일x시간 평균,-,keep,2021-08,2021-08-22 22:00:00,23,46.56666666666667,False,False
baseline_요일x시간 평균,-,keep,2021-08,2021-08-22 23:00:00,23,45.36666666666667,False,False
baseline_요일x시간 평균,-,keep,2021-08,2021-08-23 00:00:00,23,45.56666666666667,False,False
baseline_요일x시간 평균,-,keep,2021-08,2021-08-23 01:00:00,23,63.7,False,False
baseline_요일x시간 평균,-,keep,2021-08,2021-08-23 02:00:00,23,65.4,False,False
baseline_요일x시간 평균,-,keep,2021-08,2021-08-23 03:00:00,24,64.4,False,False
baseline_요일x시간 평균,-,keep,2021-08,2021-08-23 04:00:00,22,65.43333333333334,False,False
baseline_요일x시간 평균,-,keep,2021-08,2021-08-23 05:00:00,22,57.1,False,False
baseline_요일x시간 평균,-,keep,2021-08,2021-08-23 06:00:00,21,65.73333333333333,False,False
baseline_요일x시간 평균,-,keep,2021-08,2021-08-23 07:00:00,58,92.16666666666667,False,False
baseline_요일x시간 평균,-,keep,2021-08,2021-08-23 08:00:00,167,173.0,False,False
baseline_요일x시간 평균,-,keep,2021-08,2021-08-23 09:00:00,180,171.43333333333334,True,False
baseline_요일x시간 평균,-,keep,2021-08,2021-08-23 10:00:00,170,163.63333333333333,False,False
baseline_요일x시간 평균,-,keep,2021-08,2021-08-23 11:00:00,184,173.36666666666667,True,False
baseline_요일x시간 평균,-,keep,2021-08,2021-08-23 12:00:00,116,107.23333333333333,False,False
baseline_요일x시간 평균,-,keep,2021-08,2021-08-23 13:00:00,184,170.23333333333332,True,False
baseline_요일x시간 평균,-,keep,2021-08,2021-08-23 14:00:00,184,168.03333333333333,True,False
baseline_요일x시간 평균,-,keep,2021-08,2021-08-23 15:00:00,180,158.43333333333334,True,False
baseline_요일x시간 평균,-,keep,2021-08,2021-08-23 16:00:00,172,159.53333333333333,False,False
baseline_요일x시간 평균,-,keep,2021-08,2021-08-23 17:00:00,142,131.33333333333334,False,False
baseline_요일x시간 평균,-,keep,2021-08,2021-08-23 18:00:00,156,153.03333333333333,False,False
baseline_요일x시간 평균,-,keep,2021-08,2021-08-23 19:00:00,129,139.86666666666667,False,False
baseline_요일x시간 평균,-,keep,2021-08,2021-08-23 20:00:00,112,117.66666666666667,False,False
baseline_요일x시간 평균,-,keep,2021-08,2021-08-23 21:00:00,111,115.93333333333334,False,False
baseline_요일x시간 평균,-,keep,2021-08,2021-08-23 22:00:00,109,108.03333333333333,False,False
baseline_요일x시간 평균,-,keep,2021-08,2021-08-23 23:00:00,96,101.86666666666666,False,False
baseline_요일x시간 평균,-,keep,2021-08,2021-08-24 00:00:00,65,59.06896551724138,False,False
baseline_요일x시간 평균,-,keep,2021-08,2021-08-24 01:00:00,105,88.27586206896552,False,False
baseline_요일x시간 평균,-,keep,2021-08,2021-08-24 02:00:00,110,93.34482758620689,False,False
baseline_요일x시간 평균,-,keep,2021-08,2021-08-24 03:00:00,105,89.51724137931035,False,False
baseline_요일x시간 평균,-,keep,2021-08,2021-08-24 04:00:00,108,90.34482758620689,False,False
baseline_요일x시간 평균,-,keep,2021-08,2021-08-24 05:00:00,88,77.79310344827586,False,False
baseline_요일x시간 평균,-,keep,2021-08,2021-08-24 06:00:00,109,92.41379310344827,False,False
baseline_요일x시간 평균,-,keep,2021-08,2021-08-24 07:00:00,131,110.51724137931035,False,False
baseline_요일x시간 평균,-,keep,2021-08,2021-08-24 08:00:00,187,152.06896551724137,True,False
baseline_요일x시간 평균,-,keep,2021-08,2021-08-24 09:00:00,181,151.3448275862069,True,False
baseline_요일x시간 평균,-,keep,2021-08,2021-08-24 10:00:00,171,144.89655172413794,False,False
baseline_요일x시간 평균,-,keep,2021-08,2021-08-24 11:00:00,183,150.31034482758622,True,False
baseline_요일x시간 평균,-,keep,2021-08,2021-08-24 12:00:00,115,92.86206896551724,False,False
baseline_요일x시간 평균,-,keep,2021-08,2021-08-24 13:00:00,174,148.44827586206895,False,False
baseline_요일x시간 평균,-,keep,2021-08,2021-08-24 14:00:00,186,147.6551724137931,True,False
baseline_요일x시간 평균,-,keep,2021-08,2021-08-24 15:00:00,175,139.31034482758622,False,False
baseline_요일x시간 평균,-,keep,2021-08,2021-08-24 16:00:00,184,141.68965517241378,True,False
baseline_요일x시간 평균,-,keep,2021-08,2021-08-24 17:00:00,139,115.82758620689656,False,False
baseline_요일x시간 평균,-,keep,2021-08,2021-08-24 18:00:00,152,136.68965517241378,False,False
baseline_요일x시간 평균,-,keep,2021-08,2021-08-24 19:00:00,150,125.51724137931035,False,False
baseline_요일x시간 평균,-,keep,2021-08,2021-08-24 20:00:00,121,107.89655172413794,False,False
baseline_요일x시간 평균,-,keep,2021-08,2021-08-24 21:00:00,121,105.96551724137932,False,False
baseline_요일x시간 평균,-,keep,2021-08,2021-08-24 22:00:00,113,95.37931034482759,False,False
baseline_요일x시간 평균,-,keep,2021-08,2021-08-24 23:00:00,99,91.51724137931035,False,False
baseline_요일x시간 평균,-,keep,2021-08,2021-08-25 00:00:00,77,59.2,False,False
baseline_요일x시간 평균,-,keep,2021-08,2021-08-25 01:00:00,104,87.03333333333333,False,False
baseline_요일x시간 평균,-,keep,2021-08,2021-08-25 02:00:00,109,90.8,False,False
baseline_요일x시간 평균,-,keep,2021-08,2021-08-25 03:00:00,99,88.8,False,False
baseline_요일x시간 평균,-,keep,2021-08,2021-08-25 04:00:00,109,89.83333333333333,False,False
baseline_요일x시간 평균,-,keep,2021-08,2021-08-25 05:00:00,91,77.96666666666667,False,False
baseline_요일x시간 평균,-,keep,2021-08,2021-08-25 06:00:00,104,91.33333333333333,False,False
baseline_요일x시간 평균,-,keep,2021-08,2021-08-25 07:00:00,139,105.86666666666666,False,False
baseline_요일x시간 평균,-,keep,2021-08,2021-08-25 08:00:00,174,138.63333333333333,False,False
baseline_요일x시간 평균,-,keep,2021-08,2021-08-25 09:00:00,171,137.4,False,False
baseline_요일x시간 평균,-,keep,2021-08,2021-08-25 10:00:00,177,130.36666666666667,True,False
baseline_요일x시간 평균,-,keep,2021-08,2021-08-25 11:00:00,173,135.4,False,False
baseline_요일x시간 평균,-,keep,2021-08,2021-08-25 12:00:00,110,84.9,False,False
baseline_요일x시간 평균,-,keep,2021-08,2021-08-25 13:00:00,174,134.43333333333334,False,False
baseline_요일x시간 평균,-,keep,2021-08,2021-08-25 14:00:00,177,134.0,True,False
baseline_요일x시간 평균,-,keep,2021-08,2021-08-25 15:00:00,169,123.66666666666667,False,False
baseline_요일x시간 평균,-,keep,2021-08,2021-08-25 16:00:00,162,127.66666666666667,False,False
baseline_요일x시간 평균,-,keep,2021-08,2021-08-25 17:00:00,146,107.4,False,False
baseline_요일x시간 평균,-,keep,2021-08,2021-08-25 18:00:00,167,120.7,False,False
baseline_요일x시간 평균,-,keep,2021-08,2021-08-25 19:00:00,139,110.26666666666667,False,False
baseline_요일x시간 평균,-,keep,2021-08,2021-08-25 20:00:00,111,98.23333333333333,False,False
baseline_요일x시간 평균,-,keep,2021-08,2021-08-25 21:00:00,121,95.73333333333333,False,False
baseline_요일x시간 평균,-,keep,2021-08,2021-08-25 22:00:00,110,89.06666666666666,False,False
baseline_요일x시간 평균,-,keep,2021-08,2021-08-25 23:00:00,105,85.06666666666666,False,False
baseline_요일x시간 평균,-,keep,2021-08,2021-08-26 00:00:00,72,57.55172413793103,False,False
baseline_요일x시간 평균,-,keep,2021-08,2021-08-26 01:00:00,103,85.41379310344827,False,False
baseline_요일x시간 평균,-,keep,2021-08,2021-08-26 02:00:00,115,87.27586206896552,False,False
baseline_요일x시간 평균,-,keep,2021-08,2021-08-26 03:00:00,99,85.55172413793103,False,False
baseline_요일x시간 평균,-,keep,2021-08,2021-08-26 04:00:00,110,87.0,False,False
baseline_요일x시간 평균,-,keep,2021-08,2021-08-26 05:00:00,92,76.17241379310344,False,False
baseline_요일x시간 평균,-,keep,2021-08,2021-08-26 06:00:00,105,88.44827586206897,False,False
baseline_요일x시간 평균,-,keep,2021-08,2021-08-26 07:00:00,134,111.93103448275862,False,False
baseline_요일x시간 평균,-,keep,2021-08,2021-08-26 08:00:00,183,170.79310344827587,True,False
baseline_요일x시간 평균,-,keep,2021-08,2021-08-26 09:00:00,195,171.51724137931035,True,False
baseline_요일x시간 평균,-,keep,2021-08,2021-08-26 10:00:00,180,163.89655172413794,True,False
baseline_요일x시간 평균,-,keep,2021-08,2021-08-26 11:00:00,188,172.48275862068965,True,False
baseline_요일x시간 평균,-,keep,2021-08,2021-08-26 12:00:00,111,105.72413793103448,False,False
baseline_요일x시간 평균,-,keep,2021-08,2021-08-26 13:00:00,183,171.17241379310346,True,False
baseline_요일x시간 평균,-,keep,2021-08,2021-08-26 14:00:00,185,167.75862068965517,True,False
baseline_요일x시간 평균,-,keep,2021-08,2021-08-26 15:00:00,188,156.3793103448276,True,False
baseline_요일x시간 평균,-,keep,2021-08,2021-08-26 16:00:00,173,157.79310344827587,False,False
baseline_요일x시간 평균,-,keep,2021-08,2021-08-26 17:00:00,132,129.17241379310346,False,False
baseline_요일x시간 평균,-,keep,2021-08,2021-08-26 18:00:00,162,143.44827586206895,False,False
baseline_요일x시간 평균,-,keep,2021-08,2021-08-26 19:00:00,156,130.89655172413794,False,False
baseline_요일x시간 평균,-,keep,2021-08,2021-08-26 20:00:00,116,119.48275862068965,False,False
baseline_요일x시간 평균,-,keep,2021-08,2021-08-26 21:00:00,125,117.44827586206897,False,False
baseline_요일x시간 평균,-,keep,2021-08,2021-08-26 22:00:00,111,110.86206896551724,False,False
baseline_요일x시간 평균,-,keep,2021-08,2021-08-26 23:00:00,105,102.72413793103448,False,False
baseline_요일x시간 평균,-,keep,2021-08,2021-08-27 00:00:00,72,60.806451612903224,False,False
baseline_요일x시간 평균,-,keep,2021-08,2021-08-27 01:00:00,102,91.70967741935483,False,False
baseline_요일x시간 평균,-,keep,2021-08,2021-08-27 02:00:00,111,94.19354838709677,False,False
baseline_요일x시간 평균,-,keep,2021-08,2021-08-27 03:00:00,102,91.61290322580645,False,False
baseline_요일x시간 평균,-,keep,2021-08,2021-08-27 04:00:00,108,93.41935483870968,False,False
baseline_요일x시간 평균,-,keep,2021-08,2021-08-27 05:00:00,86,80.61290322580645,False,False
baseline_요일x시간 평균,-,keep,2021-08,2021-08-27 06:00:00,101,94.54838709677419,False,False
baseline_요일x시간 평균,-,keep,2021-08,2021-08-27 07:00:00,125,101.54838709677419,False,False
baseline_요일x시간 평균,-,keep,2021-08,2021-08-27 08:00:00,181,127.38709677419355,True,False
baseline_요일x시간 평균,-,keep,2021-08,2021-08-27 09:00:00,176,125.3225806451613,False,False
baseline_요일x시간 평균,-,keep,2021-08,2021-08-27 10:00:00,169,121.16129032258064,False,False
baseline_요일x시간 평균,-,keep,2021-08,2021-08-27 11:00:00,175,128.19354838709677,False,False
baseline_요일x시간 평균,-,keep,2021-08,2021-08-27 12:00:00,106,80.61290322580645,False,False
baseline_요일x시간 평균,-,keep,2021-08,2021-08-27 13:00:00,173,124.80645161290323,False,False
baseline_요일x시간 평균,-,keep,2021-08,2021-08-27 14:00:00,165,124.16129032258064,False,False
baseline_요일x시간 평균,-,keep,2021-08,2021-08-27 15:00:00,162,115.16129032258064,False,False
baseline_요일x시간 평균,-,keep,2021-08,2021-08-27 16:00:00,156,118.29032258064517,False,False
baseline_요일x시간 평균,-,keep,2021-08,2021-08-27 17:00:00,142,98.51612903225806,False,False
baseline_요일x시간 평균,-,keep,2021-08,2021-08-27 18:00:00,143,114.3225806451613,False,False
baseline_요일x시간 평균,-,keep,2021-08,2021-08-27 19:00:00,127,102.7741935483871,False,False
baseline_요일x시간 평균,-,keep,2021-08,2021-08-27 20:00:00,108,88.45161290322581,False,False
baseline_요일x시간 평균,-,keep,2021-08,2021-08-27 21:00:00,107,87.70967741935483,False,False
baseline_요일x시간 평균,-,keep,2021-08,2021-08-27 22:00:00,96,82.29032258064517,False,False
baseline_요일x시간 평균,-,keep,2021-08,2021-08-27 23:00:00,102,77.06451612903226,False,False
baseline_요일x시간 평균,-,keep,2021-08,2021-08-28 00:00:00,72,63.096774193548384,False,False
baseline_요일x시간 평균,-,keep,2021-08,2021-08-28 01:00:00,104,101.25806451612904,False,False
baseline_요일x시간 평균,-,keep,2021-08,2021-08-28 02:00:00,111,101.19354838709677,False,False
baseline_요일x시간 평균,-,keep,2021-08,2021-08-28 03:00:00,102,100.3225806451613,False,False
baseline_요일x시간 평균,-,keep,2021-08,2021-08-28 04:00:00,103,103.3225806451613,False,False
baseline_요일x시간 평균,-,keep,2021-08,2021-08-28 05:00:00,87,86.7741935483871,False,False
baseline_요일x시간 평균,-,keep,2021-08,2021-08-28 06:00:00,98,101.35483870967742,False,False
baseline_요일x시간 평균,-,keep,2021-08,2021-08-28 07:00:00,66,67.41935483870968,False,False
baseline_요일x시간 평균,-,keep,2021-08,2021-08-28 08:00:00,35,37.774193548387096,False,False
baseline_요일x시간 평균,-,keep,2021-08,2021-08-28 09:00:00,36,32.064516129032256,False,False
baseline_요일x시간 평균,-,keep,2021-08,2021-08-28 10:00:00,38,31.548387096774192,False,False
baseline_요일x시간 평균,-,keep,2021-08,2021-08-28 11:00:00,37,32.645161290322584,False,False
baseline_요일x시간 평균,-,keep,2021-08,2021-08-28 12:00:00,38,30.580645161290324,False,False
baseline_요일x시간 평균,-,keep,2021-08,2021-08-28 13:00:00,38,35.87096774193548,False,False
baseline_요일x시간 평균,-,keep,2021-08,2021-08-28 14:00:00,38,36.096774193548384,False,False
baseline_요일x시간 평균,-,keep,2021-08,2021-08-28 15:00:00,38,36.516129032258064,False,False
baseline_요일x시간 평균,-,keep,2021-08,2021-08-28 16:00:00,46,35.87096774193548,False,False
baseline_요일x시간 평균,-,keep,2021-08,2021-08-29 12:00:00,22,43.333333333333336,False,False
baseline_요일x시간 평균,-,keep,2021-08,2021-08-29 13:00:00,19,58.46666666666667,False,False
baseline_요일x시간 평균,-,keep,2021-08,2021-08-29 14:00:00,22,62.766666666666666,False,False
baseline_요일x시간 평균,-,keep,2021-08,2021-08-29 15:00:00,21,55.4,False,False
baseline_요일x시간 평균,-,keep,2021-08,2021-08-29 16:00:00,22,55.7,False,False
baseline_요일x시간 평균,-,keep,2021-08,2021-08-29 17:00:00,26,49.7,False,False
baseline_요일x시간 평균,-,keep,2021-08,2021-08-29 18:00:00,24,57.96666666666667,False,False
baseline_요일x시간 평균,-,keep,2021-08,2021-08-29 19:00:00,21,51.53333333333333,False,False
baseline_요일x시간 평균,-,keep,2021-08,2021-08-29 20:00:00,20,45.4,False,False
baseline_요일x시간 평균,-,keep,2021-08,2021-08-29 21:00:00,20,49.666666666666664,False,False
baseline_요일x시간 평균,-,keep,2021-08,2021-08-29 22:00:00,22,46.56666666666667,False,False
baseline_요일x시간 평균,-,keep,2021-08,2021-08-29 23:00:00,20,45.36666666666667,False,False
baseline_요일x시간 평균,-,keep,2021-08,2021-08-30 00:00:00,20,45.56666666666667,False,False
baseline_요일x시간 평균,-,keep,2021-08,2021-08-30 01:00:00,21,63.7,False,False
baseline_요일x시간 평균,-,keep,2021-08,2021-08-30 02:00:00,21,65.4,False,False
baseline_요일x시간 평균,-,keep,2021-08,2021-08-30 03:00:00,20,64.4,False,False
baseline_요일x시간 평균,-,keep,2021-08,2021-08-30 04:00:00,20,65.43333333333334,False,False
baseline_요일x시간 평균,-,keep,2021-08,2021-08-30 05:00:00,20,57.1,False,False
baseline_요일x시간 평균,-,keep,2021-08,2021-08-30 06:00:00,21,65.73333333333333,False,False
baseline_요일x시간 평균,-,keep,2021-08,2021-08-30 07:00:00,52,92.16666666666667,False,False
baseline_요일x시간 평균,-,keep,2021-08,2021-08-30 08:00:00,167,173.0,False,False
baseline_요일x시간 평균,-,keep,2021-08,2021-08-30 09:00:00,170,171.43333333333334,False,False
baseline_요일x시간 평균,-,keep,2021-08,2021-08-30 10:00:00,171,163.63333333333333,False,False
baseline_요일x시간 평균,-,keep,2021-08,2021-08-30 11:00:00,171,173.36666666666667,False,False
baseline_요일x시간 평균,-,keep,2021-08,2021-08-30 12:00:00,114,107.23333333333333,False,False
baseline_요일x시간 평균,-,keep,2021-08,2021-08-30 13:00:00,172,170.23333333333332,False,False
baseline_요일x시간 평균,-,keep,2021-08,2021-08-30 14:00:00,171,168.03333333333333,False,False
baseline_요일x시간 평균,-,keep,2021-08,2021-08-30 15:00:00,160,158.43333333333334,False,False
baseline_요일x시간 평균,-,keep,2021-08,2021-08-30 16:00:00,170,159.53333333333333,False,False
baseline_요일x시간 평균,-,keep,2021-08,2021-08-30 17:00:00,140,131.33333333333334,False,False
baseline_요일x시간 평균,-,keep,2021-08,2021-08-30 18:00:00,168,153.03333333333333,False,False
baseline_요일x시간 평균,-,keep,2021-08,2021-08-30 19:00:00,144,139.86666666666667,False,False
baseline_요일x시간 평균,-,keep,2021-08,2021-08-30 20:00:00,128,117.66666666666667,False,False
baseline_요일x시간 평균,-,keep,2021-08,2021-08-30 21:00:00,129,115.93333333333334,False,False
baseline_요일x시간 평균,-,keep,2021-08,2021-08-30 22:00:00,116,108.03333333333333,False,False
baseline_요일x시간 평균,-,keep,2021-08,2021-08-30 23:00:00,105,101.86666666666666,False,False
baseline_요일x시간 평균,-,keep,2021-08,2021-08-31 00:00:00,73,59.06896551724138,False,False
baseline_요일x시간 평균,-,keep,2021-08,2021-08-31 01:00:00,106,88.27586206896552,False,False
baseline_요일x시간 평균,-,keep,2021-08,2021-08-31 02:00:00,108,93.34482758620689,False,False
baseline_요일x시간 평균,-,keep,2021-08,2021-08-31 03:00:00,101,89.51724137931035,False,False
baseline_요일x시간 평균,-,keep,2021-08,2021-08-31 04:00:00,110,90.34482758620689,False,False
baseline_요일x시간 평균,-,keep,2021-08,2021-08-31 05:00:00,93,77.79310344827586,False,False
baseline_요일x시간 평균,-,keep,2021-08,2021-08-31 06:00:00,113,92.41379310344827,False,False
baseline_요일x시간 평균,-,keep,2021-08,2021-08-31 07:00:00,123,110.51724137931035,False,False
baseline_요일x시간 평균,-,keep,2021-08,2021-08-31 08:00:00,167,152.06896551724137,False,False
baseline_요일x시간 평균,-,keep,2021-08,2021-08-31 09:00:00,169,151.3448275862069,False,False
baseline_요일x시간 평균,-,keep,2021-08,2021-08-31 10:00:00,176,144.89655172413794,False,False
baseline_요일x시간 평균,-,keep,2021-08,2021-08-31 11:00:00,165,150.31034482758622,False,False
baseline_요일x시간 평균,-,keep,2021-08,2021-08-31 12:00:00,112,92.86206896551724,False,False
baseline_요일x시간 평균,-,keep,2021-08,2021-08-31 13:00:00,174,148.44827586206895,False,False
baseline_요일x시간 평균,-,keep,2021-08,2021-08-31 14:00:00,182,147.6551724137931,True,False
baseline_요일x시간 평균,-,keep,2021-08,2021-08-31 15:00:00,157,139.31034482758622,False,False
baseline_요일x시간 평균,-,keep,2021-08,2021-08-31 16:00:00,167,141.68965517241378,False,False
baseline_요일x시간 평균,-,keep,2021-08,2021-08-31 17:00:00,125,115.82758620689656,False,False
baseline_요일x시간 평균,-,keep,2021-08,2021-08-31 18:00:00,156,136.68965517241378,False,False
baseline_요일x시간 평균,-,keep,2021-08,2021-08-31 19:00:00,148,125.51724137931035,False,False
baseline_요일x시간 평균,-,keep,2021-08,2021-08-31 20:00:00,147,107.89655172413794,False,False
baseline_요일x시간 평균,-,keep,2021-08,2021-08-31 21:00:00,131,105.96551724137932,False,False
baseline_요일x시간 평균,-,keep,2021-08,2021-08-31 22:00:00,119,95.37931034482759,False,False
baseline_요일x시간 평균,-,keep,2021-08,2021-08-31 23:00:00,112,91.51724137931035,False,False
baseline_요일x시간 평균,-,keep,2021-09,2021-09-01 00:00:00,74,59.294117647058826,False,False
baseline_요일x시간 평균,-,keep,2021-09,2021-09-01 01:00:00,109,86.17647058823529,False,False
baseline_요일x시간 평균,-,keep,2021-09,2021-09-01 02:00:00,114,90.1470588235294,False,False
baseline_요일x시간 평균,-,keep,2021-09,2021-09-01 03:00:00,99,87.6470588235294,False,False
baseline_요일x시간 평균,-,keep,2021-09,2021-09-01 04:00:00,115,89.1470588235294,False,False
baseline_요일x시간 평균,-,keep,2021-09,2021-09-01 05:00:00,92,77.23529411764706,False,False
baseline_요일x시간 평균,-,keep,2021-09,2021-09-01 06:00:00,116,90.88235294117646,False,False
baseline_요일x시간 평균,-,keep,2021-09,2021-09-01 07:00:00,124,105.6470588235294,False,False
baseline_요일x시간 평균,-,keep,2021-09,2021-09-01 08:00:00,180,138.8235294117647,True,False
baseline_요일x시간 평균,-,keep,2021-09,2021-09-01 09:00:00,182,137.11764705882354,True,False
baseline_요일x시간 평균,-,keep,2021-09,2021-09-01 10:00:00,185,130.94117647058823,True,False
baseline_요일x시간 평균,-,keep,2021-09,2021-09-01 11:00:00,174,135.6764705882353,False,False
baseline_요일x시간 평균,-,keep,2021-09,2021-09-01 12:00:00,117,85.08823529411765,False,False
baseline_요일x시간 평균,-,keep,2021-09,2021-09-01 13:00:00,182,134.7941176470588,True,False
baseline_요일x시간 평균,-,keep,2021-09,2021-09-01 14:00:00,184,134.85294117647058,True,False
baseline_요일x시간 평균,-,keep,2021-09,2021-09-01 15:00:00,173,124.23529411764706,False,False
baseline_요일x시간 평균,-,keep,2021-09,2021-09-01 16:00:00,176,128.26470588235293,False,False
baseline_요일x시간 평균,-,keep,2021-09,2021-09-01 17:00:00,139,108.32352941176471,False,False
baseline_요일x시간 평균,-,keep,2021-09,2021-09-01 18:00:00,163,122.1470588235294,False,False
baseline_요일x시간 평균,-,keep,2021-09,2021-09-01 19:00:00,152,110.61764705882354,False,False
baseline_요일x시간 평균,-,keep,2021-09,2021-09-01 20:00:00,129,97.76470588235294,False,False
baseline_요일x시간 평균,-,keep,2021-09,2021-09-01 21:00:00,131,95.26470588235294,False,False
baseline_요일x시간 평균,-,keep,2021-09,2021-09-01 22:00:00,119,88.97058823529412,False,False
baseline_요일x시간 평균,-,keep,2021-09,2021-09-01 23:00:00,114,84.76470588235294,False,False
baseline_요일x시간 평균,-,keep,2021-09,2021-09-02 00:00:00,79,57.84848484848485,False,False
baseline_요일x시간 평균,-,keep,2021-09,2021-09-02 01:00:00,112,85.12121212121212,False,False
baseline_요일x시간 평균,-,keep,2021-09,2021-09-02 02:00:00,114,87.39393939393939,False,False
baseline_요일x시간 평균,-,keep,2021-09,2021-09-02 03:00:00,106,85.27272727272727,False,False
baseline_요일x시간 평균,-,keep,2021-09,2021-09-02 04:00:00,114,86.84848484848484,False,False
baseline_요일x시간 평균,-,keep,2021-09,2021-09-02 05:00:00,93,75.72727272727273,False,False
baseline_요일x시간 평균,-,keep,2021-09,2021-09-02 06:00:00,115,88.3030303030303,False,False
baseline_요일x시간 평균,-,keep,2021-09,2021-09-02 07:00:00,141,110.6969696969697,False,False
baseline_요일x시간 평균,-,keep,2021-09,2021-09-02 08:00:00,166,167.24242424242425,False,False
baseline_요일x시간 평균,-,keep,2021-09,2021-09-02 09:00:00,184,168.03030303030303,True,False
baseline_요일x시간 평균,-,keep,2021-09,2021-09-02 10:00:00,179,160.42424242424244,True,False
baseline_요일x시간 평균,-,keep,2021-09,2021-09-02 11:00:00,182,169.0,True,False
baseline_요일x시간 평균,-,keep,2021-09,2021-09-02 12:00:00,112,103.75757575757575,False,False
baseline_요일x시간 평균,-,keep,2021-09,2021-09-02 13:00:00,174,166.87878787878788,False,False
baseline_요일x시간 평균,-,keep,2021-09,2021-09-02 14:00:00,192,164.54545454545453,True,False
baseline_요일x시간 평균,-,keep,2021-09,2021-09-02 15:00:00,170,153.96969696969697,False,False
baseline_요일x시간 평균,-,keep,2021-09,2021-09-02 16:00:00,174,154.75757575757575,False,False
baseline_요일x시간 평균,-,keep,2021-09,2021-09-02 17:00:00,132,126.21212121212122,False,False
baseline_요일x시간 평균,-,keep,2021-09,2021-09-02 18:00:00,159,141.42424242424244,False,False
baseline_요일x시간 평균,-,keep,2021-09,2021-09-02 19:00:00,161,129.75757575757575,False,False
baseline_요일x시간 평균,-,keep,2021-09,2021-09-02 20:00:00,132,116.81818181818181,False,False
baseline_요일x시간 평균,-,keep,2021-09,2021-09-02 21:00:00,131,114.6969696969697,False,False
baseline_요일x시간 평균,-,keep,2021-09,2021-09-02 22:00:00,114,108.48484848484848,False,False
baseline_요일x시간 평균,-,keep,2021-09,2021-09-02 23:00:00,119,100.60606060606061,False,False
baseline_요일x시간 평균,-,keep,2021-09,2021-09-03 00:00:00,69,60.65714285714286,False,False
baseline_요일x시간 평균,-,keep,2021-09,2021-09-03 01:00:00,109,90.48571428571428,False,False
baseline_요일x시간 평균,-,keep,2021-09,2021-09-03 02:00:00,112,93.42857142857143,False,False
baseline_요일x시간 평균,-,keep,2021-09,2021-09-03 03:00:00,110,90.91428571428571,False,False
baseline_요일x시간 평균,-,keep,2021-09,2021-09-03 04:00:00,107,92.42857142857143,False,False
baseline_요일x시간 평균,-,keep,2021-09,2021-09-03 05:00:00,93,79.48571428571428,False,False
baseline_요일x시간 평균,-,keep,2021-09,2021-09-03 06:00:00,107,93.57142857142857,False,False
baseline_요일x시간 평균,-,keep,2021-09,2021-09-03 07:00:00,134,101.6,False,False
baseline_요일x시간 평균,-,keep,2021-09,2021-09-03 08:00:00,170,129.05714285714285,False,False
baseline_요일x시간 평균,-,keep,2021-09,2021-09-03 09:00:00,171,126.71428571428571,False,False
baseline_요일x시간 평균,-,keep,2021-09,2021-09-03 10:00:00,163,122.57142857142857,False,False
baseline_요일x시간 평균,-,keep,2021-09,2021-09-03 11:00:00,187,130.17142857142858,True,False
baseline_요일x시간 평균,-,keep,2021-09,2021-09-03 12:00:00,108,81.45714285714286,False,False
baseline_요일x시간 평균,-,keep,2021-09,2021-09-03 13:00:00,169,126.42857142857143,False,False
baseline_요일x시간 평균,-,keep,2021-09,2021-09-03 14:00:00,178,125.77142857142857,True,False
baseline_요일x시간 평균,-,keep,2021-09,2021-09-03 15:00:00,154,116.57142857142857,False,False
baseline_요일x시간 평균,-,keep,2021-09,2021-09-03 16:00:00,161,119.97142857142858,False,False
baseline_요일x시간 평균,-,keep,2021-09,2021-09-03 17:00:00,147,100.05714285714286,False,False
baseline_요일x시간 평균,-,keep,2021-09,2021-09-03 18:00:00,154,115.37142857142857,False,False
baseline_요일x시간 평균,-,keep,2021-09,2021-09-03 19:00:00,143,103.0,False,False
baseline_요일x시간 평균,-,keep,2021-09,2021-09-03 20:00:00,115,88.62857142857143,False,False
baseline_요일x시간 평균,-,keep,2021-09,2021-09-03 21:00:00,110,88.0,False,False
baseline_요일x시간 평균,-,keep,2021-09,2021-09-03 22:00:00,105,82.37142857142857,False,False
baseline_요일x시간 평균,-,keep,2021-09,2021-09-03 23:00:00,101,77.34285714285714,False,False
baseline_요일x시간 평균,-,keep,2021-09,2021-09-04 00:00:00,64,62.142857142857146,False,False
baseline_요일x시간 평균,-,keep,2021-09,2021-09-04 01:00:00,106,98.77142857142857,False,False
baseline_요일x시간 평균,-,keep,2021-09,2021-09-04 02:00:00,104,99.42857142857143,False,False
baseline_요일x시간 평균,-,keep,2021-09,2021-09-04 03:00:00,98,97.65714285714286,False,False
baseline_요일x시간 평균,-,keep,2021-09,2021-09-04 04:00:00,109,100.82857142857142,False,False
baseline_요일x시간 평균,-,keep,2021-09,2021-09-04 05:00:00,88,85.05714285714286,False,False
baseline_요일x시간 평균,-,keep,2021-09,2021-09-04 06:00:00,111,98.45714285714286,False,False
baseline_요일x시간 평균,-,keep,2021-09,2021-09-04 07:00:00,70,65.68571428571428,False,False
baseline_요일x시간 평균,-,keep,2021-09,2021-09-04 08:00:00,33,36.4,False,False
baseline_요일x시간 평균,-,keep,2021-09,2021-09-04 09:00:00,32,31.285714285714285,False,False
baseline_요일x시간 평균,-,keep,2021-09,2021-09-04 10:00:00,34,30.82857142857143,False,False
baseline_요일x시간 평균,-,keep,2021-09,2021-09-04 11:00:00,32,31.885714285714286,False,False
baseline_요일x시간 평균,-,keep,2021-09,2021-09-04 12:00:00,33,30.085714285714285,False,False
baseline_요일x시간 평균,-,keep,2021-09,2021-09-04 13:00:00,34,34.65714285714286,False,False
baseline_요일x시간 평균,-,keep,2021-09,2021-09-04 14:00:00,34,34.94285714285714,False,False
baseline_요일x시간 평균,-,keep,2021-09,2021-09-04 15:00:00,33,35.31428571428572,False,False
baseline_요일x시간 평균,-,keep,2021-09,2021-09-04 16:00:00,36,35.02857142857143,False,False
baseline_요일x시간 평균,-,keep,2021-09,2021-09-04 17:00:00,35,32.38235294117647,False,False
baseline_요일x시간 평균,-,keep,2021-09,2021-09-04 18:00:00,26,39.411764705882355,False,False
baseline_요일x시간 평균,-,keep,2021-09,2021-09-04 19:00:00,23,36.0,False,False
baseline_요일x시간 평균,-,keep,2021-09,2021-09-04 20:00:00,25,30.470588235294116,False,False
baseline_요일x시간 평균,-,keep,2021-09,2021-09-04 21:00:00,23,31.470588235294116,False,False
baseline_요일x시간 평균,-,keep,2021-09,2021-09-04 22:00:00,23,27.91176470588235,False,False
baseline_요일x시간 평균,-,keep,2021-09,2021-09-04 23:00:00,23,32.11764705882353,False,False
baseline_요일x시간 평균,-,keep,2021-09,2021-09-05 00:00:00,24,26.323529411764707,False,False
baseline_요일x시간 평균,-,keep,2021-09,2021-09-05 01:00:00,22,30.529411764705884,False,False
baseline_요일x시간 평균,-,keep,2021-09,2021-09-05 02:00:00,22,30.38235294117647,False,False
baseline_요일x시간 평균,-,keep,2021-09,2021-09-05 03:00:00,22,29.91176470588235,False,False
baseline_요일x시간 평균,-,keep,2021-09,2021-09-05 04:00:00,24,28.5,False,False
baseline_요일x시간 평균,-,keep,2021-09,2021-09-05 05:00:00,22,26.647058823529413,False,False
baseline_요일x시간 평균,-,keep,2021-09,2021-09-05 06:00:00,22,27.88235294117647,False,False
baseline_요일x시간 평균,-,keep,2021-09,2021-09-05 07:00:00,22,32.970588235294116,False,False
baseline_요일x시간 평균,-,keep,2021-09,2021-09-05 08:00:00,25,58.73529411764706,False,False
baseline_요일x시간 평균,-,keep,2021-09,2021-09-05 09:00:00,22,53.470588235294116,False,False
baseline_요일x시간 평균,-,keep,2021-09,2021-09-05 10:00:00,22,55.911764705882355,False,False
baseline_요일x시간 평균,-,keep,2021-09,2021-09-05 11:00:00,22,57.94117647058823,False,False
baseline_요일x시간 평균,-,keep,2021-09,2021-09-05 12:00:00,24,40.34285714285714,False,False
baseline_요일x시간 평균,-,keep,2021-09,2021-09-05 13:00:00,22,53.17142857142857,False,False
baseline_요일x시간 평균,-,keep,2021-09,2021-09-05 14:00:00,23,56.94285714285714,False,False
baseline_요일x시간 평균,-,keep,2021-09,2021-09-05 15:00:00,24,50.57142857142857,False,False
baseline_요일x시간 평균,-,keep,2021-09,2021-09-05 16:00:00,23,51.0,False,False
baseline_요일x시간 평균,-,keep,2021-09,2021-09-05 17:00:00,23,45.82857142857143,False,False
baseline_요일x시간 평균,-,keep,2021-09,2021-09-05 18:00:00,22,52.8,False,False
baseline_요일x시간 평균,-,keep,2021-09,2021-09-05 19:00:00,24,47.25714285714286,False,False
baseline_요일x시간 평균,-,keep,2021-09,2021-09-05 20:00:00,23,42.05714285714286,False,False
baseline_요일x시간 평균,-,keep,2021-09,2021-09-05 21:00:00,23,45.65714285714286,False,False
baseline_요일x시간 평균,-,keep,2021-09,2021-09-05 22:00:00,24,43.08571428571429,False,False
baseline_요일x시간 평균,-,keep,2021-09,2021-09-05 23:00:00,23,42.0,False,False
baseline_요일x시간 평균,-,keep,2021-09,2021-09-06 00:00:00,22,42.114285714285714,False,False
baseline_요일x시간 평균,-,keep,2021-09,2021-09-06 01:00:00,22,57.714285714285715,False,False
baseline_요일x시간 평균,-,keep,2021-09,2021-09-06 02:00:00,24,59.142857142857146,False,False
baseline_요일x시간 평균,-,keep,2021-09,2021-09-06 03:00:00,22,58.34285714285714,False,False
baseline_요일x시간 평균,-,keep,2021-09,2021-09-06 04:00:00,22,59.114285714285714,False,False
baseline_요일x시간 평균,-,keep,2021-09,2021-09-06 05:00:00,23,51.97142857142857,False,False
baseline_요일x시간 평균,-,keep,2021-09,2021-09-06 06:00:00,24,59.4,False,False
baseline_요일x시간 평균,-,keep,2021-09,2021-09-06 07:00:00,52,86.45714285714286,False,False
baseline_요일x시간 평균,-,keep,2021-09,2021-09-06 08:00:00,171,168.88571428571427,False,False
baseline_요일x시간 평균,-,keep,2021-09,2021-09-06 09:00:00,157,168.22857142857143,False,False
baseline_요일x시간 평균,-,keep,2021-09,2021-09-06 10:00:00,171,159.94285714285715,False,False
baseline_요일x시간 평균,-,keep,2021-09,2021-09-06 11:00:00,176,169.11428571428573,False,False
baseline_요일x시간 평균,-,keep,2021-09,2021-09-06 12:00:00,109,105.54285714285714,False,False
baseline_요일x시간 평균,-,keep,2021-09,2021-09-06 13:00:00,160,166.28571428571428,False,False
baseline_요일x시간 평균,-,keep,2021-09,2021-09-06 14:00:00,160,164.22857142857143,False,False
baseline_요일x시간 평균,-,keep,2021-09,2021-09-06 15:00:00,158,154.68571428571428,False,False
baseline_요일x시간 평균,-,keep,2021-09,2021-09-06 16:00:00,146,155.68571428571428,False,False
baseline_요일x시간 평균,-,keep,2021-09,2021-09-06 17:00:00,128,128.28571428571428,False,False
baseline_요일x시간 평균,-,keep,2021-09,2021-09-06 18:00:00,152,146.4857142857143,False,False
baseline_요일x시간 평균,-,keep,2021-09,2021-09-06 19:00:00,135,133.4857142857143,False,False
baseline_요일x시간 평균,-,keep,2021-09,2021-09-06 20:00:00,121,114.25714285714285,False,False
baseline_요일x시간 평균,-,keep,2021-09,2021-09-06 21:00:00,123,113.34285714285714,False,False
baseline_요일x시간 평균,-,keep,2021-09,2021-09-06 22:00:00,110,105.48571428571428,False,False
baseline_요일x시간 평균,-,keep,2021-09,2021-09-06 23:00:00,104,99.2,False,False
baseline_요일x시간 평균,-,keep,2021-09,2021-09-07 00:00:00,72,59.11764705882353,False,False
baseline_요일x시간 평균,-,keep,2021-09,2021-09-07 01:00:00,109,87.91176470588235,False,False
baseline_요일x시간 평균,-,keep,2021-09,2021-09-07 02:00:00,111,92.3529411764706,False,False
baseline_요일x시간 평균,-,keep,2021-09,2021-09-07 03:00:00,109,88.61764705882354,False,False
baseline_요일x시간 평균,-,keep,2021-09,2021-09-07 04:00:00,109,89.79411764705883,False,False
baseline_요일x시간 평균,-,keep,2021-09,2021-09-07 05:00:00,96,77.3529411764706,False,False
baseline_요일x시간 평균,-,keep,2021-09,2021-09-07 06:00:00,115,91.67647058823529,False,False
baseline_요일x시간 평균,-,keep,2021-09,2021-09-07 07:00:00,140,109.76470588235294,False,False
baseline_요일x시간 평균,-,keep,2021-09,2021-09-07 08:00:00,173,150.97058823529412,False,False
baseline_요일x시간 평균,-,keep,2021-09,2021-09-07 09:00:00,170,150.23529411764707,False,False
baseline_요일x시간 평균,-,keep,2021-09,2021-09-07 10:00:00,164,144.05882352941177,False,False
baseline_요일x시간 평균,-,keep,2021-09,2021-09-07 11:00:00,174,149.5,False,False
baseline_요일x시간 평균,-,keep,2021-09,2021-09-07 12:00:00,116,92.94117647058823,False,False
baseline_요일x시간 평균,-,keep,2021-09,2021-09-07 13:00:00,181,147.55882352941177,True,False
baseline_요일x시간 평균,-,keep,2021-09,2021-09-07 14:00:00,182,147.11764705882354,True,False
baseline_요일x시간 평균,-,keep,2021-09,2021-09-07 15:00:00,166,138.23529411764707,False,False
baseline_요일x시간 평균,-,keep,2021-09,2021-09-07 16:00:00,160,141.26470588235293,False,False
baseline_요일x시간 평균,-,keep,2021-09,2021-09-07 17:00:00,135,114.20588235294117,False,False
baseline_요일x시간 평균,-,keep,2021-09,2021-09-07 18:00:00,156,135.52941176470588,False,False
baseline_요일x시간 평균,-,keep,2021-09,2021-09-07 19:00:00,152,125.1470588235294,False,False
baseline_요일x시간 평균,-,keep,2021-09,2021-09-07 20:00:00,134,107.8529411764706,False,False
baseline_요일x시간 평균,-,keep,2021-09,2021-09-07 21:00:00,131,105.52941176470588,False,False
baseline_요일x시간 평균,-,keep,2021-09,2021-09-07 22:00:00,115,95.1470588235294,False,False
baseline_요일x시간 평균,-,keep,2021-09,2021-09-07 23:00:00,111,90.91176470588235,False,False
baseline_요일x시간 평균,-,keep,2021-09,2021-09-08 00:00:00,72,59.294117647058826,False,False
baseline_요일x시간 평균,-,keep,2021-09,2021-09-08 01:00:00,110,86.17647058823529,False,False
baseline_요일x시간 평균,-,keep,2021-09,2021-09-08 02:00:00,118,90.1470588235294,False,False
baseline_요일x시간 평균,-,keep,2021-09,2021-09-08 03:00:00,112,87.6470588235294,False,False
baseline_요일x시간 평균,-,keep,2021-09,2021-09-08 04:00:00,113,89.1470588235294,False,False
baseline_요일x시간 평균,-,keep,2021-09,2021-09-08 05:00:00,97,77.23529411764706,False,False
baseline_요일x시간 평균,-,keep,2021-09,2021-09-08 06:00:00,118,90.88235294117646,False,False
baseline_요일x시간 평균,-,keep,2021-09,2021-09-08 07:00:00,135,105.6470588235294,False,False
baseline_요일x시간 평균,-,keep,2021-09,2021-09-08 08:00:00,171,138.8235294117647,False,False
baseline_요일x시간 평균,-,keep,2021-09,2021-09-08 09:00:00,160,137.11764705882354,False,False
baseline_요일x시간 평균,-,keep,2021-09,2021-09-08 10:00:00,152,130.94117647058823,False,False
baseline_요일x시간 평균,-,keep,2021-09,2021-09-08 11:00:00,156,135.6764705882353,False,False
baseline_요일x시간 평균,-,keep,2021-09,2021-09-08 13:00:00,152,134.7941176470588,False,False
baseline_요일x시간 평균,-,keep,2021-09,2021-09-08 14:00:00,165,134.85294117647058,False,False
baseline_요일x시간 평균,-,keep,2021-09,2021-09-08 15:00:00,165,124.23529411764706,False,False
baseline_요일x시간 평균,-,keep,2021-09,2021-09-08 16:00:00,166,128.26470588235293,False,False
baseline_요일x시간 평균,-,keep,2021-09,2021-09-08 17:00:00,144,108.32352941176471,False,False
baseline_요일x시간 평균,-,keep,2021-09,2021-09-08 18:00:00,164,122.1470588235294,False,False
baseline_요일x시간 평균,-,keep,2021-09,2021-09-08 19:00:00,150,110.61764705882354,False,False
baseline_요일x시간 평균,-,keep,2021-09,2021-09-08 20:00:00,103,97.76470588235294,False,False
baseline_요일x시간 평균,-,keep,2021-09,2021-09-08 21:00:00,122,95.26470588235294,False,False
baseline_요일x시간 평균,-,keep,2021-09,2021-09-08 22:00:00,106,88.97058823529412,False,False
baseline_요일x시간 평균,-,keep,2021-09,2021-09-08 23:00:00,101,84.76470588235294,False,False
baseline_요일x시간 평균,-,keep,2021-09,2021-09-09 00:00:00,72,57.84848484848485,False,False
baseline_요일x시간 평균,-,keep,2021-09,2021-09-09 01:00:00,97,85.12121212121212,False,False
baseline_요일x시간 평균,-,keep,2021-09,2021-09-09 02:00:00,110,87.39393939393939,False,False
baseline_요일x시간 평균,-,keep,2021-09,2021-09-09 03:00:00,109,85.27272727272727,False,False
baseline_요일x시간 평균,-,keep,2021-09,2021-09-09 04:00:00,107,86.84848484848484,False,False
baseline_요일x시간 평균,-,keep,2021-09,2021-09-09 05:00:00,92,75.72727272727273,False,False
baseline_요일x시간 평균,-,keep,2021-09,2021-09-09 06:00:00,119,88.3030303030303,False,False
baseline_요일x시간 평균,-,keep,2021-09,2021-09-09 07:00:00,139,110.6969696969697,False,False
baseline_요일x시간 평균,-,keep,2021-09,2021-09-09 08:00:00,172,167.24242424242425,False,False
baseline_요일x시간 평균,-,keep,2021-09,2021-09-09 09:00:00,170,168.03030303030303,False,False
baseline_요일x시간 평균,-,keep,2021-09,2021-09-09 10:00:00,155,160.42424242424244,False,False
baseline_요일x시간 평균,-,keep,2021-09,2021-09-09 11:00:00,174,169.0,False,False
baseline_요일x시간 평균,-,keep,2021-09,2021-09-09 12:00:00,111,103.75757575757575,False,False
baseline_요일x시간 평균,-,keep,2021-09,2021-09-09 13:00:00,171,166.87878787878788,False,False
baseline_요일x시간 평균,-,keep,2021-09,2021-09-09 14:00:00,165,164.54545454545453,False,False
baseline_요일x시간 평균,-,keep,2021-09,2021-09-09 15:00:00,173,153.96969696969697,False,False
baseline_요일x시간 평균,-,keep,2021-09,2021-09-09 16:00:00,160,154.75757575757575,False,False
baseline_요일x시간 평균,-,keep,2021-09,2021-09-09 17:00:00,140,126.21212121212122,False,False
baseline_요일x시간 평균,-,keep,2021-09,2021-09-09 18:00:00,162,141.42424242424244,False,False
baseline_요일x시간 평균,-,keep,2021-09,2021-09-09 19:00:00,142,129.75757575757575,False,False
baseline_요일x시간 평균,-,keep,2021-09,2021-09-09 20:00:00,128,116.81818181818181,False,False
baseline_요일x시간 평균,-,keep,2021-09,2021-09-09 21:00:00,128,114.6969696969697,False,False
baseline_요일x시간 평균,-,keep,2021-09,2021-09-09 22:00:00,109,108.48484848484848,False,False
baseline_요일x시간 평균,-,keep,2021-09,2021-09-09 23:00:00,109,100.60606060606061,False,False
baseline_요일x시간 평균,-,keep,2021-09,2021-09-10 00:00:00,77,60.65714285714286,False,False
baseline_요일x시간 평균,-,keep,2021-09,2021-09-10 01:00:00,102,90.48571428571428,False,False
baseline_요일x시간 평균,-,keep,2021-09,2021-09-10 02:00:00,112,93.42857142857143,False,False
baseline_요일x시간 평균,-,keep,2021-09,2021-09-10 03:00:00,106,90.91428571428571,False,False
baseline_요일x시간 평균,-,keep,2021-09,2021-09-10 04:00:00,108,92.42857142857143,False,False
baseline_요일x시간 평균,-,keep,2021-09,2021-09-10 05:00:00,92,79.48571428571428,False,False
baseline_요일x시간 평균,-,keep,2021-09,2021-09-10 06:00:00,111,93.57142857142857,False,False
baseline_요일x시간 평균,-,keep,2021-09,2021-09-10 07:00:00,132,101.6,False,False
baseline_요일x시간 평균,-,keep,2021-09,2021-09-10 08:00:00,180,129.05714285714285,True,False
baseline_요일x시간 평균,-,keep,2021-09,2021-09-10 09:00:00,184,126.71428571428571,True,False
baseline_요일x시간 평균,-,keep,2021-09,2021-09-10 10:00:00,168,122.57142857142857,False,False
baseline_요일x시간 평균,-,keep,2021-09,2021-09-10 11:00:00,181,130.17142857142858,True,False
baseline_요일x시간 평균,-,keep,2021-09,2021-09-10 12:00:00,116,81.45714285714286,False,False
baseline_요일x시간 평균,-,keep,2021-09,2021-09-10 13:00:00,180,126.42857142857143,True,False
baseline_요일x시간 평균,-,keep,2021-09,2021-09-10 14:00:00,178,125.77142857142857,True,False
baseline_요일x시간 평균,-,keep,2021-09,2021-09-10 15:00:00,171,116.57142857142857,False,False
baseline_요일x시간 평균,-,keep,2021-09,2021-09-10 16:00:00,164,119.97142857142858,False,False
baseline_요일x시간 평균,-,keep,2021-09,2021-09-10 17:00:00,138,100.05714285714286,False,False
baseline_요일x시간 평균,-,keep,2021-09,2021-09-10 18:00:00,155,115.37142857142857,False,False
baseline_요일x시간 평균,-,keep,2021-09,2021-09-10 19:00:00,142,103.0,False,False
baseline_요일x시간 평균,-,keep,2021-09,2021-09-10 20:00:00,116,88.62857142857143,False,False
baseline_요일x시간 평균,-,keep,2021-09,2021-09-10 21:00:00,117,88.0,False,False
baseline_요일x시간 평균,-,keep,2021-09,2021-09-10 22:00:00,102,82.37142857142857,False,False
baseline_요일x시간 평균,-,keep,2021-09,2021-09-10 23:00:00,88,77.34285714285714,False,False
baseline_요일x시간 평균,-,keep,2021-09,2021-09-11 00:00:00,61,62.142857142857146,False,False
baseline_요일x시간 평균,-,keep,2021-09,2021-09-11 01:00:00,97,98.77142857142857,False,False
baseline_요일x시간 평균,-,keep,2021-09,2021-09-11 02:00:00,95,99.42857142857143,False,False
baseline_요일x시간 평균,-,keep,2021-09,2021-09-11 03:00:00,94,97.65714285714286,False,False
baseline_요일x시간 평균,-,keep,2021-09,2021-09-11 04:00:00,89,100.82857142857142,False,False
baseline_요일x시간 평균,-,keep,2021-09,2021-09-11 05:00:00,82,85.05714285714286,False,False
baseline_요일x시간 평균,-,keep,2021-09,2021-09-11 06:00:00,86,98.45714285714286,False,False
baseline_요일x시간 평균,-,keep,2021-09,2021-09-11 07:00:00,51,65.68571428571428,False,False
baseline_요일x시간 평균,-,keep,2021-09,2021-09-11 08:00:00,23,36.4,False,False
baseline_요일x시간 평균,-,keep,2021-09,2021-09-11 09:00:00,23,31.285714285714285,False,False
baseline_요일x시간 평균,-,keep,2021-09,2021-09-11 10:00:00,22,30.82857142857143,False,False
baseline_요일x시간 평균,-,keep,2021-09,2021-09-11 11:00:00,23,31.885714285714286,False,False
baseline_요일x시간 평균,-,keep,2021-09,2021-09-11 12:00:00,25,30.085714285714285,False,False
baseline_요일x시간 평균,-,keep,2021-09,2021-09-11 13:00:00,23,34.65714285714286,False,False
baseline_요일x시간 평균,-,keep,2021-09,2021-09-11 14:00:00,23,34.94285714285714,False,False
baseline_요일x시간 평균,-,keep,2021-09,2021-09-11 15:00:00,24,35.31428571428572,False,False
baseline_요일x시간 평균,-,keep,2021-09,2021-09-11 16:00:00,24,35.02857142857143,False,False
baseline_요일x시간 평균,-,keep,2021-09,2021-09-11 17:00:00,23,32.38235294117647,False,False
baseline_요일x시간 평균,-,keep,2021-09,2021-09-11 18:00:00,23,39.411764705882355,False,False
baseline_요일x시간 평균,-,keep,2021-09,2021-09-11 19:00:00,25,36.0,False,False
baseline_요일x시간 평균,-,keep,2021-09,2021-09-11 20:00:00,23,30.470588235294116,False,False
baseline_요일x시간 평균,-,keep,2021-09,2021-09-11 21:00:00,23,31.470588235294116,False,False
baseline_요일x시간 평균,-,keep,2021-09,2021-09-11 22:00:00,23,27.91176470588235,False,False
baseline_요일x시간 평균,-,keep,2021-09,2021-09-11 23:00:00,23,32.11764705882353,False,False
baseline_요일x시간 평균,-,keep,2021-09,2021-09-12 00:00:00,23,26.323529411764707,False,False
baseline_요일x시간 평균,-,keep,2021-09,2021-09-12 01:00:00,23,30.529411764705884,False,False
baseline_요일x시간 평균,-,keep,2021-09,2021-09-12 02:00:00,24,30.38235294117647,False,False
baseline_요일x시간 평균,-,keep,2021-09,2021-09-12 03:00:00,23,29.91176470588235,False,False
baseline_요일x시간 평균,-,keep,2021-09,2021-09-12 04:00:00,23,28.5,False,False
baseline_요일x시간 평균,-,keep,2021-09,2021-09-12 05:00:00,23,26.647058823529413,False,False
baseline_요일x시간 평균,-,keep,2021-09,2021-09-12 06:00:00,23,27.88235294117647,False,False
baseline_요일x시간 평균,-,keep,2021-09,2021-09-12 07:00:00,23,32.970588235294116,False,False
baseline_요일x시간 평균,-,keep,2021-09,2021-09-12 08:00:00,25,58.73529411764706,False,False
baseline_요일x시간 평균,-,keep,2021-09,2021-09-12 09:00:00,23,53.470588235294116,False,False
baseline_요일x시간 평균,-,keep,2021-09,2021-09-12 10:00:00,23,55.911764705882355,False,False
baseline_요일x시간 평균,-,keep,2021-09,2021-09-12 11:00:00,23,57.94117647058823,False,False
baseline_요일x시간 평균,-,keep,2021-09,2021-09-12 12:00:00,23,40.34285714285714,False,False
baseline_요일x시간 평균,-,keep,2021-09,2021-09-12 13:00:00,23,53.17142857142857,False,False
baseline_요일x시간 평균,-,keep,2021-09,2021-09-12 14:00:00,25,56.94285714285714,False,False
baseline_요일x시간 평균,-,keep,2021-09,2021-09-12 15:00:00,23,50.57142857142857,False,False
baseline_요일x시간 평균,-,keep,2021-09,2021-09-12 16:00:00,24,51.0,False,False
baseline_요일x시간 평균,-,keep,2021-09,2021-09-12 17:00:00,23,45.82857142857143,False,False
baseline_요일x시간 평균,-,keep,2021-09,2021-09-12 18:00:00,23,52.8,False,False
baseline_요일x시간 평균,-,keep,2021-09,2021-09-12 19:00:00,23,47.25714285714286,False,False
baseline_요일x시간 평균,-,keep,2021-09,2021-09-12 20:00:00,23,42.05714285714286,False,False
baseline_요일x시간 평균,-,keep,2021-09,2021-09-12 21:00:00,25,45.65714285714286,False,False
baseline_요일x시간 평균,-,keep,2021-09,2021-09-12 22:00:00,23,43.08571428571429,False,False
baseline_요일x시간 평균,-,keep,2021-09,2021-09-12 23:00:00,23,42.0,False,False
baseline_요일x시간 평균,-,keep,2021-09,2021-09-13 00:00:00,23,42.114285714285714,False,False
baseline_요일x시간 평균,-,keep,2021-09,2021-09-13 01:00:00,23,57.714285714285715,False,False
baseline_요일x시간 평균,-,keep,2021-09,2021-09-13 02:00:00,23,59.142857142857146,False,False
baseline_요일x시간 평균,-,keep,2021-09,2021-09-13 03:00:00,24,58.34285714285714,False,False
baseline_요일x시간 평균,-,keep,2021-09,2021-09-13 04:00:00,24,59.114285714285714,False,False
baseline_요일x시간 평균,-,keep,2021-09,2021-09-13 05:00:00,23,51.97142857142857,False,False
baseline_요일x시간 평균,-,keep,2021-09,2021-09-13 06:00:00,23,59.4,False,False
baseline_요일x시간 평균,-,keep,2021-09,2021-09-13 07:00:00,63,86.45714285714286,False,False
baseline_요일x시간 평균,-,keep,2021-09,2021-09-13 08:00:00,185,168.88571428571427,True,False
baseline_요일x시간 평균,-,keep,2021-09,2021-09-13 09:00:00,183,168.22857142857143,True,False
baseline_요일x시간 평균,-,keep,2021-09,2021-09-13 10:00:00,177,159.94285714285715,True,False
baseline_요일x시간 평균,-,keep,2021-09,2021-09-13 11:00:00,182,169.11428571428573,True,False
baseline_요일x시간 평균,-,keep,2021-09,2021-09-13 12:00:00,117,105.54285714285714,False,False
baseline_요일x시간 평균,-,keep,2021-09,2021-09-13 13:00:00,184,166.28571428571428,True,False
baseline_요일x시간 평균,-,keep,2021-09,2021-09-13 14:00:00,180,164.22857142857143,True,False
baseline_요일x시간 평균,-,keep,2021-09,2021-09-13 15:00:00,168,154.68571428571428,False,False
baseline_요일x시간 평균,-,keep,2021-09,2021-09-13 16:00:00,175,155.68571428571428,False,False
baseline_요일x시간 평균,-,keep,2021-09,2021-09-13 17:00:00,132,128.28571428571428,False,False
baseline_요일x시간 평균,-,keep,2021-09,2021-09-13 18:00:00,145,146.4857142857143,False,False
baseline_요일x시간 평균,-,keep,2021-09,2021-09-13 19:00:00,148,133.4857142857143,False,False
baseline_요일x시간 평균,-,keep,2021-09,2021-09-13 20:00:00,121,114.25714285714285,False,False
baseline_요일x시간 평균,-,keep,2021-09,2021-09-13 21:00:00,123,113.34285714285714,False,False
baseline_요일x시간 평균,-,keep,2021-09,2021-09-13 22:00:00,110,105.48571428571428,False,False
baseline_요일x시간 평균,-,keep,2021-09,2021-09-13 23:00:00,108,99.2,False,False
baseline_요일x시간 평균,-,keep,2021-09,2021-09-14 00:00:00,70,59.11764705882353,False,False
baseline_요일x시간 평균,-,keep,2021-09,2021-09-14 01:00:00,110,87.91176470588235,False,False
baseline_요일x시간 평균,-,keep,2021-09,2021-09-14 02:00:00,112,92.3529411764706,False,False
baseline_요일x시간 평균,-,keep,2021-09,2021-09-14 03:00:00,105,88.61764705882354,False,False
baseline_요일x시간 평균,-,keep,2021-09,2021-09-14 04:00:00,111,89.79411764705883,False,False
baseline_요일x시간 평균,-,keep,2021-09,2021-09-14 05:00:00,93,77.3529411764706,False,False
baseline_요일x시간 평균,-,keep,2021-09,2021-09-14 06:00:00,108,91.67647058823529,False,False
baseline_요일x시간 평균,-,keep,2021-09,2021-09-14 07:00:00,140,109.76470588235294,False,False
baseline_요일x시간 평균,-,keep,2021-09,2021-09-14 08:00:00,174,150.97058823529412,False,False
baseline_요일x시간 평균,-,keep,2021-09,2021-09-14 09:00:00,166,150.23529411764707,False,False
baseline_요일x시간 평균,-,keep,2021-09,2021-09-14 10:00:00,152,144.05882352941177,False,False
baseline_요일x시간 평균,-,keep,2021-09,2021-09-14 11:00:00,170,149.5,False,False
baseline_요일x시간 평균,-,keep,2021-09,2021-09-14 12:00:00,118,92.94117647058823,False,False
baseline_요일x시간 평균,-,keep,2021-09,2021-09-14 13:00:00,163,147.55882352941177,False,False
baseline_요일x시간 평균,-,keep,2021-09,2021-09-14 14:00:00,158,147.11764705882354,False,False
baseline_요일x시간 평균,-,keep,2021-09,2021-09-14 15:00:00,161,138.23529411764707,False,False
baseline_요일x시간 평균,-,keep,2021-09,2021-09-14 16:00:00,160,141.26470588235293,False,False
baseline_요일x시간 평균,-,keep,2021-09,2021-09-14 17:00:00,123,114.20588235294117,False,False
baseline_요일x시간 평균,-,keep,2021-09,2021-09-14 18:00:00,158,135.52941176470588,False,False
baseline_요일x시간 평균,-,keep,2021-09,2021-09-14 19:00:00,153,125.1470588235294,False,False
baseline_요일x시간 평균,-,keep,2021-09,2021-09-14 20:00:00,128,107.8529411764706,False,False
baseline_요일x시간 평균,-,keep,2021-09,2021-09-14 21:00:00,128,105.52941176470588,False,False
baseline_요일x시간 평균,-,keep,2021-09,2021-09-14 22:00:00,111,95.1470588235294,False,False
baseline_요일x시간 평균,-,keep,2021-09,2021-09-14 23:00:00,110,90.91176470588235,False,False
baseline_lag24,-,keep,2021-05,2021-05-01 00:00:00,70,58.0,False,True
baseline_lag24,-,keep,2021-05,2021-05-01 01:00:00,107,99.0,False,True
baseline_lag24,-,keep,2021-05,2021-05-01 02:00:00,109,101.0,False,True
baseline_lag24,-,keep,2021-05,2021-05-01 03:00:00,100,98.0,False,True
baseline_lag24,-,keep,2021-05,2021-05-01 04:00:00,102,104.0,False,True
baseline_lag24,-,keep,2021-05,2021-05-01 05:00:00,86,89.0,False,True
baseline_lag24,-,keep,2021-05,2021-05-01 06:00:00,101,106.0,False,True
baseline_lag24,-,keep,2021-05,2021-05-01 07:00:00,72,122.0,False,True
baseline_lag24,-,keep,2021-05,2021-05-01 08:00:00,23,163.0,False,True
baseline_lag24,-,keep,2021-05,2021-05-01 09:00:00,21,153.0,False,True
baseline_lag24,-,keep,2021-05,2021-05-01 10:00:00,21,161.0,False,True
baseline_lag24,-,keep,2021-05,2021-05-01 11:00:00,23,156.0,False,True
baseline_lag24,-,keep,2021-05,2021-05-01 12:00:00,22,92.0,False,True
baseline_lag24,-,keep,2021-05,2021-05-01 13:00:00,21,151.0,False,True
baseline_lag24,-,keep,2021-05,2021-05-01 14:00:00,21,161.0,False,True
baseline_lag24,-,keep,2021-05,2021-05-01 15:00:00,23,148.0,False,True
baseline_lag24,-,keep,2021-05,2021-05-01 16:00:00,21,151.0,False,True
baseline_lag24,-,keep,2021-05,2021-05-01 17:00:00,21,112.0,False,True
baseline_lag24,-,keep,2021-05,2021-05-01 18:00:00,23,141.0,False,True
baseline_lag24,-,keep,2021-05,2021-05-01 19:00:00,21,130.0,False,True
baseline_lag24,-,keep,2021-05,2021-05-01 20:00:00,21,119.0,False,True
baseline_lag24,-,keep,2021-05,2021-05-01 21:00:00,24,119.0,False,True
baseline_lag24,-,keep,2021-05,2021-05-01 22:00:00,21,106.0,False,True
baseline_lag24,-,keep,2021-05,2021-05-01 23:00:00,21,100.0,False,True
baseline_lag24,-,keep,2021-05,2021-05-02 00:00:00,21,70.0,False,True
baseline_lag24,-,keep,2021-05,2021-05-02 01:00:00,23,107.0,False,True
baseline_lag24,-,keep,2021-05,2021-05-02 02:00:00,21,109.0,False,True
baseline_lag24,-,keep,2021-05,2021-05-02 03:00:00,21,100.0,False,True
baseline_lag24,-,keep,2021-05,2021-05-02 04:00:00,24,102.0,False,True
baseline_lag24,-,keep,2021-05,2021-05-02 05:00:00,21,86.0,False,True
baseline_lag24,-,keep,2021-05,2021-05-02 06:00:00,21,101.0,False,True
baseline_lag24,-,keep,2021-05,2021-05-02 07:00:00,24,72.0,False,True
baseline_lag24,-,keep,2021-05,2021-05-02 08:00:00,21,23.0,False,True
baseline_lag24,-,keep,2021-05,2021-05-02 09:00:00,21,21.0,False,True
baseline_lag24,-,keep,2021-05,2021-05-02 10:00:00,22,21.0,False,True
baseline_lag24,-,keep,2021-05,2021-05-02 11:00:00,22,23.0,False,True
baseline_lag24,-,keep,2021-05,2021-05-02 12:00:00,21,22.0,False,True
baseline_lag24,-,keep,2021-05,2021-05-02 13:00:00,21,21.0,False,True
baseline_lag24,-,keep,2021-05,2021-05-02 14:00:00,23,21.0,False,True
baseline_lag24,-,keep,2021-05,2021-05-02 15:00:00,21,23.0,False,True
baseline_lag24,-,keep,2021-05,2021-05-02 16:00:00,20,21.0,False,True
baseline_lag24,-,keep,2021-05,2021-05-02 17:00:00,23,21.0,False,True
baseline_lag24,-,keep,2021-05,2021-05-02 18:00:00,20,23.0,False,True
baseline_lag24,-,keep,2021-05,2021-05-02 19:00:00,20,21.0,False,True
baseline_lag24,-,keep,2021-05,2021-05-02 20:00:00,23,21.0,False,True
baseline_lag24,-,keep,2021-05,2021-05-02 21:00:00,22,24.0,False,True
baseline_lag24,-,keep,2021-05,2021-05-02 22:00:00,21,21.0,False,True
baseline_lag24,-,keep,2021-05,2021-05-02 23:00:00,22,21.0,False,True
baseline_lag24,-,keep,2021-05,2021-05-03 00:00:00,23,21.0,False,True
baseline_lag24,-,keep,2021-05,2021-05-03 01:00:00,21,23.0,False,True
baseline_lag24,-,keep,2021-05,2021-05-03 02:00:00,21,21.0,False,True
baseline_lag24,-,keep,2021-05,2021-05-03 03:00:00,23,21.0,False,True
baseline_lag24,-,keep,2021-05,2021-05-03 04:00:00,21,24.0,False,True
baseline_lag24,-,keep,2021-05,2021-05-03 05:00:00,21,21.0,False,True
baseline_lag24,-,keep,2021-05,2021-05-03 06:00:00,23,21.0,False,True
baseline_lag24,-,keep,2021-05,2021-05-03 07:00:00,59,24.0,False,True
baseline_lag24,-,keep,2021-05,2021-05-03 08:00:00,175,21.0,True,True
baseline_lag24,-,keep,2021-05,2021-05-03 09:00:00,170,21.0,False,True
baseline_lag24,-,keep,2021-05,2021-05-03 10:00:00,149,22.0,False,True
baseline_lag24,-,keep,2021-05,2021-05-03 11:00:00,174,22.0,True,True
baseline_lag24,-,keep,2021-05,2021-05-03 12:00:00,106,21.0,False,True
baseline_lag24,-,keep,2021-05,2021-05-03 13:00:00,179,21.0,True,True
baseline_lag24,-,keep,2021-05,2021-05-03 14:00:00,167,23.0,False,True
baseline_lag24,-,keep,2021-05,2021-05-03 15:00:00,154,21.0,False,True
baseline_lag24,-,keep,2021-05,2021-05-03 16:00:00,147,20.0,False,True
baseline_lag24,-,keep,2021-05,2021-05-03 17:00:00,119,23.0,False,True
baseline_lag24,-,keep,2021-05,2021-05-03 18:00:00,134,20.0,False,True
baseline_lag24,-,keep,2021-05,2021-05-03 19:00:00,122,20.0,False,True
baseline_lag24,-,keep,2021-05,2021-05-03 20:00:00,110,23.0,False,True
baseline_lag24,-,keep,2021-05,2021-05-03 21:00:00,104,22.0,False,True
baseline_lag24,-,keep,2021-05,2021-05-03 22:00:00,105,21.0,False,True
baseline_lag24,-,keep,2021-05,2021-05-03 23:00:00,99,22.0,False,True
baseline_lag24,-,keep,2021-05,2021-05-04 00:00:00,65,23.0,False,True
baseline_lag24,-,keep,2021-05,2021-05-04 01:00:00,108,21.0,False,True
baseline_lag24,-,keep,2021-05,2021-05-04 02:00:00,116,21.0,False,True
baseline_lag24,-,keep,2021-05,2021-05-04 03:00:00,104,23.0,False,True
baseline_lag24,-,keep,2021-05,2021-05-04 04:00:00,101,21.0,False,True
baseline_lag24,-,keep,2021-05,2021-05-04 05:00:00,85,21.0,False,True
baseline_lag24,-,keep,2021-05,2021-05-04 06:00:00,111,23.0,False,True
baseline_lag24,-,keep,2021-05,2021-05-04 07:00:00,126,59.0,False,True
baseline_lag24,-,keep,2021-05,2021-05-04 08:00:00,171,175.0,False,True
baseline_lag24,-,keep,2021-05,2021-05-04 09:00:00,168,170.0,False,True
baseline_lag24,-,keep,2021-05,2021-05-04 10:00:00,161,149.0,False,True
baseline_lag24,-,keep,2021-05,2021-05-04 11:00:00,173,174.0,True,True
baseline_lag24,-,keep,2021-05,2021-05-04 12:00:00,104,106.0,False,True
baseline_lag24,-,keep,2021-05,2021-05-04 13:00:00,165,179.0,False,True
baseline_lag24,-,keep,2021-05,2021-05-04 14:00:00,166,167.0,False,True
baseline_lag24,-,keep,2021-05,2021-05-04 15:00:00,159,154.0,False,True
baseline_lag24,-,keep,2021-05,2021-05-04 16:00:00,161,147.0,False,True
baseline_lag24,-,keep,2021-05,2021-05-04 17:00:00,123,119.0,False,True
baseline_lag24,-,keep,2021-05,2021-05-04 18:00:00,163,134.0,False,True
baseline_lag24,-,keep,2021-05,2021-05-04 19:00:00,158,122.0,False,True
baseline_lag24,-,keep,2021-05,2021-05-04 20:00:00,124,110.0,False,True
baseline_lag24,-,keep,2021-05,2021-05-04 21:00:00,125,104.0,False,True
baseline_lag24,-,keep,2021-05,2021-05-04 22:00:00,105,105.0,False,True
baseline_lag24,-,keep,2021-05,2021-05-04 23:00:00,95,99.0,False,True
baseline_lag24,-,keep,2021-05,2021-05-05 00:00:00,65,65.0,False,False
baseline_lag24,-,keep,2021-05,2021-05-05 01:00:00,105,108.0,False,False
baseline_lag24,-,keep,2021-05,2021-05-05 02:00:00,110,116.0,False,False
baseline_lag24,-,keep,2021-05,2021-05-05 03:00:00,103,104.0,False,False
baseline_lag24,-,keep,2021-05,2021-05-05 04:00:00,112,101.0,False,False
baseline_lag24,-,keep,2021-05,2021-05-05 05:00:00,88,85.0,False,False
baseline_lag24,-,keep,2021-05,2021-05-05 06:00:00,103,111.0,False,False
baseline_lag24,-,keep,2021-05,2021-05-05 07:00:00,63,126.0,False,False
baseline_lag24,-,keep,2021-05,2021-05-05 08:00:00,21,171.0,False,False
baseline_lag24,-,keep,2021-05,2021-05-05 09:00:00,21,168.0,False,False
baseline_lag24,-,keep,2021-05,2021-05-05 10:00:00,23,161.0,False,False
baseline_lag24,-,keep,2021-05,2021-05-05 11:00:00,21,173.0,False,False
baseline_lag24,-,keep,2021-05,2021-05-05 12:00:00,20,104.0,False,False
baseline_lag24,-,keep,2021-05,2021-05-05 13:00:00,24,165.0,False,False
baseline_lag24,-,keep,2021-05,2021-05-05 14:00:00,21,166.0,False,False
baseline_lag24,-,keep,2021-05,2021-05-05 15:00:00,21,159.0,False,False
baseline_lag24,-,keep,2021-05,2021-05-05 16:00:00,23,161.0,False,False
baseline_lag24,-,keep,2021-05,2021-05-05 17:00:00,22,123.0,False,False
baseline_lag24,-,keep,2021-05,2021-05-05 18:00:00,21,163.0,False,False
baseline_lag24,-,keep,2021-05,2021-05-05 19:00:00,21,158.0,False,False
baseline_lag24,-,keep,2021-05,2021-05-05 20:00:00,24,124.0,False,False
baseline_lag24,-,keep,2021-05,2021-05-05 21:00:00,21,125.0,False,False
baseline_lag24,-,keep,2021-05,2021-05-05 22:00:00,22,105.0,False,False
baseline_lag24,-,keep,2021-05,2021-05-05 23:00:00,24,95.0,False,False
baseline_lag24,-,keep,2021-05,2021-05-06 00:00:00,21,65.0,False,True
baseline_lag24,-,keep,2021-05,2021-05-06 01:00:00,21,105.0,False,True
baseline_lag24,-,keep,2021-05,2021-05-06 02:00:00,23,110.0,False,True
baseline_lag24,-,keep,2021-05,2021-05-06 03:00:00,22,103.0,False,True
baseline_lag24,-,keep,2021-05,2021-05-06 04:00:00,21,112.0,False,True
baseline_lag24,-,keep,2021-05,2021-05-06 05:00:00,22,88.0,False,True
baseline_lag24,-,keep,2021-05,2021-05-06 06:00:00,23,103.0,False,True
baseline_lag24,-,keep,2021-05,2021-05-06 07:00:00,56,63.0,False,True
baseline_lag24,-,keep,2021-05,2021-05-06 08:00:00,185,21.0,True,True
baseline_lag24,-,keep,2021-05,2021-05-06 09:00:00,186,21.0,True,True
baseline_lag24,-,keep,2021-05,2021-05-06 10:00:00,165,23.0,False,True
baseline_lag24,-,keep,2021-05,2021-05-06 11:00:00,171,21.0,False,True
baseline_lag24,-,keep,2021-05,2021-05-06 12:00:00,101,20.0,False,True
baseline_lag24,-,keep,2021-05,2021-05-06 13:00:00,166,24.0,False,True
baseline_lag24,-,keep,2021-05,2021-05-06 14:00:00,160,21.0,False,True
baseline_lag24,-,keep,2021-05,2021-05-06 15:00:00,155,21.0,False,True
baseline_lag24,-,keep,2021-05,2021-05-06 16:00:00,159,23.0,False,True
baseline_lag24,-,keep,2021-05,2021-05-06 17:00:00,125,22.0,False,True
baseline_lag24,-,keep,2021-05,2021-05-06 18:00:00,125,21.0,False,True
baseline_lag24,-,keep,2021-05,2021-05-06 19:00:00,115,21.0,False,True
baseline_lag24,-,keep,2021-05,2021-05-06 20:00:00,128,24.0,False,True
baseline_lag24,-,keep,2021-05,2021-05-06 21:00:00,121,21.0,False,True
baseline_lag24,-,keep,2021-05,2021-05-06 22:00:00,114,22.0,False,True
baseline_lag24,-,keep,2021-05,2021-05-06 23:00:00,101,24.0,False,True
baseline_lag24,-,keep,2021-05,2021-05-07 00:00:00,67,21.0,False,True
baseline_lag24,-,keep,2021-05,2021-05-07 01:00:00,104,21.0,False,True
baseline_lag24,-,keep,2021-05,2021-05-07 02:00:00,102,23.0,False,True
baseline_lag24,-,keep,2021-05,2021-05-07 03:00:00,105,22.0,False,True
baseline_lag24,-,keep,2021-05,2021-05-07 04:00:00,98,21.0,False,True
baseline_lag24,-,keep,2021-05,2021-05-07 05:00:00,89,22.0,False,True
baseline_lag24,-,keep,2021-05,2021-05-07 06:00:00,107,23.0,False,True
baseline_lag24,-,keep,2021-05,2021-05-07 07:00:00,118,56.0,False,True
baseline_lag24,-,keep,2021-05,2021-05-07 08:00:00,172,185.0,False,True
baseline_lag24,-,keep,2021-05,2021-05-07 09:00:00,170,186.0,False,True
baseline_lag24,-,keep,2021-05,2021-05-07 10:00:00,158,165.0,False,True
baseline_lag24,-,keep,2021-05,2021-05-07 11:00:00,164,171.0,False,True
baseline_lag24,-,keep,2021-05,2021-05-07 12:00:00,106,101.0,False,True
baseline_lag24,-,keep,2021-05,2021-05-07 13:00:00,167,166.0,False,True
baseline_lag24,-,keep,2021-05,2021-05-07 14:00:00,153,160.0,False,True
baseline_lag24,-,keep,2021-05,2021-05-07 15:00:00,133,155.0,False,True
baseline_lag24,-,keep,2021-05,2021-05-07 16:00:00,145,159.0,False,True
baseline_lag24,-,keep,2021-05,2021-05-07 17:00:00,120,125.0,False,True
baseline_lag24,-,keep,2021-05,2021-05-07 18:00:00,108,125.0,False,True
baseline_lag24,-,keep,2021-05,2021-05-07 19:00:00,100,115.0,False,True
baseline_lag24,-,keep,2021-05,2021-05-07 20:00:00,103,128.0,False,True
baseline_lag24,-,keep,2021-05,2021-05-07 21:00:00,102,121.0,False,True
baseline_lag24,-,keep,2021-05,2021-05-07 22:00:00,100,114.0,False,True
baseline_lag24,-,keep,2021-05,2021-05-07 23:00:00,85,101.0,False,True
baseline_lag24,-,keep,2021-05,2021-05-08 00:00:00,61,67.0,False,True
baseline_lag24,-,keep,2021-05,2021-05-08 01:00:00,104,104.0,False,True
baseline_lag24,-,keep,2021-05,2021-05-08 02:00:00,103,102.0,False,True
baseline_lag24,-,keep,2021-05,2021-05-08 03:00:00,103,105.0,False,True
baseline_lag24,-,keep,2021-05,2021-05-08 04:00:00,106,98.0,False,True
baseline_lag24,-,keep,2021-05,2021-05-08 05:00:00,87,89.0,False,True
baseline_lag24,-,keep,2021-05,2021-05-08 06:00:00,104,107.0,False,True
baseline_lag24,-,keep,2021-05,2021-05-08 07:00:00,63,118.0,False,True
baseline_lag24,-,keep,2021-05,2021-05-08 08:00:00,24,172.0,False,True
baseline_lag24,-,keep,2021-05,2021-05-08 09:00:00,22,170.0,False,True
baseline_lag24,-,keep,2021-05,2021-05-08 10:00:00,22,158.0,False,True
baseline_lag24,-,keep,2021-05,2021-05-08 11:00:00,25,164.0,False,True
baseline_lag24,-,keep,2021-05,2021-05-08 12:00:00,23,106.0,False,True
baseline_lag24,-,keep,2021-05,2021-05-08 13:00:00,22,167.0,False,True
baseline_lag24,-,keep,2021-05,2021-05-08 14:00:00,23,153.0,False,True
baseline_lag24,-,keep,2021-05,2021-05-08 15:00:00,24,133.0,False,True
baseline_lag24,-,keep,2021-05,2021-05-08 16:00:00,23,145.0,False,True
baseline_lag24,-,keep,2021-05,2021-05-08 17:00:00,22,120.0,False,True
baseline_lag24,-,keep,2021-05,2021-05-08 18:00:00,24,108.0,False,True
baseline_lag24,-,keep,2021-05,2021-05-08 19:00:00,22,100.0,False,True
baseline_lag24,-,keep,2021-05,2021-05-08 20:00:00,22,103.0,False,True
baseline_lag24,-,keep,2021-05,2021-05-08 21:00:00,25,102.0,False,True
baseline_lag24,-,keep,2021-05,2021-05-08 22:00:00,23,100.0,False,True
baseline_lag24,-,keep,2021-05,2021-05-08 23:00:00,23,85.0,False,True
baseline_lag24,-,keep,2021-05,2021-05-09 00:00:00,23,61.0,False,True
baseline_lag24,-,keep,2021-05,2021-05-09 01:00:00,23,104.0,False,True
baseline_lag24,-,keep,2021-05,2021-05-09 02:00:00,25,103.0,False,True
baseline_lag24,-,keep,2021-05,2021-05-09 03:00:00,23,103.0,False,True
baseline_lag24,-,keep,2021-05,2021-05-09 04:00:00,23,106.0,False,True
baseline_lag24,-,keep,2021-05,2021-05-09 05:00:00,24,87.0,False,True
baseline_lag24,-,keep,2021-05,2021-05-09 06:00:00,24,104.0,False,True
baseline_lag24,-,keep,2021-05,2021-05-09 07:00:00,64,63.0,False,True
baseline_lag24,-,keep,2021-05,2021-05-09 08:00:00,177,24.0,True,True
baseline_lag24,-,keep,2021-05,2021-05-09 09:00:00,158,22.0,False,True
baseline_lag24,-,keep,2021-05,2021-05-09 10:00:00,157,22.0,False,True
baseline_lag24,-,keep,2021-05,2021-05-09 11:00:00,164,25.0,False,True
baseline_lag24,-,keep,2021-05,2021-05-09 12:00:00,106,23.0,False,True
baseline_lag24,-,keep,2021-05,2021-05-09 13:00:00,158,22.0,False,True
baseline_lag24,-,keep,2021-05,2021-05-09 14:00:00,154,23.0,False,True
baseline_lag24,-,keep,2021-05,2021-05-09 15:00:00,141,24.0,False,True
baseline_lag24,-,keep,2021-05,2021-05-09 16:00:00,153,23.0,False,True
baseline_lag24,-,keep,2021-05,2021-05-09 17:00:00,128,22.0,False,True
baseline_lag24,-,keep,2021-05,2021-05-09 18:00:00,159,24.0,False,True
baseline_lag24,-,keep,2021-05,2021-05-09 19:00:00,142,22.0,False,True
baseline_lag24,-,keep,2021-05,2021-05-09 20:00:00,111,22.0,False,True
baseline_lag24,-,keep,2021-05,2021-05-09 21:00:00,120,25.0,False,True
baseline_lag24,-,keep,2021-05,2021-05-09 22:00:00,112,23.0,False,True
baseline_lag24,-,keep,2021-05,2021-05-09 23:00:00,101,23.0,False,True
baseline_lag24,-,keep,2021-05,2021-05-10 00:00:00,23,23.0,False,True
baseline_lag24,-,keep,2021-05,2021-05-10 01:00:00,23,23.0,False,True
baseline_lag24,-,keep,2021-05,2021-05-10 02:00:00,25,25.0,False,True
baseline_lag24,-,keep,2021-05,2021-05-10 03:00:00,23,23.0,False,True
baseline_lag24,-,keep,2021-05,2021-05-10 04:00:00,23,23.0,False,True
baseline_lag24,-,keep,2021-05,2021-05-10 05:00:00,24,24.0,False,True
baseline_lag24,-,keep,2021-05,2021-05-10 06:00:00,24,24.0,False,True
baseline_lag24,-,keep,2021-05,2021-05-10 07:00:00,64,64.0,False,True
baseline_lag24,-,keep,2021-05,2021-05-10 08:00:00,177,177.0,True,True
baseline_lag24,-,keep,2021-05,2021-05-10 09:00:00,158,158.0,False,True
baseline_lag24,-,keep,2021-05,2021-05-10 10:00:00,157,157.0,False,True
baseline_lag24,-,keep,2021-05,2021-05-10 11:00:00,164,164.0,False,True
baseline_lag24,-,keep,2021-05,2021-05-10 12:00:00,106,106.0,False,True
baseline_lag24,-,keep,2021-05,2021-05-10 13:00:00,158,158.0,False,True
baseline_lag24,-,keep,2021-05,2021-05-10 14:00:00,154,154.0,False,True
baseline_lag24,-,keep,2021-05,2021-05-10 15:00:00,141,141.0,False,True
baseline_lag24,-,keep,2021-05,2021-05-10 16:00:00,153,153.0,False,True
baseline_lag24,-,keep,2021-05,2021-05-10 17:00:00,128,128.0,False,True
baseline_lag24,-,keep,2021-05,2021-05-10 18:00:00,159,159.0,False,True
baseline_lag24,-,keep,2021-05,2021-05-10 19:00:00,142,142.0,False,True
baseline_lag24,-,keep,2021-05,2021-05-10 20:00:00,111,111.0,False,True
baseline_lag24,-,keep,2021-05,2021-05-10 21:00:00,120,120.0,False,True
baseline_lag24,-,keep,2021-05,2021-05-10 22:00:00,112,112.0,False,True
baseline_lag24,-,keep,2021-05,2021-05-10 23:00:00,101,101.0,False,True
baseline_lag24,-,keep,2021-05,2021-05-11 00:00:00,64,23.0,False,False
baseline_lag24,-,keep,2021-05,2021-05-11 01:00:00,98,23.0,False,False
baseline_lag24,-,keep,2021-05,2021-05-11 02:00:00,104,25.0,False,False
baseline_lag24,-,keep,2021-05,2021-05-11 03:00:00,101,23.0,False,False
baseline_lag24,-,keep,2021-05,2021-05-11 04:00:00,105,23.0,False,False
baseline_lag24,-,keep,2021-05,2021-05-11 05:00:00,97,24.0,False,False
baseline_lag24,-,keep,2021-05,2021-05-11 06:00:00,107,24.0,False,False
baseline_lag24,-,keep,2021-05,2021-05-11 07:00:00,124,64.0,False,False
baseline_lag24,-,keep,2021-05,2021-05-11 08:00:00,171,177.0,False,False
baseline_lag24,-,keep,2021-05,2021-05-11 09:00:00,173,158.0,True,False
baseline_lag24,-,keep,2021-05,2021-05-11 10:00:00,160,157.0,False,False
baseline_lag24,-,keep,2021-05,2021-05-11 11:00:00,169,164.0,False,False
baseline_lag24,-,keep,2021-05,2021-05-11 12:00:00,100,106.0,False,False
baseline_lag24,-,keep,2021-05,2021-05-11 13:00:00,176,158.0,True,False
baseline_lag24,-,keep,2021-05,2021-05-11 14:00:00,155,154.0,False,False
baseline_lag24,-,keep,2021-05,2021-05-11 15:00:00,151,141.0,False,False
baseline_lag24,-,keep,2021-05,2021-05-11 16:00:00,144,153.0,False,False
baseline_lag24,-,keep,2021-05,2021-05-11 17:00:00,118,128.0,False,False
baseline_lag24,-,keep,2021-05,2021-05-11 18:00:00,138,159.0,False,False
baseline_lag24,-,keep,2021-05,2021-05-11 19:00:00,132,142.0,False,False
baseline_lag24,-,keep,2021-05,2021-05-11 20:00:00,128,111.0,False,False
baseline_lag24,-,keep,2021-05,2021-05-11 21:00:00,125,120.0,False,False
baseline_lag24,-,keep,2021-05,2021-05-11 22:00:00,107,112.0,False,False
baseline_lag24,-,keep,2021-05,2021-05-11 23:00:00,107,101.0,False,False
baseline_lag24,-,keep,2021-05,2021-05-12 00:00:00,67,64.0,False,False
baseline_lag24,-,keep,2021-05,2021-05-12 01:00:00,98,98.0,False,False
baseline_lag24,-,keep,2021-05,2021-05-12 02:00:00,110,104.0,False,False
baseline_lag24,-,keep,2021-05,2021-05-12 03:00:00,96,101.0,False,False
baseline_lag24,-,keep,2021-05,2021-05-12 04:00:00,107,105.0,False,False
baseline_lag24,-,keep,2021-05,2021-05-12 05:00:00,92,97.0,False,False
baseline_lag24,-,keep,2021-05,2021-05-12 06:00:00,104,107.0,False,False
baseline_lag24,-,keep,2021-05,2021-05-12 07:00:00,126,124.0,False,False
baseline_lag24,-,keep,2021-05,2021-05-12 08:00:00,169,171.0,False,False
baseline_lag24,-,keep,2021-05,2021-05-12 09:00:00,160,173.0,False,False
baseline_lag24,-,keep,2021-05,2021-05-12 10:00:00,149,160.0,False,False
baseline_lag24,-,keep,2021-05,2021-05-12 11:00:00,168,169.0,False,False
baseline_lag24,-,keep,2021-05,2021-05-12 12:00:00,94,100.0,False,False
baseline_lag24,-,keep,2021-05,2021-05-12 13:00:00,178,176.0,True,False
baseline_lag24,-,keep,2021-05,2021-05-12 14:00:00,164,155.0,False,False
baseline_lag24,-,keep,2021-05,2021-05-12 15:00:00,153,151.0,False,False
baseline_lag24,-,keep,2021-05,2021-05-12 16:00:00,159,144.0,False,False
baseline_lag24,-,keep,2021-05,2021-05-12 17:00:00,131,118.0,False,False
baseline_lag24,-,keep,2021-05,2021-05-12 18:00:00,157,138.0,False,False
baseline_lag24,-,keep,2021-05,2021-05-12 19:00:00,125,132.0,False,False
baseline_lag24,-,keep,2021-05,2021-05-12 20:00:00,105,128.0,False,False
baseline_lag24,-,keep,2021-05,2021-05-12 21:00:00,110,125.0,False,False
baseline_lag24,-,keep,2021-05,2021-05-12 22:00:00,102,107.0,False,False
baseline_lag24,-,keep,2021-05,2021-05-12 23:00:00,102,107.0,False,False
baseline_lag24,-,keep,2021-05,2021-05-13 00:00:00,70,67.0,False,False
baseline_lag24,-,keep,2021-05,2021-05-13 01:00:00,98,98.0,False,False
baseline_lag24,-,keep,2021-05,2021-05-13 02:00:00,103,110.0,False,False
baseline_lag24,-,keep,2021-05,2021-05-13 03:00:00,100,96.0,False,False
baseline_lag24,-,keep,2021-05,2021-05-13 04:00:00,105,107.0,False,False
baseline_lag24,-,keep,2021-05,2021-05-13 05:00:00,89,92.0,False,False
baseline_lag24,-,keep,2021-05,2021-05-13 06:00:00,101,104.0,False,False
baseline_lag24,-,keep,2021-05,2021-05-13 07:00:00,117,126.0,False,False
baseline_lag24,-,keep,2021-05,2021-05-13 08:00:00,165,169.0,False,False
baseline_lag24,-,keep,2021-05,2021-05-13 09:00:00,163,160.0,False,False
baseline_lag24,-,keep,2021-05,2021-05-13 10:00:00,158,149.0,False,False
baseline_lag24,-,keep,2021-05,2021-05-13 11:00:00,164,168.0,False,False
baseline_lag24,-,keep,2021-05,2021-05-13 12:00:00,96,94.0,False,False
baseline_lag24,-,keep,2021-05,2021-05-13 13:00:00,168,178.0,False,False
baseline_lag24,-,keep,2021-05,2021-05-13 14:00:00,163,164.0,False,False
baseline_lag24,-,keep,2021-05,2021-05-13 15:00:00,139,153.0,False,False
baseline_lag24,-,keep,2021-05,2021-05-13 16:00:00,150,159.0,False,False
baseline_lag24,-,keep,2021-05,2021-05-13 17:00:00,101,131.0,False,False
baseline_lag24,-,keep,2021-05,2021-05-13 18:00:00,102,157.0,False,False
baseline_lag24,-,keep,2021-05,2021-05-13 19:00:00,101,125.0,False,False
baseline_lag24,-,keep,2021-05,2021-05-13 20:00:00,133,105.0,False,False
baseline_lag24,-,keep,2021-05,2021-05-13 21:00:00,127,110.0,False,False
baseline_lag24,-,keep,2021-05,2021-05-13 22:00:00,114,102.0,False,False
baseline_lag24,-,keep,2021-05,2021-05-13 23:00:00,104,102.0,False,False
baseline_lag24,-,keep,2021-05,2021-05-14 00:00:00,67,70.0,False,False
baseline_lag24,-,keep,2021-05,2021-05-14 01:00:00,100,98.0,False,False
baseline_lag24,-,keep,2021-05,2021-05-14 02:00:00,107,103.0,False,False
baseline_lag24,-,keep,2021-05,2021-05-14 03:00:00,97,100.0,False,False
baseline_lag24,-,keep,2021-05,2021-05-14 04:00:00,106,105.0,False,False
baseline_lag24,-,keep,2021-05,2021-05-14 05:00:00,93,89.0,False,False
baseline_lag24,-,keep,2021-05,2021-05-14 06:00:00,100,101.0,False,False
baseline_lag24,-,keep,2021-05,2021-05-14 07:00:00,115,117.0,False,False
baseline_lag24,-,keep,2021-05,2021-05-14 08:00:00,147,165.0,False,False
baseline_lag24,-,keep,2021-05,2021-05-14 09:00:00,140,163.0,False,False
baseline_lag24,-,keep,2021-05,2021-05-14 10:00:00,143,158.0,False,False
baseline_lag24,-,keep,2021-05,2021-05-14 11:00:00,149,164.0,False,False
baseline_lag24,-,keep,2021-05,2021-05-14 12:00:00,91,96.0,False,False
baseline_lag24,-,keep,2021-05,2021-05-14 13:00:00,150,168.0,False,False
baseline_lag24,-,keep,2021-05,2021-05-14 14:00:00,143,163.0,False,False
baseline_lag24,-,keep,2021-05,2021-05-14 15:00:00,137,139.0,False,False
baseline_lag24,-,keep,2021-05,2021-05-14 16:00:00,135,150.0,False,False
baseline_lag24,-,keep,2021-05,2021-05-14 17:00:00,109,101.0,False,False
baseline_lag24,-,keep,2021-05,2021-05-14 18:00:00,146,102.0,False,False
baseline_lag24,-,keep,2021-05,2021-05-14 19:00:00,129,101.0,False,False
baseline_lag24,-,keep,2021-05,2021-05-14 20:00:00,106,133.0,False,False
baseline_lag24,-,keep,2021-05,2021-05-14 21:00:00,110,127.0,False,False
baseline_lag24,-,keep,2021-05,2021-05-14 22:00:00,103,114.0,False,False
baseline_lag24,-,keep,2021-05,2021-05-14 23:00:00,89,104.0,False,False
baseline_lag24,-,keep,2021-05,2021-05-15 00:00:00,54,67.0,False,False
baseline_lag24,-,keep,2021-05,2021-05-15 01:00:00,96,100.0,False,False
baseline_lag24,-,keep,2021-05,2021-05-15 02:00:00,98,107.0,False,False
baseline_lag24,-,keep,2021-05,2021-05-15 03:00:00,93,97.0,False,False
baseline_lag24,-,keep,2021-05,2021-05-15 04:00:00,101,106.0,False,False
baseline_lag24,-,keep,2021-05,2021-05-15 05:00:00,80,93.0,False,False
baseline_lag24,-,keep,2021-05,2021-05-15 06:00:00,98,100.0,False,False
baseline_lag24,-,keep,2021-05,2021-05-15 07:00:00,69,115.0,False,False
baseline_lag24,-,keep,2021-05,2021-05-15 08:00:00,22,147.0,False,False
baseline_lag24,-,keep,2021-05,2021-05-15 09:00:00,20,140.0,False,False
baseline_lag24,-,keep,2021-05,2021-05-15 10:00:00,20,143.0,False,False
baseline_lag24,-,keep,2021-05,2021-05-15 11:00:00,22,149.0,False,False
baseline_lag24,-,keep,2021-05,2021-05-15 12:00:00,20,91.0,False,False
baseline_lag24,-,keep,2021-05,2021-05-15 13:00:00,19,150.0,False,False
baseline_lag24,-,keep,2021-05,2021-05-15 14:00:00,21,143.0,False,False
baseline_lag24,-,keep,2021-05,2021-05-15 15:00:00,20,137.0,False,False
baseline_lag24,-,keep,2021-05,2021-05-15 16:00:00,20,135.0,False,False
baseline_lag24,-,keep,2021-05,2021-05-15 17:00:00,20,109.0,False,False
baseline_lag24,-,keep,2021-05,2021-05-15 18:00:00,22,146.0,False,False
baseline_lag24,-,keep,2021-05,2021-05-15 19:00:00,20,129.0,False,False
baseline_lag24,-,keep,2021-05,2021-05-15 20:00:00,20,106.0,False,False
baseline_lag24,-,keep,2021-05,2021-05-15 21:00:00,23,110.0,False,False
baseline_lag24,-,keep,2021-05,2021-05-15 22:00:00,21,103.0,False,False
baseline_lag24,-,keep,2021-05,2021-05-15 23:00:00,20,89.0,False,False
baseline_lag24,-,keep,2021-05,2021-05-16 00:00:00,20,54.0,False,True
baseline_lag24,-,keep,2021-05,2021-05-16 01:00:00,23,96.0,False,True
baseline_lag24,-,keep,2021-05,2021-05-16 02:00:00,20,98.0,False,True
baseline_lag24,-,keep,2021-05,2021-05-16 03:00:00,20,93.0,False,True
baseline_lag24,-,keep,2021-05,2021-05-16 04:00:00,22,101.0,False,True
baseline_lag24,-,keep,2021-05,2021-05-16 05:00:00,20,80.0,False,True
baseline_lag24,-,keep,2021-05,2021-05-16 06:00:00,20,98.0,False,True
baseline_lag24,-,keep,2021-05,2021-05-16 07:00:00,20,69.0,False,True
baseline_lag24,-,keep,2021-05,2021-05-16 08:00:00,21,22.0,False,True
baseline_lag24,-,keep,2021-05,2021-05-16 09:00:00,20,20.0,False,True
baseline_lag24,-,keep,2021-05,2021-05-16 10:00:00,21,20.0,False,True
baseline_lag24,-,keep,2021-05,2021-05-16 11:00:00,21,22.0,False,True
baseline_lag24,-,keep,2021-05,2021-05-16 12:00:00,20,20.0,False,True
baseline_lag24,-,keep,2021-05,2021-05-16 13:00:00,20,19.0,False,True
baseline_lag24,-,keep,2021-05,2021-05-16 14:00:00,22,21.0,False,True
baseline_lag24,-,keep,2021-05,2021-05-16 15:00:00,20,20.0,False,True
baseline_lag24,-,keep,2021-05,2021-05-16 16:00:00,20,20.0,False,True
baseline_lag24,-,keep,2021-05,2021-05-16 17:00:00,23,20.0,False,True
baseline_lag24,-,keep,2021-05,2021-05-16 18:00:00,19,22.0,False,True
baseline_lag24,-,keep,2021-05,2021-05-16 19:00:00,20,20.0,False,True
baseline_lag24,-,keep,2021-05,2021-05-16 20:00:00,21,20.0,False,True
baseline_lag24,-,keep,2021-05,2021-05-16 21:00:00,21,23.0,False,True
baseline_lag24,-,keep,2021-05,2021-05-16 22:00:00,20,21.0,False,True
baseline_lag24,-,keep,2021-05,2021-05-16 23:00:00,21,20.0,False,True
baseline_lag24,-,keep,2021-05,2021-05-17 00:00:00,22,20.0,False,False
baseline_lag24,-,keep,2021-05,2021-05-17 01:00:00,20,23.0,False,False
baseline_lag24,-,keep,2021-05,2021-05-17 02:00:00,20,20.0,False,False
baseline_lag24,-,keep,2021-05,2021-05-17 03:00:00,22,20.0,False,False
baseline_lag24,-,keep,2021-05,2021-05-17 04:00:00,20,22.0,False,False
baseline_lag24,-,keep,2021-05,2021-05-17 05:00:00,20,20.0,False,False
baseline_lag24,-,keep,2021-05,2021-05-17 06:00:00,22,20.0,False,False
baseline_lag24,-,keep,2021-05,2021-05-17 07:00:00,50,20.0,False,False
baseline_lag24,-,keep,2021-05,2021-05-17 08:00:00,174,21.0,True,False
baseline_lag24,-,keep,2021-05,2021-05-17 09:00:00,160,20.0,False,False
baseline_lag24,-,keep,2021-05,2021-05-17 10:00:00,164,21.0,False,False
baseline_lag24,-,keep,2021-05,2021-05-17 11:00:00,169,21.0,False,False
baseline_lag24,-,keep,2021-05,2021-05-17 12:00:00,104,20.0,False,False
baseline_lag24,-,keep,2021-05,2021-05-17 13:00:00,170,20.0,False,False
baseline_lag24,-,keep,2021-05,2021-05-17 14:00:00,163,22.0,False,False
baseline_lag24,-,keep,2021-05,2021-05-17 15:00:00,157,20.0,False,False
baseline_lag24,-,keep,2021-05,2021-05-17 16:00:00,161,20.0,False,False
baseline_lag24,-,keep,2021-05,2021-05-17 17:00:00,138,23.0,False,False
baseline_lag24,-,keep,2021-05,2021-05-17 18:00:00,152,19.0,False,False
baseline_lag24,-,keep,2021-05,2021-05-17 19:00:00,128,20.0,False,False
baseline_lag24,-,keep,2021-05,2021-05-17 20:00:00,96,21.0,False,False
baseline_lag24,-,keep,2021-05,2021-05-17 21:00:00,89,21.0,False,False
baseline_lag24,-,keep,2021-05,2021-05-17 22:00:00,93,20.0,False,False
baseline_lag24,-,keep,2021-05,2021-05-17 23:00:00,87,21.0,False,False
baseline_lag24,-,keep,2021-05,2021-05-18 00:00:00,64,22.0,False,True
baseline_lag24,-,keep,2021-05,2021-05-18 01:00:00,93,20.0,False,True
baseline_lag24,-,keep,2021-05,2021-05-18 02:00:00,94,20.0,False,True
baseline_lag24,-,keep,2021-05,2021-05-18 03:00:00,88,22.0,False,True
baseline_lag24,-,keep,2021-05,2021-05-18 04:00:00,85,20.0,False,True
baseline_lag24,-,keep,2021-05,2021-05-18 05:00:00,81,20.0,False,True
baseline_lag24,-,keep,2021-05,2021-05-18 06:00:00,95,22.0,False,True
baseline_lag24,-,keep,2021-05,2021-05-18 07:00:00,115,50.0,False,True
baseline_lag24,-,keep,2021-05,2021-05-18 08:00:00,170,174.0,False,True
baseline_lag24,-,keep,2021-05,2021-05-18 09:00:00,171,160.0,False,True
baseline_lag24,-,keep,2021-05,2021-05-18 10:00:00,159,164.0,False,True
baseline_lag24,-,keep,2021-05,2021-05-18 11:00:00,167,169.0,False,True
baseline_lag24,-,keep,2021-05,2021-05-18 12:00:00,99,104.0,False,True
baseline_lag24,-,keep,2021-05,2021-05-18 13:00:00,177,170.0,True,True
baseline_lag24,-,keep,2021-05,2021-05-18 14:00:00,167,163.0,False,True
baseline_lag24,-,keep,2021-05,2021-05-18 15:00:00,162,157.0,False,True
baseline_lag24,-,keep,2021-05,2021-05-18 16:00:00,154,161.0,False,True
baseline_lag24,-,keep,2021-05,2021-05-18 17:00:00,118,138.0,False,True
baseline_lag24,-,keep,2021-05,2021-05-18 18:00:00,146,152.0,False,True
baseline_lag24,-,keep,2021-05,2021-05-18 19:00:00,144,128.0,False,True
baseline_lag24,-,keep,2021-05,2021-05-18 20:00:00,115,96.0,False,True
baseline_lag24,-,keep,2021-05,2021-05-18 21:00:00,112,89.0,False,True
baseline_lag24,-,keep,2021-05,2021-05-18 22:00:00,100,93.0,False,True
baseline_lag24,-,keep,2021-05,2021-05-18 23:00:00,93,87.0,False,True
baseline_lag24,-,keep,2021-05,2021-05-19 00:00:00,62,64.0,False,False
baseline_lag24,-,keep,2021-05,2021-05-19 01:00:00,89,93.0,False,False
baseline_lag24,-,keep,2021-05,2021-05-19 02:00:00,97,94.0,False,False
baseline_lag24,-,keep,2021-05,2021-05-19 03:00:00,96,88.0,False,False
baseline_lag24,-,keep,2021-05,2021-05-19 04:00:00,94,85.0,False,False
baseline_lag24,-,keep,2021-05,2021-05-19 05:00:00,79,81.0,False,False
baseline_lag24,-,keep,2021-05,2021-05-19 06:00:00,95,95.0,False,False
baseline_lag24,-,keep,2021-05,2021-05-19 07:00:00,54,115.0,False,False
baseline_lag24,-,keep,2021-05,2021-05-19 08:00:00,21,170.0,False,False
baseline_lag24,-,keep,2021-05,2021-05-19 09:00:00,23,171.0,False,False
baseline_lag24,-,keep,2021-05,2021-05-19 10:00:00,21,159.0,False,False
baseline_lag24,-,keep,2021-05,2021-05-19 11:00:00,21,167.0,False,False
baseline_lag24,-,keep,2021-05,2021-05-19 12:00:00,22,99.0,False,False
baseline_lag24,-,keep,2021-05,2021-05-19 13:00:00,21,177.0,False,False
baseline_lag24,-,keep,2021-05,2021-05-19 14:00:00,20,167.0,False,False
baseline_lag24,-,keep,2021-05,2021-05-19 15:00:00,20,162.0,False,False
baseline_lag24,-,keep,2021-05,2021-05-19 16:00:00,23,154.0,False,False
baseline_lag24,-,keep,2021-05,2021-05-19 17:00:00,21,118.0,False,False
baseline_lag24,-,keep,2021-05,2021-05-19 18:00:00,21,146.0,False,False
baseline_lag24,-,keep,2021-05,2021-05-19 19:00:00,23,144.0,False,False
baseline_lag24,-,keep,2021-05,2021-05-19 20:00:00,21,115.0,False,False
baseline_lag24,-,keep,2021-05,2021-05-19 21:00:00,22,112.0,False,False
baseline_lag24,-,keep,2021-05,2021-05-19 22:00:00,23,100.0,False,False
baseline_lag24,-,keep,2021-05,2021-05-19 23:00:00,21,93.0,False,False
baseline_lag24,-,keep,2021-05,2021-05-20 00:00:00,20,62.0,False,False
baseline_lag24,-,keep,2021-05,2021-05-20 01:00:00,21,89.0,False,False
baseline_lag24,-,keep,2021-05,2021-05-20 02:00:00,22,97.0,False,False
baseline_lag24,-,keep,2021-05,2021-05-20 03:00:00,20,96.0,False,False
baseline_lag24,-,keep,2021-05,2021-05-20 04:00:00,20,94.0,False,False
baseline_lag24,-,keep,2021-05,2021-05-20 05:00:00,23,79.0,False,False
baseline_lag24,-,keep,2021-05,2021-05-20 06:00:00,20,95.0,False,False
baseline_lag24,-,keep,2021-05,2021-05-20 07:00:00,64,54.0,False,False
baseline_lag24,-,keep,2021-05,2021-05-20 08:00:00,170,21.0,False,False
baseline_lag24,-,keep,2021-05,2021-05-20 09:00:00,162,23.0,False,False
baseline_lag24,-,keep,2021-05,2021-05-20 10:00:00,157,21.0,False,False
baseline_lag24,-,keep,2021-05,2021-05-20 11:00:00,172,21.0,False,False
baseline_lag24,-,keep,2021-05,2021-05-20 12:00:00,106,22.0,False,False
baseline_lag24,-,keep,2021-05,2021-05-20 13:00:00,166,21.0,False,False
baseline_lag24,-,keep,2021-05,2021-05-20 14:00:00,163,20.0,False,False
baseline_lag24,-,keep,2021-05,2021-05-20 15:00:00,150,20.0,False,False
baseline_lag24,-,keep,2021-05,2021-05-20 16:00:00,152,23.0,False,False
baseline_lag24,-,keep,2021-05,2021-05-20 17:00:00,101,21.0,False,False
baseline_lag24,-,keep,2021-05,2021-05-20 18:00:00,106,21.0,False,False
baseline_lag24,-,keep,2021-05,2021-05-20 19:00:00,109,23.0,False,False
baseline_lag24,-,keep,2021-05,2021-05-20 20:00:00,110,21.0,False,False
baseline_lag24,-,keep,2021-05,2021-05-20 21:00:00,103,22.0,False,False
baseline_lag24,-,keep,2021-05,2021-05-20 22:00:00,101,23.0,False,False
baseline_lag24,-,keep,2021-05,2021-05-20 23:00:00,93,21.0,False,False
baseline_lag24,-,keep,2021-05,2021-05-21 00:00:00,61,20.0,False,False
baseline_lag24,-,keep,2021-05,2021-05-21 01:00:00,94,21.0,False,False
baseline_lag24,-,keep,2021-05,2021-05-21 02:00:00,107,22.0,False,False
baseline_lag24,-,keep,2021-05,2021-05-21 03:00:00,98,20.0,False,False
baseline_lag24,-,keep,2021-05,2021-05-21 04:00:00,95,20.0,False,False
baseline_lag24,-,keep,2021-05,2021-05-21 05:00:00,82,23.0,False,False
baseline_lag24,-,keep,2021-05,2021-05-21 06:00:00,102,20.0,False,False
baseline_lag24,-,keep,2021-05,2021-05-21 07:00:00,121,64.0,False,False
baseline_lag24,-,keep,2021-05,2021-05-21 08:00:00,153,170.0,False,False
baseline_lag24,-,keep,2021-05,2021-05-21 09:00:00,144,162.0,False,False
baseline_lag24,-,keep,2021-05,2021-05-21 10:00:00,140,157.0,False,False
baseline_lag24,-,keep,2021-05,2021-05-21 11:00:00,156,172.0,False,False
baseline_lag24,-,keep,2021-05,2021-05-21 12:00:00,93,106.0,False,False
baseline_lag24,-,keep,2021-05,2021-05-21 13:00:00,149,166.0,False,False
baseline_lag24,-,keep,2021-05,2021-05-21 14:00:00,153,163.0,False,False
baseline_lag24,-,keep,2021-05,2021-05-21 15:00:00,132,150.0,False,False
baseline_lag24,-,keep,2021-05,2021-05-21 16:00:00,144,152.0,False,False
baseline_lag24,-,keep,2021-05,2021-05-21 17:00:00,121,101.0,False,False
baseline_lag24,-,keep,2021-05,2021-05-21 18:00:00,132,106.0,False,False
baseline_lag24,-,keep,2021-05,2021-05-21 19:00:00,124,109.0,False,False
baseline_lag24,-,keep,2021-05,2021-05-21 20:00:00,103,110.0,False,False
baseline_lag24,-,keep,2021-05,2021-05-21 21:00:00,105,103.0,False,False
baseline_lag24,-,keep,2021-05,2021-05-21 22:00:00,101,101.0,False,False
baseline_lag24,-,keep,2021-05,2021-05-21 23:00:00,93,93.0,False,False
baseline_lag24,-,keep,2021-05,2021-05-22 00:00:00,59,61.0,False,True
baseline_lag24,-,keep,2021-05,2021-05-22 01:00:00,101,94.0,False,True
baseline_lag24,-,keep,2021-05,2021-05-22 02:00:00,96,107.0,False,True
baseline_lag24,-,keep,2021-05,2021-05-22 03:00:00,99,98.0,False,True
baseline_lag24,-,keep,2021-05,2021-05-22 04:00:00,101,95.0,False,True
baseline_lag24,-,keep,2021-05,2021-05-22 05:00:00,84,82.0,False,True
baseline_lag24,-,keep,2021-05,2021-05-22 06:00:00,102,102.0,False,True
baseline_lag24,-,keep,2021-05,2021-05-22 07:00:00,56,121.0,False,True
baseline_lag24,-,keep,2021-05,2021-05-22 08:00:00,20,153.0,False,True
baseline_lag24,-,keep,2021-05,2021-05-22 09:00:00,20,144.0,False,True
baseline_lag24,-,keep,2021-05,2021-05-22 10:00:00,23,140.0,False,True
baseline_lag24,-,keep,2021-05,2021-05-22 11:00:00,21,156.0,False,True
baseline_lag24,-,keep,2021-05,2021-05-22 12:00:00,20,93.0,False,True
baseline_lag24,-,keep,2021-05,2021-05-22 13:00:00,22,149.0,False,True
baseline_lag24,-,keep,2021-05,2021-05-22 14:00:00,21,153.0,False,True
baseline_lag24,-,keep,2021-05,2021-05-22 15:00:00,20,132.0,False,True
baseline_lag24,-,keep,2021-05,2021-05-22 16:00:00,21,144.0,False,True
baseline_lag24,-,keep,2021-05,2021-05-22 17:00:00,22,121.0,False,True
baseline_lag24,-,keep,2021-05,2021-05-22 18:00:00,20,132.0,False,True
baseline_lag24,-,keep,2021-05,2021-05-22 19:00:00,20,124.0,False,True
baseline_lag24,-,keep,2021-05,2021-05-22 20:00:00,23,103.0,False,True
baseline_lag24,-,keep,2021-05,2021-05-22 21:00:00,21,105.0,False,True
baseline_lag24,-,keep,2021-05,2021-05-22 22:00:00,20,101.0,False,True
baseline_lag24,-,keep,2021-05,2021-05-22 23:00:00,23,93.0,False,True
baseline_lag24,-,keep,2021-05,2021-05-23 00:00:00,21,59.0,False,False
baseline_lag24,-,keep,2021-05,2021-05-23 01:00:00,21,101.0,False,False
baseline_lag24,-,keep,2021-05,2021-05-23 02:00:00,23,96.0,False,False
baseline_lag24,-,keep,2021-05,2021-05-23 03:00:00,21,99.0,False,False
baseline_lag24,-,keep,2021-05,2021-05-23 04:00:00,21,101.0,False,False
baseline_lag24,-,keep,2021-05,2021-05-23 05:00:00,22,84.0,False,False
baseline_lag24,-,keep,2021-05,2021-05-23 06:00:00,22,102.0,False,False
baseline_lag24,-,keep,2021-05,2021-05-23 07:00:00,20,56.0,False,False
baseline_lag24,-,keep,2021-05,2021-05-23 08:00:00,20,20.0,False,False
baseline_lag24,-,keep,2021-05,2021-05-23 09:00:00,23,20.0,False,False
baseline_lag24,-,keep,2021-05,2021-05-23 10:00:00,20,23.0,False,False
baseline_lag24,-,keep,2021-05,2021-05-23 11:00:00,21,21.0,False,False
baseline_lag24,-,keep,2021-05,2021-05-23 12:00:00,23,20.0,False,False
baseline_lag24,-,keep,2021-05,2021-05-23 13:00:00,21,22.0,False,False
baseline_lag24,-,keep,2021-05,2021-05-23 14:00:00,20,21.0,False,False
baseline_lag24,-,keep,2021-05,2021-05-23 15:00:00,21,20.0,False,False
baseline_lag24,-,keep,2021-05,2021-05-23 16:00:00,22,21.0,False,False
baseline_lag24,-,keep,2021-05,2021-05-23 17:00:00,20,22.0,False,False
baseline_lag24,-,keep,2021-05,2021-05-23 18:00:00,21,20.0,False,False
baseline_lag24,-,keep,2021-05,2021-05-23 19:00:00,22,20.0,False,False
baseline_lag24,-,keep,2021-05,2021-05-23 20:00:00,20,23.0,False,False
baseline_lag24,-,keep,2021-05,2021-05-23 21:00:00,21,21.0,False,False
baseline_lag24,-,keep,2021-05,2021-05-23 22:00:00,23,20.0,False,False
baseline_lag24,-,keep,2021-05,2021-05-23 23:00:00,21,23.0,False,False
baseline_lag24,-,keep,2021-05,2021-05-24 00:00:00,20,21.0,False,True
baseline_lag24,-,keep,2021-05,2021-05-24 01:00:00,23,21.0,False,True
baseline_lag24,-,keep,2021-05,2021-05-24 02:00:00,20,23.0,False,True
baseline_lag24,-,keep,2021-05,2021-05-24 03:00:00,20,21.0,False,True
baseline_lag24,-,keep,2021-05,2021-05-24 04:00:00,23,21.0,False,True
baseline_lag24,-,keep,2021-05,2021-05-24 05:00:00,20,22.0,False,True
baseline_lag24,-,keep,2021-05,2021-05-24 06:00:00,20,22.0,False,True
baseline_lag24,-,keep,2021-05,2021-05-24 07:00:00,54,20.0,False,True
baseline_lag24,-,keep,2021-05,2021-05-24 08:00:00,160,20.0,False,True
baseline_lag24,-,keep,2021-05,2021-05-24 09:00:00,163,23.0,False,True
baseline_lag24,-,keep,2021-05,2021-05-24 10:00:00,155,20.0,False,True
baseline_lag24,-,keep,2021-05,2021-05-24 11:00:00,164,21.0,False,True
baseline_lag24,-,keep,2021-05,2021-05-24 12:00:00,104,23.0,False,True
baseline_lag24,-,keep,2021-05,2021-05-24 13:00:00,155,21.0,False,True
baseline_lag24,-,keep,2021-05,2021-05-24 14:00:00,159,20.0,False,True
baseline_lag24,-,keep,2021-05,2021-05-24 15:00:00,154,21.0,False,True
baseline_lag24,-,keep,2021-05,2021-05-24 16:00:00,147,22.0,False,True
baseline_lag24,-,keep,2021-05,2021-05-24 17:00:00,129,20.0,False,True
baseline_lag24,-,keep,2021-05,2021-05-24 18:00:00,147,21.0,False,True
baseline_lag24,-,keep,2021-05,2021-05-24 19:00:00,130,22.0,False,True
baseline_lag24,-,keep,2021-05,2021-05-24 20:00:00,106,20.0,False,True
baseline_lag24,-,keep,2021-05,2021-05-24 21:00:00,106,21.0,False,True
baseline_lag24,-,keep,2021-05,2021-05-24 22:00:00,105,23.0,False,True
baseline_lag24,-,keep,2021-05,2021-05-24 23:00:00,98,21.0,False,True
baseline_lag24,-,keep,2021-05,2021-05-25 00:00:00,58,20.0,False,True
baseline_lag24,-,keep,2021-05,2021-05-25 01:00:00,99,23.0,False,True
baseline_lag24,-,keep,2021-05,2021-05-25 02:00:00,101,20.0,False,True
baseline_lag24,-,keep,2021-05,2021-05-25 03:00:00,98,20.0,False,True
baseline_lag24,-,keep,2021-05,2021-05-25 04:00:00,104,23.0,False,True
baseline_lag24,-,keep,2021-05,2021-05-25 05:00:00,89,20.0,False,True
baseline_lag24,-,keep,2021-05,2021-05-25 06:00:00,106,20.0,False,True
baseline_lag24,-,keep,2021-05,2021-05-25 07:00:00,122,54.0,False,True
baseline_lag24,-,keep,2021-05,2021-05-25 08:00:00,163,160.0,False,True
baseline_lag24,-,keep,2021-05,2021-05-25 09:00:00,153,163.0,False,True
baseline_lag24,-,keep,2021-05,2021-05-25 10:00:00,161,155.0,False,True
baseline_lag24,-,keep,2021-05,2021-05-25 11:00:00,156,164.0,False,True
baseline_lag24,-,keep,2021-05,2021-05-25 12:00:00,92,104.0,False,True
baseline_lag24,-,keep,2021-05,2021-05-25 13:00:00,151,155.0,False,True
baseline_lag24,-,keep,2021-05,2021-05-25 14:00:00,161,159.0,False,True
baseline_lag24,-,keep,2021-05,2021-05-25 15:00:00,148,154.0,False,True
baseline_lag24,-,keep,2021-05,2021-05-25 16:00:00,151,147.0,False,True
baseline_lag24,-,keep,2021-05,2021-05-25 17:00:00,112,129.0,False,True
baseline_lag24,-,keep,2021-05,2021-05-25 18:00:00,141,147.0,False,True
baseline_lag24,-,keep,2021-05,2021-05-25 19:00:00,130,130.0,False,True
baseline_lag24,-,keep,2021-05,2021-05-25 20:00:00,119,106.0,False,True
baseline_lag24,-,keep,2021-05,2021-05-25 21:00:00,119,106.0,False,True
baseline_lag24,-,keep,2021-05,2021-05-25 22:00:00,106,105.0,False,True
baseline_lag24,-,keep,2021-05,2021-05-25 23:00:00,100,98.0,False,True
baseline_lag24,-,keep,2021-05,2021-05-26 00:00:00,58,58.0,False,False
baseline_lag24,-,keep,2021-05,2021-05-26 01:00:00,98,99.0,False,False
baseline_lag24,-,keep,2021-05,2021-05-26 02:00:00,101,101.0,False,False
baseline_lag24,-,keep,2021-05,2021-05-26 03:00:00,103,98.0,False,False
baseline_lag24,-,keep,2021-05,2021-05-26 04:00:00,100,104.0,False,False
baseline_lag24,-,keep,2021-05,2021-05-26 05:00:00,94,89.0,False,False
baseline_lag24,-,keep,2021-05,2021-05-26 06:00:00,100,106.0,False,False
baseline_lag24,-,keep,2021-05,2021-05-26 07:00:00,121,122.0,False,False
baseline_lag24,-,keep,2021-05,2021-05-26 08:00:00,155,163.0,False,False
baseline_lag24,-,keep,2021-05,2021-05-26 09:00:00,154,153.0,False,False
baseline_lag24,-,keep,2021-05,2021-05-26 10:00:00,147,161.0,False,False
baseline_lag24,-,keep,2021-05,2021-05-26 11:00:00,157,156.0,False,False
baseline_lag24,-,keep,2021-05,2021-05-26 12:00:00,91,92.0,False,False
baseline_lag24,-,keep,2021-05,2021-05-26 13:00:00,157,151.0,False,False
baseline_lag24,-,keep,2021-05,2021-05-26 14:00:00,157,161.0,False,False
baseline_lag24,-,keep,2021-05,2021-05-26 15:00:00,145,148.0,False,False
baseline_lag24,-,keep,2021-05,2021-05-26 16:00:00,137,151.0,False,False
baseline_lag24,-,keep,2021-05,2021-05-26 17:00:00,117,112.0,False,False
baseline_lag24,-,keep,2021-05,2021-05-26 18:00:00,133,141.0,False,False
baseline_lag24,-,keep,2021-05,2021-05-26 19:00:00,131,130.0,False,False
baseline_lag24,-,keep,2021-05,2021-05-26 20:00:00,115,119.0,False,False
baseline_lag24,-,keep,2021-05,2021-05-26 21:00:00,104,119.0,False,False
baseline_lag24,-,keep,2021-05,2021-05-26 22:00:00,97,106.0,False,False
baseline_lag24,-,keep,2021-05,2021-05-26 23:00:00,98,100.0,False,False
baseline_lag24,-,keep,2021-05,2021-05-27 00:00:00,62,58.0,False,True
baseline_lag24,-,keep,2021-05,2021-05-27 01:00:00,95,98.0,False,True
baseline_lag24,-,keep,2021-05,2021-05-27 02:00:00,101,101.0,False,True
baseline_lag24,-,keep,2021-05,2021-05-27 03:00:00,94,103.0,False,True
baseline_lag24,-,keep,2021-05,2021-05-27 04:00:00,99,100.0,False,True
baseline_lag24,-,keep,2021-05,2021-05-27 05:00:00,86,94.0,False,True
baseline_lag24,-,keep,2021-05,2021-05-27 06:00:00,96,100.0,False,True
baseline_lag24,-,keep,2021-05,2021-05-27 07:00:00,126,121.0,False,True
baseline_lag24,-,keep,2021-05,2021-05-27 08:00:00,152,155.0,False,True
baseline_lag24,-,keep,2021-05,2021-05-27 09:00:00,164,154.0,False,True
baseline_lag24,-,keep,2021-05,2021-05-27 10:00:00,148,147.0,False,True
baseline_lag24,-,keep,2021-05,2021-05-27 11:00:00,165,157.0,False,True
baseline_lag24,-,keep,2021-05,2021-05-27 12:00:00,90,91.0,False,True
baseline_lag24,-,keep,2021-05,2021-05-27 13:00:00,164,157.0,False,True
baseline_lag24,-,keep,2021-05,2021-05-27 14:00:00,152,157.0,False,True
baseline_lag24,-,keep,2021-05,2021-05-27 15:00:00,144,145.0,False,True
baseline_lag24,-,keep,2021-05,2021-05-27 16:00:00,144,137.0,False,True
baseline_lag24,-,keep,2021-05,2021-05-27 17:00:00,114,117.0,False,True
baseline_lag24,-,keep,2021-05,2021-05-27 18:00:00,124,133.0,False,True
baseline_lag24,-,keep,2021-05,2021-05-27 19:00:00,99,131.0,False,True
baseline_lag24,-,keep,2021-05,2021-05-27 20:00:00,118,115.0,False,True
baseline_lag24,-,keep,2021-05,2021-05-27 21:00:00,113,104.0,False,True
baseline_lag24,-,keep,2021-05,2021-05-27 22:00:00,102,97.0,False,True
baseline_lag24,-,keep,2021-05,2021-05-27 23:00:00,97,98.0,False,True
baseline_lag24,-,keep,2021-05,2021-05-28 00:00:00,61,62.0,False,True
baseline_lag24,-,keep,2021-05,2021-05-28 01:00:00,100,95.0,False,True
baseline_lag24,-,keep,2021-05,2021-05-28 02:00:00,102,101.0,False,True
baseline_lag24,-,keep,2021-05,2021-05-28 03:00:00,99,94.0,False,True
baseline_lag24,-,keep,2021-05,2021-05-28 04:00:00,105,99.0,False,True
baseline_lag24,-,keep,2021-05,2021-05-28 05:00:00,92,86.0,False,True
baseline_lag24,-,keep,2021-05,2021-05-28 06:00:00,109,96.0,False,True
baseline_lag24,-,keep,2021-05,2021-05-28 07:00:00,115,126.0,False,True
baseline_lag24,-,keep,2021-05,2021-05-28 08:00:00,164,152.0,False,True
baseline_lag24,-,keep,2021-05,2021-05-28 09:00:00,160,164.0,False,True
baseline_lag24,-,keep,2021-05,2021-05-28 10:00:00,151,148.0,False,True
baseline_lag24,-,keep,2021-05,2021-05-28 11:00:00,167,165.0,False,True
baseline_lag24,-,keep,2021-05,2021-05-28 12:00:00,98,90.0,False,True
baseline_lag24,-,keep,2021-05,2021-05-28 13:00:00,162,164.0,False,True
baseline_lag24,-,keep,2021-05,2021-05-28 14:00:00,151,152.0,False,True
baseline_lag24,-,keep,2021-05,2021-05-28 15:00:00,140,144.0,False,True
baseline_lag24,-,keep,2021-05,2021-05-28 16:00:00,137,144.0,False,True
baseline_lag24,-,keep,2021-05,2021-05-28 17:00:00,125,114.0,False,True
baseline_lag24,-,keep,2021-05,2021-05-28 18:00:00,148,124.0,False,True
baseline_lag24,-,keep,2021-05,2021-05-28 19:00:00,117,99.0,False,True
baseline_lag24,-,keep,2021-05,2021-05-28 20:00:00,105,118.0,False,True
baseline_lag24,-,keep,2021-05,2021-05-28 21:00:00,111,113.0,False,True
baseline_lag24,-,keep,2021-05,2021-05-28 22:00:00,103,102.0,False,True
baseline_lag24,-,keep,2021-05,2021-05-28 23:00:00,95,97.0,False,True
baseline_lag24,-,keep,2021-05,2021-05-29 00:00:00,61,61.0,False,False
baseline_lag24,-,keep,2021-05,2021-05-29 01:00:00,99,100.0,False,False
baseline_lag24,-,keep,2021-05,2021-05-29 02:00:00,95,102.0,False,False
baseline_lag24,-,keep,2021-05,2021-05-29 03:00:00,96,99.0,False,False
baseline_lag24,-,keep,2021-05,2021-05-29 04:00:00,102,105.0,False,False
baseline_lag24,-,keep,2021-05,2021-05-29 05:00:00,88,92.0,False,False
baseline_lag24,-,keep,2021-05,2021-05-29 06:00:00,100,109.0,False,False
baseline_lag24,-,keep,2021-05,2021-05-29 07:00:00,65,115.0,False,False
baseline_lag24,-,keep,2021-05,2021-05-29 08:00:00,23,164.0,False,False
baseline_lag24,-,keep,2021-05,2021-05-29 09:00:00,21,160.0,False,False
baseline_lag24,-,keep,2021-05,2021-05-29 10:00:00,21,151.0,False,False
baseline_lag24,-,keep,2021-05,2021-05-29 11:00:00,23,167.0,False,False
baseline_lag24,-,keep,2021-05,2021-05-29 12:00:00,21,98.0,False,False
baseline_lag24,-,keep,2021-05,2021-05-29 13:00:00,21,162.0,False,False
baseline_lag24,-,keep,2021-05,2021-05-29 14:00:00,23,151.0,False,False
baseline_lag24,-,keep,2021-05,2021-05-29 15:00:00,22,140.0,False,False
baseline_lag24,-,keep,2021-05,2021-05-29 16:00:00,21,137.0,False,False
baseline_lag24,-,keep,2021-05,2021-05-29 17:00:00,22,125.0,False,False
baseline_lag24,-,keep,2021-05,2021-05-29 18:00:00,23,148.0,False,False
baseline_lag24,-,keep,2021-05,2021-05-29 19:00:00,21,117.0,False,False
baseline_lag24,-,keep,2021-05,2021-05-29 20:00:00,21,105.0,False,False
baseline_lag24,-,keep,2021-05,2021-05-29 21:00:00,23,111.0,False,False
baseline_lag24,-,keep,2021-05,2021-05-29 22:00:00,21,103.0,False,False
baseline_lag24,-,keep,2021-05,2021-05-29 23:00:00,21,95.0,False,False
baseline_lag24,-,keep,2021-05,2021-05-30 00:00:00,24,61.0,False,True
baseline_lag24,-,keep,2021-05,2021-05-30 01:00:00,21,99.0,False,True
baseline_lag24,-,keep,2021-05,2021-05-30 02:00:00,21,95.0,False,True
baseline_lag24,-,keep,2021-05,2021-05-30 03:00:00,23,96.0,False,True
baseline_lag24,-,keep,2021-05,2021-05-30 04:00:00,23,102.0,False,True
baseline_lag24,-,keep,2021-05,2021-05-30 05:00:00,21,88.0,False,True
baseline_lag24,-,keep,2021-05,2021-05-30 06:00:00,21,100.0,False,True
baseline_lag24,-,keep,2021-05,2021-05-30 07:00:00,24,65.0,False,True
baseline_lag24,-,keep,2021-05,2021-05-30 08:00:00,21,23.0,False,True
baseline_lag24,-,keep,2021-05,2021-05-30 09:00:00,21,21.0,False,True
baseline_lag24,-,keep,2021-05,2021-05-30 10:00:00,23,21.0,False,True
baseline_lag24,-,keep,2021-05,2021-05-30 11:00:00,22,23.0,False,True
baseline_lag24,-,keep,2021-05,2021-05-30 12:00:00,21,21.0,False,True
baseline_lag24,-,keep,2021-05,2021-05-30 13:00:00,21,21.0,False,True
baseline_lag24,-,keep,2021-05,2021-05-30 14:00:00,23,23.0,False,True
baseline_lag24,-,keep,2021-05,2021-05-30 15:00:00,21,22.0,False,True
baseline_lag24,-,keep,2021-05,2021-05-30 16:00:00,21,21.0,False,True
baseline_lag24,-,keep,2021-05,2021-05-30 17:00:00,23,22.0,False,True
baseline_lag24,-,keep,2021-05,2021-05-30 18:00:00,21,23.0,False,True
baseline_lag24,-,keep,2021-05,2021-05-30 19:00:00,21,21.0,False,True
baseline_lag24,-,keep,2021-05,2021-05-30 20:00:00,23,21.0,False,True
baseline_lag24,-,keep,2021-05,2021-05-30 21:00:00,21,23.0,False,True
baseline_lag24,-,keep,2021-05,2021-05-30 22:00:00,21,21.0,False,True
baseline_lag24,-,keep,2021-05,2021-05-30 23:00:00,24,21.0,False,True
baseline_lag24,-,keep,2021-05,2021-05-31 00:00:00,21,24.0,False,False
baseline_lag24,-,keep,2021-05,2021-05-31 01:00:00,21,21.0,False,False
baseline_lag24,-,keep,2021-05,2021-05-31 02:00:00,21,21.0,False,False
baseline_lag24,-,keep,2021-05,2021-05-31 03:00:00,23,23.0,False,False
baseline_lag24,-,keep,2021-05,2021-05-31 04:00:00,21,23.0,False,False
baseline_lag24,-,keep,2021-05,2021-05-31 05:00:00,21,21.0,False,False
baseline_lag24,-,keep,2021-05,2021-05-31 06:00:00,24,21.0,False,False
baseline_lag24,-,keep,2021-05,2021-05-31 07:00:00,49,24.0,False,False
baseline_lag24,-,keep,2021-05,2021-05-31 08:00:00,160,21.0,False,False
baseline_lag24,-,keep,2021-05,2021-05-31 09:00:00,169,21.0,False,False
baseline_lag24,-,keep,2021-05,2021-05-31 10:00:00,160,23.0,False,False
baseline_lag24,-,keep,2021-05,2021-05-31 11:00:00,167,22.0,False,False
baseline_lag24,-,keep,2021-05,2021-05-31 12:00:00,104,21.0,False,False
baseline_lag24,-,keep,2021-05,2021-05-31 13:00:00,159,21.0,False,False
baseline_lag24,-,keep,2021-05,2021-05-31 14:00:00,156,23.0,False,False
baseline_lag24,-,keep,2021-05,2021-05-31 15:00:00,142,21.0,False,False
baseline_lag24,-,keep,2021-05,2021-05-31 16:00:00,147,21.0,False,False
baseline_lag24,-,keep,2021-05,2021-05-31 17:00:00,125,23.0,False,False
baseline_lag24,-,keep,2021-05,2021-05-31 18:00:00,157,21.0,False,False
baseline_lag24,-,keep,2021-05,2021-05-31 19:00:00,146,21.0,False,False
baseline_lag24,-,keep,2021-05,2021-05-31 20:00:00,113,23.0,False,False
baseline_lag24,-,keep,2021-05,2021-05-31 21:00:00,113,21.0,False,False
baseline_lag24,-,keep,2021-05,2021-05-31 22:00:00,103,21.0,False,False
baseline_lag24,-,keep,2021-05,2021-05-31 23:00:00,99,24.0,False,False
baseline_lag24,-,keep,2021-06,2021-06-01 00:00:00,61,21.0,False,True
baseline_lag24,-,keep,2021-06,2021-06-01 01:00:00,99,21.0,False,True
baseline_lag24,-,keep,2021-06,2021-06-01 02:00:00,104,21.0,False,True
baseline_lag24,-,keep,2021-06,2021-06-01 03:00:00,103,23.0,False,True
baseline_lag24,-,keep,2021-06,2021-06-01 04:00:00,105,21.0,False,True
baseline_lag24,-,keep,2021-06,2021-06-01 05:00:00,90,21.0,False,True
baseline_lag24,-,keep,2021-06,2021-06-01 06:00:00,109,24.0,False,True
baseline_lag24,-,keep,2021-06,2021-06-01 07:00:00,122,49.0,False,True
baseline_lag24,-,keep,2021-06,2021-06-01 08:00:00,179,160.0,True,True
baseline_lag24,-,keep,2021-06,2021-06-01 09:00:00,173,169.0,True,True
baseline_lag24,-,keep,2021-06,2021-06-01 10:00:00,171,160.0,True,True
baseline_lag24,-,keep,2021-06,2021-06-01 11:00:00,174,167.0,True,True
baseline_lag24,-,keep,2021-06,2021-06-01 12:00:00,94,104.0,False,True
baseline_lag24,-,keep,2021-06,2021-06-01 13:00:00,170,159.0,False,True
baseline_lag24,-,keep,2021-06,2021-06-01 14:00:00,165,156.0,False,True
baseline_lag24,-,keep,2021-06,2021-06-01 15:00:00,152,142.0,False,True
baseline_lag24,-,keep,2021-06,2021-06-01 16:00:00,162,147.0,False,True
baseline_lag24,-,keep,2021-06,2021-06-01 17:00:00,124,125.0,False,True
baseline_lag24,-,keep,2021-06,2021-06-01 18:00:00,147,157.0,False,True
baseline_lag24,-,keep,2021-06,2021-06-01 19:00:00,144,146.0,False,True
baseline_lag24,-,keep,2021-06,2021-06-01 20:00:00,121,113.0,False,True
baseline_lag24,-,keep,2021-06,2021-06-01 21:00:00,121,113.0,False,True
baseline_lag24,-,keep,2021-06,2021-06-01 22:00:00,106,103.0,False,True
baseline_lag24,-,keep,2021-06,2021-06-01 23:00:00,99,99.0,False,True
baseline_lag24,-,keep,2021-06,2021-06-02 00:00:00,62,61.0,False,True
baseline_lag24,-,keep,2021-06,2021-06-02 01:00:00,102,99.0,False,True
baseline_lag24,-,keep,2021-06,2021-06-02 02:00:00,109,104.0,False,True
baseline_lag24,-,keep,2021-06,2021-06-02 03:00:00,104,103.0,False,True
baseline_lag24,-,keep,2021-06,2021-06-02 04:00:00,100,105.0,False,True
baseline_lag24,-,keep,2021-06,2021-06-02 05:00:00,85,90.0,False,True
baseline_lag24,-,keep,2021-06,2021-06-02 06:00:00,103,109.0,False,True
baseline_lag24,-,keep,2021-06,2021-06-02 07:00:00,132,122.0,False,True
baseline_lag24,-,keep,2021-06,2021-06-02 08:00:00,172,179.0,True,True
baseline_lag24,-,keep,2021-06,2021-06-02 09:00:00,177,173.0,True,True
baseline_lag24,-,keep,2021-06,2021-06-02 10:00:00,173,171.0,True,True
baseline_lag24,-,keep,2021-06,2021-06-02 11:00:00,168,174.0,False,True
baseline_lag24,-,keep,2021-06,2021-06-02 12:00:00,103,94.0,False,True
baseline_lag24,-,keep,2021-06,2021-06-02 13:00:00,182,170.0,True,True
baseline_lag24,-,keep,2021-06,2021-06-02 14:00:00,177,165.0,True,True
baseline_lag24,-,keep,2021-06,2021-06-02 15:00:00,156,152.0,False,True
baseline_lag24,-,keep,2021-06,2021-06-02 16:00:00,167,162.0,False,True
baseline_lag24,-,keep,2021-06,2021-06-02 17:00:00,136,124.0,False,True
baseline_lag24,-,keep,2021-06,2021-06-02 18:00:00,152,147.0,False,True
baseline_lag24,-,keep,2021-06,2021-06-02 19:00:00,128,144.0,False,True
baseline_lag24,-,keep,2021-06,2021-06-02 20:00:00,113,121.0,False,True
baseline_lag24,-,keep,2021-06,2021-06-02 21:00:00,111,121.0,False,True
baseline_lag24,-,keep,2021-06,2021-06-02 22:00:00,101,106.0,False,True
baseline_lag24,-,keep,2021-06,2021-06-02 23:00:00,96,99.0,False,True
baseline_lag24,-,keep,2021-06,2021-06-03 00:00:00,66,62.0,False,True
baseline_lag24,-,keep,2021-06,2021-06-03 01:00:00,105,102.0,False,True
baseline_lag24,-,keep,2021-06,2021-06-03 02:00:00,113,109.0,False,True
baseline_lag24,-,keep,2021-06,2021-06-03 03:00:00,105,104.0,False,True
baseline_lag24,-,keep,2021-06,2021-06-03 04:00:00,106,100.0,False,True
baseline_lag24,-,keep,2021-06,2021-06-03 05:00:00,91,85.0,False,True
baseline_lag24,-,keep,2021-06,2021-06-03 06:00:00,112,103.0,False,True
baseline_lag24,-,keep,2021-06,2021-06-03 07:00:00,129,132.0,False,True
baseline_lag24,-,keep,2021-06,2021-06-03 08:00:00,170,172.0,False,True
baseline_lag24,-,keep,2021-06,2021-06-03 09:00:00,170,177.0,False,True
baseline_lag24,-,keep,2021-06,2021-06-03 10:00:00,156,173.0,False,True
baseline_lag24,-,keep,2021-06,2021-06-03 11:00:00,162,168.0,False,True
baseline_lag24,-,keep,2021-06,2021-06-03 12:00:00,102,103.0,False,True
baseline_lag24,-,keep,2021-06,2021-06-03 13:00:00,158,182.0,False,True
baseline_lag24,-,keep,2021-06,2021-06-03 14:00:00,159,177.0,False,True
baseline_lag24,-,keep,2021-06,2021-06-03 15:00:00,151,156.0,False,True
baseline_lag24,-,keep,2021-06,2021-06-03 16:00:00,160,167.0,False,True
baseline_lag24,-,keep,2021-06,2021-06-03 17:00:00,132,136.0,False,True
baseline_lag24,-,keep,2021-06,2021-06-03 18:00:00,132,152.0,False,True
baseline_lag24,-,keep,2021-06,2021-06-03 19:00:00,115,128.0,False,True
baseline_lag24,-,keep,2021-06,2021-06-03 20:00:00,122,113.0,False,True
baseline_lag24,-,keep,2021-06,2021-06-03 21:00:00,123,111.0,False,True
baseline_lag24,-,keep,2021-06,2021-06-03 22:00:00,113,101.0,False,True
baseline_lag24,-,keep,2021-06,2021-06-03 23:00:00,105,96.0,False,True
baseline_lag24,-,keep,2021-06,2021-06-04 00:00:00,68,66.0,False,True
baseline_lag24,-,keep,2021-06,2021-06-04 01:00:00,108,105.0,False,True
baseline_lag24,-,keep,2021-06,2021-06-04 02:00:00,110,113.0,False,True
baseline_lag24,-,keep,2021-06,2021-06-04 03:00:00,107,105.0,False,True
baseline_lag24,-,keep,2021-06,2021-06-04 04:00:00,109,106.0,False,True
baseline_lag24,-,keep,2021-06,2021-06-04 05:00:00,90,91.0,False,True
baseline_lag24,-,keep,2021-06,2021-06-04 06:00:00,109,112.0,False,True
baseline_lag24,-,keep,2021-06,2021-06-04 07:00:00,128,129.0,False,True
baseline_lag24,-,keep,2021-06,2021-06-04 08:00:00,156,170.0,False,True
baseline_lag24,-,keep,2021-06,2021-06-04 09:00:00,160,170.0,False,True
baseline_lag24,-,keep,2021-06,2021-06-04 10:00:00,157,156.0,False,True
baseline_lag24,-,keep,2021-06,2021-06-04 11:00:00,149,162.0,False,True
baseline_lag24,-,keep,2021-06,2021-06-04 12:00:00,89,102.0,False,True
baseline_lag24,-,keep,2021-06,2021-06-04 13:00:00,155,158.0,False,True
baseline_lag24,-,keep,2021-06,2021-06-04 14:00:00,152,159.0,False,True
baseline_lag24,-,keep,2021-06,2021-06-04 15:00:00,140,151.0,False,True
baseline_lag24,-,keep,2021-06,2021-06-04 16:00:00,142,160.0,False,True
baseline_lag24,-,keep,2021-06,2021-06-04 17:00:00,122,132.0,False,True
baseline_lag24,-,keep,2021-06,2021-06-04 18:00:00,139,132.0,False,True
baseline_lag24,-,keep,2021-06,2021-06-04 19:00:00,113,115.0,False,True
baseline_lag24,-,keep,2021-06,2021-06-04 20:00:00,101,122.0,False,True
baseline_lag24,-,keep,2021-06,2021-06-04 21:00:00,108,123.0,False,True
baseline_lag24,-,keep,2021-06,2021-06-04 22:00:00,107,113.0,False,True
baseline_lag24,-,keep,2021-06,2021-06-04 23:00:00,97,105.0,False,True
baseline_lag24,-,keep,2021-06,2021-06-05 00:00:00,63,68.0,False,True
baseline_lag24,-,keep,2021-06,2021-06-05 01:00:00,105,108.0,False,True
baseline_lag24,-,keep,2021-06,2021-06-05 02:00:00,104,110.0,False,True
baseline_lag24,-,keep,2021-06,2021-06-05 03:00:00,105,107.0,False,True
baseline_lag24,-,keep,2021-06,2021-06-05 04:00:00,107,109.0,False,True
baseline_lag24,-,keep,2021-06,2021-06-05 05:00:00,92,90.0,False,True
baseline_lag24,-,keep,2021-06,2021-06-05 06:00:00,107,109.0,False,True
baseline_lag24,-,keep,2021-06,2021-06-05 07:00:00,61,128.0,False,True
baseline_lag24,-,keep,2021-06,2021-06-05 08:00:00,24,156.0,False,True
baseline_lag24,-,keep,2021-06,2021-06-05 09:00:00,22,160.0,False,True
baseline_lag24,-,keep,2021-06,2021-06-05 10:00:00,22,157.0,False,True
baseline_lag24,-,keep,2021-06,2021-06-05 11:00:00,25,149.0,False,True
baseline_lag24,-,keep,2021-06,2021-06-05 12:00:00,22,89.0,False,True
baseline_lag24,-,keep,2021-06,2021-06-05 13:00:00,22,155.0,False,True
baseline_lag24,-,keep,2021-06,2021-06-05 14:00:00,23,152.0,False,True
baseline_lag24,-,keep,2021-06,2021-06-05 15:00:00,25,140.0,False,True
baseline_lag24,-,keep,2021-06,2021-06-05 16:00:00,23,142.0,False,True
baseline_lag24,-,keep,2021-06,2021-06-05 17:00:00,22,122.0,False,True
baseline_lag24,-,keep,2021-06,2021-06-05 18:00:00,25,139.0,False,True
baseline_lag24,-,keep,2021-06,2021-06-05 19:00:00,22,113.0,False,True
baseline_lag24,-,keep,2021-06,2021-06-05 20:00:00,22,101.0,False,True
baseline_lag24,-,keep,2021-06,2021-06-05 21:00:00,24,108.0,False,True
baseline_lag24,-,keep,2021-06,2021-06-05 22:00:00,23,107.0,False,True
baseline_lag24,-,keep,2021-06,2021-06-05 23:00:00,22,97.0,False,True
baseline_lag24,-,keep,2021-06,2021-06-06 00:00:00,22,63.0,False,True
baseline_lag24,-,keep,2021-06,2021-06-06 01:00:00,25,105.0,False,True
baseline_lag24,-,keep,2021-06,2021-06-06 02:00:00,22,104.0,False,True
baseline_lag24,-,keep,2021-06,2021-06-06 03:00:00,22,105.0,False,True
baseline_lag24,-,keep,2021-06,2021-06-06 04:00:00,24,107.0,False,True
baseline_lag24,-,keep,2021-06,2021-06-06 05:00:00,22,92.0,False,True
baseline_lag24,-,keep,2021-06,2021-06-06 06:00:00,22,107.0,False,True
baseline_lag24,-,keep,2021-06,2021-06-06 07:00:00,24,61.0,False,True
baseline_lag24,-,keep,2021-06,2021-06-06 08:00:00,22,24.0,False,True
baseline_lag24,-,keep,2021-06,2021-06-06 09:00:00,23,22.0,False,True
baseline_lag24,-,keep,2021-06,2021-06-06 10:00:00,23,22.0,False,True
baseline_lag24,-,keep,2021-06,2021-06-06 11:00:00,24,25.0,False,True
baseline_lag24,-,keep,2021-06,2021-06-06 12:00:00,22,22.0,False,True
baseline_lag24,-,keep,2021-06,2021-06-06 13:00:00,22,22.0,False,True
baseline_lag24,-,keep,2021-06,2021-06-06 14:00:00,24,23.0,False,True
baseline_lag24,-,keep,2021-06,2021-06-06 15:00:00,22,25.0,False,True
baseline_lag24,-,keep,2021-06,2021-06-06 16:00:00,23,23.0,False,True
baseline_lag24,-,keep,2021-06,2021-06-06 17:00:00,23,22.0,False,True
baseline_lag24,-,keep,2021-06,2021-06-06 18:00:00,23,25.0,False,True
baseline_lag24,-,keep,2021-06,2021-06-06 19:00:00,22,22.0,False,True
baseline_lag24,-,keep,2021-06,2021-06-06 20:00:00,22,22.0,False,True
baseline_lag24,-,keep,2021-06,2021-06-06 21:00:00,25,24.0,False,True
baseline_lag24,-,keep,2021-06,2021-06-06 22:00:00,23,23.0,False,True
baseline_lag24,-,keep,2021-06,2021-06-06 23:00:00,23,22.0,False,True
baseline_lag24,-,keep,2021-06,2021-06-07 00:00:00,23,22.0,False,True
baseline_lag24,-,keep,2021-06,2021-06-07 01:00:00,23,25.0,False,True
baseline_lag24,-,keep,2021-06,2021-06-07 02:00:00,22,22.0,False,True
baseline_lag24,-,keep,2021-06,2021-06-07 03:00:00,22,22.0,False,True
baseline_lag24,-,keep,2021-06,2021-06-07 04:00:00,24,24.0,False,True
baseline_lag24,-,keep,2021-06,2021-06-07 05:00:00,22,22.0,False,True
baseline_lag24,-,keep,2021-06,2021-06-07 06:00:00,22,22.0,False,True
baseline_lag24,-,keep,2021-06,2021-06-07 07:00:00,56,24.0,False,True
baseline_lag24,-,keep,2021-06,2021-06-07 08:00:00,171,22.0,True,True
baseline_lag24,-,keep,2021-06,2021-06-07 09:00:00,166,23.0,False,True
baseline_lag24,-,keep,2021-06,2021-06-07 10:00:00,161,23.0,False,True
baseline_lag24,-,keep,2021-06,2021-06-07 11:00:00,168,24.0,False,True
baseline_lag24,-,keep,2021-06,2021-06-07 12:00:00,115,22.0,False,True
baseline_lag24,-,keep,2021-06,2021-06-07 13:00:00,175,22.0,True,True
baseline_lag24,-,keep,2021-06,2021-06-07 14:00:00,175,24.0,True,True
baseline_lag24,-,keep,2021-06,2021-06-07 15:00:00,163,22.0,False,True
baseline_lag24,-,keep,2021-06,2021-06-07 16:00:00,165,23.0,False,True
baseline_lag24,-,keep,2021-06,2021-06-07 17:00:00,136,23.0,False,True
baseline_lag24,-,keep,2021-06,2021-06-07 18:00:00,152,23.0,False,True
baseline_lag24,-,keep,2021-06,2021-06-07 19:00:00,130,22.0,False,True
baseline_lag24,-,keep,2021-06,2021-06-07 20:00:00,108,22.0,False,True
baseline_lag24,-,keep,2021-06,2021-06-07 21:00:00,111,25.0,False,True
baseline_lag24,-,keep,2021-06,2021-06-07 22:00:00,95,23.0,False,True
baseline_lag24,-,keep,2021-06,2021-06-07 23:00:00,98,23.0,False,True
baseline_lag24,-,keep,2021-06,2021-06-08 00:00:00,63,23.0,False,True
baseline_lag24,-,keep,2021-06,2021-06-08 01:00:00,99,23.0,False,True
baseline_lag24,-,keep,2021-06,2021-06-08 02:00:00,103,22.0,False,True
baseline_lag24,-,keep,2021-06,2021-06-08 03:00:00,100,22.0,False,True
baseline_lag24,-,keep,2021-06,2021-06-08 04:00:00,105,24.0,False,True
baseline_lag24,-,keep,2021-06,2021-06-08 05:00:00,87,22.0,False,True
baseline_lag24,-,keep,2021-06,2021-06-08 06:00:00,98,22.0,False,True
baseline_lag24,-,keep,2021-06,2021-06-08 07:00:00,93,56.0,False,True
baseline_lag24,-,keep,2021-06,2021-06-08 08:00:00,154,171.0,False,True
baseline_lag24,-,keep,2021-06,2021-06-08 09:00:00,160,166.0,False,True
baseline_lag24,-,keep,2021-06,2021-06-08 10:00:00,142,161.0,False,True
baseline_lag24,-,keep,2021-06,2021-06-08 11:00:00,164,168.0,False,True
baseline_lag24,-,keep,2021-06,2021-06-08 12:00:00,103,115.0,False,True
baseline_lag24,-,keep,2021-06,2021-06-08 13:00:00,165,175.0,False,True
baseline_lag24,-,keep,2021-06,2021-06-08 14:00:00,166,175.0,False,True
baseline_lag24,-,keep,2021-06,2021-06-08 15:00:00,161,163.0,False,True
baseline_lag24,-,keep,2021-06,2021-06-08 16:00:00,158,165.0,False,True
baseline_lag24,-,keep,2021-06,2021-06-08 17:00:00,136,136.0,False,True
baseline_lag24,-,keep,2021-06,2021-06-08 18:00:00,154,152.0,False,True
baseline_lag24,-,keep,2021-06,2021-06-08 19:00:00,142,130.0,False,True
baseline_lag24,-,keep,2021-06,2021-06-08 20:00:00,129,108.0,False,True
baseline_lag24,-,keep,2021-06,2021-06-08 21:00:00,121,111.0,False,True
baseline_lag24,-,keep,2021-06,2021-06-08 22:00:00,107,95.0,False,True
baseline_lag24,-,keep,2021-06,2021-06-08 23:00:00,101,98.0,False,True
baseline_lag24,-,keep,2021-06,2021-06-09 00:00:00,68,63.0,False,True
baseline_lag24,-,keep,2021-06,2021-06-09 01:00:00,99,99.0,False,True
baseline_lag24,-,keep,2021-06,2021-06-09 02:00:00,104,103.0,False,True
baseline_lag24,-,keep,2021-06,2021-06-09 03:00:00,103,100.0,False,True
baseline_lag24,-,keep,2021-06,2021-06-09 04:00:00,100,105.0,False,True
baseline_lag24,-,keep,2021-06,2021-06-09 05:00:00,85,87.0,False,True
baseline_lag24,-,keep,2021-06,2021-06-09 06:00:00,103,98.0,False,True
baseline_lag24,-,keep,2021-06,2021-06-09 07:00:00,128,93.0,False,True
baseline_lag24,-,keep,2021-06,2021-06-09 08:00:00,169,154.0,False,True
baseline_lag24,-,keep,2021-06,2021-06-09 09:00:00,172,160.0,True,True
baseline_lag24,-,keep,2021-06,2021-06-09 10:00:00,166,142.0,False,True
baseline_lag24,-,keep,2021-06,2021-06-09 11:00:00,172,164.0,True,True
baseline_lag24,-,keep,2021-06,2021-06-09 12:00:00,110,103.0,False,True
baseline_lag24,-,keep,2021-06,2021-06-09 13:00:00,169,165.0,False,True
baseline_lag24,-,keep,2021-06,2021-06-09 14:00:00,165,166.0,False,True
baseline_lag24,-,keep,2021-06,2021-06-09 15:00:00,158,161.0,False,True
baseline_lag24,-,keep,2021-06,2021-06-09 16:00:00,151,158.0,False,True
baseline_lag24,-,keep,2021-06,2021-06-09 17:00:00,129,136.0,False,True
baseline_lag24,-,keep,2021-06,2021-06-09 18:00:00,155,154.0,False,True
baseline_lag24,-,keep,2021-06,2021-06-09 19:00:00,132,142.0,False,True
baseline_lag24,-,keep,2021-06,2021-06-09 20:00:00,109,129.0,False,True
baseline_lag24,-,keep,2021-06,2021-06-09 21:00:00,105,121.0,False,True
baseline_lag24,-,keep,2021-06,2021-06-09 22:00:00,101,107.0,False,True
baseline_lag24,-,keep,2021-06,2021-06-09 23:00:00,95,101.0,False,True
baseline_lag24,-,keep,2021-06,2021-06-10 00:00:00,65,68.0,False,True
baseline_lag24,-,keep,2021-06,2021-06-10 01:00:00,103,99.0,False,True
baseline_lag24,-,keep,2021-06,2021-06-10 02:00:00,104,104.0,False,True
baseline_lag24,-,keep,2021-06,2021-06-10 03:00:00,99,103.0,False,True
baseline_lag24,-,keep,2021-06,2021-06-10 04:00:00,106,100.0,False,True
baseline_lag24,-,keep,2021-06,2021-06-10 05:00:00,91,85.0,False,True
baseline_lag24,-,keep,2021-06,2021-06-10 06:00:00,104,103.0,False,True
baseline_lag24,-,keep,2021-06,2021-06-10 07:00:00,119,128.0,False,True
baseline_lag24,-,keep,2021-06,2021-06-10 08:00:00,155,169.0,False,True
baseline_lag24,-,keep,2021-06,2021-06-10 09:00:00,166,172.0,False,True
baseline_lag24,-,keep,2021-06,2021-06-10 10:00:00,164,166.0,False,True
baseline_lag24,-,keep,2021-06,2021-06-10 11:00:00,161,172.0,False,True
baseline_lag24,-,keep,2021-06,2021-06-10 12:00:00,111,110.0,False,True
baseline_lag24,-,keep,2021-06,2021-06-10 13:00:00,153,169.0,False,True
baseline_lag24,-,keep,2021-06,2021-06-10 14:00:00,162,165.0,False,True
baseline_lag24,-,keep,2021-06,2021-06-10 15:00:00,152,158.0,False,True
baseline_lag24,-,keep,2021-06,2021-06-10 16:00:00,153,151.0,False,True
baseline_lag24,-,keep,2021-06,2021-06-10 17:00:00,130,129.0,False,True
baseline_lag24,-,keep,2021-06,2021-06-10 18:00:00,122,155.0,False,True
baseline_lag24,-,keep,2021-06,2021-06-10 19:00:00,123,132.0,False,True
baseline_lag24,-,keep,2021-06,2021-06-10 20:00:00,133,109.0,False,True
baseline_lag24,-,keep,2021-06,2021-06-10 21:00:00,129,105.0,False,True
baseline_lag24,-,keep,2021-06,2021-06-10 22:00:00,118,101.0,False,True
baseline_lag24,-,keep,2021-06,2021-06-10 23:00:00,105,95.0,False,True
baseline_lag24,-,keep,2021-06,2021-06-11 00:00:00,70,65.0,False,True
baseline_lag24,-,keep,2021-06,2021-06-11 01:00:00,107,103.0,False,True
baseline_lag24,-,keep,2021-06,2021-06-11 02:00:00,104,104.0,False,True
baseline_lag24,-,keep,2021-06,2021-06-11 03:00:00,101,99.0,False,True
baseline_lag24,-,keep,2021-06,2021-06-11 04:00:00,111,106.0,False,True
baseline_lag24,-,keep,2021-06,2021-06-11 05:00:00,90,91.0,False,True
baseline_lag24,-,keep,2021-06,2021-06-11 06:00:00,105,104.0,False,True
baseline_lag24,-,keep,2021-06,2021-06-11 07:00:00,133,119.0,False,True
baseline_lag24,-,keep,2021-06,2021-06-11 08:00:00,168,155.0,False,True
baseline_lag24,-,keep,2021-06,2021-06-11 09:00:00,168,166.0,False,True
baseline_lag24,-,keep,2021-06,2021-06-11 10:00:00,156,164.0,False,True
baseline_lag24,-,keep,2021-06,2021-06-11 11:00:00,168,161.0,False,True
baseline_lag24,-,keep,2021-06,2021-06-11 12:00:00,104,111.0,False,True
baseline_lag24,-,keep,2021-06,2021-06-11 13:00:00,154,153.0,False,True
baseline_lag24,-,keep,2021-06,2021-06-11 14:00:00,159,162.0,False,True
baseline_lag24,-,keep,2021-06,2021-06-11 15:00:00,150,152.0,False,True
baseline_lag24,-,keep,2021-06,2021-06-11 16:00:00,157,153.0,False,True
baseline_lag24,-,keep,2021-06,2021-06-11 17:00:00,136,130.0,False,True
baseline_lag24,-,keep,2021-06,2021-06-11 18:00:00,145,122.0,False,True
baseline_lag24,-,keep,2021-06,2021-06-11 19:00:00,136,123.0,False,True
baseline_lag24,-,keep,2021-06,2021-06-11 20:00:00,121,133.0,False,True
baseline_lag24,-,keep,2021-06,2021-06-11 21:00:00,109,129.0,False,True
baseline_lag24,-,keep,2021-06,2021-06-11 22:00:00,104,118.0,False,True
baseline_lag24,-,keep,2021-06,2021-06-11 23:00:00,100,105.0,False,True
baseline_lag24,-,keep,2021-06,2021-06-12 00:00:00,66,70.0,False,True
baseline_lag24,-,keep,2021-06,2021-06-12 01:00:00,106,107.0,False,True
baseline_lag24,-,keep,2021-06,2021-06-12 02:00:00,104,104.0,False,True
baseline_lag24,-,keep,2021-06,2021-06-12 03:00:00,107,101.0,False,True
baseline_lag24,-,keep,2021-06,2021-06-12 04:00:00,109,111.0,False,True
baseline_lag24,-,keep,2021-06,2021-06-12 05:00:00,90,90.0,False,True
baseline_lag24,-,keep,2021-06,2021-06-12 06:00:00,102,105.0,False,True
baseline_lag24,-,keep,2021-06,2021-06-12 07:00:00,71,133.0,False,True
baseline_lag24,-,keep,2021-06,2021-06-12 08:00:00,23,168.0,False,True
baseline_lag24,-,keep,2021-06,2021-06-12 09:00:00,25,168.0,False,True
baseline_lag24,-,keep,2021-06,2021-06-12 10:00:00,26,156.0,False,True
baseline_lag24,-,keep,2021-06,2021-06-12 11:00:00,26,168.0,False,True
baseline_lag24,-,keep,2021-06,2021-06-12 12:00:00,25,104.0,False,True
baseline_lag24,-,keep,2021-06,2021-06-12 13:00:00,23,154.0,False,True
baseline_lag24,-,keep,2021-06,2021-06-12 14:00:00,22,159.0,False,True
baseline_lag24,-,keep,2021-06,2021-06-12 15:00:00,23,150.0,False,True
baseline_lag24,-,keep,2021-06,2021-06-12 16:00:00,25,157.0,False,True
baseline_lag24,-,keep,2021-06,2021-06-12 17:00:00,23,136.0,False,True
baseline_lag24,-,keep,2021-06,2021-06-12 18:00:00,22,145.0,False,True
baseline_lag24,-,keep,2021-06,2021-06-12 19:00:00,25,136.0,False,True
baseline_lag24,-,keep,2021-06,2021-06-12 20:00:00,23,121.0,False,True
baseline_lag24,-,keep,2021-06,2021-06-12 21:00:00,23,109.0,False,True
baseline_lag24,-,keep,2021-06,2021-06-12 22:00:00,23,104.0,False,True
baseline_lag24,-,keep,2021-06,2021-06-12 23:00:00,24,100.0,False,True
baseline_lag24,-,keep,2021-06,2021-06-13 00:00:00,23,66.0,False,True
baseline_lag24,-,keep,2021-06,2021-06-13 01:00:00,22,106.0,False,True
baseline_lag24,-,keep,2021-06,2021-06-13 02:00:00,25,104.0,False,True
baseline_lag24,-,keep,2021-06,2021-06-13 03:00:00,22,107.0,False,True
baseline_lag24,-,keep,2021-06,2021-06-13 04:00:00,23,109.0,False,True
baseline_lag24,-,keep,2021-06,2021-06-13 05:00:00,22,90.0,False,True
baseline_lag24,-,keep,2021-06,2021-06-13 06:00:00,24,102.0,False,True
baseline_lag24,-,keep,2021-06,2021-06-13 07:00:00,22,71.0,False,True
baseline_lag24,-,keep,2021-06,2021-06-13 08:00:00,22,23.0,False,True
baseline_lag24,-,keep,2021-06,2021-06-13 09:00:00,24,25.0,False,True
baseline_lag24,-,keep,2021-06,2021-06-13 10:00:00,22,26.0,False,True
baseline_lag24,-,keep,2021-06,2021-06-13 11:00:00,22,26.0,False,True
baseline_lag24,-,keep,2021-06,2021-06-13 12:00:00,24,25.0,False,True
baseline_lag24,-,keep,2021-06,2021-06-13 13:00:00,23,23.0,False,True
baseline_lag24,-,keep,2021-06,2021-06-13 14:00:00,22,22.0,False,True
baseline_lag24,-,keep,2021-06,2021-06-13 15:00:00,22,23.0,False,True
baseline_lag24,-,keep,2021-06,2021-06-13 16:00:00,25,25.0,False,True
baseline_lag24,-,keep,2021-06,2021-06-13 17:00:00,22,23.0,False,True
baseline_lag24,-,keep,2021-06,2021-06-13 18:00:00,22,22.0,False,True
baseline_lag24,-,keep,2021-06,2021-06-13 19:00:00,24,25.0,False,True
baseline_lag24,-,keep,2021-06,2021-06-13 20:00:00,22,23.0,False,True
baseline_lag24,-,keep,2021-06,2021-06-13 21:00:00,23,23.0,False,True
baseline_lag24,-,keep,2021-06,2021-06-13 22:00:00,23,23.0,False,True
baseline_lag24,-,keep,2021-06,2021-06-13 23:00:00,24,24.0,False,True
baseline_lag24,-,keep,2021-06,2021-06-14 00:00:00,22,23.0,False,True
baseline_lag24,-,keep,2021-06,2021-06-14 01:00:00,22,22.0,False,True
baseline_lag24,-,keep,2021-06,2021-06-14 02:00:00,24,25.0,False,True
baseline_lag24,-,keep,2021-06,2021-06-14 03:00:00,22,22.0,False,True
baseline_lag24,-,keep,2021-06,2021-06-14 04:00:00,23,23.0,False,True
baseline_lag24,-,keep,2021-06,2021-06-14 05:00:00,24,22.0,False,True
baseline_lag24,-,keep,2021-06,2021-06-14 06:00:00,23,24.0,False,True
baseline_lag24,-,keep,2021-06,2021-06-14 07:00:00,62,22.0,False,True
baseline_lag24,-,keep,2021-06,2021-06-14 08:00:00,183,22.0,True,True
baseline_lag24,-,keep,2021-06,2021-06-14 09:00:00,178,24.0,True,True
baseline_lag24,-,keep,2021-06,2021-06-14 10:00:00,171,22.0,True,True
baseline_lag24,-,keep,2021-06,2021-06-14 11:00:00,181,22.0,True,True
baseline_lag24,-,keep,2021-06,2021-06-14 12:00:00,119,24.0,False,True
baseline_lag24,-,keep,2021-06,2021-06-14 13:00:00,186,23.0,True,True
baseline_lag24,-,keep,2021-06,2021-06-14 14:00:00,177,22.0,True,True
baseline_lag24,-,keep,2021-06,2021-06-14 15:00:00,178,22.0,True,True
baseline_lag24,-,keep,2021-06,2021-06-14 16:00:00,171,25.0,True,True
baseline_lag24,-,keep,2021-06,2021-06-14 17:00:00,146,22.0,False,True
baseline_lag24,-,keep,2021-06,2021-06-14 18:00:00,173,22.0,True,True
baseline_lag24,-,keep,2021-06,2021-06-14 19:00:00,150,24.0,False,True
baseline_lag24,-,keep,2021-06,2021-06-14 20:00:00,119,22.0,False,True
baseline_lag24,-,keep,2021-06,2021-06-14 21:00:00,123,23.0,False,True
baseline_lag24,-,keep,2021-06,2021-06-14 22:00:00,112,23.0,False,True
baseline_lag24,-,keep,2021-06,2021-06-14 23:00:00,107,24.0,False,True
baseline_lag24,-,keep,2021-06,2021-06-15 00:00:00,76,22.0,False,True
baseline_lag24,-,keep,2021-06,2021-06-15 01:00:00,110,22.0,False,True
baseline_lag24,-,keep,2021-06,2021-06-15 02:00:00,117,24.0,False,True
baseline_lag24,-,keep,2021-06,2021-06-15 03:00:00,116,22.0,False,True
baseline_lag24,-,keep,2021-06,2021-06-15 04:00:00,110,23.0,False,True
baseline_lag24,-,keep,2021-06,2021-06-15 05:00:00,97,24.0,False,True
baseline_lag24,-,keep,2021-06,2021-06-15 06:00:00,118,23.0,False,True
baseline_lag24,-,keep,2021-06,2021-06-15 07:00:00,132,62.0,False,True
baseline_lag24,-,keep,2021-06,2021-06-15 08:00:00,188,183.0,True,True
baseline_lag24,-,keep,2021-06,2021-06-15 09:00:00,186,178.0,True,True
baseline_lag24,-,keep,2021-06,2021-06-15 10:00:00,164,171.0,False,True
baseline_lag24,-,keep,2021-06,2021-06-15 11:00:00,173,181.0,True,True
baseline_lag24,-,keep,2021-06,2021-06-15 12:00:00,112,119.0,False,True
baseline_lag24,-,keep,2021-06,2021-06-15 13:00:00,171,186.0,True,True
baseline_lag24,-,keep,2021-06,2021-06-15 14:00:00,177,177.0,True,True
baseline_lag24,-,keep,2021-06,2021-06-15 15:00:00,163,178.0,False,True
baseline_lag24,-,keep,2021-06,2021-06-15 16:00:00,170,171.0,False,True
baseline_lag24,-,keep,2021-06,2021-06-15 17:00:00,134,146.0,False,True
baseline_lag24,-,keep,2021-06,2021-06-15 18:00:00,161,173.0,False,True
baseline_lag24,-,keep,2021-06,2021-06-15 19:00:00,156,150.0,False,True
baseline_lag24,-,keep,2021-06,2021-06-15 20:00:00,128,119.0,False,True
baseline_lag24,-,keep,2021-06,2021-06-15 21:00:00,127,123.0,False,True
baseline_lag24,-,keep,2021-06,2021-06-15 22:00:00,115,112.0,False,True
baseline_lag24,-,keep,2021-06,2021-06-15 23:00:00,108,107.0,False,True
baseline_lag24,-,keep,2021-06,2021-06-16 00:00:00,73,76.0,False,True
baseline_lag24,-,keep,2021-06,2021-06-16 01:00:00,111,110.0,False,True
baseline_lag24,-,keep,2021-06,2021-06-16 02:00:00,114,117.0,False,True
baseline_lag24,-,keep,2021-06,2021-06-16 03:00:00,112,116.0,False,True
baseline_lag24,-,keep,2021-06,2021-06-16 04:00:00,112,110.0,False,True
baseline_lag24,-,keep,2021-06,2021-06-16 05:00:00,92,97.0,False,True
baseline_lag24,-,keep,2021-06,2021-06-16 06:00:00,115,118.0,False,True
baseline_lag24,-,keep,2021-06,2021-06-16 07:00:00,130,132.0,False,True
baseline_lag24,-,keep,2021-06,2021-06-16 08:00:00,177,188.0,True,True
baseline_lag24,-,keep,2021-06,2021-06-16 09:00:00,180,186.0,True,True
baseline_lag24,-,keep,2021-06,2021-06-16 10:00:00,178,164.0,True,True
baseline_lag24,-,keep,2021-06,2021-06-16 11:00:00,176,173.0,True,True
baseline_lag24,-,keep,2021-06,2021-06-16 12:00:00,109,112.0,False,True
baseline_lag24,-,keep,2021-06,2021-06-16 13:00:00,169,171.0,False,True
baseline_lag24,-,keep,2021-06,2021-06-16 14:00:00,171,177.0,True,True
baseline_lag24,-,keep,2021-06,2021-06-16 15:00:00,163,163.0,False,True
baseline_lag24,-,keep,2021-06,2021-06-16 16:00:00,168,170.0,False,True
baseline_lag24,-,keep,2021-06,2021-06-16 17:00:00,154,134.0,False,True
baseline_lag24,-,keep,2021-06,2021-06-16 18:00:00,168,161.0,False,True
baseline_lag24,-,keep,2021-06,2021-06-16 19:00:00,139,156.0,False,True
baseline_lag24,-,keep,2021-06,2021-06-16 20:00:00,114,128.0,False,True
baseline_lag24,-,keep,2021-06,2021-06-16 21:00:00,118,127.0,False,True
baseline_lag24,-,keep,2021-06,2021-06-16 22:00:00,103,115.0,False,True
baseline_lag24,-,keep,2021-06,2021-06-16 23:00:00,106,108.0,False,True
baseline_lag24,-,keep,2021-06,2021-06-17 00:00:00,72,73.0,False,True
baseline_lag24,-,keep,2021-06,2021-06-17 01:00:00,107,111.0,False,True
baseline_lag24,-,keep,2021-06,2021-06-17 02:00:00,112,114.0,False,True
baseline_lag24,-,keep,2021-06,2021-06-17 03:00:00,116,112.0,False,True
baseline_lag24,-,keep,2021-06,2021-06-17 04:00:00,113,112.0,False,True
baseline_lag24,-,keep,2021-06,2021-06-17 05:00:00,97,92.0,False,True
baseline_lag24,-,keep,2021-06,2021-06-17 06:00:00,121,115.0,False,True
baseline_lag24,-,keep,2021-06,2021-06-17 07:00:00,141,130.0,False,True
baseline_lag24,-,keep,2021-06,2021-06-17 08:00:00,190,177.0,True,True
baseline_lag24,-,keep,2021-06,2021-06-17 09:00:00,180,180.0,True,True
baseline_lag24,-,keep,2021-06,2021-06-17 10:00:00,166,178.0,False,True
baseline_lag24,-,keep,2021-06,2021-06-17 11:00:00,183,176.0,True,True
baseline_lag24,-,keep,2021-06,2021-06-17 12:00:00,103,109.0,False,True
baseline_lag24,-,keep,2021-06,2021-06-17 13:00:00,183,169.0,True,True
baseline_lag24,-,keep,2021-06,2021-06-17 14:00:00,179,171.0,True,True
baseline_lag24,-,keep,2021-06,2021-06-17 15:00:00,170,163.0,False,True
baseline_lag24,-,keep,2021-06,2021-06-17 16:00:00,169,168.0,False,True
baseline_lag24,-,keep,2021-06,2021-06-17 17:00:00,138,154.0,False,True
baseline_lag24,-,keep,2021-06,2021-06-17 18:00:00,170,168.0,False,True
baseline_lag24,-,keep,2021-06,2021-06-17 19:00:00,159,139.0,False,True
baseline_lag24,-,keep,2021-06,2021-06-17 20:00:00,139,114.0,False,True
baseline_lag24,-,keep,2021-06,2021-06-17 21:00:00,127,118.0,False,True
baseline_lag24,-,keep,2021-06,2021-06-17 22:00:00,125,103.0,False,True
baseline_lag24,-,keep,2021-06,2021-06-17 23:00:00,111,106.0,False,True
baseline_lag24,-,keep,2021-06,2021-06-18 00:00:00,80,72.0,False,True
baseline_lag24,-,keep,2021-06,2021-06-18 01:00:00,112,107.0,False,True
baseline_lag24,-,keep,2021-06,2021-06-18 02:00:00,115,112.0,False,True
baseline_lag24,-,keep,2021-06,2021-06-18 03:00:00,114,116.0,False,True
baseline_lag24,-,keep,2021-06,2021-06-18 04:00:00,112,113.0,False,True
baseline_lag24,-,keep,2021-06,2021-06-18 05:00:00,102,97.0,False,True
baseline_lag24,-,keep,2021-06,2021-06-18 06:00:00,121,121.0,False,True
baseline_lag24,-,keep,2021-06,2021-06-18 07:00:00,133,141.0,False,True
baseline_lag24,-,keep,2021-06,2021-06-18 08:00:00,162,190.0,False,True
baseline_lag24,-,keep,2021-06,2021-06-18 09:00:00,171,180.0,True,True
baseline_lag24,-,keep,2021-06,2021-06-18 10:00:00,165,166.0,False,True
baseline_lag24,-,keep,2021-06,2021-06-18 11:00:00,177,183.0,True,True
baseline_lag24,-,keep,2021-06,2021-06-18 12:00:00,102,103.0,False,True
baseline_lag24,-,keep,2021-06,2021-06-18 13:00:00,174,183.0,True,True
baseline_lag24,-,keep,2021-06,2021-06-18 14:00:00,164,179.0,False,True
baseline_lag24,-,keep,2021-06,2021-06-18 15:00:00,156,170.0,False,True
baseline_lag24,-,keep,2021-06,2021-06-18 16:00:00,162,169.0,False,True
baseline_lag24,-,keep,2021-06,2021-06-18 17:00:00,148,138.0,False,True
baseline_lag24,-,keep,2021-06,2021-06-18 18:00:00,150,170.0,False,True
baseline_lag24,-,keep,2021-06,2021-06-18 19:00:00,138,159.0,False,True
baseline_lag24,-,keep,2021-06,2021-06-18 20:00:00,117,139.0,False,True
baseline_lag24,-,keep,2021-06,2021-06-18 21:00:00,114,127.0,False,True
baseline_lag24,-,keep,2021-06,2021-06-18 22:00:00,114,125.0,False,True
baseline_lag24,-,keep,2021-06,2021-06-18 23:00:00,106,111.0,False,True
baseline_lag24,-,keep,2021-06,2021-06-19 00:00:00,67,80.0,False,True
baseline_lag24,-,keep,2021-06,2021-06-19 01:00:00,110,112.0,False,True
baseline_lag24,-,keep,2021-06,2021-06-19 02:00:00,115,115.0,False,True
baseline_lag24,-,keep,2021-06,2021-06-19 03:00:00,100,114.0,False,True
baseline_lag24,-,keep,2021-06,2021-06-19 04:00:00,109,112.0,False,True
baseline_lag24,-,keep,2021-06,2021-06-19 05:00:00,88,102.0,False,True
baseline_lag24,-,keep,2021-06,2021-06-19 06:00:00,103,121.0,False,True
baseline_lag24,-,keep,2021-06,2021-06-19 07:00:00,57,133.0,False,True
baseline_lag24,-,keep,2021-06,2021-06-19 08:00:00,23,162.0,False,True
baseline_lag24,-,keep,2021-06,2021-06-19 09:00:00,22,171.0,False,True
baseline_lag24,-,keep,2021-06,2021-06-19 10:00:00,22,165.0,False,True
baseline_lag24,-,keep,2021-06,2021-06-19 11:00:00,24,177.0,False,True
baseline_lag24,-,keep,2021-06,2021-06-19 12:00:00,22,102.0,False,True
baseline_lag24,-,keep,2021-06,2021-06-19 13:00:00,22,174.0,False,True
baseline_lag24,-,keep,2021-06,2021-06-19 14:00:00,25,164.0,False,True
baseline_lag24,-,keep,2021-06,2021-06-19 15:00:00,22,156.0,False,True
baseline_lag24,-,keep,2021-06,2021-06-19 16:00:00,22,162.0,False,True
baseline_lag24,-,keep,2021-06,2021-06-19 17:00:00,23,148.0,False,True
baseline_lag24,-,keep,2021-06,2021-06-19 18:00:00,24,150.0,False,True
baseline_lag24,-,keep,2021-06,2021-06-19 19:00:00,22,138.0,False,True
baseline_lag24,-,keep,2021-06,2021-06-19 20:00:00,22,117.0,False,True
baseline_lag24,-,keep,2021-06,2021-06-19 21:00:00,24,114.0,False,True
baseline_lag24,-,keep,2021-06,2021-06-19 22:00:00,23,114.0,False,True
baseline_lag24,-,keep,2021-06,2021-06-19 23:00:00,22,106.0,False,True
baseline_lag24,-,keep,2021-06,2021-06-20 00:00:00,22,67.0,False,False
baseline_lag24,-,keep,2021-06,2021-06-20 01:00:00,24,110.0,False,False
baseline_lag24,-,keep,2021-06,2021-06-20 02:00:00,22,115.0,False,False
baseline_lag24,-,keep,2021-06,2021-06-20 03:00:00,22,100.0,False,False
baseline_lag24,-,keep,2021-06,2021-06-20 04:00:00,24,109.0,False,False
baseline_lag24,-,keep,2021-06,2021-06-20 05:00:00,23,88.0,False,False
baseline_lag24,-,keep,2021-06,2021-06-20 06:00:00,22,103.0,False,False
baseline_lag24,-,keep,2021-06,2021-06-20 07:00:00,22,57.0,False,False
baseline_lag24,-,keep,2021-06,2021-06-20 08:00:00,24,23.0,False,False
baseline_lag24,-,keep,2021-06,2021-06-20 09:00:00,22,22.0,False,False
baseline_lag24,-,keep,2021-06,2021-06-20 10:00:00,22,22.0,False,False
baseline_lag24,-,keep,2021-06,2021-06-20 11:00:00,24,24.0,False,False
baseline_lag24,-,keep,2021-06,2021-06-20 12:00:00,22,22.0,False,False
baseline_lag24,-,keep,2021-06,2021-06-20 13:00:00,22,22.0,False,False
baseline_lag24,-,keep,2021-06,2021-06-20 14:00:00,23,25.0,False,False
baseline_lag24,-,keep,2021-06,2021-06-20 15:00:00,25,22.0,False,False
baseline_lag24,-,keep,2021-06,2021-06-20 16:00:00,23,22.0,False,False
baseline_lag24,-,keep,2021-06,2021-06-20 17:00:00,23,23.0,False,False
baseline_lag24,-,keep,2021-06,2021-06-20 18:00:00,24,24.0,False,False
baseline_lag24,-,keep,2021-06,2021-06-20 19:00:00,23,22.0,False,False
baseline_lag24,-,keep,2021-06,2021-06-20 20:00:00,22,22.0,False,False
baseline_lag24,-,keep,2021-06,2021-06-20 21:00:00,25,24.0,False,False
baseline_lag24,-,keep,2021-06,2021-06-20 22:00:00,23,23.0,False,False
baseline_lag24,-,keep,2021-06,2021-06-20 23:00:00,23,22.0,False,False
baseline_lag24,-,keep,2021-06,2021-06-21 00:00:00,23,22.0,False,True
baseline_lag24,-,keep,2021-06,2021-06-21 01:00:00,24,24.0,False,True
baseline_lag24,-,keep,2021-06,2021-06-21 02:00:00,22,22.0,False,True
baseline_lag24,-,keep,2021-06,2021-06-21 03:00:00,23,22.0,False,True
baseline_lag24,-,keep,2021-06,2021-06-21 04:00:00,25,24.0,False,True
baseline_lag24,-,keep,2021-06,2021-06-21 05:00:00,22,23.0,False,True
baseline_lag24,-,keep,2021-06,2021-06-21 06:00:00,22,22.0,False,True
baseline_lag24,-,keep,2021-06,2021-06-21 07:00:00,58,22.0,False,True
baseline_lag24,-,keep,2021-06,2021-06-21 08:00:00,190,24.0,True,True
baseline_lag24,-,keep,2021-06,2021-06-21 09:00:00,189,22.0,True,True
baseline_lag24,-,keep,2021-06,2021-06-21 10:00:00,185,22.0,True,True
baseline_lag24,-,keep,2021-06,2021-06-21 11:00:00,181,24.0,True,True
baseline_lag24,-,keep,2021-06,2021-06-21 12:00:00,115,22.0,False,True
baseline_lag24,-,keep,2021-06,2021-06-21 13:00:00,190,22.0,True,True
baseline_lag24,-,keep,2021-06,2021-06-21 14:00:00,189,23.0,True,True
baseline_lag24,-,keep,2021-06,2021-06-21 15:00:00,169,25.0,False,True
baseline_lag24,-,keep,2021-06,2021-06-21 16:00:00,160,23.0,False,True
baseline_lag24,-,keep,2021-06,2021-06-21 17:00:00,134,23.0,False,True
baseline_lag24,-,keep,2021-06,2021-06-21 18:00:00,156,24.0,False,True
baseline_lag24,-,keep,2021-06,2021-06-21 19:00:00,143,23.0,False,True
baseline_lag24,-,keep,2021-06,2021-06-21 20:00:00,127,22.0,False,True
baseline_lag24,-,keep,2021-06,2021-06-21 21:00:00,127,25.0,False,True
baseline_lag24,-,keep,2021-06,2021-06-21 22:00:00,114,23.0,False,True
baseline_lag24,-,keep,2021-06,2021-06-21 23:00:00,112,23.0,False,True
baseline_lag24,-,keep,2021-06,2021-06-22 00:00:00,71,23.0,False,True
baseline_lag24,-,keep,2021-06,2021-06-22 01:00:00,108,24.0,False,True
baseline_lag24,-,keep,2021-06,2021-06-22 02:00:00,113,22.0,False,True
baseline_lag24,-,keep,2021-06,2021-06-22 03:00:00,113,23.0,False,True
baseline_lag24,-,keep,2021-06,2021-06-22 04:00:00,117,25.0,False,True
baseline_lag24,-,keep,2021-06,2021-06-22 05:00:00,94,22.0,False,True
baseline_lag24,-,keep,2021-06,2021-06-22 06:00:00,114,22.0,False,True
baseline_lag24,-,keep,2021-06,2021-06-22 07:00:00,139,58.0,False,True
baseline_lag24,-,keep,2021-06,2021-06-22 08:00:00,171,190.0,True,True
baseline_lag24,-,keep,2021-06,2021-06-22 09:00:00,167,189.0,False,True
baseline_lag24,-,keep,2021-06,2021-06-22 10:00:00,172,185.0,True,True
baseline_lag24,-,keep,2021-06,2021-06-22 11:00:00,172,181.0,True,True
baseline_lag24,-,keep,2021-06,2021-06-22 12:00:00,111,115.0,False,True
baseline_lag24,-,keep,2021-06,2021-06-22 13:00:00,166,190.0,False,True
baseline_lag24,-,keep,2021-06,2021-06-22 14:00:00,157,189.0,False,True
baseline_lag24,-,keep,2021-06,2021-06-22 15:00:00,156,169.0,False,True
baseline_lag24,-,keep,2021-06,2021-06-22 16:00:00,160,160.0,False,True
baseline_lag24,-,keep,2021-06,2021-06-22 17:00:00,120,134.0,False,True
baseline_lag24,-,keep,2021-06,2021-06-22 18:00:00,153,156.0,False,True
baseline_lag24,-,keep,2021-06,2021-06-22 19:00:00,156,143.0,False,True
baseline_lag24,-,keep,2021-06,2021-06-22 20:00:00,133,127.0,False,True
baseline_lag24,-,keep,2021-06,2021-06-22 21:00:00,126,127.0,False,True
baseline_lag24,-,keep,2021-06,2021-06-22 22:00:00,114,114.0,False,True
baseline_lag24,-,keep,2021-06,2021-06-22 23:00:00,113,112.0,False,True
baseline_lag24,-,keep,2021-06,2021-06-23 00:00:00,69,71.0,False,True
baseline_lag24,-,keep,2021-06,2021-06-23 01:00:00,103,108.0,False,True
baseline_lag24,-,keep,2021-06,2021-06-23 02:00:00,120,113.0,False,True
baseline_lag24,-,keep,2021-06,2021-06-23 03:00:00,103,113.0,False,True
baseline_lag24,-,keep,2021-06,2021-06-23 04:00:00,112,117.0,False,True
baseline_lag24,-,keep,2021-06,2021-06-23 05:00:00,95,94.0,False,True
baseline_lag24,-,keep,2021-06,2021-06-23 06:00:00,117,114.0,False,True
baseline_lag24,-,keep,2021-06,2021-06-23 07:00:00,140,139.0,False,True
baseline_lag24,-,keep,2021-06,2021-06-23 08:00:00,163,171.0,False,True
baseline_lag24,-,keep,2021-06,2021-06-23 09:00:00,160,167.0,False,True
baseline_lag24,-,keep,2021-06,2021-06-23 10:00:00,148,172.0,False,True
baseline_lag24,-,keep,2021-06,2021-06-23 11:00:00,156,172.0,False,True
baseline_lag24,-,keep,2021-06,2021-06-23 12:00:00,93,111.0,False,True
baseline_lag24,-,keep,2021-06,2021-06-23 13:00:00,153,166.0,False,True
baseline_lag24,-,keep,2021-06,2021-06-23 14:00:00,151,157.0,False,True
baseline_lag24,-,keep,2021-06,2021-06-23 15:00:00,150,156.0,False,True
baseline_lag24,-,keep,2021-06,2021-06-23 16:00:00,160,160.0,False,True
baseline_lag24,-,keep,2021-06,2021-06-23 17:00:00,128,120.0,False,True
baseline_lag24,-,keep,2021-06,2021-06-23 18:00:00,162,153.0,False,True
baseline_lag24,-,keep,2021-06,2021-06-23 19:00:00,137,156.0,False,True
baseline_lag24,-,keep,2021-06,2021-06-23 20:00:00,128,133.0,False,True
baseline_lag24,-,keep,2021-06,2021-06-23 21:00:00,126,126.0,False,True
baseline_lag24,-,keep,2021-06,2021-06-23 22:00:00,114,114.0,False,True
baseline_lag24,-,keep,2021-06,2021-06-23 23:00:00,110,113.0,False,True
baseline_lag24,-,keep,2021-06,2021-06-24 00:00:00,70,69.0,False,True
baseline_lag24,-,keep,2021-06,2021-06-24 01:00:00,111,103.0,False,True
baseline_lag24,-,keep,2021-06,2021-06-24 02:00:00,118,120.0,False,True
baseline_lag24,-,keep,2021-06,2021-06-24 03:00:00,117,103.0,False,True
baseline_lag24,-,keep,2021-06,2021-06-24 04:00:00,116,112.0,False,True
baseline_lag24,-,keep,2021-06,2021-06-24 05:00:00,101,95.0,False,True
baseline_lag24,-,keep,2021-06,2021-06-24 06:00:00,118,117.0,False,True
baseline_lag24,-,keep,2021-06,2021-06-24 07:00:00,149,140.0,False,True
baseline_lag24,-,keep,2021-06,2021-06-24 08:00:00,182,163.0,True,True
baseline_lag24,-,keep,2021-06,2021-06-24 09:00:00,162,160.0,False,True
baseline_lag24,-,keep,2021-06,2021-06-24 10:00:00,154,148.0,False,True
baseline_lag24,-,keep,2021-06,2021-06-24 11:00:00,164,156.0,False,True
baseline_lag24,-,keep,2021-06,2021-06-24 12:00:00,105,93.0,False,True
baseline_lag24,-,keep,2021-06,2021-06-24 13:00:00,171,153.0,True,True
baseline_lag24,-,keep,2021-06,2021-06-24 14:00:00,163,151.0,False,True
baseline_lag24,-,keep,2021-06,2021-06-24 15:00:00,150,150.0,False,True
baseline_lag24,-,keep,2021-06,2021-06-24 16:00:00,162,160.0,False,True
baseline_lag24,-,keep,2021-06,2021-06-24 17:00:00,135,128.0,False,True
baseline_lag24,-,keep,2021-06,2021-06-24 18:00:00,150,162.0,False,True
baseline_lag24,-,keep,2021-06,2021-06-24 19:00:00,159,137.0,False,True
baseline_lag24,-,keep,2021-06,2021-06-24 20:00:00,136,128.0,False,True
baseline_lag24,-,keep,2021-06,2021-06-24 21:00:00,131,126.0,False,True
baseline_lag24,-,keep,2021-06,2021-06-24 22:00:00,121,114.0,False,True
baseline_lag24,-,keep,2021-06,2021-06-24 23:00:00,115,110.0,False,True
baseline_lag24,-,keep,2021-06,2021-06-25 00:00:00,71,70.0,False,True
baseline_lag24,-,keep,2021-06,2021-06-25 01:00:00,119,111.0,False,True
baseline_lag24,-,keep,2021-06,2021-06-25 02:00:00,117,118.0,False,True
baseline_lag24,-,keep,2021-06,2021-06-25 03:00:00,119,117.0,False,True
baseline_lag24,-,keep,2021-06,2021-06-25 04:00:00,118,116.0,False,True
baseline_lag24,-,keep,2021-06,2021-06-25 05:00:00,106,101.0,False,True
baseline_lag24,-,keep,2021-06,2021-06-25 06:00:00,114,118.0,False,True
baseline_lag24,-,keep,2021-06,2021-06-25 07:00:00,135,149.0,False,True
baseline_lag24,-,keep,2021-06,2021-06-25 08:00:00,156,182.0,False,True
baseline_lag24,-,keep,2021-06,2021-06-25 09:00:00,170,162.0,False,True
baseline_lag24,-,keep,2021-06,2021-06-25 10:00:00,172,154.0,True,True
baseline_lag24,-,keep,2021-06,2021-06-25 11:00:00,180,164.0,True,True
baseline_lag24,-,keep,2021-06,2021-06-25 12:00:00,122,105.0,False,True
baseline_lag24,-,keep,2021-06,2021-06-25 13:00:00,179,171.0,True,True
baseline_lag24,-,keep,2021-06,2021-06-25 14:00:00,177,163.0,True,True
baseline_lag24,-,keep,2021-06,2021-06-25 15:00:00,175,150.0,True,True
baseline_lag24,-,keep,2021-06,2021-06-25 16:00:00,166,162.0,False,True
baseline_lag24,-,keep,2021-06,2021-06-25 17:00:00,141,135.0,False,True
baseline_lag24,-,keep,2021-06,2021-06-25 18:00:00,142,150.0,False,True
baseline_lag24,-,keep,2021-06,2021-06-25 19:00:00,110,159.0,False,True
baseline_lag24,-,keep,2021-06,2021-06-25 20:00:00,109,136.0,False,True
baseline_lag24,-,keep,2021-06,2021-06-25 21:00:00,116,131.0,False,True
baseline_lag24,-,keep,2021-06,2021-06-25 22:00:00,123,121.0,False,True
baseline_lag24,-,keep,2021-06,2021-06-25 23:00:00,102,115.0,False,True
baseline_lag24,-,keep,2021-06,2021-06-26 00:00:00,71,71.0,False,True
baseline_lag24,-,keep,2021-06,2021-06-26 01:00:00,116,119.0,False,True
baseline_lag24,-,keep,2021-06,2021-06-26 02:00:00,111,117.0,False,True
baseline_lag24,-,keep,2021-06,2021-06-26 03:00:00,109,119.0,False,True
baseline_lag24,-,keep,2021-06,2021-06-26 04:00:00,125,118.0,False,True
baseline_lag24,-,keep,2021-06,2021-06-26 05:00:00,97,106.0,False,True
baseline_lag24,-,keep,2021-06,2021-06-26 06:00:00,118,114.0,False,True
baseline_lag24,-,keep,2021-06,2021-06-26 07:00:00,71,135.0,False,True
baseline_lag24,-,keep,2021-06,2021-06-26 08:00:00,23,156.0,False,True
baseline_lag24,-,keep,2021-06,2021-06-26 09:00:00,23,170.0,False,True
baseline_lag24,-,keep,2021-06,2021-06-26 10:00:00,26,172.0,False,True
baseline_lag24,-,keep,2021-06,2021-06-26 11:00:00,24,180.0,False,True
baseline_lag24,-,keep,2021-06,2021-06-26 12:00:00,24,122.0,False,True
baseline_lag24,-,keep,2021-06,2021-06-26 13:00:00,25,179.0,False,True
baseline_lag24,-,keep,2021-06,2021-06-26 14:00:00,24,177.0,False,True
baseline_lag24,-,keep,2021-06,2021-06-26 15:00:00,23,175.0,False,True
baseline_lag24,-,keep,2021-06,2021-06-26 16:00:00,23,166.0,False,True
baseline_lag24,-,keep,2021-06,2021-06-26 17:00:00,26,141.0,False,True
baseline_lag24,-,keep,2021-06,2021-06-26 18:00:00,24,142.0,False,True
baseline_lag24,-,keep,2021-06,2021-06-26 19:00:00,24,110.0,False,True
baseline_lag24,-,keep,2021-06,2021-06-26 20:00:00,25,109.0,False,True
baseline_lag24,-,keep,2021-06,2021-06-26 21:00:00,24,116.0,False,True
baseline_lag24,-,keep,2021-06,2021-06-26 22:00:00,24,123.0,False,True
baseline_lag24,-,keep,2021-06,2021-06-26 23:00:00,26,102.0,False,True
baseline_lag24,-,keep,2021-06,2021-06-27 00:00:00,23,71.0,False,False
baseline_lag24,-,keep,2021-06,2021-06-27 01:00:00,23,116.0,False,False
baseline_lag24,-,keep,2021-06,2021-06-27 02:00:00,24,111.0,False,False
baseline_lag24,-,keep,2021-06,2021-06-27 03:00:00,25,109.0,False,False
baseline_lag24,-,keep,2021-06,2021-06-27 04:00:00,23,125.0,False,False
baseline_lag24,-,keep,2021-06,2021-06-27 05:00:00,23,97.0,False,False
baseline_lag24,-,keep,2021-06,2021-06-27 06:00:00,25,118.0,False,False
baseline_lag24,-,keep,2021-06,2021-06-27 07:00:00,23,71.0,False,False
baseline_lag24,-,keep,2021-06,2021-06-27 08:00:00,24,23.0,False,False
baseline_lag24,-,keep,2021-06,2021-06-27 09:00:00,26,23.0,False,False
baseline_lag24,-,keep,2021-06,2021-06-27 10:00:00,24,26.0,False,False
baseline_lag24,-,keep,2021-06,2021-06-27 11:00:00,24,24.0,False,False
baseline_lag24,-,keep,2021-06,2021-06-27 12:00:00,26,24.0,False,False
baseline_lag24,-,keep,2021-06,2021-06-27 13:00:00,24,25.0,False,False
baseline_lag24,-,keep,2021-06,2021-06-27 14:00:00,24,24.0,False,False
baseline_lag24,-,keep,2021-06,2021-06-27 15:00:00,26,23.0,False,False
baseline_lag24,-,keep,2021-06,2021-06-27 16:00:00,24,23.0,False,False
baseline_lag24,-,keep,2021-06,2021-06-27 17:00:00,24,26.0,False,False
baseline_lag24,-,keep,2021-06,2021-06-27 18:00:00,26,24.0,False,False
baseline_lag24,-,keep,2021-06,2021-06-27 19:00:00,24,24.0,False,False
baseline_lag24,-,keep,2021-06,2021-06-27 20:00:00,24,25.0,False,False
baseline_lag24,-,keep,2021-06,2021-06-27 21:00:00,24,24.0,False,False
baseline_lag24,-,keep,2021-06,2021-06-27 22:00:00,26,24.0,False,False
baseline_lag24,-,keep,2021-06,2021-06-27 23:00:00,24,26.0,False,False
baseline_lag24,-,keep,2021-06,2021-06-28 00:00:00,24,23.0,False,True
baseline_lag24,-,keep,2021-06,2021-06-28 01:00:00,26,23.0,False,True
baseline_lag24,-,keep,2021-06,2021-06-28 02:00:00,24,24.0,False,True
baseline_lag24,-,keep,2021-06,2021-06-28 03:00:00,24,25.0,False,True
baseline_lag24,-,keep,2021-06,2021-06-28 04:00:00,26,23.0,False,True
baseline_lag24,-,keep,2021-06,2021-06-28 05:00:00,24,23.0,False,True
baseline_lag24,-,keep,2021-06,2021-06-28 06:00:00,23,25.0,False,True
baseline_lag24,-,keep,2021-06,2021-06-28 07:00:00,57,23.0,False,True
baseline_lag24,-,keep,2021-06,2021-06-28 08:00:00,175,24.0,True,True
baseline_lag24,-,keep,2021-06,2021-06-28 09:00:00,178,26.0,True,True
baseline_lag24,-,keep,2021-06,2021-06-28 10:00:00,167,24.0,False,True
baseline_lag24,-,keep,2021-06,2021-06-28 11:00:00,183,24.0,True,True
baseline_lag24,-,keep,2021-06,2021-06-28 12:00:00,121,26.0,False,True
baseline_lag24,-,keep,2021-06,2021-06-28 13:00:00,185,24.0,True,True
baseline_lag24,-,keep,2021-06,2021-06-28 14:00:00,180,24.0,True,True
baseline_lag24,-,keep,2021-06,2021-06-28 15:00:00,182,26.0,True,True
baseline_lag24,-,keep,2021-06,2021-06-28 16:00:00,168,24.0,False,True
baseline_lag24,-,keep,2021-06,2021-06-28 17:00:00,150,24.0,False,True
baseline_lag24,-,keep,2021-06,2021-06-28 18:00:00,177,26.0,True,True
baseline_lag24,-,keep,2021-06,2021-06-28 19:00:00,153,24.0,False,True
baseline_lag24,-,keep,2021-06,2021-06-28 20:00:00,112,24.0,False,True
baseline_lag24,-,keep,2021-06,2021-06-28 21:00:00,118,24.0,False,True
baseline_lag24,-,keep,2021-06,2021-06-28 22:00:00,109,26.0,False,True
baseline_lag24,-,keep,2021-06,2021-06-28 23:00:00,107,24.0,False,True
baseline_lag24,-,keep,2021-06,2021-06-29 00:00:00,66,24.0,False,True
baseline_lag24,-,keep,2021-06,2021-06-29 01:00:00,104,26.0,False,True
baseline_lag24,-,keep,2021-06,2021-06-29 02:00:00,113,24.0,False,True
baseline_lag24,-,keep,2021-06,2021-06-29 03:00:00,104,24.0,False,True
baseline_lag24,-,keep,2021-06,2021-06-29 04:00:00,110,26.0,False,True
baseline_lag24,-,keep,2021-06,2021-06-29 05:00:00,90,24.0,False,True
baseline_lag24,-,keep,2021-06,2021-06-29 06:00:00,113,23.0,False,True
baseline_lag24,-,keep,2021-06,2021-06-29 07:00:00,137,57.0,False,True
baseline_lag24,-,keep,2021-06,2021-06-29 08:00:00,202,175.0,True,True
baseline_lag24,-,keep,2021-06,2021-06-29 09:00:00,179,178.0,True,True
baseline_lag24,-,keep,2021-06,2021-06-29 10:00:00,163,167.0,False,True
baseline_lag24,-,keep,2021-06,2021-06-29 11:00:00,193,183.0,True,True
baseline_lag24,-,keep,2021-06,2021-06-29 12:00:00,118,121.0,False,True
baseline_lag24,-,keep,2021-06,2021-06-29 13:00:00,187,185.0,True,True
baseline_lag24,-,keep,2021-06,2021-06-29 14:00:00,177,180.0,True,True
baseline_lag24,-,keep,2021-06,2021-06-29 15:00:00,163,182.0,False,True
baseline_lag24,-,keep,2021-06,2021-06-29 16:00:00,164,168.0,False,True
baseline_lag24,-,keep,2021-06,2021-06-29 17:00:00,128,150.0,False,True
baseline_lag24,-,keep,2021-06,2021-06-29 18:00:00,166,177.0,False,True
baseline_lag24,-,keep,2021-06,2021-06-29 19:00:00,160,153.0,False,True
baseline_lag24,-,keep,2021-06,2021-06-29 20:00:00,135,112.0,False,True
baseline_lag24,-,keep,2021-06,2021-06-29 21:00:00,124,118.0,False,True
baseline_lag24,-,keep,2021-06,2021-06-29 22:00:00,113,109.0,False,True
baseline_lag24,-,keep,2021-06,2021-06-29 23:00:00,104,107.0,False,True
baseline_lag24,-,keep,2021-06,2021-06-30 00:00:00,67,66.0,False,True
baseline_lag24,-,keep,2021-06,2021-06-30 01:00:00,104,104.0,False,True
baseline_lag24,-,keep,2021-06,2021-06-30 02:00:00,110,113.0,False,True
baseline_lag24,-,keep,2021-06,2021-06-30 03:00:00,112,104.0,False,True
baseline_lag24,-,keep,2021-06,2021-06-30 04:00:00,109,110.0,False,True
baseline_lag24,-,keep,2021-06,2021-06-30 05:00:00,98,90.0,False,True
baseline_lag24,-,keep,2021-06,2021-06-30 06:00:00,114,113.0,False,True
baseline_lag24,-,keep,2021-06,2021-06-30 07:00:00,132,137.0,False,True
baseline_lag24,-,keep,2021-06,2021-06-30 08:00:00,180,202.0,True,True
baseline_lag24,-,keep,2021-06,2021-06-30 09:00:00,179,179.0,True,True
baseline_lag24,-,keep,2021-06,2021-06-30 10:00:00,159,163.0,False,True
baseline_lag24,-,keep,2021-06,2021-06-30 11:00:00,144,193.0,False,True
baseline_lag24,-,keep,2021-06,2021-06-30 12:00:00,108,118.0,False,True
baseline_lag24,-,keep,2021-06,2021-06-30 13:00:00,167,187.0,False,True
baseline_lag24,-,keep,2021-06,2021-06-30 14:00:00,166,177.0,False,True
baseline_lag24,-,keep,2021-06,2021-06-30 15:00:00,164,163.0,False,True
baseline_lag24,-,keep,2021-06,2021-06-30 16:00:00,161,164.0,False,True
baseline_lag24,-,keep,2021-06,2021-06-30 17:00:00,156,128.0,False,True
baseline_lag24,-,keep,2021-06,2021-06-30 18:00:00,160,166.0,False,True
baseline_lag24,-,keep,2021-06,2021-06-30 19:00:00,141,160.0,False,True
baseline_lag24,-,keep,2021-06,2021-06-30 20:00:00,109,135.0,False,True
baseline_lag24,-,keep,2021-06,2021-06-30 21:00:00,113,124.0,False,True
baseline_lag24,-,keep,2021-06,2021-06-30 22:00:00,106,113.0,False,True
baseline_lag24,-,keep,2021-06,2021-06-30 23:00:00,104,104.0,False,True
baseline_lag24,-,keep,2021-07,2021-07-01 00:00:00,68,67.0,False,False
baseline_lag24,-,keep,2021-07,2021-07-01 01:00:00,104,104.0,False,False
baseline_lag24,-,keep,2021-07,2021-07-01 02:00:00,113,110.0,False,False
baseline_lag24,-,keep,2021-07,2021-07-01 03:00:00,107,112.0,False,False
baseline_lag24,-,keep,2021-07,2021-07-01 04:00:00,104,109.0,False,False
baseline_lag24,-,keep,2021-07,2021-07-01 05:00:00,93,98.0,False,False
baseline_lag24,-,keep,2021-07,2021-07-01 06:00:00,110,114.0,False,False
baseline_lag24,-,keep,2021-07,2021-07-01 07:00:00,129,132.0,False,False
baseline_lag24,-,keep,2021-07,2021-07-01 08:00:00,182,180.0,True,False
baseline_lag24,-,keep,2021-07,2021-07-01 09:00:00,178,179.0,True,False
baseline_lag24,-,keep,2021-07,2021-07-01 10:00:00,172,159.0,True,False
baseline_lag24,-,keep,2021-07,2021-07-01 11:00:00,188,144.0,True,False
baseline_lag24,-,keep,2021-07,2021-07-01 12:00:00,111,108.0,False,False
baseline_lag24,-,keep,2021-07,2021-07-01 13:00:00,190,167.0,True,False
baseline_lag24,-,keep,2021-07,2021-07-01 14:00:00,187,166.0,True,False
baseline_lag24,-,keep,2021-07,2021-07-01 15:00:00,164,164.0,False,False
baseline_lag24,-,keep,2021-07,2021-07-01 16:00:00,170,161.0,False,False
baseline_lag24,-,keep,2021-07,2021-07-01 17:00:00,135,156.0,False,False
baseline_lag24,-,keep,2021-07,2021-07-01 18:00:00,157,160.0,False,False
baseline_lag24,-,keep,2021-07,2021-07-01 19:00:00,163,141.0,False,False
baseline_lag24,-,keep,2021-07,2021-07-01 20:00:00,142,109.0,False,False
baseline_lag24,-,keep,2021-07,2021-07-01 21:00:00,140,113.0,False,False
baseline_lag24,-,keep,2021-07,2021-07-01 22:00:00,119,106.0,False,False
baseline_lag24,-,keep,2021-07,2021-07-01 23:00:00,108,104.0,False,False
baseline_lag24,-,keep,2021-07,2021-07-02 00:00:00,68,68.0,False,False
baseline_lag24,-,keep,2021-07,2021-07-02 01:00:00,106,104.0,False,False
baseline_lag24,-,keep,2021-07,2021-07-02 02:00:00,116,113.0,False,False
baseline_lag24,-,keep,2021-07,2021-07-02 03:00:00,108,107.0,False,False
baseline_lag24,-,keep,2021-07,2021-07-02 04:00:00,106,104.0,False,False
baseline_lag24,-,keep,2021-07,2021-07-02 05:00:00,96,93.0,False,False
baseline_lag24,-,keep,2021-07,2021-07-02 06:00:00,112,110.0,False,False
baseline_lag24,-,keep,2021-07,2021-07-02 07:00:00,133,129.0,False,False
baseline_lag24,-,keep,2021-07,2021-07-02 08:00:00,161,182.0,False,False
baseline_lag24,-,keep,2021-07,2021-07-02 09:00:00,175,178.0,True,False
baseline_lag24,-,keep,2021-07,2021-07-02 10:00:00,164,172.0,False,False
baseline_lag24,-,keep,2021-07,2021-07-02 11:00:00,179,188.0,True,False
baseline_lag24,-,keep,2021-07,2021-07-02 12:00:00,108,111.0,False,False
baseline_lag24,-,keep,2021-07,2021-07-02 13:00:00,170,190.0,False,False
baseline_lag24,-,keep,2021-07,2021-07-02 14:00:00,175,187.0,True,False
baseline_lag24,-,keep,2021-07,2021-07-02 15:00:00,143,164.0,False,False
baseline_lag24,-,keep,2021-07,2021-07-02 16:00:00,158,170.0,False,False
baseline_lag24,-,keep,2021-07,2021-07-02 17:00:00,147,135.0,False,False
baseline_lag24,-,keep,2021-07,2021-07-02 18:00:00,160,157.0,False,False
baseline_lag24,-,keep,2021-07,2021-07-02 19:00:00,136,163.0,False,False
baseline_lag24,-,keep,2021-07,2021-07-02 20:00:00,122,142.0,False,False
baseline_lag24,-,keep,2021-07,2021-07-02 21:00:00,114,140.0,False,False
baseline_lag24,-,keep,2021-07,2021-07-02 22:00:00,111,119.0,False,False
baseline_lag24,-,keep,2021-07,2021-07-02 23:00:00,93,108.0,False,False
baseline_lag24,-,keep,2021-07,2021-07-03 00:00:00,67,68.0,False,False
baseline_lag24,-,keep,2021-07,2021-07-03 01:00:00,104,106.0,False,False
baseline_lag24,-,keep,2021-07,2021-07-03 02:00:00,106,116.0,False,False
baseline_lag24,-,keep,2021-07,2021-07-03 03:00:00,103,108.0,False,False
baseline_lag24,-,keep,2021-07,2021-07-03 04:00:00,104,106.0,False,False
baseline_lag24,-,keep,2021-07,2021-07-03 05:00:00,89,96.0,False,False
baseline_lag24,-,keep,2021-07,2021-07-03 06:00:00,98,112.0,False,False
baseline_lag24,-,keep,2021-07,2021-07-03 07:00:00,53,133.0,False,False
baseline_lag24,-,keep,2021-07,2021-07-03 08:00:00,22,161.0,False,False
baseline_lag24,-,keep,2021-07,2021-07-03 09:00:00,25,175.0,False,False
baseline_lag24,-,keep,2021-07,2021-07-03 10:00:00,23,164.0,False,False
baseline_lag24,-,keep,2021-07,2021-07-03 11:00:00,23,179.0,False,False
baseline_lag24,-,keep,2021-07,2021-07-03 12:00:00,24,108.0,False,False
baseline_lag24,-,keep,2021-07,2021-07-03 13:00:00,22,170.0,False,False
baseline_lag24,-,keep,2021-07,2021-07-03 14:00:00,22,175.0,False,False
baseline_lag24,-,keep,2021-07,2021-07-03 15:00:00,23,143.0,False,False
baseline_lag24,-,keep,2021-07,2021-07-03 16:00:00,23,158.0,False,False
baseline_lag24,-,keep,2021-07,2021-07-03 17:00:00,22,147.0,False,False
baseline_lag24,-,keep,2021-07,2021-07-03 18:00:00,22,160.0,False,False
baseline_lag24,-,keep,2021-07,2021-07-03 19:00:00,24,136.0,False,False
baseline_lag24,-,keep,2021-07,2021-07-03 20:00:00,22,122.0,False,False
baseline_lag24,-,keep,2021-07,2021-07-03 21:00:00,23,114.0,False,False
baseline_lag24,-,keep,2021-07,2021-07-03 22:00:00,24,111.0,False,False
baseline_lag24,-,keep,2021-07,2021-07-03 23:00:00,22,93.0,False,False
baseline_lag24,-,keep,2021-07,2021-07-04 00:00:00,22,67.0,False,False
baseline_lag24,-,keep,2021-07,2021-07-04 01:00:00,25,104.0,False,False
baseline_lag24,-,keep,2021-07,2021-07-04 02:00:00,23,106.0,False,False
baseline_lag24,-,keep,2021-07,2021-07-04 03:00:00,23,103.0,False,False
baseline_lag24,-,keep,2021-07,2021-07-04 04:00:00,23,104.0,False,False
baseline_lag24,-,keep,2021-07,2021-07-04 05:00:00,24,89.0,False,False
baseline_lag24,-,keep,2021-07,2021-07-04 06:00:00,22,98.0,False,False
baseline_lag24,-,keep,2021-07,2021-07-04 07:00:00,22,53.0,False,False
baseline_lag24,-,keep,2021-07,2021-07-04 08:00:00,24,22.0,False,False
baseline_lag24,-,keep,2021-07,2021-07-04 09:00:00,22,25.0,False,False
baseline_lag24,-,keep,2021-07,2021-07-04 10:00:00,23,23.0,False,False
baseline_lag24,-,keep,2021-07,2021-07-04 11:00:00,26,23.0,False,False
baseline_lag24,-,keep,2021-07,2021-07-04 12:00:00,23,24.0,False,False
baseline_lag24,-,keep,2021-07,2021-07-04 13:00:00,23,22.0,False,False
baseline_lag24,-,keep,2021-07,2021-07-04 14:00:00,24,22.0,False,False
baseline_lag24,-,keep,2021-07,2021-07-04 15:00:00,24,23.0,False,False
baseline_lag24,-,keep,2021-07,2021-07-04 16:00:00,24,23.0,False,False
baseline_lag24,-,keep,2021-07,2021-07-04 17:00:00,22,22.0,False,False
baseline_lag24,-,keep,2021-07,2021-07-04 18:00:00,25,22.0,False,False
baseline_lag24,-,keep,2021-07,2021-07-04 19:00:00,23,24.0,False,False
baseline_lag24,-,keep,2021-07,2021-07-04 20:00:00,22,22.0,False,False
baseline_lag24,-,keep,2021-07,2021-07-04 21:00:00,25,23.0,False,False
baseline_lag24,-,keep,2021-07,2021-07-04 22:00:00,23,24.0,False,False
baseline_lag24,-,keep,2021-07,2021-07-04 23:00:00,23,22.0,False,False
baseline_lag24,-,keep,2021-07,2021-07-05 00:00:00,25,22.0,False,False
baseline_lag24,-,keep,2021-07,2021-07-05 01:00:00,23,25.0,False,False
baseline_lag24,-,keep,2021-07,2021-07-05 02:00:00,23,23.0,False,False
baseline_lag24,-,keep,2021-07,2021-07-05 03:00:00,24,23.0,False,False
baseline_lag24,-,keep,2021-07,2021-07-05 04:00:00,24,23.0,False,False
baseline_lag24,-,keep,2021-07,2021-07-05 05:00:00,23,24.0,False,False
baseline_lag24,-,keep,2021-07,2021-07-05 06:00:00,22,22.0,False,False
baseline_lag24,-,keep,2021-07,2021-07-05 07:00:00,63,22.0,False,False
baseline_lag24,-,keep,2021-07,2021-07-05 08:00:00,168,24.0,False,False
baseline_lag24,-,keep,2021-07,2021-07-05 09:00:00,170,22.0,False,False
baseline_lag24,-,keep,2021-07,2021-07-05 10:00:00,173,23.0,True,False
baseline_lag24,-,keep,2021-07,2021-07-05 11:00:00,172,26.0,True,False
baseline_lag24,-,keep,2021-07,2021-07-05 12:00:00,104,23.0,False,False
baseline_lag24,-,keep,2021-07,2021-07-05 13:00:00,168,23.0,False,False
baseline_lag24,-,keep,2021-07,2021-07-05 14:00:00,169,24.0,False,False
baseline_lag24,-,keep,2021-07,2021-07-05 15:00:00,160,24.0,False,False
baseline_lag24,-,keep,2021-07,2021-07-05 16:00:00,158,24.0,False,False
baseline_lag24,-,keep,2021-07,2021-07-05 17:00:00,129,22.0,False,False
baseline_lag24,-,keep,2021-07,2021-07-05 18:00:00,158,25.0,False,False
baseline_lag24,-,keep,2021-07,2021-07-05 19:00:00,139,23.0,False,False
baseline_lag24,-,keep,2021-07,2021-07-05 20:00:00,120,22.0,False,False
baseline_lag24,-,keep,2021-07,2021-07-05 21:00:00,117,25.0,False,False
baseline_lag24,-,keep,2021-07,2021-07-05 22:00:00,104,23.0,False,False
baseline_lag24,-,keep,2021-07,2021-07-05 23:00:00,102,23.0,False,False
baseline_lag24,-,keep,2021-07,2021-07-06 00:00:00,68,25.0,False,False
baseline_lag24,-,keep,2021-07,2021-07-06 01:00:00,103,23.0,False,False
baseline_lag24,-,keep,2021-07,2021-07-06 02:00:00,105,23.0,False,False
baseline_lag24,-,keep,2021-07,2021-07-06 03:00:00,105,24.0,False,False
baseline_lag24,-,keep,2021-07,2021-07-06 04:00:00,106,24.0,False,False
baseline_lag24,-,keep,2021-07,2021-07-06 05:00:00,98,23.0,False,False
baseline_lag24,-,keep,2021-07,2021-07-06 06:00:00,98,22.0,False,False
baseline_lag24,-,keep,2021-07,2021-07-06 07:00:00,119,63.0,False,False
baseline_lag24,-,keep,2021-07,2021-07-06 08:00:00,180,168.0,True,False
baseline_lag24,-,keep,2021-07,2021-07-06 09:00:00,180,170.0,True,False
baseline_lag24,-,keep,2021-07,2021-07-06 10:00:00,168,173.0,False,False
baseline_lag24,-,keep,2021-07,2021-07-06 11:00:00,176,172.0,True,False
baseline_lag24,-,keep,2021-07,2021-07-06 12:00:00,110,104.0,False,False
baseline_lag24,-,keep,2021-07,2021-07-06 13:00:00,159,168.0,False,False
baseline_lag24,-,keep,2021-07,2021-07-06 14:00:00,179,169.0,True,False
baseline_lag24,-,keep,2021-07,2021-07-06 15:00:00,158,160.0,False,False
baseline_lag24,-,keep,2021-07,2021-07-06 16:00:00,171,158.0,False,False
baseline_lag24,-,keep,2021-07,2021-07-06 17:00:00,129,129.0,False,False
baseline_lag24,-,keep,2021-07,2021-07-06 18:00:00,153,158.0,False,False
baseline_lag24,-,keep,2021-07,2021-07-06 19:00:00,151,139.0,False,False
baseline_lag24,-,keep,2021-07,2021-07-06 20:00:00,134,120.0,False,False
baseline_lag24,-,keep,2021-07,2021-07-06 21:00:00,126,117.0,False,False
baseline_lag24,-,keep,2021-07,2021-07-06 22:00:00,112,104.0,False,False
baseline_lag24,-,keep,2021-07,2021-07-06 23:00:00,106,102.0,False,False
baseline_lag24,-,keep,2021-07,2021-07-07 00:00:00,76,68.0,False,False
baseline_lag24,-,keep,2021-07,2021-07-07 01:00:00,102,103.0,False,False
baseline_lag24,-,keep,2021-07,2021-07-07 02:00:00,106,105.0,False,False
baseline_lag24,-,keep,2021-07,2021-07-07 03:00:00,110,105.0,False,False
baseline_lag24,-,keep,2021-07,2021-07-07 04:00:00,106,106.0,False,False
baseline_lag24,-,keep,2021-07,2021-07-07 05:00:00,94,98.0,False,False
baseline_lag24,-,keep,2021-07,2021-07-07 06:00:00,102,98.0,False,False
baseline_lag24,-,keep,2021-07,2021-07-07 07:00:00,130,119.0,False,False
baseline_lag24,-,keep,2021-07,2021-07-07 08:00:00,181,180.0,True,False
baseline_lag24,-,keep,2021-07,2021-07-07 09:00:00,178,180.0,True,False
baseline_lag24,-,keep,2021-07,2021-07-07 10:00:00,174,168.0,True,False
baseline_lag24,-,keep,2021-07,2021-07-07 11:00:00,178,176.0,True,False
baseline_lag24,-,keep,2021-07,2021-07-07 12:00:00,112,110.0,False,False
baseline_lag24,-,keep,2021-07,2021-07-07 13:00:00,173,159.0,True,False
baseline_lag24,-,keep,2021-07,2021-07-07 14:00:00,175,179.0,True,False
baseline_lag24,-,keep,2021-07,2021-07-07 15:00:00,158,158.0,False,False
baseline_lag24,-,keep,2021-07,2021-07-07 16:00:00,177,171.0,True,False
baseline_lag24,-,keep,2021-07,2021-07-07 17:00:00,138,129.0,False,False
baseline_lag24,-,keep,2021-07,2021-07-07 18:00:00,169,153.0,False,False
baseline_lag24,-,keep,2021-07,2021-07-07 19:00:00,157,151.0,False,False
baseline_lag24,-,keep,2021-07,2021-07-07 20:00:00,117,134.0,False,False
baseline_lag24,-,keep,2021-07,2021-07-07 21:00:00,115,126.0,False,False
baseline_lag24,-,keep,2021-07,2021-07-07 22:00:00,104,112.0,False,False
baseline_lag24,-,keep,2021-07,2021-07-07 23:00:00,105,106.0,False,False
baseline_lag24,-,keep,2021-07,2021-07-08 00:00:00,73,76.0,False,False
baseline_lag24,-,keep,2021-07,2021-07-08 01:00:00,99,102.0,False,False
baseline_lag24,-,keep,2021-07,2021-07-08 02:00:00,104,106.0,False,False
baseline_lag24,-,keep,2021-07,2021-07-08 03:00:00,105,110.0,False,False
baseline_lag24,-,keep,2021-07,2021-07-08 04:00:00,106,106.0,False,False
baseline_lag24,-,keep,2021-07,2021-07-08 05:00:00,96,94.0,False,False
baseline_lag24,-,keep,2021-07,2021-07-08 06:00:00,110,102.0,False,False
baseline_lag24,-,keep,2021-07,2021-07-08 07:00:00,133,130.0,False,False
baseline_lag24,-,keep,2021-07,2021-07-08 08:00:00,166,181.0,False,False
baseline_lag24,-,keep,2021-07,2021-07-08 09:00:00,180,178.0,True,False
baseline_lag24,-,keep,2021-07,2021-07-08 10:00:00,184,174.0,True,False
baseline_lag24,-,keep,2021-07,2021-07-08 11:00:00,190,178.0,True,False
baseline_lag24,-,keep,2021-07,2021-07-08 12:00:00,120,112.0,False,False
baseline_lag24,-,keep,2021-07,2021-07-08 13:00:00,186,173.0,True,False
baseline_lag24,-,keep,2021-07,2021-07-08 14:00:00,184,175.0,True,False
baseline_lag24,-,keep,2021-07,2021-07-08 15:00:00,161,158.0,False,False
baseline_lag24,-,keep,2021-07,2021-07-08 16:00:00,174,177.0,True,False
baseline_lag24,-,keep,2021-07,2021-07-08 17:00:00,128,138.0,False,False
baseline_lag24,-,keep,2021-07,2021-07-08 18:00:00,147,169.0,False,False
baseline_lag24,-,keep,2021-07,2021-07-08 19:00:00,147,157.0,False,False
baseline_lag24,-,keep,2021-07,2021-07-08 20:00:00,130,117.0,False,False
baseline_lag24,-,keep,2021-07,2021-07-08 21:00:00,125,115.0,False,False
baseline_lag24,-,keep,2021-07,2021-07-08 22:00:00,111,104.0,False,False
baseline_lag24,-,keep,2021-07,2021-07-08 23:00:00,113,105.0,False,False
baseline_lag24,-,keep,2021-07,2021-07-09 00:00:00,73,73.0,False,False
baseline_lag24,-,keep,2021-07,2021-07-09 01:00:00,102,99.0,False,False
baseline_lag24,-,keep,2021-07,2021-07-09 02:00:00,110,104.0,False,False
baseline_lag24,-,keep,2021-07,2021-07-09 03:00:00,99,105.0,False,False
baseline_lag24,-,keep,2021-07,2021-07-09 04:00:00,104,106.0,False,False
baseline_lag24,-,keep,2021-07,2021-07-09 05:00:00,98,96.0,False,False
baseline_lag24,-,keep,2021-07,2021-07-09 06:00:00,113,110.0,False,False
baseline_lag24,-,keep,2021-07,2021-07-09 07:00:00,137,133.0,False,False
baseline_lag24,-,keep,2021-07,2021-07-09 08:00:00,174,166.0,True,False
baseline_lag24,-,keep,2021-07,2021-07-09 09:00:00,166,180.0,False,False
baseline_lag24,-,keep,2021-07,2021-07-09 10:00:00,164,184.0,False,False
baseline_lag24,-,keep,2021-07,2021-07-09 11:00:00,171,190.0,False,False
baseline_lag24,-,keep,2021-07,2021-07-09 12:00:00,100,120.0,False,False
baseline_lag24,-,keep,2021-07,2021-07-09 13:00:00,174,186.0,True,False
baseline_lag24,-,keep,2021-07,2021-07-09 14:00:00,181,184.0,True,False
baseline_lag24,-,keep,2021-07,2021-07-09 15:00:00,167,161.0,False,False
baseline_lag24,-,keep,2021-07,2021-07-09 16:00:00,171,174.0,False,False
baseline_lag24,-,keep,2021-07,2021-07-09 17:00:00,143,128.0,False,False
baseline_lag24,-,keep,2021-07,2021-07-09 18:00:00,170,147.0,False,False
baseline_lag24,-,keep,2021-07,2021-07-09 19:00:00,134,147.0,False,False
baseline_lag24,-,keep,2021-07,2021-07-09 20:00:00,104,130.0,False,False
baseline_lag24,-,keep,2021-07,2021-07-09 21:00:00,103,125.0,False,False
baseline_lag24,-,keep,2021-07,2021-07-09 22:00:00,102,111.0,False,False
baseline_lag24,-,keep,2021-07,2021-07-09 23:00:00,96,113.0,False,False
baseline_lag24,-,keep,2021-07,2021-07-10 00:00:00,65,73.0,False,False
baseline_lag24,-,keep,2021-07,2021-07-10 01:00:00,97,102.0,False,False
baseline_lag24,-,keep,2021-07,2021-07-10 02:00:00,97,110.0,False,False
baseline_lag24,-,keep,2021-07,2021-07-10 03:00:00,97,99.0,False,False
baseline_lag24,-,keep,2021-07,2021-07-10 04:00:00,100,104.0,False,False
baseline_lag24,-,keep,2021-07,2021-07-10 05:00:00,83,98.0,False,False
baseline_lag24,-,keep,2021-07,2021-07-10 06:00:00,101,113.0,False,False
baseline_lag24,-,keep,2021-07,2021-07-10 07:00:00,75,137.0,False,False
baseline_lag24,-,keep,2021-07,2021-07-10 08:00:00,26,174.0,False,False
baseline_lag24,-,keep,2021-07,2021-07-10 09:00:00,27,166.0,False,False
baseline_lag24,-,keep,2021-07,2021-07-10 10:00:00,30,164.0,False,False
baseline_lag24,-,keep,2021-07,2021-07-10 11:00:00,29,171.0,False,False
baseline_lag24,-,keep,2021-07,2021-07-10 12:00:00,26,100.0,False,False
baseline_lag24,-,keep,2021-07,2021-07-10 13:00:00,25,174.0,False,False
baseline_lag24,-,keep,2021-07,2021-07-10 14:00:00,23,181.0,False,False
baseline_lag24,-,keep,2021-07,2021-07-10 15:00:00,24,167.0,False,False
baseline_lag24,-,keep,2021-07,2021-07-10 16:00:00,24,171.0,False,False
baseline_lag24,-,keep,2021-07,2021-07-10 17:00:00,23,143.0,False,False
baseline_lag24,-,keep,2021-07,2021-07-10 18:00:00,22,170.0,False,False
baseline_lag24,-,keep,2021-07,2021-07-10 19:00:00,24,134.0,False,False
baseline_lag24,-,keep,2021-07,2021-07-10 20:00:00,22,104.0,False,False
baseline_lag24,-,keep,2021-07,2021-07-10 21:00:00,22,103.0,False,False
baseline_lag24,-,keep,2021-07,2021-07-10 22:00:00,25,102.0,False,False
baseline_lag24,-,keep,2021-07,2021-07-10 23:00:00,22,96.0,False,False
baseline_lag24,-,keep,2021-07,2021-07-11 00:00:00,23,65.0,False,False
baseline_lag24,-,keep,2021-07,2021-07-11 01:00:00,26,97.0,False,False
baseline_lag24,-,keep,2021-07,2021-07-11 02:00:00,23,97.0,False,False
baseline_lag24,-,keep,2021-07,2021-07-11 03:00:00,23,97.0,False,False
baseline_lag24,-,keep,2021-07,2021-07-11 04:00:00,23,100.0,False,False
baseline_lag24,-,keep,2021-07,2021-07-11 05:00:00,24,83.0,False,False
baseline_lag24,-,keep,2021-07,2021-07-11 06:00:00,22,101.0,False,False
baseline_lag24,-,keep,2021-07,2021-07-11 07:00:00,22,75.0,False,False
baseline_lag24,-,keep,2021-07,2021-07-11 08:00:00,24,26.0,False,False
baseline_lag24,-,keep,2021-07,2021-07-11 09:00:00,22,27.0,False,False
baseline_lag24,-,keep,2021-07,2021-07-11 10:00:00,23,30.0,False,False
baseline_lag24,-,keep,2021-07,2021-07-11 11:00:00,25,29.0,False,False
baseline_lag24,-,keep,2021-07,2021-07-11 12:00:00,23,26.0,False,False
baseline_lag24,-,keep,2021-07,2021-07-11 13:00:00,24,25.0,False,False
baseline_lag24,-,keep,2021-07,2021-07-11 14:00:00,26,23.0,False,False
baseline_lag24,-,keep,2021-07,2021-07-11 15:00:00,24,24.0,False,False
baseline_lag24,-,keep,2021-07,2021-07-11 16:00:00,25,24.0,False,False
baseline_lag24,-,keep,2021-07,2021-07-11 17:00:00,24,23.0,False,False
baseline_lag24,-,keep,2021-07,2021-07-11 18:00:00,23,22.0,False,False
baseline_lag24,-,keep,2021-07,2021-07-11 19:00:00,22,24.0,False,False
baseline_lag24,-,keep,2021-07,2021-07-11 20:00:00,23,22.0,False,False
baseline_lag24,-,keep,2021-07,2021-07-11 21:00:00,25,22.0,False,False
baseline_lag24,-,keep,2021-07,2021-07-11 22:00:00,23,25.0,False,False
baseline_lag24,-,keep,2021-07,2021-07-11 23:00:00,23,22.0,False,False
baseline_lag24,-,keep,2021-07,2021-07-12 00:00:00,25,23.0,False,False
baseline_lag24,-,keep,2021-07,2021-07-12 01:00:00,23,26.0,False,False
baseline_lag24,-,keep,2021-07,2021-07-12 02:00:00,23,23.0,False,False
baseline_lag24,-,keep,2021-07,2021-07-12 03:00:00,24,23.0,False,False
baseline_lag24,-,keep,2021-07,2021-07-12 04:00:00,22,23.0,False,False
baseline_lag24,-,keep,2021-07,2021-07-12 05:00:00,23,24.0,False,False
baseline_lag24,-,keep,2021-07,2021-07-12 06:00:00,24,22.0,False,False
baseline_lag24,-,keep,2021-07,2021-07-12 07:00:00,65,22.0,False,False
baseline_lag24,-,keep,2021-07,2021-07-12 08:00:00,186,24.0,True,False
baseline_lag24,-,keep,2021-07,2021-07-12 09:00:00,191,22.0,True,False
baseline_lag24,-,keep,2021-07,2021-07-12 10:00:00,175,23.0,True,False
baseline_lag24,-,keep,2021-07,2021-07-12 11:00:00,186,25.0,True,False
baseline_lag24,-,keep,2021-07,2021-07-12 12:00:00,115,23.0,False,False
baseline_lag24,-,keep,2021-07,2021-07-12 13:00:00,167,24.0,False,False
baseline_lag24,-,keep,2021-07,2021-07-12 14:00:00,184,26.0,True,False
baseline_lag24,-,keep,2021-07,2021-07-12 15:00:00,164,24.0,False,False
baseline_lag24,-,keep,2021-07,2021-07-12 16:00:00,174,25.0,True,False
baseline_lag24,-,keep,2021-07,2021-07-12 17:00:00,138,24.0,False,False
baseline_lag24,-,keep,2021-07,2021-07-12 18:00:00,157,23.0,False,False
baseline_lag24,-,keep,2021-07,2021-07-12 19:00:00,157,22.0,False,False
baseline_lag24,-,keep,2021-07,2021-07-12 20:00:00,125,23.0,False,False
baseline_lag24,-,keep,2021-07,2021-07-12 21:00:00,120,25.0,False,False
baseline_lag24,-,keep,2021-07,2021-07-12 22:00:00,116,23.0,False,False
baseline_lag24,-,keep,2021-07,2021-07-12 23:00:00,103,23.0,False,False
baseline_lag24,-,keep,2021-07,2021-07-14 00:00:00,73,69.0,False,False
baseline_lag24,-,keep,2021-07,2021-07-14 01:00:00,102,96.0,False,False
baseline_lag24,-,keep,2021-07,2021-07-14 02:00:00,105,112.0,False,False
baseline_lag24,-,keep,2021-07,2021-07-14 03:00:00,102,110.0,False,False
baseline_lag24,-,keep,2021-07,2021-07-14 04:00:00,105,106.0,False,False
baseline_lag24,-,keep,2021-07,2021-07-14 05:00:00,89,143.0,False,False
baseline_lag24,-,keep,2021-07,2021-07-14 06:00:00,106,123.0,False,False
baseline_lag24,-,keep,2021-07,2021-07-14 07:00:00,132,111.0,False,False
baseline_lag24,-,keep,2021-07,2021-07-14 08:00:00,179,102.0,True,False
baseline_lag24,-,keep,2021-07,2021-07-14 09:00:00,185,112.0,True,False
baseline_lag24,-,keep,2021-07,2021-07-14 10:00:00,175,124.0,True,False
baseline_lag24,-,keep,2021-07,2021-07-14 11:00:00,185,139.0,True,False
baseline_lag24,-,keep,2021-07,2021-07-14 12:00:00,99,123.0,False,False
baseline_lag24,-,keep,2021-07,2021-07-14 13:00:00,166,107.0,False,False
baseline_lag24,-,keep,2021-07,2021-07-14 14:00:00,178,150.0,True,False
baseline_lag24,-,keep,2021-07,2021-07-14 15:00:00,134,181.0,False,False
baseline_lag24,-,keep,2021-07,2021-07-14 16:00:00,154,174.0,False,False
baseline_lag24,-,keep,2021-07,2021-07-14 17:00:00,140,143.0,False,False
baseline_lag24,-,keep,2021-07,2021-07-14 18:00:00,165,152.0,False,False
baseline_lag24,-,keep,2021-07,2021-07-14 19:00:00,138,174.0,False,False
baseline_lag24,-,keep,2021-07,2021-07-14 20:00:00,112,175.0,False,False
baseline_lag24,-,keep,2021-07,2021-07-14 21:00:00,112,174.0,False,False
baseline_lag24,-,keep,2021-07,2021-07-14 22:00:00,110,178.0,False,False
baseline_lag24,-,keep,2021-07,2021-07-14 23:00:00,104,188.0,False,False
baseline_lag24,-,keep,2021-07,2021-07-16 00:00:00,65,67.0,False,False
baseline_lag24,-,keep,2021-07,2021-07-16 01:00:00,96,90.0,False,False
baseline_lag24,-,keep,2021-07,2021-07-16 02:00:00,101,111.0,False,False
baseline_lag24,-,keep,2021-07,2021-07-16 03:00:00,107,109.0,False,False
baseline_lag24,-,keep,2021-07,2021-07-16 04:00:00,106,110.0,False,False
baseline_lag24,-,keep,2021-07,2021-07-16 05:00:00,88,88.0,False,False
baseline_lag24,-,keep,2021-07,2021-07-16 06:00:00,106,103.0,False,False
baseline_lag24,-,keep,2021-07,2021-07-16 07:00:00,135,107.0,False,False
baseline_lag24,-,keep,2021-07,2021-07-16 08:00:00,187,134.0,True,False
baseline_lag24,-,keep,2021-07,2021-07-16 09:00:00,185,113.0,True,False
baseline_lag24,-,keep,2021-07,2021-07-16 10:00:00,169,108.0,False,False
baseline_lag24,-,keep,2021-07,2021-07-16 11:00:00,188,134.0,True,False
baseline_lag24,-,keep,2021-07,2021-07-16 12:00:00,116,118.0,False,False
baseline_lag24,-,keep,2021-07,2021-07-16 13:00:00,172,122.0,True,False
baseline_lag24,-,keep,2021-07,2021-07-16 14:00:00,166,155.0,False,False
baseline_lag24,-,keep,2021-07,2021-07-16 15:00:00,158,152.0,False,False
baseline_lag24,-,keep,2021-07,2021-07-16 16:00:00,165,184.0,False,False
baseline_lag24,-,keep,2021-07,2021-07-16 17:00:00,138,172.0,False,False
baseline_lag24,-,keep,2021-07,2021-07-16 18:00:00,158,192.0,False,False
baseline_lag24,-,keep,2021-07,2021-07-16 19:00:00,136,160.0,False,False
baseline_lag24,-,keep,2021-07,2021-07-16 20:00:00,114,155.0,False,False
baseline_lag24,-,keep,2021-07,2021-07-16 21:00:00,114,187.0,False,False
baseline_lag24,-,keep,2021-07,2021-07-16 22:00:00,102,198.0,False,False
baseline_lag24,-,keep,2021-07,2021-07-16 23:00:00,101,187.0,False,False
baseline_lag24,-,keep,2021-07,2021-07-17 00:00:00,64,65.0,False,False
baseline_lag24,-,keep,2021-07,2021-07-17 01:00:00,101,96.0,False,False
baseline_lag24,-,keep,2021-07,2021-07-17 02:00:00,98,101.0,False,False
baseline_lag24,-,keep,2021-07,2021-07-17 03:00:00,94,107.0,False,False
baseline_lag24,-,keep,2021-07,2021-07-17 04:00:00,96,106.0,False,False
baseline_lag24,-,keep,2021-07,2021-07-17 05:00:00,84,88.0,False,False
baseline_lag24,-,keep,2021-07,2021-07-17 06:00:00,85,106.0,False,False
baseline_lag24,-,keep,2021-07,2021-07-17 07:00:00,57,135.0,False,False
baseline_lag24,-,keep,2021-07,2021-07-17 08:00:00,25,187.0,False,False
baseline_lag24,-,keep,2021-07,2021-07-17 09:00:00,23,185.0,False,False
baseline_lag24,-,keep,2021-07,2021-07-17 10:00:00,23,169.0,False,False
baseline_lag24,-,keep,2021-07,2021-07-17 11:00:00,24,188.0,False,False
baseline_lag24,-,keep,2021-07,2021-07-17 12:00:00,24,116.0,False,False
baseline_lag24,-,keep,2021-07,2021-07-17 13:00:00,23,172.0,False,False
baseline_lag24,-,keep,2021-07,2021-07-17 14:00:00,23,166.0,False,False
baseline_lag24,-,keep,2021-07,2021-07-17 15:00:00,25,158.0,False,False
baseline_lag24,-,keep,2021-07,2021-07-17 16:00:00,23,165.0,False,False
baseline_lag24,-,keep,2021-07,2021-07-17 17:00:00,22,138.0,False,False
baseline_lag24,-,keep,2021-07,2021-07-17 18:00:00,24,158.0,False,False
baseline_lag24,-,keep,2021-07,2021-07-17 19:00:00,23,136.0,False,False
baseline_lag24,-,keep,2021-07,2021-07-17 20:00:00,23,114.0,False,False
baseline_lag24,-,keep,2021-07,2021-07-17 21:00:00,24,114.0,False,False
baseline_lag24,-,keep,2021-07,2021-07-17 22:00:00,25,102.0,False,False
baseline_lag24,-,keep,2021-07,2021-07-17 23:00:00,23,101.0,False,False
baseline_lag24,-,keep,2021-07,2021-07-18 00:00:00,23,64.0,False,False
baseline_lag24,-,keep,2021-07,2021-07-18 01:00:00,25,101.0,False,False
baseline_lag24,-,keep,2021-07,2021-07-18 02:00:00,23,98.0,False,False
baseline_lag24,-,keep,2021-07,2021-07-18 03:00:00,23,94.0,False,False
baseline_lag24,-,keep,2021-07,2021-07-18 04:00:00,25,96.0,False,False
baseline_lag24,-,keep,2021-07,2021-07-18 05:00:00,22,84.0,False,False
baseline_lag24,-,keep,2021-07,2021-07-18 06:00:00,23,85.0,False,False
baseline_lag24,-,keep,2021-07,2021-07-18 07:00:00,25,57.0,False,False
baseline_lag24,-,keep,2021-07,2021-07-18 08:00:00,23,25.0,False,False
baseline_lag24,-,keep,2021-07,2021-07-18 09:00:00,23,23.0,False,False
baseline_lag24,-,keep,2021-07,2021-07-18 10:00:00,23,23.0,False,False
baseline_lag24,-,keep,2021-07,2021-07-18 11:00:00,25,24.0,False,False
baseline_lag24,-,keep,2021-07,2021-07-18 12:00:00,23,24.0,False,False
baseline_lag24,-,keep,2021-07,2021-07-18 13:00:00,23,23.0,False,False
baseline_lag24,-,keep,2021-07,2021-07-18 14:00:00,25,23.0,False,False
baseline_lag24,-,keep,2021-07,2021-07-18 15:00:00,24,25.0,False,False
baseline_lag24,-,keep,2021-07,2021-07-18 16:00:00,23,23.0,False,False
baseline_lag24,-,keep,2021-07,2021-07-18 17:00:00,24,22.0,False,False
baseline_lag24,-,keep,2021-07,2021-07-18 18:00:00,24,24.0,False,False
baseline_lag24,-,keep,2021-07,2021-07-18 19:00:00,23,23.0,False,False
baseline_lag24,-,keep,2021-07,2021-07-18 20:00:00,23,23.0,False,False
baseline_lag24,-,keep,2021-07,2021-07-18 21:00:00,25,24.0,False,False
baseline_lag24,-,keep,2021-07,2021-07-18 22:00:00,24,25.0,False,False
baseline_lag24,-,keep,2021-07,2021-07-18 23:00:00,23,23.0,False,False
baseline_lag24,-,keep,2021-07,2021-07-19 00:00:00,26,23.0,False,False
baseline_lag24,-,keep,2021-07,2021-07-19 01:00:00,24,25.0,False,False
baseline_lag24,-,keep,2021-07,2021-07-19 02:00:00,23,23.0,False,False
baseline_lag24,-,keep,2021-07,2021-07-19 03:00:00,23,23.0,False,False
baseline_lag24,-,keep,2021-07,2021-07-19 04:00:00,25,25.0,False,False
baseline_lag24,-,keep,2021-07,2021-07-19 05:00:00,23,22.0,False,False
baseline_lag24,-,keep,2021-07,2021-07-19 06:00:00,23,23.0,False,False
baseline_lag24,-,keep,2021-07,2021-07-19 07:00:00,65,25.0,False,False
baseline_lag24,-,keep,2021-07,2021-07-19 08:00:00,188,23.0,True,False
baseline_lag24,-,keep,2021-07,2021-07-19 09:00:00,179,23.0,True,False
baseline_lag24,-,keep,2021-07,2021-07-19 10:00:00,185,23.0,True,False
baseline_lag24,-,keep,2021-07,2021-07-19 11:00:00,199,25.0,True,False
baseline_lag24,-,keep,2021-07,2021-07-19 12:00:00,117,23.0,False,False
baseline_lag24,-,keep,2021-07,2021-07-19 13:00:00,178,23.0,True,False
baseline_lag24,-,keep,2021-07,2021-07-19 14:00:00,178,25.0,True,False
baseline_lag24,-,keep,2021-07,2021-07-19 15:00:00,169,24.0,False,False
baseline_lag24,-,keep,2021-07,2021-07-19 16:00:00,183,23.0,True,False
baseline_lag24,-,keep,2021-07,2021-07-19 17:00:00,149,24.0,False,False
baseline_lag24,-,keep,2021-07,2021-07-19 18:00:00,171,24.0,False,False
baseline_lag24,-,keep,2021-07,2021-07-19 19:00:00,151,23.0,False,False
baseline_lag24,-,keep,2021-07,2021-07-19 20:00:00,127,23.0,False,False
baseline_lag24,-,keep,2021-07,2021-07-19 21:00:00,124,25.0,False,False
baseline_lag24,-,keep,2021-07,2021-07-19 22:00:00,106,24.0,False,False
baseline_lag24,-,keep,2021-07,2021-07-19 23:00:00,110,23.0,False,False
baseline_lag24,-,keep,2021-07,2021-07-20 00:00:00,71,26.0,False,False
baseline_lag24,-,keep,2021-07,2021-07-20 01:00:00,100,24.0,False,False
baseline_lag24,-,keep,2021-07,2021-07-20 02:00:00,103,23.0,False,False
baseline_lag24,-,keep,2021-07,2021-07-20 03:00:00,105,23.0,False,False
baseline_lag24,-,keep,2021-07,2021-07-20 04:00:00,107,25.0,False,False
baseline_lag24,-,keep,2021-07,2021-07-20 05:00:00,91,23.0,False,False
baseline_lag24,-,keep,2021-07,2021-07-20 06:00:00,110,23.0,False,False
baseline_lag24,-,keep,2021-07,2021-07-20 07:00:00,133,65.0,False,False
baseline_lag24,-,keep,2021-07,2021-07-20 08:00:00,188,188.0,True,False
baseline_lag24,-,keep,2021-07,2021-07-20 09:00:00,191,179.0,True,False
baseline_lag24,-,keep,2021-07,2021-07-20 10:00:00,189,185.0,True,False
baseline_lag24,-,keep,2021-07,2021-07-20 11:00:00,190,199.0,True,False
baseline_lag24,-,keep,2021-07,2021-07-20 12:00:00,121,117.0,False,False
baseline_lag24,-,keep,2021-07,2021-07-20 13:00:00,178,178.0,True,False
baseline_lag24,-,keep,2021-07,2021-07-20 14:00:00,187,178.0,True,False
baseline_lag24,-,keep,2021-07,2021-07-20 15:00:00,167,169.0,False,False
baseline_lag24,-,keep,2021-07,2021-07-20 16:00:00,185,183.0,True,False
baseline_lag24,-,keep,2021-07,2021-07-20 17:00:00,132,149.0,False,False
baseline_lag24,-,keep,2021-07,2021-07-20 18:00:00,175,171.0,True,False
baseline_lag24,-,keep,2021-07,2021-07-20 19:00:00,170,151.0,False,False
baseline_lag24,-,keep,2021-07,2021-07-20 20:00:00,127,127.0,False,False
baseline_lag24,-,keep,2021-07,2021-07-20 21:00:00,130,124.0,False,False
baseline_lag24,-,keep,2021-07,2021-07-20 22:00:00,112,106.0,False,False
baseline_lag24,-,keep,2021-07,2021-07-20 23:00:00,109,110.0,False,False
baseline_lag24,-,keep,2021-07,2021-07-21 00:00:00,78,71.0,False,False
baseline_lag24,-,keep,2021-07,2021-07-21 01:00:00,107,100.0,False,False
baseline_lag24,-,keep,2021-07,2021-07-21 02:00:00,100,103.0,False,False
baseline_lag24,-,keep,2021-07,2021-07-21 03:00:00,102,105.0,False,False
baseline_lag24,-,keep,2021-07,2021-07-21 04:00:00,107,107.0,False,False
baseline_lag24,-,keep,2021-07,2021-07-21 05:00:00,94,91.0,False,False
baseline_lag24,-,keep,2021-07,2021-07-21 06:00:00,106,110.0,False,False
baseline_lag24,-,keep,2021-07,2021-07-21 07:00:00,128,133.0,False,False
baseline_lag24,-,keep,2021-07,2021-07-21 08:00:00,193,188.0,True,False
baseline_lag24,-,keep,2021-07,2021-07-21 09:00:00,204,191.0,True,False
baseline_lag24,-,keep,2021-07,2021-07-21 10:00:00,179,189.0,True,False
baseline_lag24,-,keep,2021-07,2021-07-21 11:00:00,197,190.0,True,False
baseline_lag24,-,keep,2021-07,2021-07-21 12:00:00,128,121.0,False,False
baseline_lag24,-,keep,2021-07,2021-07-21 13:00:00,189,178.0,True,False
baseline_lag24,-,keep,2021-07,2021-07-21 14:00:00,199,187.0,True,False
baseline_lag24,-,keep,2021-07,2021-07-21 15:00:00,171,167.0,False,False
baseline_lag24,-,keep,2021-07,2021-07-21 16:00:00,182,185.0,True,False
baseline_lag24,-,keep,2021-07,2021-07-21 17:00:00,138,132.0,False,False
baseline_lag24,-,keep,2021-07,2021-07-21 18:00:00,162,175.0,False,False
baseline_lag24,-,keep,2021-07,2021-07-21 19:00:00,162,170.0,False,False
baseline_lag24,-,keep,2021-07,2021-07-21 20:00:00,131,127.0,False,False
baseline_lag24,-,keep,2021-07,2021-07-21 21:00:00,117,130.0,False,False
baseline_lag24,-,keep,2021-07,2021-07-21 22:00:00,104,112.0,False,False
baseline_lag24,-,keep,2021-07,2021-07-21 23:00:00,103,109.0,False,False
baseline_lag24,-,keep,2021-07,2021-07-22 00:00:00,71,78.0,False,False
baseline_lag24,-,keep,2021-07,2021-07-22 01:00:00,99,107.0,False,False
baseline_lag24,-,keep,2021-07,2021-07-22 02:00:00,103,100.0,False,False
baseline_lag24,-,keep,2021-07,2021-07-22 03:00:00,100,102.0,False,False
baseline_lag24,-,keep,2021-07,2021-07-22 04:00:00,105,107.0,False,False
baseline_lag24,-,keep,2021-07,2021-07-22 05:00:00,86,94.0,False,False
baseline_lag24,-,keep,2021-07,2021-07-22 06:00:00,106,106.0,False,False
baseline_lag24,-,keep,2021-07,2021-07-22 07:00:00,122,128.0,False,False
baseline_lag24,-,keep,2021-07,2021-07-22 08:00:00,197,193.0,True,False
baseline_lag24,-,keep,2021-07,2021-07-22 09:00:00,192,204.0,True,False
baseline_lag24,-,keep,2021-07,2021-07-22 10:00:00,180,179.0,True,False
baseline_lag24,-,keep,2021-07,2021-07-22 11:00:00,186,197.0,True,False
baseline_lag24,-,keep,2021-07,2021-07-22 12:00:00,104,128.0,False,False
baseline_lag24,-,keep,2021-07,2021-07-22 13:00:00,171,189.0,False,False
baseline_lag24,-,keep,2021-07,2021-07-22 14:00:00,182,199.0,True,False
baseline_lag24,-,keep,2021-07,2021-07-22 15:00:00,164,171.0,False,False
baseline_lag24,-,keep,2021-07,2021-07-22 16:00:00,165,182.0,False,False
baseline_lag24,-,keep,2021-07,2021-07-22 17:00:00,124,138.0,False,False
baseline_lag24,-,keep,2021-07,2021-07-22 18:00:00,164,162.0,False,False
baseline_lag24,-,keep,2021-07,2021-07-22 19:00:00,154,162.0,False,False
baseline_lag24,-,keep,2021-07,2021-07-22 20:00:00,132,131.0,False,False
baseline_lag24,-,keep,2021-07,2021-07-22 21:00:00,120,117.0,False,False
baseline_lag24,-,keep,2021-07,2021-07-22 22:00:00,115,104.0,False,False
baseline_lag24,-,keep,2021-07,2021-07-22 23:00:00,107,103.0,False,False
baseline_lag24,-,keep,2021-07,2021-07-23 00:00:00,78,71.0,False,False
baseline_lag24,-,keep,2021-07,2021-07-23 01:00:00,105,99.0,False,False
baseline_lag24,-,keep,2021-07,2021-07-23 02:00:00,105,103.0,False,False
baseline_lag24,-,keep,2021-07,2021-07-23 03:00:00,102,100.0,False,False
baseline_lag24,-,keep,2021-07,2021-07-23 04:00:00,99,105.0,False,False
baseline_lag24,-,keep,2021-07,2021-07-23 05:00:00,89,86.0,False,False
baseline_lag24,-,keep,2021-07,2021-07-23 06:00:00,103,106.0,False,False
baseline_lag24,-,keep,2021-07,2021-07-23 07:00:00,122,122.0,False,False
baseline_lag24,-,keep,2021-07,2021-07-23 08:00:00,191,197.0,True,False
baseline_lag24,-,keep,2021-07,2021-07-23 09:00:00,185,192.0,True,False
baseline_lag24,-,keep,2021-07,2021-07-23 10:00:00,179,180.0,True,False
baseline_lag24,-,keep,2021-07,2021-07-23 11:00:00,188,186.0,True,False
baseline_lag24,-,keep,2021-07,2021-07-23 12:00:00,113,104.0,False,False
baseline_lag24,-,keep,2021-07,2021-07-23 13:00:00,180,171.0,True,False
baseline_lag24,-,keep,2021-07,2021-07-23 14:00:00,184,182.0,True,False
baseline_lag24,-,keep,2021-07,2021-07-23 15:00:00,175,164.0,True,False
baseline_lag24,-,keep,2021-07,2021-07-23 16:00:00,189,165.0,True,False
baseline_lag24,-,keep,2021-07,2021-07-23 17:00:00,138,124.0,False,False
baseline_lag24,-,keep,2021-07,2021-07-23 18:00:00,175,164.0,True,False
baseline_lag24,-,keep,2021-07,2021-07-23 19:00:00,145,154.0,False,False
baseline_lag24,-,keep,2021-07,2021-07-23 20:00:00,111,132.0,False,False
baseline_lag24,-,keep,2021-07,2021-07-23 21:00:00,107,120.0,False,False
baseline_lag24,-,keep,2021-07,2021-07-23 22:00:00,100,115.0,False,False
baseline_lag24,-,keep,2021-07,2021-07-23 23:00:00,102,107.0,False,False
baseline_lag24,-,keep,2021-07,2021-07-24 00:00:00,68,78.0,False,False
baseline_lag24,-,keep,2021-07,2021-07-24 01:00:00,96,105.0,False,False
baseline_lag24,-,keep,2021-07,2021-07-24 02:00:00,95,105.0,False,False
baseline_lag24,-,keep,2021-07,2021-07-24 03:00:00,93,102.0,False,False
baseline_lag24,-,keep,2021-07,2021-07-24 04:00:00,97,99.0,False,False
baseline_lag24,-,keep,2021-07,2021-07-24 05:00:00,81,89.0,False,False
baseline_lag24,-,keep,2021-07,2021-07-24 06:00:00,95,103.0,False,False
baseline_lag24,-,keep,2021-07,2021-07-24 07:00:00,61,122.0,False,False
baseline_lag24,-,keep,2021-07,2021-07-24 08:00:00,25,191.0,False,False
baseline_lag24,-,keep,2021-07,2021-07-24 09:00:00,24,185.0,False,False
baseline_lag24,-,keep,2021-07,2021-07-24 10:00:00,24,179.0,False,False
baseline_lag24,-,keep,2021-07,2021-07-24 11:00:00,27,188.0,False,False
baseline_lag24,-,keep,2021-07,2021-07-24 12:00:00,23,113.0,False,False
baseline_lag24,-,keep,2021-07,2021-07-24 13:00:00,24,180.0,False,False
baseline_lag24,-,keep,2021-07,2021-07-24 14:00:00,24,184.0,False,False
baseline_lag24,-,keep,2021-07,2021-07-24 15:00:00,26,175.0,False,False
baseline_lag24,-,keep,2021-07,2021-07-24 16:00:00,24,189.0,False,False
baseline_lag24,-,keep,2021-07,2021-07-24 17:00:00,24,138.0,False,False
baseline_lag24,-,keep,2021-07,2021-07-24 18:00:00,25,175.0,False,False
baseline_lag24,-,keep,2021-07,2021-07-24 19:00:00,25,145.0,False,False
baseline_lag24,-,keep,2021-07,2021-07-24 20:00:00,24,111.0,False,False
baseline_lag24,-,keep,2021-07,2021-07-24 21:00:00,25,107.0,False,False
baseline_lag24,-,keep,2021-07,2021-07-24 22:00:00,26,100.0,False,False
baseline_lag24,-,keep,2021-07,2021-07-24 23:00:00,24,102.0,False,False
baseline_lag24,-,keep,2021-07,2021-07-25 00:00:00,24,68.0,False,False
baseline_lag24,-,keep,2021-07,2021-07-25 01:00:00,25,96.0,False,False
baseline_lag24,-,keep,2021-07,2021-07-25 02:00:00,25,95.0,False,False
baseline_lag24,-,keep,2021-07,2021-07-25 03:00:00,24,93.0,False,False
baseline_lag24,-,keep,2021-07,2021-07-25 04:00:00,24,97.0,False,False
baseline_lag24,-,keep,2021-07,2021-07-25 05:00:00,26,81.0,False,False
baseline_lag24,-,keep,2021-07,2021-07-25 06:00:00,24,95.0,False,False
baseline_lag24,-,keep,2021-07,2021-07-25 07:00:00,24,61.0,False,False
baseline_lag24,-,keep,2021-07,2021-07-25 08:00:00,24,25.0,False,False
baseline_lag24,-,keep,2021-07,2021-07-25 09:00:00,26,24.0,False,False
baseline_lag24,-,keep,2021-07,2021-07-25 10:00:00,24,24.0,False,False
baseline_lag24,-,keep,2021-07,2021-07-25 11:00:00,24,27.0,False,False
baseline_lag24,-,keep,2021-07,2021-07-25 12:00:00,26,23.0,False,False
baseline_lag24,-,keep,2021-07,2021-07-25 13:00:00,24,24.0,False,False
baseline_lag24,-,keep,2021-07,2021-07-25 14:00:00,24,24.0,False,False
baseline_lag24,-,keep,2021-07,2021-07-25 15:00:00,25,26.0,False,False
baseline_lag24,-,keep,2021-07,2021-07-25 16:00:00,26,24.0,False,False
baseline_lag24,-,keep,2021-07,2021-07-25 17:00:00,24,24.0,False,False
baseline_lag24,-,keep,2021-07,2021-07-25 18:00:00,23,25.0,False,False
baseline_lag24,-,keep,2021-07,2021-07-25 19:00:00,25,25.0,False,False
baseline_lag24,-,keep,2021-07,2021-07-25 20:00:00,24,24.0,False,False
baseline_lag24,-,keep,2021-07,2021-07-25 21:00:00,24,25.0,False,False
baseline_lag24,-,keep,2021-07,2021-07-25 22:00:00,24,26.0,False,False
baseline_lag24,-,keep,2021-07,2021-07-25 23:00:00,26,24.0,False,False
baseline_lag24,-,keep,2021-07,2021-07-26 00:00:00,24,24.0,False,False
baseline_lag24,-,keep,2021-07,2021-07-26 01:00:00,24,25.0,False,False
baseline_lag24,-,keep,2021-07,2021-07-26 02:00:00,25,25.0,False,False
baseline_lag24,-,keep,2021-07,2021-07-26 03:00:00,25,24.0,False,False
baseline_lag24,-,keep,2021-07,2021-07-26 04:00:00,24,24.0,False,False
baseline_lag24,-,keep,2021-07,2021-07-26 05:00:00,24,26.0,False,False
baseline_lag24,-,keep,2021-07,2021-07-26 06:00:00,26,24.0,False,False
baseline_lag24,-,keep,2021-07,2021-07-26 07:00:00,71,24.0,False,False
baseline_lag24,-,keep,2021-07,2021-07-26 08:00:00,198,24.0,True,False
baseline_lag24,-,keep,2021-07,2021-07-26 09:00:00,184,26.0,True,False
baseline_lag24,-,keep,2021-07,2021-07-26 10:00:00,185,24.0,True,False
baseline_lag24,-,keep,2021-07,2021-07-26 11:00:00,190,24.0,True,False
baseline_lag24,-,keep,2021-07,2021-07-26 12:00:00,113,26.0,False,False
baseline_lag24,-,keep,2021-07,2021-07-26 13:00:00,169,24.0,False,False
baseline_lag24,-,keep,2021-07,2021-07-26 14:00:00,186,24.0,True,False
baseline_lag24,-,keep,2021-07,2021-07-26 15:00:00,158,25.0,False,False
baseline_lag24,-,keep,2021-07,2021-07-26 16:00:00,169,26.0,False,False
baseline_lag24,-,keep,2021-07,2021-07-26 17:00:00,136,24.0,False,False
baseline_lag24,-,keep,2021-07,2021-07-26 18:00:00,175,23.0,True,False
baseline_lag24,-,keep,2021-07,2021-07-26 19:00:00,157,25.0,False,False
baseline_lag24,-,keep,2021-07,2021-07-26 20:00:00,102,24.0,False,False
baseline_lag24,-,keep,2021-07,2021-07-26 21:00:00,110,24.0,False,False
baseline_lag24,-,keep,2021-07,2021-07-26 22:00:00,110,24.0,False,False
baseline_lag24,-,keep,2021-07,2021-07-26 23:00:00,95,26.0,False,False
baseline_lag24,-,keep,2021-07,2021-07-27 00:00:00,68,24.0,False,False
baseline_lag24,-,keep,2021-07,2021-07-27 01:00:00,102,24.0,False,False
baseline_lag24,-,keep,2021-07,2021-07-27 02:00:00,115,25.0,False,False
baseline_lag24,-,keep,2021-07,2021-07-27 03:00:00,105,25.0,False,False
baseline_lag24,-,keep,2021-07,2021-07-27 04:00:00,108,24.0,False,False
baseline_lag24,-,keep,2021-07,2021-07-27 05:00:00,89,24.0,False,False
baseline_lag24,-,keep,2021-07,2021-07-27 06:00:00,105,26.0,False,False
baseline_lag24,-,keep,2021-07,2021-07-27 07:00:00,134,71.0,False,False
baseline_lag24,-,keep,2021-07,2021-07-27 08:00:00,194,198.0,True,False
baseline_lag24,-,keep,2021-07,2021-07-27 09:00:00,181,184.0,True,False
baseline_lag24,-,keep,2021-07,2021-07-27 10:00:00,188,185.0,True,False
baseline_lag24,-,keep,2021-07,2021-07-27 11:00:00,207,190.0,True,False
baseline_lag24,-,keep,2021-07,2021-07-27 12:00:00,110,113.0,False,False
baseline_lag24,-,keep,2021-07,2021-07-27 13:00:00,182,169.0,True,False
baseline_lag24,-,keep,2021-07,2021-07-27 14:00:00,195,186.0,True,False
baseline_lag24,-,keep,2021-07,2021-07-27 15:00:00,179,158.0,True,False
baseline_lag24,-,keep,2021-07,2021-07-27 16:00:00,186,169.0,True,False
baseline_lag24,-,keep,2021-07,2021-07-27 17:00:00,159,136.0,False,False
baseline_lag24,-,keep,2021-07,2021-07-27 18:00:00,169,175.0,False,False
baseline_lag24,-,keep,2021-07,2021-07-27 19:00:00,169,157.0,False,False
baseline_lag24,-,keep,2021-07,2021-07-27 20:00:00,144,102.0,False,False
baseline_lag24,-,keep,2021-07,2021-07-27 21:00:00,144,110.0,False,False
baseline_lag24,-,keep,2021-07,2021-07-27 22:00:00,129,110.0,False,False
baseline_lag24,-,keep,2021-07,2021-07-27 23:00:00,122,95.0,False,False
baseline_lag24,-,keep,2021-07,2021-07-28 00:00:00,88,68.0,False,True
baseline_lag24,-,keep,2021-07,2021-07-28 01:00:00,121,102.0,False,True
baseline_lag24,-,keep,2021-07,2021-07-28 02:00:00,119,115.0,False,True
baseline_lag24,-,keep,2021-07,2021-07-28 03:00:00,122,105.0,False,True
baseline_lag24,-,keep,2021-07,2021-07-28 04:00:00,119,108.0,False,True
baseline_lag24,-,keep,2021-07,2021-07-28 05:00:00,105,89.0,False,True
baseline_lag24,-,keep,2021-07,2021-07-28 06:00:00,124,105.0,False,True
baseline_lag24,-,keep,2021-07,2021-07-28 07:00:00,156,134.0,False,True
baseline_lag24,-,keep,2021-07,2021-07-28 08:00:00,198,194.0,True,True
baseline_lag24,-,keep,2021-07,2021-07-28 09:00:00,198,181.0,True,True
baseline_lag24,-,keep,2021-07,2021-07-28 10:00:00,188,188.0,True,True
baseline_lag24,-,keep,2021-07,2021-07-28 11:00:00,208,207.0,True,True
baseline_lag24,-,keep,2021-07,2021-07-28 12:00:00,121,110.0,False,True
baseline_lag24,-,keep,2021-07,2021-07-28 13:00:00,194,182.0,True,True
baseline_lag24,-,keep,2021-07,2021-07-28 14:00:00,196,195.0,True,True
baseline_lag24,-,keep,2021-07,2021-07-28 15:00:00,161,179.0,False,True
baseline_lag24,-,keep,2021-07,2021-07-28 16:00:00,174,186.0,True,True
baseline_lag24,-,keep,2021-07,2021-07-28 17:00:00,147,159.0,False,True
baseline_lag24,-,keep,2021-07,2021-07-28 18:00:00,183,169.0,True,True
baseline_lag24,-,keep,2021-07,2021-07-28 19:00:00,151,169.0,False,True
baseline_lag24,-,keep,2021-07,2021-07-28 20:00:00,107,144.0,False,True
baseline_lag24,-,keep,2021-07,2021-07-28 21:00:00,110,144.0,False,True
baseline_lag24,-,keep,2021-07,2021-07-28 22:00:00,103,129.0,False,True
baseline_lag24,-,keep,2021-07,2021-07-28 23:00:00,103,122.0,False,True
baseline_lag24,-,keep,2021-07,2021-07-29 00:00:00,68,88.0,False,False
baseline_lag24,-,keep,2021-07,2021-07-29 01:00:00,110,121.0,False,False
baseline_lag24,-,keep,2021-07,2021-07-29 02:00:00,111,119.0,False,False
baseline_lag24,-,keep,2021-07,2021-07-29 03:00:00,110,122.0,False,False
baseline_lag24,-,keep,2021-07,2021-07-29 04:00:00,111,119.0,False,False
baseline_lag24,-,keep,2021-07,2021-07-29 05:00:00,94,105.0,False,False
baseline_lag24,-,keep,2021-07,2021-07-29 06:00:00,116,124.0,False,False
baseline_lag24,-,keep,2021-07,2021-07-29 07:00:00,141,156.0,False,False
baseline_lag24,-,keep,2021-07,2021-07-29 08:00:00,192,198.0,True,False
baseline_lag24,-,keep,2021-07,2021-07-29 09:00:00,198,198.0,True,False
baseline_lag24,-,keep,2021-07,2021-07-29 10:00:00,187,188.0,True,False
baseline_lag24,-,keep,2021-07,2021-07-29 11:00:00,207,208.0,True,False
baseline_lag24,-,keep,2021-07,2021-07-29 12:00:00,112,121.0,False,False
baseline_lag24,-,keep,2021-07,2021-07-29 13:00:00,192,194.0,True,False
baseline_lag24,-,keep,2021-07,2021-07-29 14:00:00,187,196.0,True,False
baseline_lag24,-,keep,2021-07,2021-07-29 15:00:00,164,161.0,False,False
baseline_lag24,-,keep,2021-07,2021-07-29 16:00:00,166,174.0,False,False
baseline_lag24,-,keep,2021-07,2021-07-29 17:00:00,129,147.0,False,False
baseline_lag24,-,keep,2021-07,2021-07-29 18:00:00,174,183.0,True,False
baseline_lag24,-,keep,2021-07,2021-07-29 19:00:00,169,151.0,False,False
baseline_lag24,-,keep,2021-07,2021-07-29 20:00:00,128,107.0,False,False
baseline_lag24,-,keep,2021-07,2021-07-29 21:00:00,126,110.0,False,False
baseline_lag24,-,keep,2021-07,2021-07-29 22:00:00,122,103.0,False,False
baseline_lag24,-,keep,2021-07,2021-07-29 23:00:00,114,103.0,False,False
baseline_lag24,-,keep,2021-07,2021-07-30 00:00:00,88,68.0,False,True
baseline_lag24,-,keep,2021-07,2021-07-30 01:00:00,121,110.0,False,True
baseline_lag24,-,keep,2021-07,2021-07-30 02:00:00,119,111.0,False,True
baseline_lag24,-,keep,2021-07,2021-07-30 03:00:00,122,110.0,False,True
baseline_lag24,-,keep,2021-07,2021-07-30 04:00:00,119,111.0,False,True
baseline_lag24,-,keep,2021-07,2021-07-30 05:00:00,105,94.0,False,True
baseline_lag24,-,keep,2021-07,2021-07-30 06:00:00,124,116.0,False,True
baseline_lag24,-,keep,2021-07,2021-07-30 07:00:00,156,141.0,False,True
baseline_lag24,-,keep,2021-07,2021-07-30 08:00:00,198,192.0,True,True
baseline_lag24,-,keep,2021-07,2021-07-30 09:00:00,198,198.0,True,True
baseline_lag24,-,keep,2021-07,2021-07-30 10:00:00,188,187.0,True,True
baseline_lag24,-,keep,2021-07,2021-07-30 11:00:00,208,207.0,True,True
baseline_lag24,-,keep,2021-07,2021-07-30 12:00:00,121,112.0,False,True
baseline_lag24,-,keep,2021-07,2021-07-30 13:00:00,194,192.0,True,True
baseline_lag24,-,keep,2021-07,2021-07-30 14:00:00,196,187.0,True,True
baseline_lag24,-,keep,2021-07,2021-07-30 15:00:00,161,164.0,False,True
baseline_lag24,-,keep,2021-07,2021-07-30 16:00:00,174,166.0,True,True
baseline_lag24,-,keep,2021-07,2021-07-30 17:00:00,147,129.0,False,True
baseline_lag24,-,keep,2021-07,2021-07-30 18:00:00,183,174.0,True,True
baseline_lag24,-,keep,2021-07,2021-07-30 19:00:00,151,169.0,False,True
baseline_lag24,-,keep,2021-07,2021-07-30 20:00:00,107,128.0,False,True
baseline_lag24,-,keep,2021-07,2021-07-30 21:00:00,110,126.0,False,True
baseline_lag24,-,keep,2021-07,2021-07-30 22:00:00,103,122.0,False,True
baseline_lag24,-,keep,2021-07,2021-07-30 23:00:00,103,114.0,False,True
baseline_lag24,-,keep,2021-07,2021-07-31 00:00:00,23,88.0,False,False
baseline_lag24,-,keep,2021-07,2021-07-31 01:00:00,21,121.0,False,False
baseline_lag24,-,keep,2021-07,2021-07-31 02:00:00,21,119.0,False,False
baseline_lag24,-,keep,2021-07,2021-07-31 03:00:00,21,122.0,False,False
baseline_lag24,-,keep,2021-07,2021-07-31 04:00:00,23,119.0,False,False
baseline_lag24,-,keep,2021-07,2021-07-31 05:00:00,20,105.0,False,False
baseline_lag24,-,keep,2021-07,2021-07-31 06:00:00,21,124.0,False,False
baseline_lag24,-,keep,2021-07,2021-07-31 07:00:00,22,156.0,False,False
baseline_lag24,-,keep,2021-07,2021-07-31 08:00:00,21,198.0,False,False
baseline_lag24,-,keep,2021-07,2021-07-31 09:00:00,21,198.0,False,False
baseline_lag24,-,keep,2021-07,2021-07-31 10:00:00,22,188.0,False,False
baseline_lag24,-,keep,2021-07,2021-07-31 11:00:00,23,208.0,False,False
baseline_lag24,-,keep,2021-07,2021-07-31 12:00:00,21,121.0,False,False
baseline_lag24,-,keep,2021-07,2021-07-31 13:00:00,21,194.0,False,False
baseline_lag24,-,keep,2021-07,2021-07-31 14:00:00,22,196.0,False,False
baseline_lag24,-,keep,2021-07,2021-07-31 15:00:00,22,161.0,False,False
baseline_lag24,-,keep,2021-07,2021-07-31 16:00:00,21,174.0,False,False
baseline_lag24,-,keep,2021-07,2021-07-31 17:00:00,21,147.0,False,False
baseline_lag24,-,keep,2021-07,2021-07-31 18:00:00,23,183.0,False,False
baseline_lag24,-,keep,2021-07,2021-07-31 19:00:00,21,151.0,False,False
baseline_lag24,-,keep,2021-07,2021-07-31 20:00:00,21,107.0,False,False
baseline_lag24,-,keep,2021-07,2021-07-31 21:00:00,23,110.0,False,False
baseline_lag24,-,keep,2021-07,2021-07-31 22:00:00,21,103.0,False,False
baseline_lag24,-,keep,2021-07,2021-07-31 23:00:00,21,103.0,False,False
baseline_lag24,-,keep,2021-08,2021-08-01 00:00:00,21,23.0,False,False
baseline_lag24,-,keep,2021-08,2021-08-01 01:00:00,23,21.0,False,False
baseline_lag24,-,keep,2021-08,2021-08-01 02:00:00,21,21.0,False,False
baseline_lag24,-,keep,2021-08,2021-08-01 03:00:00,21,21.0,False,False
baseline_lag24,-,keep,2021-08,2021-08-01 04:00:00,22,23.0,False,False
baseline_lag24,-,keep,2021-08,2021-08-01 05:00:00,22,20.0,False,False
baseline_lag24,-,keep,2021-08,2021-08-01 06:00:00,20,21.0,False,False
baseline_lag24,-,keep,2021-08,2021-08-01 07:00:00,20,22.0,False,False
baseline_lag24,-,keep,2021-08,2021-08-01 08:00:00,23,21.0,False,False
baseline_lag24,-,keep,2021-08,2021-08-01 09:00:00,22,21.0,False,False
baseline_lag24,-,keep,2021-08,2021-08-01 10:00:00,21,22.0,False,False
baseline_lag24,-,keep,2021-08,2021-08-01 11:00:00,21,23.0,False,False
baseline_lag24,-,keep,2021-08,2021-08-01 12:00:00,23,21.0,False,False
baseline_lag24,-,keep,2021-08,2021-08-01 13:00:00,21,21.0,False,False
baseline_lag24,-,keep,2021-08,2021-08-01 14:00:00,21,22.0,False,False
baseline_lag24,-,keep,2021-08,2021-08-01 15:00:00,22,22.0,False,False
baseline_lag24,-,keep,2021-08,2021-08-01 16:00:00,23,21.0,False,False
baseline_lag24,-,keep,2021-08,2021-08-01 17:00:00,21,21.0,False,False
baseline_lag24,-,keep,2021-08,2021-08-01 18:00:00,20,23.0,False,False
baseline_lag24,-,keep,2021-08,2021-08-01 19:00:00,21,21.0,False,False
baseline_lag24,-,keep,2021-08,2021-08-01 20:00:00,23,21.0,False,False
baseline_lag24,-,keep,2021-08,2021-08-01 21:00:00,22,23.0,False,False
baseline_lag24,-,keep,2021-08,2021-08-01 22:00:00,22,21.0,False,False
baseline_lag24,-,keep,2021-08,2021-08-01 23:00:00,22,21.0,False,False
baseline_lag24,-,keep,2021-08,2021-08-02 00:00:00,21,21.0,False,False
baseline_lag24,-,keep,2021-08,2021-08-02 01:00:00,21,23.0,False,False
baseline_lag24,-,keep,2021-08,2021-08-02 02:00:00,21,21.0,False,False
baseline_lag24,-,keep,2021-08,2021-08-02 03:00:00,23,21.0,False,False
baseline_lag24,-,keep,2021-08,2021-08-02 04:00:00,21,22.0,False,False
baseline_lag24,-,keep,2021-08,2021-08-02 05:00:00,21,22.0,False,False
baseline_lag24,-,keep,2021-08,2021-08-02 06:00:00,22,20.0,False,False
baseline_lag24,-,keep,2021-08,2021-08-02 07:00:00,21,20.0,False,False
baseline_lag24,-,keep,2021-08,2021-08-02 08:00:00,20,23.0,False,False
baseline_lag24,-,keep,2021-08,2021-08-02 09:00:00,21,22.0,False,False
baseline_lag24,-,keep,2021-08,2021-08-02 10:00:00,22,21.0,False,False
baseline_lag24,-,keep,2021-08,2021-08-02 11:00:00,21,21.0,False,False
baseline_lag24,-,keep,2021-08,2021-08-02 12:00:00,21,23.0,False,False
baseline_lag24,-,keep,2021-08,2021-08-02 13:00:00,22,21.0,False,False
baseline_lag24,-,keep,2021-08,2021-08-02 14:00:00,23,21.0,False,False
baseline_lag24,-,keep,2021-08,2021-08-02 15:00:00,21,22.0,False,False
baseline_lag24,-,keep,2021-08,2021-08-02 16:00:00,21,23.0,False,False
baseline_lag24,-,keep,2021-08,2021-08-02 17:00:00,22,21.0,False,False
baseline_lag24,-,keep,2021-08,2021-08-02 18:00:00,22,20.0,False,False
baseline_lag24,-,keep,2021-08,2021-08-02 19:00:00,21,21.0,False,False
baseline_lag24,-,keep,2021-08,2021-08-02 20:00:00,22,23.0,False,False
baseline_lag24,-,keep,2021-08,2021-08-02 21:00:00,22,22.0,False,False
baseline_lag24,-,keep,2021-08,2021-08-02 22:00:00,22,22.0,False,False
baseline_lag24,-,keep,2021-08,2021-08-02 23:00:00,21,22.0,False,False
baseline_lag24,-,keep,2021-08,2021-08-03 00:00:00,21,21.0,False,False
baseline_lag24,-,keep,2021-08,2021-08-03 01:00:00,23,21.0,False,False
baseline_lag24,-,keep,2021-08,2021-08-03 02:00:00,21,21.0,False,False
baseline_lag24,-,keep,2021-08,2021-08-03 03:00:00,21,23.0,False,False
baseline_lag24,-,keep,2021-08,2021-08-03 04:00:00,21,21.0,False,False
baseline_lag24,-,keep,2021-08,2021-08-03 05:00:00,22,21.0,False,False
baseline_lag24,-,keep,2021-08,2021-08-03 06:00:00,21,22.0,False,False
baseline_lag24,-,keep,2021-08,2021-08-03 07:00:00,20,21.0,False,False
baseline_lag24,-,keep,2021-08,2021-08-03 08:00:00,22,20.0,False,False
baseline_lag24,-,keep,2021-08,2021-08-03 09:00:00,21,21.0,False,False
baseline_lag24,-,keep,2021-08,2021-08-03 10:00:00,21,22.0,False,False
baseline_lag24,-,keep,2021-08,2021-08-03 11:00:00,22,21.0,False,False
baseline_lag24,-,keep,2021-08,2021-08-03 12:00:00,23,21.0,False,False
baseline_lag24,-,keep,2021-08,2021-08-03 13:00:00,21,22.0,False,False
baseline_lag24,-,keep,2021-08,2021-08-03 14:00:00,21,23.0,False,False
baseline_lag24,-,keep,2021-08,2021-08-03 15:00:00,23,21.0,False,False
baseline_lag24,-,keep,2021-08,2021-08-03 16:00:00,22,21.0,False,False
baseline_lag24,-,keep,2021-08,2021-08-03 17:00:00,21,22.0,False,False
baseline_lag24,-,keep,2021-08,2021-08-03 18:00:00,22,22.0,False,False
baseline_lag24,-,keep,2021-08,2021-08-03 19:00:00,23,21.0,False,False
baseline_lag24,-,keep,2021-08,2021-08-03 20:00:00,21,22.0,False,False
baseline_lag24,-,keep,2021-08,2021-08-03 21:00:00,22,22.0,False,False
baseline_lag24,-,keep,2021-08,2021-08-03 22:00:00,21,22.0,False,False
baseline_lag24,-,keep,2021-08,2021-08-03 23:00:00,23,21.0,False,False
baseline_lag24,-,keep,2021-08,2021-08-04 00:00:00,21,21.0,False,False
baseline_lag24,-,keep,2021-08,2021-08-04 01:00:00,21,23.0,False,False
baseline_lag24,-,keep,2021-08,2021-08-04 02:00:00,20,21.0,False,False
baseline_lag24,-,keep,2021-08,2021-08-04 03:00:00,22,21.0,False,False
baseline_lag24,-,keep,2021-08,2021-08-04 04:00:00,21,21.0,False,False
baseline_lag24,-,keep,2021-08,2021-08-04 05:00:00,21,22.0,False,False
baseline_lag24,-,keep,2021-08,2021-08-04 06:00:00,23,21.0,False,False
baseline_lag24,-,keep,2021-08,2021-08-04 07:00:00,20,20.0,False,False
baseline_lag24,-,keep,2021-08,2021-08-04 08:00:00,21,22.0,False,False
baseline_lag24,-,keep,2021-08,2021-08-04 09:00:00,21,21.0,False,False
baseline_lag24,-,keep,2021-08,2021-08-04 10:00:00,22,21.0,False,False
baseline_lag24,-,keep,2021-08,2021-08-04 11:00:00,21,22.0,False,False
baseline_lag24,-,keep,2021-08,2021-08-04 12:00:00,21,23.0,False,False
baseline_lag24,-,keep,2021-08,2021-08-04 13:00:00,22,21.0,False,False
baseline_lag24,-,keep,2021-08,2021-08-04 14:00:00,22,21.0,False,False
baseline_lag24,-,keep,2021-08,2021-08-04 15:00:00,22,23.0,False,False
baseline_lag24,-,keep,2021-08,2021-08-04 16:00:00,21,22.0,False,False
baseline_lag24,-,keep,2021-08,2021-08-04 17:00:00,23,21.0,False,False
baseline_lag24,-,keep,2021-08,2021-08-04 18:00:00,21,22.0,False,False
baseline_lag24,-,keep,2021-08,2021-08-04 19:00:00,21,23.0,False,False
baseline_lag24,-,keep,2021-08,2021-08-04 20:00:00,21,21.0,False,False
baseline_lag24,-,keep,2021-08,2021-08-04 21:00:00,23,22.0,False,False
baseline_lag24,-,keep,2021-08,2021-08-04 22:00:00,21,21.0,False,False
baseline_lag24,-,keep,2021-08,2021-08-04 23:00:00,21,23.0,False,False
baseline_lag24,-,keep,2021-08,2021-08-05 00:00:00,21,21.0,False,False
baseline_lag24,-,keep,2021-08,2021-08-05 01:00:00,22,21.0,False,False
baseline_lag24,-,keep,2021-08,2021-08-05 02:00:00,21,20.0,False,False
baseline_lag24,-,keep,2021-08,2021-08-05 03:00:00,21,22.0,False,False
baseline_lag24,-,keep,2021-08,2021-08-05 04:00:00,22,21.0,False,False
baseline_lag24,-,keep,2021-08,2021-08-05 05:00:00,21,21.0,False,False
baseline_lag24,-,keep,2021-08,2021-08-05 06:00:00,21,23.0,False,False
baseline_lag24,-,keep,2021-08,2021-08-05 07:00:00,20,20.0,False,False
baseline_lag24,-,keep,2021-08,2021-08-05 08:00:00,22,21.0,False,False
baseline_lag24,-,keep,2021-08,2021-08-05 09:00:00,21,21.0,False,False
baseline_lag24,-,keep,2021-08,2021-08-05 10:00:00,21,22.0,False,False
baseline_lag24,-,keep,2021-08,2021-08-05 11:00:00,22,21.0,False,False
baseline_lag24,-,keep,2021-08,2021-08-05 12:00:00,22,21.0,False,False
baseline_lag24,-,keep,2021-08,2021-08-05 13:00:00,22,22.0,False,False
baseline_lag24,-,keep,2021-08,2021-08-05 14:00:00,21,22.0,False,False
baseline_lag24,-,keep,2021-08,2021-08-05 15:00:00,23,22.0,False,False
baseline_lag24,-,keep,2021-08,2021-08-05 16:00:00,22,21.0,False,False
baseline_lag24,-,keep,2021-08,2021-08-05 17:00:00,22,23.0,False,False
baseline_lag24,-,keep,2021-08,2021-08-05 18:00:00,21,21.0,False,False
baseline_lag24,-,keep,2021-08,2021-08-05 19:00:00,22,21.0,False,False
baseline_lag24,-,keep,2021-08,2021-08-05 20:00:00,21,21.0,False,False
baseline_lag24,-,keep,2021-08,2021-08-05 21:00:00,21,23.0,False,False
baseline_lag24,-,keep,2021-08,2021-08-05 22:00:00,22,21.0,False,False
baseline_lag24,-,keep,2021-08,2021-08-05 23:00:00,23,21.0,False,False
baseline_lag24,-,keep,2021-08,2021-08-06 00:00:00,21,21.0,False,False
baseline_lag24,-,keep,2021-08,2021-08-06 01:00:00,21,22.0,False,False
baseline_lag24,-,keep,2021-08,2021-08-06 02:00:00,20,21.0,False,False
baseline_lag24,-,keep,2021-08,2021-08-06 03:00:00,22,21.0,False,False
baseline_lag24,-,keep,2021-08,2021-08-06 04:00:00,22,22.0,False,False
baseline_lag24,-,keep,2021-08,2021-08-06 05:00:00,21,21.0,False,False
baseline_lag24,-,keep,2021-08,2021-08-06 06:00:00,22,21.0,False,False
baseline_lag24,-,keep,2021-08,2021-08-06 07:00:00,20,20.0,False,False
baseline_lag24,-,keep,2021-08,2021-08-06 08:00:00,20,22.0,False,False
baseline_lag24,-,keep,2021-08,2021-08-06 09:00:00,21,21.0,False,False
baseline_lag24,-,keep,2021-08,2021-08-06 10:00:00,24,21.0,False,False
baseline_lag24,-,keep,2021-08,2021-08-06 11:00:00,24,22.0,False,False
baseline_lag24,-,keep,2021-08,2021-08-06 12:00:00,24,22.0,False,False
baseline_lag24,-,keep,2021-08,2021-08-06 13:00:00,23,22.0,False,False
baseline_lag24,-,keep,2021-08,2021-08-06 14:00:00,24,21.0,False,False
baseline_lag24,-,keep,2021-08,2021-08-06 15:00:00,22,23.0,False,False
baseline_lag24,-,keep,2021-08,2021-08-06 16:00:00,22,22.0,False,False
baseline_lag24,-,keep,2021-08,2021-08-06 17:00:00,23,22.0,False,False
baseline_lag24,-,keep,2021-08,2021-08-06 18:00:00,22,21.0,False,False
baseline_lag24,-,keep,2021-08,2021-08-06 19:00:00,21,22.0,False,False
baseline_lag24,-,keep,2021-08,2021-08-06 20:00:00,21,21.0,False,False
baseline_lag24,-,keep,2021-08,2021-08-06 21:00:00,23,21.0,False,False
baseline_lag24,-,keep,2021-08,2021-08-06 22:00:00,21,22.0,False,False
baseline_lag24,-,keep,2021-08,2021-08-06 23:00:00,21,23.0,False,False
baseline_lag24,-,keep,2021-08,2021-08-07 00:00:00,22,21.0,False,False
baseline_lag24,-,keep,2021-08,2021-08-07 01:00:00,22,21.0,False,False
baseline_lag24,-,keep,2021-08,2021-08-07 02:00:00,21,20.0,False,False
baseline_lag24,-,keep,2021-08,2021-08-07 03:00:00,21,22.0,False,False
baseline_lag24,-,keep,2021-08,2021-08-07 04:00:00,21,22.0,False,False
baseline_lag24,-,keep,2021-08,2021-08-07 05:00:00,22,21.0,False,False
baseline_lag24,-,keep,2021-08,2021-08-07 06:00:00,21,22.0,False,False
baseline_lag24,-,keep,2021-08,2021-08-07 07:00:00,21,20.0,False,False
baseline_lag24,-,keep,2021-08,2021-08-07 08:00:00,22,20.0,False,False
baseline_lag24,-,keep,2021-08,2021-08-07 09:00:00,22,21.0,False,False
baseline_lag24,-,keep,2021-08,2021-08-07 10:00:00,21,24.0,False,False
baseline_lag24,-,keep,2021-08,2021-08-07 11:00:00,21,24.0,False,False
baseline_lag24,-,keep,2021-08,2021-08-07 12:00:00,23,24.0,False,False
baseline_lag24,-,keep,2021-08,2021-08-07 13:00:00,21,23.0,False,False
baseline_lag24,-,keep,2021-08,2021-08-07 14:00:00,21,24.0,False,False
baseline_lag24,-,keep,2021-08,2021-08-07 15:00:00,21,22.0,False,False
baseline_lag24,-,keep,2021-08,2021-08-07 16:00:00,24,22.0,False,False
baseline_lag24,-,keep,2021-08,2021-08-07 17:00:00,21,23.0,False,False
baseline_lag24,-,keep,2021-08,2021-08-07 18:00:00,21,22.0,False,False
baseline_lag24,-,keep,2021-08,2021-08-07 19:00:00,22,21.0,False,False
baseline_lag24,-,keep,2021-08,2021-08-07 20:00:00,23,21.0,False,False
baseline_lag24,-,keep,2021-08,2021-08-07 21:00:00,22,23.0,False,False
baseline_lag24,-,keep,2021-08,2021-08-07 22:00:00,21,21.0,False,False
baseline_lag24,-,keep,2021-08,2021-08-07 23:00:00,23,21.0,False,False
baseline_lag24,-,keep,2021-08,2021-08-08 00:00:00,21,22.0,False,False
baseline_lag24,-,keep,2021-08,2021-08-08 01:00:00,21,22.0,False,False
baseline_lag24,-,keep,2021-08,2021-08-08 02:00:00,21,21.0,False,False
baseline_lag24,-,keep,2021-08,2021-08-08 03:00:00,23,21.0,False,False
baseline_lag24,-,keep,2021-08,2021-08-08 04:00:00,21,21.0,False,False
baseline_lag24,-,keep,2021-08,2021-08-08 05:00:00,21,22.0,False,False
baseline_lag24,-,keep,2021-08,2021-08-08 06:00:00,21,21.0,False,False
baseline_lag24,-,keep,2021-08,2021-08-08 07:00:00,22,21.0,False,False
baseline_lag24,-,keep,2021-08,2021-08-08 08:00:00,21,22.0,False,False
baseline_lag24,-,keep,2021-08,2021-08-08 09:00:00,21,22.0,False,False
baseline_lag24,-,keep,2021-08,2021-08-08 10:00:00,23,21.0,False,False
baseline_lag24,-,keep,2021-08,2021-08-08 11:00:00,21,21.0,False,False
baseline_lag24,-,keep,2021-08,2021-08-08 12:00:00,21,23.0,False,False
baseline_lag24,-,keep,2021-08,2021-08-08 13:00:00,21,21.0,False,False
baseline_lag24,-,keep,2021-08,2021-08-08 14:00:00,22,21.0,False,False
baseline_lag24,-,keep,2021-08,2021-08-08 15:00:00,21,21.0,False,False
baseline_lag24,-,keep,2021-08,2021-08-08 16:00:00,21,24.0,False,False
baseline_lag24,-,keep,2021-08,2021-08-08 17:00:00,22,21.0,False,False
baseline_lag24,-,keep,2021-08,2021-08-08 18:00:00,22,21.0,False,False
baseline_lag24,-,keep,2021-08,2021-08-08 19:00:00,21,22.0,False,False
baseline_lag24,-,keep,2021-08,2021-08-08 20:00:00,21,23.0,False,False
baseline_lag24,-,keep,2021-08,2021-08-08 21:00:00,22,22.0,False,False
baseline_lag24,-,keep,2021-08,2021-08-08 22:00:00,21,21.0,False,False
baseline_lag24,-,keep,2021-08,2021-08-08 23:00:00,21,23.0,False,False
baseline_lag24,-,keep,2021-08,2021-08-09 00:00:00,21,21.0,False,False
baseline_lag24,-,keep,2021-08,2021-08-09 01:00:00,23,21.0,False,False
baseline_lag24,-,keep,2021-08,2021-08-09 02:00:00,20,21.0,False,False
baseline_lag24,-,keep,2021-08,2021-08-09 03:00:00,22,23.0,False,False
baseline_lag24,-,keep,2021-08,2021-08-09 04:00:00,21,21.0,False,False
baseline_lag24,-,keep,2021-08,2021-08-09 05:00:00,21,21.0,False,False
baseline_lag24,-,keep,2021-08,2021-08-09 06:00:00,20,21.0,False,False
baseline_lag24,-,keep,2021-08,2021-08-09 07:00:00,70,22.0,False,False
baseline_lag24,-,keep,2021-08,2021-08-09 08:00:00,193,21.0,True,False
baseline_lag24,-,keep,2021-08,2021-08-09 09:00:00,191,21.0,True,False
baseline_lag24,-,keep,2021-08,2021-08-09 10:00:00,182,23.0,True,False
baseline_lag24,-,keep,2021-08,2021-08-09 11:00:00,187,21.0,True,False
baseline_lag24,-,keep,2021-08,2021-08-09 12:00:00,129,21.0,False,False
baseline_lag24,-,keep,2021-08,2021-08-09 13:00:00,182,21.0,True,False
baseline_lag24,-,keep,2021-08,2021-08-09 14:00:00,183,22.0,True,False
baseline_lag24,-,keep,2021-08,2021-08-09 15:00:00,167,21.0,False,False
baseline_lag24,-,keep,2021-08,2021-08-09 16:00:00,184,21.0,True,False
baseline_lag24,-,keep,2021-08,2021-08-09 17:00:00,146,22.0,False,False
baseline_lag24,-,keep,2021-08,2021-08-09 18:00:00,98,22.0,False,False
baseline_lag24,-,keep,2021-08,2021-08-09 19:00:00,93,21.0,False,False
baseline_lag24,-,keep,2021-08,2021-08-09 20:00:00,109,21.0,False,False
baseline_lag24,-,keep,2021-08,2021-08-09 21:00:00,115,22.0,False,False
baseline_lag24,-,keep,2021-08,2021-08-09 22:00:00,109,21.0,False,False
baseline_lag24,-,keep,2021-08,2021-08-09 23:00:00,98,21.0,False,False
baseline_lag24,-,keep,2021-08,2021-08-10 00:00:00,68,21.0,False,False
baseline_lag24,-,keep,2021-08,2021-08-10 01:00:00,99,23.0,False,False
baseline_lag24,-,keep,2021-08,2021-08-10 02:00:00,96,20.0,False,False
baseline_lag24,-,keep,2021-08,2021-08-10 03:00:00,98,22.0,False,False
baseline_lag24,-,keep,2021-08,2021-08-10 04:00:00,101,21.0,False,False
baseline_lag24,-,keep,2021-08,2021-08-10 05:00:00,85,21.0,False,False
baseline_lag24,-,keep,2021-08,2021-08-10 06:00:00,100,20.0,False,False
baseline_lag24,-,keep,2021-08,2021-08-10 07:00:00,128,70.0,False,False
baseline_lag24,-,keep,2021-08,2021-08-10 08:00:00,183,193.0,True,False
baseline_lag24,-,keep,2021-08,2021-08-10 09:00:00,185,191.0,True,False
baseline_lag24,-,keep,2021-08,2021-08-10 10:00:00,175,182.0,False,False
baseline_lag24,-,keep,2021-08,2021-08-10 11:00:00,185,187.0,True,False
baseline_lag24,-,keep,2021-08,2021-08-10 12:00:00,107,129.0,False,False
baseline_lag24,-,keep,2021-08,2021-08-10 13:00:00,181,182.0,True,False
baseline_lag24,-,keep,2021-08,2021-08-10 14:00:00,170,183.0,False,False
baseline_lag24,-,keep,2021-08,2021-08-10 15:00:00,155,167.0,False,False
baseline_lag24,-,keep,2021-08,2021-08-10 16:00:00,169,184.0,False,False
baseline_lag24,-,keep,2021-08,2021-08-10 17:00:00,126,146.0,False,False
baseline_lag24,-,keep,2021-08,2021-08-10 18:00:00,165,98.0,False,False
baseline_lag24,-,keep,2021-08,2021-08-10 19:00:00,156,93.0,False,False
baseline_lag24,-,keep,2021-08,2021-08-10 20:00:00,129,109.0,False,False
baseline_lag24,-,keep,2021-08,2021-08-10 21:00:00,123,115.0,False,False
baseline_lag24,-,keep,2021-08,2021-08-10 22:00:00,106,109.0,False,False
baseline_lag24,-,keep,2021-08,2021-08-10 23:00:00,99,98.0,False,False
baseline_lag24,-,keep,2021-08,2021-08-11 00:00:00,77,68.0,False,False
baseline_lag24,-,keep,2021-08,2021-08-11 01:00:00,99,99.0,False,False
baseline_lag24,-,keep,2021-08,2021-08-11 02:00:00,109,96.0,False,False
baseline_lag24,-,keep,2021-08,2021-08-11 03:00:00,104,98.0,False,False
baseline_lag24,-,keep,2021-08,2021-08-11 04:00:00,111,101.0,False,False
baseline_lag24,-,keep,2021-08,2021-08-11 05:00:00,92,85.0,False,False
baseline_lag24,-,keep,2021-08,2021-08-11 06:00:00,122,100.0,False,False
baseline_lag24,-,keep,2021-08,2021-08-11 07:00:00,132,128.0,False,False
baseline_lag24,-,keep,2021-08,2021-08-11 08:00:00,203,183.0,True,False
baseline_lag24,-,keep,2021-08,2021-08-11 09:00:00,179,185.0,True,False
baseline_lag24,-,keep,2021-08,2021-08-11 10:00:00,183,175.0,True,False
baseline_lag24,-,keep,2021-08,2021-08-11 11:00:00,184,185.0,True,False
baseline_lag24,-,keep,2021-08,2021-08-11 12:00:00,113,107.0,False,False
baseline_lag24,-,keep,2021-08,2021-08-11 13:00:00,183,181.0,True,False
baseline_lag24,-,keep,2021-08,2021-08-11 14:00:00,187,170.0,True,False
baseline_lag24,-,keep,2021-08,2021-08-11 15:00:00,153,155.0,False,False
baseline_lag24,-,keep,2021-08,2021-08-11 16:00:00,182,169.0,True,False
baseline_lag24,-,keep,2021-08,2021-08-11 17:00:00,151,126.0,False,False
baseline_lag24,-,keep,2021-08,2021-08-11 18:00:00,180,165.0,True,False
baseline_lag24,-,keep,2021-08,2021-08-11 19:00:00,150,156.0,False,False
baseline_lag24,-,keep,2021-08,2021-08-11 20:00:00,125,129.0,False,False
baseline_lag24,-,keep,2021-08,2021-08-11 21:00:00,108,123.0,False,False
baseline_lag24,-,keep,2021-08,2021-08-11 22:00:00,110,106.0,False,False
baseline_lag24,-,keep,2021-08,2021-08-11 23:00:00,99,99.0,False,False
baseline_lag24,-,keep,2021-08,2021-08-12 00:00:00,76,77.0,False,False
baseline_lag24,-,keep,2021-08,2021-08-12 01:00:00,105,99.0,False,False
baseline_lag24,-,keep,2021-08,2021-08-12 02:00:00,108,109.0,False,False
baseline_lag24,-,keep,2021-08,2021-08-12 03:00:00,104,104.0,False,False
baseline_lag24,-,keep,2021-08,2021-08-12 04:00:00,107,111.0,False,False
baseline_lag24,-,keep,2021-08,2021-08-12 05:00:00,89,92.0,False,False
baseline_lag24,-,keep,2021-08,2021-08-12 06:00:00,114,122.0,False,False
baseline_lag24,-,keep,2021-08,2021-08-12 07:00:00,130,132.0,False,False
baseline_lag24,-,keep,2021-08,2021-08-12 08:00:00,187,203.0,True,False
baseline_lag24,-,keep,2021-08,2021-08-12 09:00:00,181,179.0,True,False
baseline_lag24,-,keep,2021-08,2021-08-12 10:00:00,177,183.0,True,False
baseline_lag24,-,keep,2021-08,2021-08-12 11:00:00,188,184.0,True,False
baseline_lag24,-,keep,2021-08,2021-08-12 12:00:00,120,113.0,False,False
baseline_lag24,-,keep,2021-08,2021-08-12 13:00:00,170,183.0,False,False
baseline_lag24,-,keep,2021-08,2021-08-12 14:00:00,184,187.0,True,False
baseline_lag24,-,keep,2021-08,2021-08-12 15:00:00,165,153.0,False,False
baseline_lag24,-,keep,2021-08,2021-08-12 16:00:00,170,182.0,False,False
baseline_lag24,-,keep,2021-08,2021-08-12 17:00:00,135,151.0,False,False
baseline_lag24,-,keep,2021-08,2021-08-12 18:00:00,172,180.0,False,False
baseline_lag24,-,keep,2021-08,2021-08-12 19:00:00,161,150.0,False,False
baseline_lag24,-,keep,2021-08,2021-08-12 20:00:00,125,125.0,False,False
baseline_lag24,-,keep,2021-08,2021-08-12 21:00:00,112,108.0,False,False
baseline_lag24,-,keep,2021-08,2021-08-12 22:00:00,116,110.0,False,False
baseline_lag24,-,keep,2021-08,2021-08-12 23:00:00,103,99.0,False,False
baseline_lag24,-,keep,2021-08,2021-08-13 00:00:00,72,76.0,False,False
baseline_lag24,-,keep,2021-08,2021-08-13 01:00:00,100,105.0,False,False
baseline_lag24,-,keep,2021-08,2021-08-13 02:00:00,112,108.0,False,False
baseline_lag24,-,keep,2021-08,2021-08-13 03:00:00,116,104.0,False,False
baseline_lag24,-,keep,2021-08,2021-08-13 04:00:00,110,107.0,False,False
baseline_lag24,-,keep,2021-08,2021-08-13 05:00:00,88,89.0,False,False
baseline_lag24,-,keep,2021-08,2021-08-13 06:00:00,110,114.0,False,False
baseline_lag24,-,keep,2021-08,2021-08-13 07:00:00,136,130.0,False,False
baseline_lag24,-,keep,2021-08,2021-08-13 08:00:00,196,187.0,True,False
baseline_lag24,-,keep,2021-08,2021-08-13 09:00:00,188,181.0,True,False
baseline_lag24,-,keep,2021-08,2021-08-13 10:00:00,184,177.0,True,False
baseline_lag24,-,keep,2021-08,2021-08-13 11:00:00,196,188.0,True,False
baseline_lag24,-,keep,2021-08,2021-08-13 12:00:00,111,120.0,False,False
baseline_lag24,-,keep,2021-08,2021-08-13 13:00:00,183,170.0,True,False
baseline_lag24,-,keep,2021-08,2021-08-13 14:00:00,189,184.0,True,False
baseline_lag24,-,keep,2021-08,2021-08-13 15:00:00,167,165.0,False,False
baseline_lag24,-,keep,2021-08,2021-08-13 16:00:00,183,170.0,True,False
baseline_lag24,-,keep,2021-08,2021-08-13 17:00:00,149,135.0,False,False
baseline_lag24,-,keep,2021-08,2021-08-13 18:00:00,174,172.0,False,False
baseline_lag24,-,keep,2021-08,2021-08-13 19:00:00,146,161.0,False,False
baseline_lag24,-,keep,2021-08,2021-08-13 20:00:00,117,125.0,False,False
baseline_lag24,-,keep,2021-08,2021-08-13 21:00:00,113,112.0,False,False
baseline_lag24,-,keep,2021-08,2021-08-13 22:00:00,109,116.0,False,False
baseline_lag24,-,keep,2021-08,2021-08-13 23:00:00,97,103.0,False,False
baseline_lag24,-,keep,2021-08,2021-08-14 00:00:00,62,72.0,False,False
baseline_lag24,-,keep,2021-08,2021-08-14 01:00:00,97,100.0,False,False
baseline_lag24,-,keep,2021-08,2021-08-14 02:00:00,107,112.0,False,False
baseline_lag24,-,keep,2021-08,2021-08-14 03:00:00,91,116.0,False,False
baseline_lag24,-,keep,2021-08,2021-08-14 04:00:00,98,110.0,False,False
baseline_lag24,-,keep,2021-08,2021-08-14 05:00:00,83,88.0,False,False
baseline_lag24,-,keep,2021-08,2021-08-14 06:00:00,86,110.0,False,False
baseline_lag24,-,keep,2021-08,2021-08-14 07:00:00,53,136.0,False,False
baseline_lag24,-,keep,2021-08,2021-08-14 08:00:00,23,196.0,False,False
baseline_lag24,-,keep,2021-08,2021-08-14 09:00:00,22,188.0,False,False
baseline_lag24,-,keep,2021-08,2021-08-14 10:00:00,21,184.0,False,False
baseline_lag24,-,keep,2021-08,2021-08-14 11:00:00,23,196.0,False,False
baseline_lag24,-,keep,2021-08,2021-08-14 12:00:00,22,111.0,False,False
baseline_lag24,-,keep,2021-08,2021-08-14 13:00:00,21,183.0,False,False
baseline_lag24,-,keep,2021-08,2021-08-14 14:00:00,22,189.0,False,False
baseline_lag24,-,keep,2021-08,2021-08-14 15:00:00,23,167.0,False,False
baseline_lag24,-,keep,2021-08,2021-08-14 16:00:00,22,183.0,False,False
baseline_lag24,-,keep,2021-08,2021-08-14 17:00:00,21,149.0,False,False
baseline_lag24,-,keep,2021-08,2021-08-14 18:00:00,22,174.0,False,False
baseline_lag24,-,keep,2021-08,2021-08-14 19:00:00,23,146.0,False,False
baseline_lag24,-,keep,2021-08,2021-08-14 20:00:00,22,117.0,False,False
baseline_lag24,-,keep,2021-08,2021-08-14 21:00:00,22,113.0,False,False
baseline_lag24,-,keep,2021-08,2021-08-14 22:00:00,23,109.0,False,False
baseline_lag24,-,keep,2021-08,2021-08-14 23:00:00,22,97.0,False,False
baseline_lag24,-,keep,2021-08,2021-08-15 00:00:00,22,62.0,False,False
baseline_lag24,-,keep,2021-08,2021-08-15 01:00:00,23,97.0,False,False
baseline_lag24,-,keep,2021-08,2021-08-15 02:00:00,22,107.0,False,False
baseline_lag24,-,keep,2021-08,2021-08-15 03:00:00,21,91.0,False,False
baseline_lag24,-,keep,2021-08,2021-08-15 04:00:00,22,98.0,False,False
baseline_lag24,-,keep,2021-08,2021-08-15 05:00:00,23,83.0,False,False
baseline_lag24,-,keep,2021-08,2021-08-15 06:00:00,22,86.0,False,False
baseline_lag24,-,keep,2021-08,2021-08-15 07:00:00,21,53.0,False,False
baseline_lag24,-,keep,2021-08,2021-08-15 08:00:00,23,23.0,False,False
baseline_lag24,-,keep,2021-08,2021-08-15 09:00:00,23,22.0,False,False
baseline_lag24,-,keep,2021-08,2021-08-15 10:00:00,21,21.0,False,False
baseline_lag24,-,keep,2021-08,2021-08-15 11:00:00,22,23.0,False,False
baseline_lag24,-,keep,2021-08,2021-08-15 12:00:00,23,22.0,False,False
baseline_lag24,-,keep,2021-08,2021-08-15 13:00:00,22,21.0,False,False
baseline_lag24,-,keep,2021-08,2021-08-15 14:00:00,22,22.0,False,False
baseline_lag24,-,keep,2021-08,2021-08-15 15:00:00,21,23.0,False,False
baseline_lag24,-,keep,2021-08,2021-08-15 16:00:00,23,22.0,False,False
baseline_lag24,-,keep,2021-08,2021-08-15 17:00:00,22,21.0,False,False
baseline_lag24,-,keep,2021-08,2021-08-15 18:00:00,21,22.0,False,False
baseline_lag24,-,keep,2021-08,2021-08-15 19:00:00,23,23.0,False,False
baseline_lag24,-,keep,2021-08,2021-08-15 20:00:00,22,22.0,False,False
baseline_lag24,-,keep,2021-08,2021-08-15 21:00:00,22,22.0,False,False
baseline_lag24,-,keep,2021-08,2021-08-15 22:00:00,23,23.0,False,False
baseline_lag24,-,keep,2021-08,2021-08-15 23:00:00,23,22.0,False,False
baseline_lag24,-,keep,2021-08,2021-08-16 00:00:00,22,22.0,False,False
baseline_lag24,-,keep,2021-08,2021-08-16 01:00:00,21,23.0,False,False
baseline_lag24,-,keep,2021-08,2021-08-16 02:00:00,23,22.0,False,False
baseline_lag24,-,keep,2021-08,2021-08-16 03:00:00,21,21.0,False,False
baseline_lag24,-,keep,2021-08,2021-08-16 04:00:00,22,22.0,False,False
baseline_lag24,-,keep,2021-08,2021-08-16 05:00:00,22,23.0,False,False
baseline_lag24,-,keep,2021-08,2021-08-16 06:00:00,23,22.0,False,False
baseline_lag24,-,keep,2021-08,2021-08-16 07:00:00,60,21.0,False,False
baseline_lag24,-,keep,2021-08,2021-08-16 08:00:00,174,23.0,False,False
baseline_lag24,-,keep,2021-08,2021-08-16 09:00:00,183,23.0,True,False
baseline_lag24,-,keep,2021-08,2021-08-16 10:00:00,144,21.0,False,False
baseline_lag24,-,keep,2021-08,2021-08-16 11:00:00,155,22.0,False,False
baseline_lag24,-,keep,2021-08,2021-08-16 12:00:00,97,23.0,False,False
baseline_lag24,-,keep,2021-08,2021-08-16 13:00:00,153,22.0,False,False
baseline_lag24,-,keep,2021-08,2021-08-16 14:00:00,146,22.0,False,False
baseline_lag24,-,keep,2021-08,2021-08-16 15:00:00,133,21.0,False,False
baseline_lag24,-,keep,2021-08,2021-08-16 16:00:00,116,23.0,False,False
baseline_lag24,-,keep,2021-08,2021-08-16 17:00:00,100,22.0,False,False
baseline_lag24,-,keep,2021-08,2021-08-16 18:00:00,92,21.0,False,False
baseline_lag24,-,keep,2021-08,2021-08-16 19:00:00,89,23.0,False,False
baseline_lag24,-,keep,2021-08,2021-08-16 20:00:00,98,22.0,False,False
baseline_lag24,-,keep,2021-08,2021-08-16 21:00:00,112,22.0,False,False
baseline_lag24,-,keep,2021-08,2021-08-16 22:00:00,95,23.0,False,False
baseline_lag24,-,keep,2021-08,2021-08-16 23:00:00,96,23.0,False,False
baseline_lag24,-,keep,2021-08,2021-08-17 00:00:00,70,22.0,False,False
baseline_lag24,-,keep,2021-08,2021-08-17 01:00:00,96,21.0,False,False
baseline_lag24,-,keep,2021-08,2021-08-17 02:00:00,98,23.0,False,False
baseline_lag24,-,keep,2021-08,2021-08-17 03:00:00,92,21.0,False,False
baseline_lag24,-,keep,2021-08,2021-08-17 04:00:00,93,22.0,False,False
baseline_lag24,-,keep,2021-08,2021-08-17 05:00:00,86,22.0,False,False
baseline_lag24,-,keep,2021-08,2021-08-17 06:00:00,94,23.0,False,False
baseline_lag24,-,keep,2021-08,2021-08-17 07:00:00,125,60.0,False,False
baseline_lag24,-,keep,2021-08,2021-08-17 08:00:00,164,174.0,False,False
baseline_lag24,-,keep,2021-08,2021-08-17 09:00:00,163,183.0,False,False
baseline_lag24,-,keep,2021-08,2021-08-17 10:00:00,153,144.0,False,False
baseline_lag24,-,keep,2021-08,2021-08-17 11:00:00,169,155.0,False,False
baseline_lag24,-,keep,2021-08,2021-08-17 12:00:00,110,97.0,False,False
baseline_lag24,-,keep,2021-08,2021-08-17 13:00:00,162,153.0,False,False
baseline_lag24,-,keep,2021-08,2021-08-17 14:00:00,161,146.0,False,False
baseline_lag24,-,keep,2021-08,2021-08-17 15:00:00,150,133.0,False,False
baseline_lag24,-,keep,2021-08,2021-08-17 16:00:00,152,116.0,False,False
baseline_lag24,-,keep,2021-08,2021-08-17 17:00:00,113,100.0,False,False
baseline_lag24,-,keep,2021-08,2021-08-17 18:00:00,149,92.0,False,False
baseline_lag24,-,keep,2021-08,2021-08-17 19:00:00,138,89.0,False,False
baseline_lag24,-,keep,2021-08,2021-08-17 20:00:00,120,98.0,False,False
baseline_lag24,-,keep,2021-08,2021-08-17 21:00:00,118,112.0,False,False
baseline_lag24,-,keep,2021-08,2021-08-17 22:00:00,110,95.0,False,False
baseline_lag24,-,keep,2021-08,2021-08-17 23:00:00,104,96.0,False,False
baseline_lag24,-,keep,2021-08,2021-08-18 00:00:00,65,70.0,False,False
baseline_lag24,-,keep,2021-08,2021-08-18 01:00:00,95,96.0,False,False
baseline_lag24,-,keep,2021-08,2021-08-18 02:00:00,103,98.0,False,False
baseline_lag24,-,keep,2021-08,2021-08-18 03:00:00,91,92.0,False,False
baseline_lag24,-,keep,2021-08,2021-08-18 04:00:00,95,93.0,False,False
baseline_lag24,-,keep,2021-08,2021-08-18 05:00:00,83,86.0,False,False
baseline_lag24,-,keep,2021-08,2021-08-18 06:00:00,101,94.0,False,False
baseline_lag24,-,keep,2021-08,2021-08-18 07:00:00,125,125.0,False,False
baseline_lag24,-,keep,2021-08,2021-08-18 08:00:00,163,164.0,False,False
baseline_lag24,-,keep,2021-08,2021-08-18 09:00:00,169,163.0,False,False
baseline_lag24,-,keep,2021-08,2021-08-18 10:00:00,159,153.0,False,False
baseline_lag24,-,keep,2021-08,2021-08-18 11:00:00,173,169.0,False,False
baseline_lag24,-,keep,2021-08,2021-08-18 12:00:00,102,110.0,False,False
baseline_lag24,-,keep,2021-08,2021-08-18 13:00:00,171,162.0,False,False
baseline_lag24,-,keep,2021-08,2021-08-18 14:00:00,179,161.0,True,False
baseline_lag24,-,keep,2021-08,2021-08-18 15:00:00,170,150.0,False,False
baseline_lag24,-,keep,2021-08,2021-08-18 16:00:00,166,152.0,False,False
baseline_lag24,-,keep,2021-08,2021-08-18 17:00:00,141,113.0,False,False
baseline_lag24,-,keep,2021-08,2021-08-18 18:00:00,164,149.0,False,False
baseline_lag24,-,keep,2021-08,2021-08-18 19:00:00,143,138.0,False,False
baseline_lag24,-,keep,2021-08,2021-08-18 20:00:00,120,120.0,False,False
baseline_lag24,-,keep,2021-08,2021-08-18 21:00:00,115,118.0,False,False
baseline_lag24,-,keep,2021-08,2021-08-18 22:00:00,112,110.0,False,False
baseline_lag24,-,keep,2021-08,2021-08-18 23:00:00,105,104.0,False,False
baseline_lag24,-,keep,2021-08,2021-08-19 00:00:00,71,65.0,False,False
baseline_lag24,-,keep,2021-08,2021-08-19 01:00:00,102,95.0,False,False
baseline_lag24,-,keep,2021-08,2021-08-19 02:00:00,109,103.0,False,False
baseline_lag24,-,keep,2021-08,2021-08-19 03:00:00,109,91.0,False,False
baseline_lag24,-,keep,2021-08,2021-08-19 04:00:00,104,95.0,False,False
baseline_lag24,-,keep,2021-08,2021-08-19 05:00:00,88,83.0,False,False
baseline_lag24,-,keep,2021-08,2021-08-19 06:00:00,109,101.0,False,False
baseline_lag24,-,keep,2021-08,2021-08-19 07:00:00,123,125.0,False,False
baseline_lag24,-,keep,2021-08,2021-08-19 08:00:00,174,163.0,False,False
baseline_lag24,-,keep,2021-08,2021-08-19 09:00:00,174,169.0,False,False
baseline_lag24,-,keep,2021-08,2021-08-19 10:00:00,163,159.0,False,False
baseline_lag24,-,keep,2021-08,2021-08-19 11:00:00,177,173.0,True,False
baseline_lag24,-,keep,2021-08,2021-08-19 12:00:00,105,102.0,False,False
baseline_lag24,-,keep,2021-08,2021-08-19 13:00:00,168,171.0,False,False
baseline_lag24,-,keep,2021-08,2021-08-19 14:00:00,175,179.0,False,False
baseline_lag24,-,keep,2021-08,2021-08-19 15:00:00,170,170.0,False,False
baseline_lag24,-,keep,2021-08,2021-08-19 16:00:00,166,166.0,False,False
baseline_lag24,-,keep,2021-08,2021-08-19 17:00:00,130,141.0,False,False
baseline_lag24,-,keep,2021-08,2021-08-19 18:00:00,152,164.0,False,False
baseline_lag24,-,keep,2021-08,2021-08-19 19:00:00,147,143.0,False,False
baseline_lag24,-,keep,2021-08,2021-08-19 20:00:00,128,120.0,False,False
baseline_lag24,-,keep,2021-08,2021-08-19 21:00:00,121,115.0,False,False
baseline_lag24,-,keep,2021-08,2021-08-19 22:00:00,116,112.0,False,False
baseline_lag24,-,keep,2021-08,2021-08-19 23:00:00,110,105.0,False,False
baseline_lag24,-,keep,2021-08,2021-08-20 00:00:00,73,71.0,False,False
baseline_lag24,-,keep,2021-08,2021-08-20 01:00:00,101,102.0,False,False
baseline_lag24,-,keep,2021-08,2021-08-20 02:00:00,107,109.0,False,False
baseline_lag24,-,keep,2021-08,2021-08-20 03:00:00,102,109.0,False,False
baseline_lag24,-,keep,2021-08,2021-08-20 04:00:00,99,104.0,False,False
baseline_lag24,-,keep,2021-08,2021-08-20 05:00:00,88,88.0,False,False
baseline_lag24,-,keep,2021-08,2021-08-20 06:00:00,111,109.0,False,False
baseline_lag24,-,keep,2021-08,2021-08-20 07:00:00,127,123.0,False,False
baseline_lag24,-,keep,2021-08,2021-08-20 08:00:00,171,174.0,False,False
baseline_lag24,-,keep,2021-08,2021-08-20 09:00:00,165,174.0,False,False
baseline_lag24,-,keep,2021-08,2021-08-20 10:00:00,157,163.0,False,False
baseline_lag24,-,keep,2021-08,2021-08-20 11:00:00,187,177.0,True,False
baseline_lag24,-,keep,2021-08,2021-08-20 12:00:00,111,105.0,False,False
baseline_lag24,-,keep,2021-08,2021-08-20 13:00:00,177,168.0,True,False
baseline_lag24,-,keep,2021-08,2021-08-20 14:00:00,175,175.0,False,False
baseline_lag24,-,keep,2021-08,2021-08-20 15:00:00,159,170.0,False,False
baseline_lag24,-,keep,2021-08,2021-08-20 16:00:00,171,166.0,False,False
baseline_lag24,-,keep,2021-08,2021-08-20 17:00:00,134,130.0,False,False
baseline_lag24,-,keep,2021-08,2021-08-20 18:00:00,155,152.0,False,False
baseline_lag24,-,keep,2021-08,2021-08-20 19:00:00,125,147.0,False,False
baseline_lag24,-,keep,2021-08,2021-08-20 20:00:00,114,128.0,False,False
baseline_lag24,-,keep,2021-08,2021-08-20 21:00:00,118,121.0,False,False
baseline_lag24,-,keep,2021-08,2021-08-20 22:00:00,106,116.0,False,False
baseline_lag24,-,keep,2021-08,2021-08-20 23:00:00,98,110.0,False,False
baseline_lag24,-,keep,2021-08,2021-08-21 00:00:00,63,73.0,False,False
baseline_lag24,-,keep,2021-08,2021-08-21 01:00:00,95,101.0,False,False
baseline_lag24,-,keep,2021-08,2021-08-21 02:00:00,104,107.0,False,False
baseline_lag24,-,keep,2021-08,2021-08-21 03:00:00,94,102.0,False,False
baseline_lag24,-,keep,2021-08,2021-08-21 04:00:00,104,99.0,False,False
baseline_lag24,-,keep,2021-08,2021-08-21 05:00:00,95,88.0,False,False
baseline_lag24,-,keep,2021-08,2021-08-21 06:00:00,99,111.0,False,False
baseline_lag24,-,keep,2021-08,2021-08-21 07:00:00,69,127.0,False,False
baseline_lag24,-,keep,2021-08,2021-08-21 08:00:00,23,171.0,False,False
baseline_lag24,-,keep,2021-08,2021-08-21 09:00:00,21,165.0,False,False
baseline_lag24,-,keep,2021-08,2021-08-21 10:00:00,21,157.0,False,False
baseline_lag24,-,keep,2021-08,2021-08-21 11:00:00,23,187.0,False,False
baseline_lag24,-,keep,2021-08,2021-08-21 12:00:00,22,111.0,False,False
baseline_lag24,-,keep,2021-08,2021-08-21 13:00:00,21,177.0,False,False
baseline_lag24,-,keep,2021-08,2021-08-21 14:00:00,23,175.0,False,False
baseline_lag24,-,keep,2021-08,2021-08-21 15:00:00,22,159.0,False,False
baseline_lag24,-,keep,2021-08,2021-08-21 16:00:00,22,171.0,False,False
baseline_lag24,-,keep,2021-08,2021-08-21 17:00:00,22,134.0,False,False
baseline_lag24,-,keep,2021-08,2021-08-21 18:00:00,25,155.0,False,False
baseline_lag24,-,keep,2021-08,2021-08-21 19:00:00,21,125.0,False,False
baseline_lag24,-,keep,2021-08,2021-08-21 20:00:00,22,114.0,False,False
baseline_lag24,-,keep,2021-08,2021-08-21 21:00:00,23,118.0,False,False
baseline_lag24,-,keep,2021-08,2021-08-21 22:00:00,25,106.0,False,False
baseline_lag24,-,keep,2021-08,2021-08-21 23:00:00,22,98.0,False,False
baseline_lag24,-,keep,2021-08,2021-08-22 00:00:00,22,63.0,False,False
baseline_lag24,-,keep,2021-08,2021-08-22 01:00:00,23,95.0,False,False
baseline_lag24,-,keep,2021-08,2021-08-22 02:00:00,24,104.0,False,False
baseline_lag24,-,keep,2021-08,2021-08-22 03:00:00,23,94.0,False,False
baseline_lag24,-,keep,2021-08,2021-08-22 04:00:00,22,104.0,False,False
baseline_lag24,-,keep,2021-08,2021-08-22 05:00:00,24,95.0,False,False
baseline_lag24,-,keep,2021-08,2021-08-22 06:00:00,22,99.0,False,False
baseline_lag24,-,keep,2021-08,2021-08-22 07:00:00,22,69.0,False,False
baseline_lag24,-,keep,2021-08,2021-08-22 08:00:00,22,23.0,False,False
baseline_lag24,-,keep,2021-08,2021-08-22 09:00:00,24,21.0,False,False
baseline_lag24,-,keep,2021-08,2021-08-22 10:00:00,22,21.0,False,False
baseline_lag24,-,keep,2021-08,2021-08-22 11:00:00,22,23.0,False,False
baseline_lag24,-,keep,2021-08,2021-08-22 12:00:00,23,22.0,False,False
baseline_lag24,-,keep,2021-08,2021-08-22 13:00:00,24,21.0,False,False
baseline_lag24,-,keep,2021-08,2021-08-22 14:00:00,23,23.0,False,False
baseline_lag24,-,keep,2021-08,2021-08-22 15:00:00,23,22.0,False,False
baseline_lag24,-,keep,2021-08,2021-08-22 16:00:00,25,22.0,False,False
baseline_lag24,-,keep,2021-08,2021-08-22 17:00:00,22,22.0,False,False
baseline_lag24,-,keep,2021-08,2021-08-22 18:00:00,22,25.0,False,False
baseline_lag24,-,keep,2021-08,2021-08-22 19:00:00,22,21.0,False,False
baseline_lag24,-,keep,2021-08,2021-08-22 20:00:00,24,22.0,False,False
baseline_lag24,-,keep,2021-08,2021-08-22 21:00:00,22,23.0,False,False
baseline_lag24,-,keep,2021-08,2021-08-22 22:00:00,23,25.0,False,False
baseline_lag24,-,keep,2021-08,2021-08-22 23:00:00,23,22.0,False,False
baseline_lag24,-,keep,2021-08,2021-08-23 00:00:00,23,22.0,False,False
baseline_lag24,-,keep,2021-08,2021-08-23 01:00:00,23,23.0,False,False
baseline_lag24,-,keep,2021-08,2021-08-23 02:00:00,23,24.0,False,False
baseline_lag24,-,keep,2021-08,2021-08-23 03:00:00,24,23.0,False,False
baseline_lag24,-,keep,2021-08,2021-08-23 04:00:00,22,22.0,False,False
baseline_lag24,-,keep,2021-08,2021-08-23 05:00:00,22,24.0,False,False
baseline_lag24,-,keep,2021-08,2021-08-23 06:00:00,21,22.0,False,False
baseline_lag24,-,keep,2021-08,2021-08-23 07:00:00,58,22.0,False,False
baseline_lag24,-,keep,2021-08,2021-08-23 08:00:00,167,22.0,False,False
baseline_lag24,-,keep,2021-08,2021-08-23 09:00:00,180,24.0,True,False
baseline_lag24,-,keep,2021-08,2021-08-23 10:00:00,170,22.0,False,False
baseline_lag24,-,keep,2021-08,2021-08-23 11:00:00,184,22.0,True,False
baseline_lag24,-,keep,2021-08,2021-08-23 12:00:00,116,23.0,False,False
baseline_lag24,-,keep,2021-08,2021-08-23 13:00:00,184,24.0,True,False
baseline_lag24,-,keep,2021-08,2021-08-23 14:00:00,184,23.0,True,False
baseline_lag24,-,keep,2021-08,2021-08-23 15:00:00,180,23.0,True,False
baseline_lag24,-,keep,2021-08,2021-08-23 16:00:00,172,25.0,False,False
baseline_lag24,-,keep,2021-08,2021-08-23 17:00:00,142,22.0,False,False
baseline_lag24,-,keep,2021-08,2021-08-23 18:00:00,156,22.0,False,False
baseline_lag24,-,keep,2021-08,2021-08-23 19:00:00,129,22.0,False,False
baseline_lag24,-,keep,2021-08,2021-08-23 20:00:00,112,24.0,False,False
baseline_lag24,-,keep,2021-08,2021-08-23 21:00:00,111,22.0,False,False
baseline_lag24,-,keep,2021-08,2021-08-23 22:00:00,109,23.0,False,False
baseline_lag24,-,keep,2021-08,2021-08-23 23:00:00,96,23.0,False,False
baseline_lag24,-,keep,2021-08,2021-08-24 00:00:00,65,23.0,False,False
baseline_lag24,-,keep,2021-08,2021-08-24 01:00:00,105,23.0,False,False
baseline_lag24,-,keep,2021-08,2021-08-24 02:00:00,110,23.0,False,False
baseline_lag24,-,keep,2021-08,2021-08-24 03:00:00,105,24.0,False,False
baseline_lag24,-,keep,2021-08,2021-08-24 04:00:00,108,22.0,False,False
baseline_lag24,-,keep,2021-08,2021-08-24 05:00:00,88,22.0,False,False
baseline_lag24,-,keep,2021-08,2021-08-24 06:00:00,109,21.0,False,False
baseline_lag24,-,keep,2021-08,2021-08-24 07:00:00,131,58.0,False,False
baseline_lag24,-,keep,2021-08,2021-08-24 08:00:00,187,167.0,True,False
baseline_lag24,-,keep,2021-08,2021-08-24 09:00:00,181,180.0,True,False
baseline_lag24,-,keep,2021-08,2021-08-24 10:00:00,171,170.0,False,False
baseline_lag24,-,keep,2021-08,2021-08-24 11:00:00,183,184.0,True,False
baseline_lag24,-,keep,2021-08,2021-08-24 12:00:00,115,116.0,False,False
baseline_lag24,-,keep,2021-08,2021-08-24 13:00:00,174,184.0,False,False
baseline_lag24,-,keep,2021-08,2021-08-24 14:00:00,186,184.0,True,False
baseline_lag24,-,keep,2021-08,2021-08-24 15:00:00,175,180.0,False,False
baseline_lag24,-,keep,2021-08,2021-08-24 16:00:00,184,172.0,True,False
baseline_lag24,-,keep,2021-08,2021-08-24 17:00:00,139,142.0,False,False
baseline_lag24,-,keep,2021-08,2021-08-24 18:00:00,152,156.0,False,False
baseline_lag24,-,keep,2021-08,2021-08-24 19:00:00,150,129.0,False,False
baseline_lag24,-,keep,2021-08,2021-08-24 20:00:00,121,112.0,False,False
baseline_lag24,-,keep,2021-08,2021-08-24 21:00:00,121,111.0,False,False
baseline_lag24,-,keep,2021-08,2021-08-24 22:00:00,113,109.0,False,False
baseline_lag24,-,keep,2021-08,2021-08-24 23:00:00,99,96.0,False,False
baseline_lag24,-,keep,2021-08,2021-08-25 00:00:00,77,65.0,False,False
baseline_lag24,-,keep,2021-08,2021-08-25 01:00:00,104,105.0,False,False
baseline_lag24,-,keep,2021-08,2021-08-25 02:00:00,109,110.0,False,False
baseline_lag24,-,keep,2021-08,2021-08-25 03:00:00,99,105.0,False,False
baseline_lag24,-,keep,2021-08,2021-08-25 04:00:00,109,108.0,False,False
baseline_lag24,-,keep,2021-08,2021-08-25 05:00:00,91,88.0,False,False
baseline_lag24,-,keep,2021-08,2021-08-25 06:00:00,104,109.0,False,False
baseline_lag24,-,keep,2021-08,2021-08-25 07:00:00,139,131.0,False,False
baseline_lag24,-,keep,2021-08,2021-08-25 08:00:00,174,187.0,False,False
baseline_lag24,-,keep,2021-08,2021-08-25 09:00:00,171,181.0,False,False
baseline_lag24,-,keep,2021-08,2021-08-25 10:00:00,177,171.0,True,False
baseline_lag24,-,keep,2021-08,2021-08-25 11:00:00,173,183.0,False,False
baseline_lag24,-,keep,2021-08,2021-08-25 12:00:00,110,115.0,False,False
baseline_lag24,-,keep,2021-08,2021-08-25 13:00:00,174,174.0,False,False
baseline_lag24,-,keep,2021-08,2021-08-25 14:00:00,177,186.0,True,False
baseline_lag24,-,keep,2021-08,2021-08-25 15:00:00,169,175.0,False,False
baseline_lag24,-,keep,2021-08,2021-08-25 16:00:00,162,184.0,False,False
baseline_lag24,-,keep,2021-08,2021-08-25 17:00:00,146,139.0,False,False
baseline_lag24,-,keep,2021-08,2021-08-25 18:00:00,167,152.0,False,False
baseline_lag24,-,keep,2021-08,2021-08-25 19:00:00,139,150.0,False,False
baseline_lag24,-,keep,2021-08,2021-08-25 20:00:00,111,121.0,False,False
baseline_lag24,-,keep,2021-08,2021-08-25 21:00:00,121,121.0,False,False
baseline_lag24,-,keep,2021-08,2021-08-25 22:00:00,110,113.0,False,False
baseline_lag24,-,keep,2021-08,2021-08-25 23:00:00,105,99.0,False,False
baseline_lag24,-,keep,2021-08,2021-08-26 00:00:00,72,77.0,False,False
baseline_lag24,-,keep,2021-08,2021-08-26 01:00:00,103,104.0,False,False
baseline_lag24,-,keep,2021-08,2021-08-26 02:00:00,115,109.0,False,False
baseline_lag24,-,keep,2021-08,2021-08-26 03:00:00,99,99.0,False,False
baseline_lag24,-,keep,2021-08,2021-08-26 04:00:00,110,109.0,False,False
baseline_lag24,-,keep,2021-08,2021-08-26 05:00:00,92,91.0,False,False
baseline_lag24,-,keep,2021-08,2021-08-26 06:00:00,105,104.0,False,False
baseline_lag24,-,keep,2021-08,2021-08-26 07:00:00,134,139.0,False,False
baseline_lag24,-,keep,2021-08,2021-08-26 08:00:00,183,174.0,True,False
baseline_lag24,-,keep,2021-08,2021-08-26 09:00:00,195,171.0,True,False
baseline_lag24,-,keep,2021-08,2021-08-26 10:00:00,180,177.0,True,False
baseline_lag24,-,keep,2021-08,2021-08-26 11:00:00,188,173.0,True,False
baseline_lag24,-,keep,2021-08,2021-08-26 12:00:00,111,110.0,False,False
baseline_lag24,-,keep,2021-08,2021-08-26 13:00:00,183,174.0,True,False
baseline_lag24,-,keep,2021-08,2021-08-26 14:00:00,185,177.0,True,False
baseline_lag24,-,keep,2021-08,2021-08-26 15:00:00,188,169.0,True,False
baseline_lag24,-,keep,2021-08,2021-08-26 16:00:00,173,162.0,False,False
baseline_lag24,-,keep,2021-08,2021-08-26 17:00:00,132,146.0,False,False
baseline_lag24,-,keep,2021-08,2021-08-26 18:00:00,162,167.0,False,False
baseline_lag24,-,keep,2021-08,2021-08-26 19:00:00,156,139.0,False,False
baseline_lag24,-,keep,2021-08,2021-08-26 20:00:00,116,111.0,False,False
baseline_lag24,-,keep,2021-08,2021-08-26 21:00:00,125,121.0,False,False
baseline_lag24,-,keep,2021-08,2021-08-26 22:00:00,111,110.0,False,False
baseline_lag24,-,keep,2021-08,2021-08-26 23:00:00,105,105.0,False,False
baseline_lag24,-,keep,2021-08,2021-08-27 00:00:00,72,72.0,False,False
baseline_lag24,-,keep,2021-08,2021-08-27 01:00:00,102,103.0,False,False
baseline_lag24,-,keep,2021-08,2021-08-27 02:00:00,111,115.0,False,False
baseline_lag24,-,keep,2021-08,2021-08-27 03:00:00,102,99.0,False,False
baseline_lag24,-,keep,2021-08,2021-08-27 04:00:00,108,110.0,False,False
baseline_lag24,-,keep,2021-08,2021-08-27 05:00:00,86,92.0,False,False
baseline_lag24,-,keep,2021-08,2021-08-27 06:00:00,101,105.0,False,False
baseline_lag24,-,keep,2021-08,2021-08-27 07:00:00,125,134.0,False,False
baseline_lag24,-,keep,2021-08,2021-08-27 08:00:00,181,183.0,True,False
baseline_lag24,-,keep,2021-08,2021-08-27 09:00:00,176,195.0,False,False
baseline_lag24,-,keep,2021-08,2021-08-27 10:00:00,169,180.0,False,False
baseline_lag24,-,keep,2021-08,2021-08-27 11:00:00,175,188.0,False,False
baseline_lag24,-,keep,2021-08,2021-08-27 12:00:00,106,111.0,False,False
baseline_lag24,-,keep,2021-08,2021-08-27 13:00:00,173,183.0,False,False
baseline_lag24,-,keep,2021-08,2021-08-27 14:00:00,165,185.0,False,False
baseline_lag24,-,keep,2021-08,2021-08-27 15:00:00,162,188.0,False,False
baseline_lag24,-,keep,2021-08,2021-08-27 16:00:00,156,173.0,False,False
baseline_lag24,-,keep,2021-08,2021-08-27 17:00:00,142,132.0,False,False
baseline_lag24,-,keep,2021-08,2021-08-27 18:00:00,143,162.0,False,False
baseline_lag24,-,keep,2021-08,2021-08-27 19:00:00,127,156.0,False,False
baseline_lag24,-,keep,2021-08,2021-08-27 20:00:00,108,116.0,False,False
baseline_lag24,-,keep,2021-08,2021-08-27 21:00:00,107,125.0,False,False
baseline_lag24,-,keep,2021-08,2021-08-27 22:00:00,96,111.0,False,False
baseline_lag24,-,keep,2021-08,2021-08-27 23:00:00,102,105.0,False,False
baseline_lag24,-,keep,2021-08,2021-08-28 00:00:00,72,72.0,False,False
baseline_lag24,-,keep,2021-08,2021-08-28 01:00:00,104,102.0,False,False
baseline_lag24,-,keep,2021-08,2021-08-28 02:00:00,111,111.0,False,False
baseline_lag24,-,keep,2021-08,2021-08-28 03:00:00,102,102.0,False,False
baseline_lag24,-,keep,2021-08,2021-08-28 04:00:00,103,108.0,False,False
baseline_lag24,-,keep,2021-08,2021-08-28 05:00:00,87,86.0,False,False
baseline_lag24,-,keep,2021-08,2021-08-28 06:00:00,98,101.0,False,False
baseline_lag24,-,keep,2021-08,2021-08-28 07:00:00,66,125.0,False,False
baseline_lag24,-,keep,2021-08,2021-08-28 08:00:00,35,181.0,False,False
baseline_lag24,-,keep,2021-08,2021-08-28 09:00:00,36,176.0,False,False
baseline_lag24,-,keep,2021-08,2021-08-28 10:00:00,38,169.0,False,False
baseline_lag24,-,keep,2021-08,2021-08-28 11:00:00,37,175.0,False,False
baseline_lag24,-,keep,2021-08,2021-08-28 12:00:00,38,106.0,False,False
baseline_lag24,-,keep,2021-08,2021-08-28 13:00:00,38,173.0,False,False
baseline_lag24,-,keep,2021-08,2021-08-28 14:00:00,38,165.0,False,False
baseline_lag24,-,keep,2021-08,2021-08-28 15:00:00,38,162.0,False,False
baseline_lag24,-,keep,2021-08,2021-08-28 16:00:00,46,156.0,False,False
baseline_lag24,-,keep,2021-08,2021-08-29 12:00:00,22,38.0,False,False
baseline_lag24,-,keep,2021-08,2021-08-29 13:00:00,19,38.0,False,False
baseline_lag24,-,keep,2021-08,2021-08-29 14:00:00,22,38.0,False,False
baseline_lag24,-,keep,2021-08,2021-08-29 15:00:00,21,38.0,False,False
baseline_lag24,-,keep,2021-08,2021-08-29 16:00:00,22,46.0,False,False
baseline_lag24,-,keep,2021-08,2021-08-29 17:00:00,26,22.0,False,False
baseline_lag24,-,keep,2021-08,2021-08-29 18:00:00,24,0.0,False,False
baseline_lag24,-,keep,2021-08,2021-08-29 19:00:00,21,0.0,False,False
baseline_lag24,-,keep,2021-08,2021-08-29 20:00:00,20,0.0,False,False
baseline_lag24,-,keep,2021-08,2021-08-29 21:00:00,20,0.0,False,False
baseline_lag24,-,keep,2021-08,2021-08-29 22:00:00,22,0.0,False,False
baseline_lag24,-,keep,2021-08,2021-08-29 23:00:00,20,0.0,False,False
baseline_lag24,-,keep,2021-08,2021-08-30 00:00:00,20,0.0,False,False
baseline_lag24,-,keep,2021-08,2021-08-30 01:00:00,21,0.0,False,False
baseline_lag24,-,keep,2021-08,2021-08-30 02:00:00,21,0.0,False,False
baseline_lag24,-,keep,2021-08,2021-08-30 03:00:00,20,0.0,False,False
baseline_lag24,-,keep,2021-08,2021-08-30 04:00:00,20,0.0,False,False
baseline_lag24,-,keep,2021-08,2021-08-30 05:00:00,20,0.0,False,False
baseline_lag24,-,keep,2021-08,2021-08-30 06:00:00,21,0.0,False,False
baseline_lag24,-,keep,2021-08,2021-08-30 07:00:00,52,0.0,False,False
baseline_lag24,-,keep,2021-08,2021-08-30 08:00:00,167,0.0,False,False
baseline_lag24,-,keep,2021-08,2021-08-30 09:00:00,170,0.0,False,False
baseline_lag24,-,keep,2021-08,2021-08-30 10:00:00,171,0.0,False,False
baseline_lag24,-,keep,2021-08,2021-08-30 11:00:00,171,17.0,False,False
baseline_lag24,-,keep,2021-08,2021-08-30 12:00:00,114,22.0,False,False
baseline_lag24,-,keep,2021-08,2021-08-30 13:00:00,172,19.0,False,False
baseline_lag24,-,keep,2021-08,2021-08-30 14:00:00,171,22.0,False,False
baseline_lag24,-,keep,2021-08,2021-08-30 15:00:00,160,21.0,False,False
baseline_lag24,-,keep,2021-08,2021-08-30 16:00:00,170,22.0,False,False
baseline_lag24,-,keep,2021-08,2021-08-30 17:00:00,140,26.0,False,False
baseline_lag24,-,keep,2021-08,2021-08-30 18:00:00,168,24.0,False,False
baseline_lag24,-,keep,2021-08,2021-08-30 19:00:00,144,21.0,False,False
baseline_lag24,-,keep,2021-08,2021-08-30 20:00:00,128,20.0,False,False
baseline_lag24,-,keep,2021-08,2021-08-30 21:00:00,129,20.0,False,False
baseline_lag24,-,keep,2021-08,2021-08-30 22:00:00,116,22.0,False,False
baseline_lag24,-,keep,2021-08,2021-08-30 23:00:00,105,20.0,False,False
baseline_lag24,-,keep,2021-08,2021-08-31 00:00:00,73,20.0,False,False
baseline_lag24,-,keep,2021-08,2021-08-31 01:00:00,106,21.0,False,False
baseline_lag24,-,keep,2021-08,2021-08-31 02:00:00,108,21.0,False,False
baseline_lag24,-,keep,2021-08,2021-08-31 03:00:00,101,20.0,False,False
baseline_lag24,-,keep,2021-08,2021-08-31 04:00:00,110,20.0,False,False
baseline_lag24,-,keep,2021-08,2021-08-31 05:00:00,93,20.0,False,False
baseline_lag24,-,keep,2021-08,2021-08-31 06:00:00,113,21.0,False,False
baseline_lag24,-,keep,2021-08,2021-08-31 07:00:00,123,52.0,False,False
baseline_lag24,-,keep,2021-08,2021-08-31 08:00:00,167,167.0,False,False
baseline_lag24,-,keep,2021-08,2021-08-31 09:00:00,169,170.0,False,False
baseline_lag24,-,keep,2021-08,2021-08-31 10:00:00,176,171.0,False,False
baseline_lag24,-,keep,2021-08,2021-08-31 11:00:00,165,171.0,False,False
baseline_lag24,-,keep,2021-08,2021-08-31 12:00:00,112,114.0,False,False
baseline_lag24,-,keep,2021-08,2021-08-31 13:00:00,174,172.0,False,False
baseline_lag24,-,keep,2021-08,2021-08-31 14:00:00,182,171.0,True,False
baseline_lag24,-,keep,2021-08,2021-08-31 15:00:00,157,160.0,False,False
baseline_lag24,-,keep,2021-08,2021-08-31 16:00:00,167,170.0,False,False
baseline_lag24,-,keep,2021-08,2021-08-31 17:00:00,125,140.0,False,False
baseline_lag24,-,keep,2021-08,2021-08-31 18:00:00,156,168.0,False,False
baseline_lag24,-,keep,2021-08,2021-08-31 19:00:00,148,144.0,False,False
baseline_lag24,-,keep,2021-08,2021-08-31 20:00:00,147,128.0,False,False
baseline_lag24,-,keep,2021-08,2021-08-31 21:00:00,131,129.0,False,False
baseline_lag24,-,keep,2021-08,2021-08-31 22:00:00,119,116.0,False,False
baseline_lag24,-,keep,2021-08,2021-08-31 23:00:00,112,105.0,False,False
baseline_lag24,-,keep,2021-09,2021-09-01 00:00:00,74,73.0,False,False
baseline_lag24,-,keep,2021-09,2021-09-01 01:00:00,109,106.0,False,False
baseline_lag24,-,keep,2021-09,2021-09-01 02:00:00,114,108.0,False,False
baseline_lag24,-,keep,2021-09,2021-09-01 03:00:00,99,101.0,False,False
baseline_lag24,-,keep,2021-09,2021-09-01 04:00:00,115,110.0,False,False
baseline_lag24,-,keep,2021-09,2021-09-01 05:00:00,92,93.0,False,False
baseline_lag24,-,keep,2021-09,2021-09-01 06:00:00,116,113.0,False,False
baseline_lag24,-,keep,2021-09,2021-09-01 07:00:00,124,123.0,False,False
baseline_lag24,-,keep,2021-09,2021-09-01 08:00:00,180,167.0,True,False
baseline_lag24,-,keep,2021-09,2021-09-01 09:00:00,182,169.0,True,False
baseline_lag24,-,keep,2021-09,2021-09-01 10:00:00,185,176.0,True,False
baseline_lag24,-,keep,2021-09,2021-09-01 11:00:00,174,165.0,False,False
baseline_lag24,-,keep,2021-09,2021-09-01 12:00:00,117,112.0,False,False
baseline_lag24,-,keep,2021-09,2021-09-01 13:00:00,182,174.0,True,False
baseline_lag24,-,keep,2021-09,2021-09-01 14:00:00,184,182.0,True,False
baseline_lag24,-,keep,2021-09,2021-09-01 15:00:00,173,157.0,False,False
baseline_lag24,-,keep,2021-09,2021-09-01 16:00:00,176,167.0,False,False
baseline_lag24,-,keep,2021-09,2021-09-01 17:00:00,139,125.0,False,False
baseline_lag24,-,keep,2021-09,2021-09-01 18:00:00,163,156.0,False,False
baseline_lag24,-,keep,2021-09,2021-09-01 19:00:00,152,148.0,False,False
baseline_lag24,-,keep,2021-09,2021-09-01 20:00:00,129,147.0,False,False
baseline_lag24,-,keep,2021-09,2021-09-01 21:00:00,131,131.0,False,False
baseline_lag24,-,keep,2021-09,2021-09-01 22:00:00,119,119.0,False,False
baseline_lag24,-,keep,2021-09,2021-09-01 23:00:00,114,112.0,False,False
baseline_lag24,-,keep,2021-09,2021-09-02 00:00:00,79,74.0,False,False
baseline_lag24,-,keep,2021-09,2021-09-02 01:00:00,112,109.0,False,False
baseline_lag24,-,keep,2021-09,2021-09-02 02:00:00,114,114.0,False,False
baseline_lag24,-,keep,2021-09,2021-09-02 03:00:00,106,99.0,False,False
baseline_lag24,-,keep,2021-09,2021-09-02 04:00:00,114,115.0,False,False
baseline_lag24,-,keep,2021-09,2021-09-02 05:00:00,93,92.0,False,False
baseline_lag24,-,keep,2021-09,2021-09-02 06:00:00,115,116.0,False,False
baseline_lag24,-,keep,2021-09,2021-09-02 07:00:00,141,124.0,False,False
baseline_lag24,-,keep,2021-09,2021-09-02 08:00:00,166,180.0,False,False
baseline_lag24,-,keep,2021-09,2021-09-02 09:00:00,184,182.0,True,False
baseline_lag24,-,keep,2021-09,2021-09-02 10:00:00,179,185.0,True,False
baseline_lag24,-,keep,2021-09,2021-09-02 11:00:00,182,174.0,True,False
baseline_lag24,-,keep,2021-09,2021-09-02 12:00:00,112,117.0,False,False
baseline_lag24,-,keep,2021-09,2021-09-02 13:00:00,174,182.0,False,False
baseline_lag24,-,keep,2021-09,2021-09-02 14:00:00,192,184.0,True,False
baseline_lag24,-,keep,2021-09,2021-09-02 15:00:00,170,173.0,False,False
baseline_lag24,-,keep,2021-09,2021-09-02 16:00:00,174,176.0,False,False
baseline_lag24,-,keep,2021-09,2021-09-02 17:00:00,132,139.0,False,False
baseline_lag24,-,keep,2021-09,2021-09-02 18:00:00,159,163.0,False,False
baseline_lag24,-,keep,2021-09,2021-09-02 19:00:00,161,152.0,False,False
baseline_lag24,-,keep,2021-09,2021-09-02 20:00:00,132,129.0,False,False
baseline_lag24,-,keep,2021-09,2021-09-02 21:00:00,131,131.0,False,False
baseline_lag24,-,keep,2021-09,2021-09-02 22:00:00,114,119.0,False,False
baseline_lag24,-,keep,2021-09,2021-09-02 23:00:00,119,114.0,False,False
baseline_lag24,-,keep,2021-09,2021-09-03 00:00:00,69,79.0,False,False
baseline_lag24,-,keep,2021-09,2021-09-03 01:00:00,109,112.0,False,False
baseline_lag24,-,keep,2021-09,2021-09-03 02:00:00,112,114.0,False,False
baseline_lag24,-,keep,2021-09,2021-09-03 03:00:00,110,106.0,False,False
baseline_lag24,-,keep,2021-09,2021-09-03 04:00:00,107,114.0,False,False
baseline_lag24,-,keep,2021-09,2021-09-03 05:00:00,93,93.0,False,False
baseline_lag24,-,keep,2021-09,2021-09-03 06:00:00,107,115.0,False,False
baseline_lag24,-,keep,2021-09,2021-09-03 07:00:00,134,141.0,False,False
baseline_lag24,-,keep,2021-09,2021-09-03 08:00:00,170,166.0,False,False
baseline_lag24,-,keep,2021-09,2021-09-03 09:00:00,171,184.0,False,False
baseline_lag24,-,keep,2021-09,2021-09-03 10:00:00,163,179.0,False,False
baseline_lag24,-,keep,2021-09,2021-09-03 11:00:00,187,182.0,True,False
baseline_lag24,-,keep,2021-09,2021-09-03 12:00:00,108,112.0,False,False
baseline_lag24,-,keep,2021-09,2021-09-03 13:00:00,169,174.0,False,False
baseline_lag24,-,keep,2021-09,2021-09-03 14:00:00,178,192.0,True,False
baseline_lag24,-,keep,2021-09,2021-09-03 15:00:00,154,170.0,False,False
baseline_lag24,-,keep,2021-09,2021-09-03 16:00:00,161,174.0,False,False
baseline_lag24,-,keep,2021-09,2021-09-03 17:00:00,147,132.0,False,False
baseline_lag24,-,keep,2021-09,2021-09-03 18:00:00,154,159.0,False,False
baseline_lag24,-,keep,2021-09,2021-09-03 19:00:00,143,161.0,False,False
baseline_lag24,-,keep,2021-09,2021-09-03 20:00:00,115,132.0,False,False
baseline_lag24,-,keep,2021-09,2021-09-03 21:00:00,110,131.0,False,False
baseline_lag24,-,keep,2021-09,2021-09-03 22:00:00,105,114.0,False,False
baseline_lag24,-,keep,2021-09,2021-09-03 23:00:00,101,119.0,False,False
baseline_lag24,-,keep,2021-09,2021-09-04 00:00:00,64,69.0,False,False
baseline_lag24,-,keep,2021-09,2021-09-04 01:00:00,106,109.0,False,False
baseline_lag24,-,keep,2021-09,2021-09-04 02:00:00,104,112.0,False,False
baseline_lag24,-,keep,2021-09,2021-09-04 03:00:00,98,110.0,False,False
baseline_lag24,-,keep,2021-09,2021-09-04 04:00:00,109,107.0,False,False
baseline_lag24,-,keep,2021-09,2021-09-04 05:00:00,88,93.0,False,False
baseline_lag24,-,keep,2021-09,2021-09-04 06:00:00,111,107.0,False,False
baseline_lag24,-,keep,2021-09,2021-09-04 07:00:00,70,134.0,False,False
baseline_lag24,-,keep,2021-09,2021-09-04 08:00:00,33,170.0,False,False
baseline_lag24,-,keep,2021-09,2021-09-04 09:00:00,32,171.0,False,False
baseline_lag24,-,keep,2021-09,2021-09-04 10:00:00,34,163.0,False,False
baseline_lag24,-,keep,2021-09,2021-09-04 11:00:00,32,187.0,False,False
baseline_lag24,-,keep,2021-09,2021-09-04 12:00:00,33,108.0,False,False
baseline_lag24,-,keep,2021-09,2021-09-04 13:00:00,34,169.0,False,False
baseline_lag24,-,keep,2021-09,2021-09-04 14:00:00,34,178.0,False,False
baseline_lag24,-,keep,2021-09,2021-09-04 15:00:00,33,154.0,False,False
baseline_lag24,-,keep,2021-09,2021-09-04 16:00:00,36,161.0,False,False
baseline_lag24,-,keep,2021-09,2021-09-04 17:00:00,35,147.0,False,False
baseline_lag24,-,keep,2021-09,2021-09-04 18:00:00,26,154.0,False,False
baseline_lag24,-,keep,2021-09,2021-09-04 19:00:00,23,143.0,False,False
baseline_lag24,-,keep,2021-09,2021-09-04 20:00:00,25,115.0,False,False
baseline_lag24,-,keep,2021-09,2021-09-04 21:00:00,23,110.0,False,False
baseline_lag24,-,keep,2021-09,2021-09-04 22:00:00,23,105.0,False,False
baseline_lag24,-,keep,2021-09,2021-09-04 23:00:00,23,101.0,False,False
baseline_lag24,-,keep,2021-09,2021-09-05 00:00:00,24,64.0,False,False
baseline_lag24,-,keep,2021-09,2021-09-05 01:00:00,22,106.0,False,False
baseline_lag24,-,keep,2021-09,2021-09-05 02:00:00,22,104.0,False,False
baseline_lag24,-,keep,2021-09,2021-09-05 03:00:00,22,98.0,False,False
baseline_lag24,-,keep,2021-09,2021-09-05 04:00:00,24,109.0,False,False
baseline_lag24,-,keep,2021-09,2021-09-05 05:00:00,22,88.0,False,False
baseline_lag24,-,keep,2021-09,2021-09-05 06:00:00,22,111.0,False,False
baseline_lag24,-,keep,2021-09,2021-09-05 07:00:00,22,70.0,False,False
baseline_lag24,-,keep,2021-09,2021-09-05 08:00:00,25,33.0,False,False
baseline_lag24,-,keep,2021-09,2021-09-05 09:00:00,22,32.0,False,False
baseline_lag24,-,keep,2021-09,2021-09-05 10:00:00,22,34.0,False,False
baseline_lag24,-,keep,2021-09,2021-09-05 11:00:00,22,32.0,False,False
baseline_lag24,-,keep,2021-09,2021-09-05 12:00:00,24,33.0,False,False
baseline_lag24,-,keep,2021-09,2021-09-05 13:00:00,22,34.0,False,False
baseline_lag24,-,keep,2021-09,2021-09-05 14:00:00,23,34.0,False,False
baseline_lag24,-,keep,2021-09,2021-09-05 15:00:00,24,33.0,False,False
baseline_lag24,-,keep,2021-09,2021-09-05 16:00:00,23,36.0,False,False
baseline_lag24,-,keep,2021-09,2021-09-05 17:00:00,23,35.0,False,False
baseline_lag24,-,keep,2021-09,2021-09-05 18:00:00,22,26.0,False,False
baseline_lag24,-,keep,2021-09,2021-09-05 19:00:00,24,23.0,False,False
baseline_lag24,-,keep,2021-09,2021-09-05 20:00:00,23,25.0,False,False
baseline_lag24,-,keep,2021-09,2021-09-05 21:00:00,23,23.0,False,False
baseline_lag24,-,keep,2021-09,2021-09-05 22:00:00,24,23.0,False,False
baseline_lag24,-,keep,2021-09,2021-09-05 23:00:00,23,23.0,False,False
baseline_lag24,-,keep,2021-09,2021-09-06 00:00:00,22,24.0,False,False
baseline_lag24,-,keep,2021-09,2021-09-06 01:00:00,22,22.0,False,False
baseline_lag24,-,keep,2021-09,2021-09-06 02:00:00,24,22.0,False,False
baseline_lag24,-,keep,2021-09,2021-09-06 03:00:00,22,22.0,False,False
baseline_lag24,-,keep,2021-09,2021-09-06 04:00:00,22,24.0,False,False
baseline_lag24,-,keep,2021-09,2021-09-06 05:00:00,23,22.0,False,False
baseline_lag24,-,keep,2021-09,2021-09-06 06:00:00,24,22.0,False,False
baseline_lag24,-,keep,2021-09,2021-09-06 07:00:00,52,22.0,False,False
baseline_lag24,-,keep,2021-09,2021-09-06 08:00:00,171,25.0,False,False
baseline_lag24,-,keep,2021-09,2021-09-06 09:00:00,157,22.0,False,False
baseline_lag24,-,keep,2021-09,2021-09-06 10:00:00,171,22.0,False,False
baseline_lag24,-,keep,2021-09,2021-09-06 11:00:00,176,22.0,False,False
baseline_lag24,-,keep,2021-09,2021-09-06 12:00:00,109,24.0,False,False
baseline_lag24,-,keep,2021-09,2021-09-06 13:00:00,160,22.0,False,False
baseline_lag24,-,keep,2021-09,2021-09-06 14:00:00,160,23.0,False,False
baseline_lag24,-,keep,2021-09,2021-09-06 15:00:00,158,24.0,False,False
baseline_lag24,-,keep,2021-09,2021-09-06 16:00:00,146,23.0,False,False
baseline_lag24,-,keep,2021-09,2021-09-06 17:00:00,128,23.0,False,False
baseline_lag24,-,keep,2021-09,2021-09-06 18:00:00,152,22.0,False,False
baseline_lag24,-,keep,2021-09,2021-09-06 19:00:00,135,24.0,False,False
baseline_lag24,-,keep,2021-09,2021-09-06 20:00:00,121,23.0,False,False
baseline_lag24,-,keep,2021-09,2021-09-06 21:00:00,123,23.0,False,False
baseline_lag24,-,keep,2021-09,2021-09-06 22:00:00,110,24.0,False,False
baseline_lag24,-,keep,2021-09,2021-09-06 23:00:00,104,23.0,False,False
baseline_lag24,-,keep,2021-09,2021-09-07 00:00:00,72,22.0,False,False
baseline_lag24,-,keep,2021-09,2021-09-07 01:00:00,109,22.0,False,False
baseline_lag24,-,keep,2021-09,2021-09-07 02:00:00,111,24.0,False,False
baseline_lag24,-,keep,2021-09,2021-09-07 03:00:00,109,22.0,False,False
baseline_lag24,-,keep,2021-09,2021-09-07 04:00:00,109,22.0,False,False
baseline_lag24,-,keep,2021-09,2021-09-07 05:00:00,96,23.0,False,False
baseline_lag24,-,keep,2021-09,2021-09-07 06:00:00,115,24.0,False,False
baseline_lag24,-,keep,2021-09,2021-09-07 07:00:00,140,52.0,False,False
baseline_lag24,-,keep,2021-09,2021-09-07 08:00:00,173,171.0,False,False
baseline_lag24,-,keep,2021-09,2021-09-07 09:00:00,170,157.0,False,False
baseline_lag24,-,keep,2021-09,2021-09-07 10:00:00,164,171.0,False,False
baseline_lag24,-,keep,2021-09,2021-09-07 11:00:00,174,176.0,False,False
baseline_lag24,-,keep,2021-09,2021-09-07 12:00:00,116,109.0,False,False
baseline_lag24,-,keep,2021-09,2021-09-07 13:00:00,181,160.0,True,False
baseline_lag24,-,keep,2021-09,2021-09-07 14:00:00,182,160.0,True,False
baseline_lag24,-,keep,2021-09,2021-09-07 15:00:00,166,158.0,False,False
baseline_lag24,-,keep,2021-09,2021-09-07 16:00:00,160,146.0,False,False
baseline_lag24,-,keep,2021-09,2021-09-07 17:00:00,135,128.0,False,False
baseline_lag24,-,keep,2021-09,2021-09-07 18:00:00,156,152.0,False,False
baseline_lag24,-,keep,2021-09,2021-09-07 19:00:00,152,135.0,False,False
baseline_lag24,-,keep,2021-09,2021-09-07 20:00:00,134,121.0,False,False
baseline_lag24,-,keep,2021-09,2021-09-07 21:00:00,131,123.0,False,False
baseline_lag24,-,keep,2021-09,2021-09-07 22:00:00,115,110.0,False,False
baseline_lag24,-,keep,2021-09,2021-09-07 23:00:00,111,104.0,False,False
baseline_lag24,-,keep,2021-09,2021-09-08 00:00:00,72,72.0,False,False
baseline_lag24,-,keep,2021-09,2021-09-08 01:00:00,110,109.0,False,False
baseline_lag24,-,keep,2021-09,2021-09-08 02:00:00,118,111.0,False,False
baseline_lag24,-,keep,2021-09,2021-09-08 03:00:00,112,109.0,False,False
baseline_lag24,-,keep,2021-09,2021-09-08 04:00:00,113,109.0,False,False
baseline_lag24,-,keep,2021-09,2021-09-08 05:00:00,97,96.0,False,False
baseline_lag24,-,keep,2021-09,2021-09-08 06:00:00,118,115.0,False,False
baseline_lag24,-,keep,2021-09,2021-09-08 07:00:00,135,140.0,False,False
baseline_lag24,-,keep,2021-09,2021-09-08 08:00:00,171,173.0,False,False
baseline_lag24,-,keep,2021-09,2021-09-08 09:00:00,160,170.0,False,False
baseline_lag24,-,keep,2021-09,2021-09-08 10:00:00,152,164.0,False,False
baseline_lag24,-,keep,2021-09,2021-09-08 11:00:00,156,174.0,False,False
baseline_lag24,-,keep,2021-09,2021-09-08 13:00:00,152,181.0,False,False
baseline_lag24,-,keep,2021-09,2021-09-08 14:00:00,165,182.0,False,False
baseline_lag24,-,keep,2021-09,2021-09-08 15:00:00,165,166.0,False,False
baseline_lag24,-,keep,2021-09,2021-09-08 16:00:00,166,160.0,False,False
baseline_lag24,-,keep,2021-09,2021-09-08 17:00:00,144,135.0,False,False
baseline_lag24,-,keep,2021-09,2021-09-08 18:00:00,164,156.0,False,False
baseline_lag24,-,keep,2021-09,2021-09-08 19:00:00,150,152.0,False,False
baseline_lag24,-,keep,2021-09,2021-09-08 20:00:00,103,134.0,False,False
baseline_lag24,-,keep,2021-09,2021-09-08 21:00:00,122,131.0,False,False
baseline_lag24,-,keep,2021-09,2021-09-08 22:00:00,106,115.0,False,False
baseline_lag24,-,keep,2021-09,2021-09-08 23:00:00,101,111.0,False,False
baseline_lag24,-,keep,2021-09,2021-09-09 00:00:00,72,72.0,False,False
baseline_lag24,-,keep,2021-09,2021-09-09 01:00:00,97,110.0,False,False
baseline_lag24,-,keep,2021-09,2021-09-09 02:00:00,110,118.0,False,False
baseline_lag24,-,keep,2021-09,2021-09-09 03:00:00,109,112.0,False,False
baseline_lag24,-,keep,2021-09,2021-09-09 04:00:00,107,113.0,False,False
baseline_lag24,-,keep,2021-09,2021-09-09 05:00:00,92,97.0,False,False
baseline_lag24,-,keep,2021-09,2021-09-09 06:00:00,119,118.0,False,False
baseline_lag24,-,keep,2021-09,2021-09-09 07:00:00,139,135.0,False,False
baseline_lag24,-,keep,2021-09,2021-09-09 08:00:00,172,171.0,False,False
baseline_lag24,-,keep,2021-09,2021-09-09 09:00:00,170,160.0,False,False
baseline_lag24,-,keep,2021-09,2021-09-09 10:00:00,155,152.0,False,False
baseline_lag24,-,keep,2021-09,2021-09-09 11:00:00,174,156.0,False,False
baseline_lag24,-,keep,2021-09,2021-09-09 12:00:00,111,25.0,False,False
baseline_lag24,-,keep,2021-09,2021-09-09 13:00:00,171,152.0,False,False
baseline_lag24,-,keep,2021-09,2021-09-09 14:00:00,165,165.0,False,False
baseline_lag24,-,keep,2021-09,2021-09-09 15:00:00,173,165.0,False,False
baseline_lag24,-,keep,2021-09,2021-09-09 16:00:00,160,166.0,False,False
baseline_lag24,-,keep,2021-09,2021-09-09 17:00:00,140,144.0,False,False
baseline_lag24,-,keep,2021-09,2021-09-09 18:00:00,162,164.0,False,False
baseline_lag24,-,keep,2021-09,2021-09-09 19:00:00,142,150.0,False,False
baseline_lag24,-,keep,2021-09,2021-09-09 20:00:00,128,103.0,False,False
baseline_lag24,-,keep,2021-09,2021-09-09 21:00:00,128,122.0,False,False
baseline_lag24,-,keep,2021-09,2021-09-09 22:00:00,109,106.0,False,False
baseline_lag24,-,keep,2021-09,2021-09-09 23:00:00,109,101.0,False,False
baseline_lag24,-,keep,2021-09,2021-09-10 00:00:00,77,72.0,False,False
baseline_lag24,-,keep,2021-09,2021-09-10 01:00:00,102,97.0,False,False
baseline_lag24,-,keep,2021-09,2021-09-10 02:00:00,112,110.0,False,False
baseline_lag24,-,keep,2021-09,2021-09-10 03:00:00,106,109.0,False,False
baseline_lag24,-,keep,2021-09,2021-09-10 04:00:00,108,107.0,False,False
baseline_lag24,-,keep,2021-09,2021-09-10 05:00:00,92,92.0,False,False
baseline_lag24,-,keep,2021-09,2021-09-10 06:00:00,111,119.0,False,False
baseline_lag24,-,keep,2021-09,2021-09-10 07:00:00,132,139.0,False,False
baseline_lag24,-,keep,2021-09,2021-09-10 08:00:00,180,172.0,True,False
baseline_lag24,-,keep,2021-09,2021-09-10 09:00:00,184,170.0,True,False
baseline_lag24,-,keep,2021-09,2021-09-10 10:00:00,168,155.0,False,False
baseline_lag24,-,keep,2021-09,2021-09-10 11:00:00,181,174.0,True,False
baseline_lag24,-,keep,2021-09,2021-09-10 12:00:00,116,111.0,False,False
baseline_lag24,-,keep,2021-09,2021-09-10 13:00:00,180,171.0,True,False
baseline_lag24,-,keep,2021-09,2021-09-10 14:00:00,178,165.0,True,False
baseline_lag24,-,keep,2021-09,2021-09-10 15:00:00,171,173.0,False,False
baseline_lag24,-,keep,2021-09,2021-09-10 16:00:00,164,160.0,False,False
baseline_lag24,-,keep,2021-09,2021-09-10 17:00:00,138,140.0,False,False
baseline_lag24,-,keep,2021-09,2021-09-10 18:00:00,155,162.0,False,False
baseline_lag24,-,keep,2021-09,2021-09-10 19:00:00,142,142.0,False,False
baseline_lag24,-,keep,2021-09,2021-09-10 20:00:00,116,128.0,False,False
baseline_lag24,-,keep,2021-09,2021-09-10 21:00:00,117,128.0,False,False
baseline_lag24,-,keep,2021-09,2021-09-10 22:00:00,102,109.0,False,False
baseline_lag24,-,keep,2021-09,2021-09-10 23:00:00,88,109.0,False,False
baseline_lag24,-,keep,2021-09,2021-09-11 00:00:00,61,77.0,False,False
baseline_lag24,-,keep,2021-09,2021-09-11 01:00:00,97,102.0,False,False
baseline_lag24,-,keep,2021-09,2021-09-11 02:00:00,95,112.0,False,False
baseline_lag24,-,keep,2021-09,2021-09-11 03:00:00,94,106.0,False,False
baseline_lag24,-,keep,2021-09,2021-09-11 04:00:00,89,108.0,False,False
baseline_lag24,-,keep,2021-09,2021-09-11 05:00:00,82,92.0,False,False
baseline_lag24,-,keep,2021-09,2021-09-11 06:00:00,86,111.0,False,False
baseline_lag24,-,keep,2021-09,2021-09-11 07:00:00,51,132.0,False,False
baseline_lag24,-,keep,2021-09,2021-09-11 08:00:00,23,180.0,False,False
baseline_lag24,-,keep,2021-09,2021-09-11 09:00:00,23,184.0,False,False
baseline_lag24,-,keep,2021-09,2021-09-11 10:00:00,22,168.0,False,False
baseline_lag24,-,keep,2021-09,2021-09-11 11:00:00,23,181.0,False,False
baseline_lag24,-,keep,2021-09,2021-09-11 12:00:00,25,116.0,False,False
baseline_lag24,-,keep,2021-09,2021-09-11 13:00:00,23,180.0,False,False
baseline_lag24,-,keep,2021-09,2021-09-11 14:00:00,23,178.0,False,False
baseline_lag24,-,keep,2021-09,2021-09-11 15:00:00,24,171.0,False,False
baseline_lag24,-,keep,2021-09,2021-09-11 16:00:00,24,164.0,False,False
baseline_lag24,-,keep,2021-09,2021-09-11 17:00:00,23,138.0,False,False
baseline_lag24,-,keep,2021-09,2021-09-11 18:00:00,23,155.0,False,False
baseline_lag24,-,keep,2021-09,2021-09-11 19:00:00,25,142.0,False,False
baseline_lag24,-,keep,2021-09,2021-09-11 20:00:00,23,116.0,False,False
baseline_lag24,-,keep,2021-09,2021-09-11 21:00:00,23,117.0,False,False
baseline_lag24,-,keep,2021-09,2021-09-11 22:00:00,23,102.0,False,False
baseline_lag24,-,keep,2021-09,2021-09-11 23:00:00,23,88.0,False,False
baseline_lag24,-,keep,2021-09,2021-09-12 00:00:00,23,61.0,False,False
baseline_lag24,-,keep,2021-09,2021-09-12 01:00:00,23,97.0,False,False
baseline_lag24,-,keep,2021-09,2021-09-12 02:00:00,24,95.0,False,False
baseline_lag24,-,keep,2021-09,2021-09-12 03:00:00,23,94.0,False,False
baseline_lag24,-,keep,2021-09,2021-09-12 04:00:00,23,89.0,False,False
baseline_lag24,-,keep,2021-09,2021-09-12 05:00:00,23,82.0,False,False
baseline_lag24,-,keep,2021-09,2021-09-12 06:00:00,23,86.0,False,False
baseline_lag24,-,keep,2021-09,2021-09-12 07:00:00,23,51.0,False,False
baseline_lag24,-,keep,2021-09,2021-09-12 08:00:00,25,23.0,False,False
baseline_lag24,-,keep,2021-09,2021-09-12 09:00:00,23,23.0,False,False
baseline_lag24,-,keep,2021-09,2021-09-12 10:00:00,23,22.0,False,False
baseline_lag24,-,keep,2021-09,2021-09-12 11:00:00,23,23.0,False,False
baseline_lag24,-,keep,2021-09,2021-09-12 12:00:00,23,25.0,False,False
baseline_lag24,-,keep,2021-09,2021-09-12 13:00:00,23,23.0,False,False
baseline_lag24,-,keep,2021-09,2021-09-12 14:00:00,25,23.0,False,False
baseline_lag24,-,keep,2021-09,2021-09-12 15:00:00,23,24.0,False,False
baseline_lag24,-,keep,2021-09,2021-09-12 16:00:00,24,24.0,False,False
baseline_lag24,-,keep,2021-09,2021-09-12 17:00:00,23,23.0,False,False
baseline_lag24,-,keep,2021-09,2021-09-12 18:00:00,23,23.0,False,False
baseline_lag24,-,keep,2021-09,2021-09-12 19:00:00,23,25.0,False,False
baseline_lag24,-,keep,2021-09,2021-09-12 20:00:00,23,23.0,False,False
baseline_lag24,-,keep,2021-09,2021-09-12 21:00:00,25,23.0,False,False
baseline_lag24,-,keep,2021-09,2021-09-12 22:00:00,23,23.0,False,False
baseline_lag24,-,keep,2021-09,2021-09-12 23:00:00,23,23.0,False,False
baseline_lag24,-,keep,2021-09,2021-09-13 00:00:00,23,23.0,False,False
baseline_lag24,-,keep,2021-09,2021-09-13 01:00:00,23,23.0,False,False
baseline_lag24,-,keep,2021-09,2021-09-13 02:00:00,23,24.0,False,False
baseline_lag24,-,keep,2021-09,2021-09-13 03:00:00,24,23.0,False,False
baseline_lag24,-,keep,2021-09,2021-09-13 04:00:00,24,23.0,False,False
baseline_lag24,-,keep,2021-09,2021-09-13 05:00:00,23,23.0,False,False
baseline_lag24,-,keep,2021-09,2021-09-13 06:00:00,23,23.0,False,False
baseline_lag24,-,keep,2021-09,2021-09-13 07:00:00,63,23.0,False,False
baseline_lag24,-,keep,2021-09,2021-09-13 08:00:00,185,25.0,True,False
baseline_lag24,-,keep,2021-09,2021-09-13 09:00:00,183,23.0,True,False
baseline_lag24,-,keep,2021-09,2021-09-13 10:00:00,177,23.0,True,False
baseline_lag24,-,keep,2021-09,2021-09-13 11:00:00,182,23.0,True,False
baseline_lag24,-,keep,2021-09,2021-09-13 12:00:00,117,23.0,False,False
baseline_lag24,-,keep,2021-09,2021-09-13 13:00:00,184,23.0,True,False
baseline_lag24,-,keep,2021-09,2021-09-13 14:00:00,180,25.0,True,False
baseline_lag24,-,keep,2021-09,2021-09-13 15:00:00,168,23.0,False,False
baseline_lag24,-,keep,2021-09,2021-09-13 16:00:00,175,24.0,False,False
baseline_lag24,-,keep,2021-09,2021-09-13 17:00:00,132,23.0,False,False
baseline_lag24,-,keep,2021-09,2021-09-13 18:00:00,145,23.0,False,False
baseline_lag24,-,keep,2021-09,2021-09-13 19:00:00,148,23.0,False,False
baseline_lag24,-,keep,2021-09,2021-09-13 20:00:00,121,23.0,False,False
baseline_lag24,-,keep,2021-09,2021-09-13 21:00:00,123,25.0,False,False
baseline_lag24,-,keep,2021-09,2021-09-13 22:00:00,110,23.0,False,False
baseline_lag24,-,keep,2021-09,2021-09-13 23:00:00,108,23.0,False,False
baseline_lag24,-,keep,2021-09,2021-09-14 00:00:00,70,23.0,False,False
baseline_lag24,-,keep,2021-09,2021-09-14 01:00:00,110,23.0,False,False
baseline_lag24,-,keep,2021-09,2021-09-14 02:00:00,112,23.0,False,False
baseline_lag24,-,keep,2021-09,2021-09-14 03:00:00,105,24.0,False,False
baseline_lag24,-,keep,2021-09,2021-09-14 04:00:00,111,24.0,False,False
baseline_lag24,-,keep,2021-09,2021-09-14 05:00:00,93,23.0,False,False
baseline_lag24,-,keep,2021-09,2021-09-14 06:00:00,108,23.0,False,False
baseline_lag24,-,keep,2021-09,2021-09-14 07:00:00,140,63.0,False,False
baseline_lag24,-,keep,2021-09,2021-09-14 08:00:00,174,185.0,False,False
baseline_lag24,-,keep,2021-09,2021-09-14 09:00:00,166,183.0,False,False
baseline_lag24,-,keep,2021-09,2021-09-14 10:00:00,152,177.0,False,False
baseline_lag24,-,keep,2021-09,2021-09-14 11:00:00,170,182.0,False,False
baseline_lag24,-,keep,2021-09,2021-09-14 12:00:00,118,117.0,False,False
baseline_lag24,-,keep,2021-09,2021-09-14 13:00:00,163,184.0,False,False
baseline_lag24,-,keep,2021-09,2021-09-14 14:00:00,158,180.0,False,False
baseline_lag24,-,keep,2021-09,2021-09-14 15:00:00,161,168.0,False,False
baseline_lag24,-,keep,2021-09,2021-09-14 16:00:00,160,175.0,False,False
baseline_lag24,-,keep,2021-09,2021-09-14 17:00:00,123,132.0,False,False
baseline_lag24,-,keep,2021-09,2021-09-14 18:00:00,158,145.0,False,False
baseline_lag24,-,keep,2021-09,2021-09-14 19:00:00,153,148.0,False,False
baseline_lag24,-,keep,2021-09,2021-09-14 20:00:00,128,121.0,False,False
baseline_lag24,-,keep,2021-09,2021-09-14 21:00:00,128,123.0,False,False
baseline_lag24,-,keep,2021-09,2021-09-14 22:00:00,111,110.0,False,False
baseline_lag24,-,keep,2021-09,2021-09-14 23:00:00,110,108.0,False,False
baseline_전체 평균,-,keep,2021-05,2021-05-01 00:00:00,70,92.39965277777777,False,True
baseline_전체 평균,-,keep,2021-05,2021-05-01 01:00:00,107,92.39965277777777,False,True
baseline_전체 평균,-,keep,2021-05,2021-05-01 02:00:00,109,92.39965277777777,False,True
baseline_전체 평균,-,keep,2021-05,2021-05-01 03:00:00,100,92.39965277777777,False,True
baseline_전체 평균,-,keep,2021-05,2021-05-01 04:00:00,102,92.39965277777777,False,True
baseline_전체 평균,-,keep,2021-05,2021-05-01 05:00:00,86,92.39965277777777,False,True
baseline_전체 평균,-,keep,2021-05,2021-05-01 06:00:00,101,92.39965277777777,False,True
baseline_전체 평균,-,keep,2021-05,2021-05-01 07:00:00,72,92.39965277777777,False,True
baseline_전체 평균,-,keep,2021-05,2021-05-01 08:00:00,23,92.39965277777777,False,True
baseline_전체 평균,-,keep,2021-05,2021-05-01 09:00:00,21,92.39965277777777,False,True
baseline_전체 평균,-,keep,2021-05,2021-05-01 10:00:00,21,92.39965277777777,False,True
baseline_전체 평균,-,keep,2021-05,2021-05-01 11:00:00,23,92.39965277777777,False,True
baseline_전체 평균,-,keep,2021-05,2021-05-01 12:00:00,22,92.39965277777777,False,True
baseline_전체 평균,-,keep,2021-05,2021-05-01 13:00:00,21,92.39965277777777,False,True
baseline_전체 평균,-,keep,2021-05,2021-05-01 14:00:00,21,92.39965277777777,False,True
baseline_전체 평균,-,keep,2021-05,2021-05-01 15:00:00,23,92.39965277777777,False,True
baseline_전체 평균,-,keep,2021-05,2021-05-01 16:00:00,21,92.39965277777777,False,True
baseline_전체 평균,-,keep,2021-05,2021-05-01 17:00:00,21,92.39965277777777,False,True
baseline_전체 평균,-,keep,2021-05,2021-05-01 18:00:00,23,92.39965277777777,False,True
baseline_전체 평균,-,keep,2021-05,2021-05-01 19:00:00,21,92.39965277777777,False,True
baseline_전체 평균,-,keep,2021-05,2021-05-01 20:00:00,21,92.39965277777777,False,True
baseline_전체 평균,-,keep,2021-05,2021-05-01 21:00:00,24,92.39965277777777,False,True
baseline_전체 평균,-,keep,2021-05,2021-05-01 22:00:00,21,92.39965277777777,False,True
baseline_전체 평균,-,keep,2021-05,2021-05-01 23:00:00,21,92.39965277777777,False,True
baseline_전체 평균,-,keep,2021-05,2021-05-02 00:00:00,21,92.39965277777777,False,True
baseline_전체 평균,-,keep,2021-05,2021-05-02 01:00:00,23,92.39965277777777,False,True
baseline_전체 평균,-,keep,2021-05,2021-05-02 02:00:00,21,92.39965277777777,False,True
baseline_전체 평균,-,keep,2021-05,2021-05-02 03:00:00,21,92.39965277777777,False,True
baseline_전체 평균,-,keep,2021-05,2021-05-02 04:00:00,24,92.39965277777777,False,True
baseline_전체 평균,-,keep,2021-05,2021-05-02 05:00:00,21,92.39965277777777,False,True
baseline_전체 평균,-,keep,2021-05,2021-05-02 06:00:00,21,92.39965277777777,False,True
baseline_전체 평균,-,keep,2021-05,2021-05-02 07:00:00,24,92.39965277777777,False,True
baseline_전체 평균,-,keep,2021-05,2021-05-02 08:00:00,21,92.39965277777777,False,True
baseline_전체 평균,-,keep,2021-05,2021-05-02 09:00:00,21,92.39965277777777,False,True
baseline_전체 평균,-,keep,2021-05,2021-05-02 10:00:00,22,92.39965277777777,False,True
baseline_전체 평균,-,keep,2021-05,2021-05-02 11:00:00,22,92.39965277777777,False,True
baseline_전체 평균,-,keep,2021-05,2021-05-02 12:00:00,21,92.39965277777777,False,True
baseline_전체 평균,-,keep,2021-05,2021-05-02 13:00:00,21,92.39965277777777,False,True
baseline_전체 평균,-,keep,2021-05,2021-05-02 14:00:00,23,92.39965277777777,False,True
baseline_전체 평균,-,keep,2021-05,2021-05-02 15:00:00,21,92.39965277777777,False,True
baseline_전체 평균,-,keep,2021-05,2021-05-02 16:00:00,20,92.39965277777777,False,True
baseline_전체 평균,-,keep,2021-05,2021-05-02 17:00:00,23,92.39965277777777,False,True
baseline_전체 평균,-,keep,2021-05,2021-05-02 18:00:00,20,92.39965277777777,False,True
baseline_전체 평균,-,keep,2021-05,2021-05-02 19:00:00,20,92.39965277777777,False,True
baseline_전체 평균,-,keep,2021-05,2021-05-02 20:00:00,23,92.39965277777777,False,True
baseline_전체 평균,-,keep,2021-05,2021-05-02 21:00:00,22,92.39965277777777,False,True
baseline_전체 평균,-,keep,2021-05,2021-05-02 22:00:00,21,92.39965277777777,False,True
baseline_전체 평균,-,keep,2021-05,2021-05-02 23:00:00,22,92.39965277777777,False,True
baseline_전체 평균,-,keep,2021-05,2021-05-03 00:00:00,23,92.39965277777777,False,True
baseline_전체 평균,-,keep,2021-05,2021-05-03 01:00:00,21,92.39965277777777,False,True
baseline_전체 평균,-,keep,2021-05,2021-05-03 02:00:00,21,92.39965277777777,False,True
baseline_전체 평균,-,keep,2021-05,2021-05-03 03:00:00,23,92.39965277777777,False,True
baseline_전체 평균,-,keep,2021-05,2021-05-03 04:00:00,21,92.39965277777777,False,True
baseline_전체 평균,-,keep,2021-05,2021-05-03 05:00:00,21,92.39965277777777,False,True
baseline_전체 평균,-,keep,2021-05,2021-05-03 06:00:00,23,92.39965277777777,False,True
baseline_전체 평균,-,keep,2021-05,2021-05-03 07:00:00,59,92.39965277777777,False,True
baseline_전체 평균,-,keep,2021-05,2021-05-03 08:00:00,175,92.39965277777777,True,True
baseline_전체 평균,-,keep,2021-05,2021-05-03 09:00:00,170,92.39965277777777,False,True
baseline_전체 평균,-,keep,2021-05,2021-05-03 10:00:00,149,92.39965277777777,False,True
baseline_전체 평균,-,keep,2021-05,2021-05-03 11:00:00,174,92.39965277777777,True,True
baseline_전체 평균,-,keep,2021-05,2021-05-03 12:00:00,106,92.39965277777777,False,True
baseline_전체 평균,-,keep,2021-05,2021-05-03 13:00:00,179,92.39965277777777,True,True
baseline_전체 평균,-,keep,2021-05,2021-05-03 14:00:00,167,92.39965277777777,False,True
baseline_전체 평균,-,keep,2021-05,2021-05-03 15:00:00,154,92.39965277777777,False,True
baseline_전체 평균,-,keep,2021-05,2021-05-03 16:00:00,147,92.39965277777777,False,True
baseline_전체 평균,-,keep,2021-05,2021-05-03 17:00:00,119,92.39965277777777,False,True
baseline_전체 평균,-,keep,2021-05,2021-05-03 18:00:00,134,92.39965277777777,False,True
baseline_전체 평균,-,keep,2021-05,2021-05-03 19:00:00,122,92.39965277777777,False,True
baseline_전체 평균,-,keep,2021-05,2021-05-03 20:00:00,110,92.39965277777777,False,True
baseline_전체 평균,-,keep,2021-05,2021-05-03 21:00:00,104,92.39965277777777,False,True
baseline_전체 평균,-,keep,2021-05,2021-05-03 22:00:00,105,92.39965277777777,False,True
baseline_전체 평균,-,keep,2021-05,2021-05-03 23:00:00,99,92.39965277777777,False,True
baseline_전체 평균,-,keep,2021-05,2021-05-04 00:00:00,65,92.39965277777777,False,True
baseline_전체 평균,-,keep,2021-05,2021-05-04 01:00:00,108,92.39965277777777,False,True
baseline_전체 평균,-,keep,2021-05,2021-05-04 02:00:00,116,92.39965277777777,False,True
baseline_전체 평균,-,keep,2021-05,2021-05-04 03:00:00,104,92.39965277777777,False,True
baseline_전체 평균,-,keep,2021-05,2021-05-04 04:00:00,101,92.39965277777777,False,True
baseline_전체 평균,-,keep,2021-05,2021-05-04 05:00:00,85,92.39965277777777,False,True
baseline_전체 평균,-,keep,2021-05,2021-05-04 06:00:00,111,92.39965277777777,False,True
baseline_전체 평균,-,keep,2021-05,2021-05-04 07:00:00,126,92.39965277777777,False,True
baseline_전체 평균,-,keep,2021-05,2021-05-04 08:00:00,171,92.39965277777777,False,True
baseline_전체 평균,-,keep,2021-05,2021-05-04 09:00:00,168,92.39965277777777,False,True
baseline_전체 평균,-,keep,2021-05,2021-05-04 10:00:00,161,92.39965277777777,False,True
baseline_전체 평균,-,keep,2021-05,2021-05-04 11:00:00,173,92.39965277777777,True,True
baseline_전체 평균,-,keep,2021-05,2021-05-04 12:00:00,104,92.39965277777777,False,True
baseline_전체 평균,-,keep,2021-05,2021-05-04 13:00:00,165,92.39965277777777,False,True
baseline_전체 평균,-,keep,2021-05,2021-05-04 14:00:00,166,92.39965277777777,False,True
baseline_전체 평균,-,keep,2021-05,2021-05-04 15:00:00,159,92.39965277777777,False,True
baseline_전체 평균,-,keep,2021-05,2021-05-04 16:00:00,161,92.39965277777777,False,True
baseline_전체 평균,-,keep,2021-05,2021-05-04 17:00:00,123,92.39965277777777,False,True
baseline_전체 평균,-,keep,2021-05,2021-05-04 18:00:00,163,92.39965277777777,False,True
baseline_전체 평균,-,keep,2021-05,2021-05-04 19:00:00,158,92.39965277777777,False,True
baseline_전체 평균,-,keep,2021-05,2021-05-04 20:00:00,124,92.39965277777777,False,True
baseline_전체 평균,-,keep,2021-05,2021-05-04 21:00:00,125,92.39965277777777,False,True
baseline_전체 평균,-,keep,2021-05,2021-05-04 22:00:00,105,92.39965277777777,False,True
baseline_전체 평균,-,keep,2021-05,2021-05-04 23:00:00,95,92.39965277777777,False,True
baseline_전체 평균,-,keep,2021-05,2021-05-05 00:00:00,65,92.39965277777777,False,False
baseline_전체 평균,-,keep,2021-05,2021-05-05 01:00:00,105,92.39965277777777,False,False
baseline_전체 평균,-,keep,2021-05,2021-05-05 02:00:00,110,92.39965277777777,False,False
baseline_전체 평균,-,keep,2021-05,2021-05-05 03:00:00,103,92.39965277777777,False,False
baseline_전체 평균,-,keep,2021-05,2021-05-05 04:00:00,112,92.39965277777777,False,False
baseline_전체 평균,-,keep,2021-05,2021-05-05 05:00:00,88,92.39965277777777,False,False
baseline_전체 평균,-,keep,2021-05,2021-05-05 06:00:00,103,92.39965277777777,False,False
baseline_전체 평균,-,keep,2021-05,2021-05-05 07:00:00,63,92.39965277777777,False,False
baseline_전체 평균,-,keep,2021-05,2021-05-05 08:00:00,21,92.39965277777777,False,False
baseline_전체 평균,-,keep,2021-05,2021-05-05 09:00:00,21,92.39965277777777,False,False
baseline_전체 평균,-,keep,2021-05,2021-05-05 10:00:00,23,92.39965277777777,False,False
baseline_전체 평균,-,keep,2021-05,2021-05-05 11:00:00,21,92.39965277777777,False,False
baseline_전체 평균,-,keep,2021-05,2021-05-05 12:00:00,20,92.39965277777777,False,False
baseline_전체 평균,-,keep,2021-05,2021-05-05 13:00:00,24,92.39965277777777,False,False
baseline_전체 평균,-,keep,2021-05,2021-05-05 14:00:00,21,92.39965277777777,False,False
baseline_전체 평균,-,keep,2021-05,2021-05-05 15:00:00,21,92.39965277777777,False,False
baseline_전체 평균,-,keep,2021-05,2021-05-05 16:00:00,23,92.39965277777777,False,False
baseline_전체 평균,-,keep,2021-05,2021-05-05 17:00:00,22,92.39965277777777,False,False
baseline_전체 평균,-,keep,2021-05,2021-05-05 18:00:00,21,92.39965277777777,False,False
baseline_전체 평균,-,keep,2021-05,2021-05-05 19:00:00,21,92.39965277777777,False,False
baseline_전체 평균,-,keep,2021-05,2021-05-05 20:00:00,24,92.39965277777777,False,False
baseline_전체 평균,-,keep,2021-05,2021-05-05 21:00:00,21,92.39965277777777,False,False
baseline_전체 평균,-,keep,2021-05,2021-05-05 22:00:00,22,92.39965277777777,False,False
baseline_전체 평균,-,keep,2021-05,2021-05-05 23:00:00,24,92.39965277777777,False,False
baseline_전체 평균,-,keep,2021-05,2021-05-06 00:00:00,21,92.39965277777777,False,True
baseline_전체 평균,-,keep,2021-05,2021-05-06 01:00:00,21,92.39965277777777,False,True
baseline_전체 평균,-,keep,2021-05,2021-05-06 02:00:00,23,92.39965277777777,False,True
baseline_전체 평균,-,keep,2021-05,2021-05-06 03:00:00,22,92.39965277777777,False,True
baseline_전체 평균,-,keep,2021-05,2021-05-06 04:00:00,21,92.39965277777777,False,True
baseline_전체 평균,-,keep,2021-05,2021-05-06 05:00:00,22,92.39965277777777,False,True
baseline_전체 평균,-,keep,2021-05,2021-05-06 06:00:00,23,92.39965277777777,False,True
baseline_전체 평균,-,keep,2021-05,2021-05-06 07:00:00,56,92.39965277777777,False,True
baseline_전체 평균,-,keep,2021-05,2021-05-06 08:00:00,185,92.39965277777777,True,True
baseline_전체 평균,-,keep,2021-05,2021-05-06 09:00:00,186,92.39965277777777,True,True
baseline_전체 평균,-,keep,2021-05,2021-05-06 10:00:00,165,92.39965277777777,False,True
baseline_전체 평균,-,keep,2021-05,2021-05-06 11:00:00,171,92.39965277777777,False,True
baseline_전체 평균,-,keep,2021-05,2021-05-06 12:00:00,101,92.39965277777777,False,True
baseline_전체 평균,-,keep,2021-05,2021-05-06 13:00:00,166,92.39965277777777,False,True
baseline_전체 평균,-,keep,2021-05,2021-05-06 14:00:00,160,92.39965277777777,False,True
baseline_전체 평균,-,keep,2021-05,2021-05-06 15:00:00,155,92.39965277777777,False,True
baseline_전체 평균,-,keep,2021-05,2021-05-06 16:00:00,159,92.39965277777777,False,True
baseline_전체 평균,-,keep,2021-05,2021-05-06 17:00:00,125,92.39965277777777,False,True
baseline_전체 평균,-,keep,2021-05,2021-05-06 18:00:00,125,92.39965277777777,False,True
baseline_전체 평균,-,keep,2021-05,2021-05-06 19:00:00,115,92.39965277777777,False,True
baseline_전체 평균,-,keep,2021-05,2021-05-06 20:00:00,128,92.39965277777777,False,True
baseline_전체 평균,-,keep,2021-05,2021-05-06 21:00:00,121,92.39965277777777,False,True
baseline_전체 평균,-,keep,2021-05,2021-05-06 22:00:00,114,92.39965277777777,False,True
baseline_전체 평균,-,keep,2021-05,2021-05-06 23:00:00,101,92.39965277777777,False,True
baseline_전체 평균,-,keep,2021-05,2021-05-07 00:00:00,67,92.39965277777777,False,True
baseline_전체 평균,-,keep,2021-05,2021-05-07 01:00:00,104,92.39965277777777,False,True
baseline_전체 평균,-,keep,2021-05,2021-05-07 02:00:00,102,92.39965277777777,False,True
baseline_전체 평균,-,keep,2021-05,2021-05-07 03:00:00,105,92.39965277777777,False,True
baseline_전체 평균,-,keep,2021-05,2021-05-07 04:00:00,98,92.39965277777777,False,True
baseline_전체 평균,-,keep,2021-05,2021-05-07 05:00:00,89,92.39965277777777,False,True
baseline_전체 평균,-,keep,2021-05,2021-05-07 06:00:00,107,92.39965277777777,False,True
baseline_전체 평균,-,keep,2021-05,2021-05-07 07:00:00,118,92.39965277777777,False,True
baseline_전체 평균,-,keep,2021-05,2021-05-07 08:00:00,172,92.39965277777777,False,True
baseline_전체 평균,-,keep,2021-05,2021-05-07 09:00:00,170,92.39965277777777,False,True
baseline_전체 평균,-,keep,2021-05,2021-05-07 10:00:00,158,92.39965277777777,False,True
baseline_전체 평균,-,keep,2021-05,2021-05-07 11:00:00,164,92.39965277777777,False,True
baseline_전체 평균,-,keep,2021-05,2021-05-07 12:00:00,106,92.39965277777777,False,True
baseline_전체 평균,-,keep,2021-05,2021-05-07 13:00:00,167,92.39965277777777,False,True
baseline_전체 평균,-,keep,2021-05,2021-05-07 14:00:00,153,92.39965277777777,False,True
baseline_전체 평균,-,keep,2021-05,2021-05-07 15:00:00,133,92.39965277777777,False,True
baseline_전체 평균,-,keep,2021-05,2021-05-07 16:00:00,145,92.39965277777777,False,True
baseline_전체 평균,-,keep,2021-05,2021-05-07 17:00:00,120,92.39965277777777,False,True
baseline_전체 평균,-,keep,2021-05,2021-05-07 18:00:00,108,92.39965277777777,False,True
baseline_전체 평균,-,keep,2021-05,2021-05-07 19:00:00,100,92.39965277777777,False,True
baseline_전체 평균,-,keep,2021-05,2021-05-07 20:00:00,103,92.39965277777777,False,True
baseline_전체 평균,-,keep,2021-05,2021-05-07 21:00:00,102,92.39965277777777,False,True
baseline_전체 평균,-,keep,2021-05,2021-05-07 22:00:00,100,92.39965277777777,False,True
baseline_전체 평균,-,keep,2021-05,2021-05-07 23:00:00,85,92.39965277777777,False,True
baseline_전체 평균,-,keep,2021-05,2021-05-08 00:00:00,61,92.39965277777777,False,True
baseline_전체 평균,-,keep,2021-05,2021-05-08 01:00:00,104,92.39965277777777,False,True
baseline_전체 평균,-,keep,2021-05,2021-05-08 02:00:00,103,92.39965277777777,False,True
baseline_전체 평균,-,keep,2021-05,2021-05-08 03:00:00,103,92.39965277777777,False,True
baseline_전체 평균,-,keep,2021-05,2021-05-08 04:00:00,106,92.39965277777777,False,True
baseline_전체 평균,-,keep,2021-05,2021-05-08 05:00:00,87,92.39965277777777,False,True
baseline_전체 평균,-,keep,2021-05,2021-05-08 06:00:00,104,92.39965277777777,False,True
baseline_전체 평균,-,keep,2021-05,2021-05-08 07:00:00,63,92.39965277777777,False,True
baseline_전체 평균,-,keep,2021-05,2021-05-08 08:00:00,24,92.39965277777777,False,True
baseline_전체 평균,-,keep,2021-05,2021-05-08 09:00:00,22,92.39965277777777,False,True
baseline_전체 평균,-,keep,2021-05,2021-05-08 10:00:00,22,92.39965277777777,False,True
baseline_전체 평균,-,keep,2021-05,2021-05-08 11:00:00,25,92.39965277777777,False,True
baseline_전체 평균,-,keep,2021-05,2021-05-08 12:00:00,23,92.39965277777777,False,True
baseline_전체 평균,-,keep,2021-05,2021-05-08 13:00:00,22,92.39965277777777,False,True
baseline_전체 평균,-,keep,2021-05,2021-05-08 14:00:00,23,92.39965277777777,False,True
baseline_전체 평균,-,keep,2021-05,2021-05-08 15:00:00,24,92.39965277777777,False,True
baseline_전체 평균,-,keep,2021-05,2021-05-08 16:00:00,23,92.39965277777777,False,True
baseline_전체 평균,-,keep,2021-05,2021-05-08 17:00:00,22,92.39965277777777,False,True
baseline_전체 평균,-,keep,2021-05,2021-05-08 18:00:00,24,92.39965277777777,False,True
baseline_전체 평균,-,keep,2021-05,2021-05-08 19:00:00,22,92.39965277777777,False,True
baseline_전체 평균,-,keep,2021-05,2021-05-08 20:00:00,22,92.39965277777777,False,True
baseline_전체 평균,-,keep,2021-05,2021-05-08 21:00:00,25,92.39965277777777,False,True
baseline_전체 평균,-,keep,2021-05,2021-05-08 22:00:00,23,92.39965277777777,False,True
baseline_전체 평균,-,keep,2021-05,2021-05-08 23:00:00,23,92.39965277777777,False,True
baseline_전체 평균,-,keep,2021-05,2021-05-09 00:00:00,23,92.39965277777777,False,True
baseline_전체 평균,-,keep,2021-05,2021-05-09 01:00:00,23,92.39965277777777,False,True
baseline_전체 평균,-,keep,2021-05,2021-05-09 02:00:00,25,92.39965277777777,False,True
baseline_전체 평균,-,keep,2021-05,2021-05-09 03:00:00,23,92.39965277777777,False,True
baseline_전체 평균,-,keep,2021-05,2021-05-09 04:00:00,23,92.39965277777777,False,True
baseline_전체 평균,-,keep,2021-05,2021-05-09 05:00:00,24,92.39965277777777,False,True
baseline_전체 평균,-,keep,2021-05,2021-05-09 06:00:00,24,92.39965277777777,False,True
baseline_전체 평균,-,keep,2021-05,2021-05-09 07:00:00,64,92.39965277777777,False,True
baseline_전체 평균,-,keep,2021-05,2021-05-09 08:00:00,177,92.39965277777777,True,True
baseline_전체 평균,-,keep,2021-05,2021-05-09 09:00:00,158,92.39965277777777,False,True
baseline_전체 평균,-,keep,2021-05,2021-05-09 10:00:00,157,92.39965277777777,False,True
baseline_전체 평균,-,keep,2021-05,2021-05-09 11:00:00,164,92.39965277777777,False,True
baseline_전체 평균,-,keep,2021-05,2021-05-09 12:00:00,106,92.39965277777777,False,True
baseline_전체 평균,-,keep,2021-05,2021-05-09 13:00:00,158,92.39965277777777,False,True
baseline_전체 평균,-,keep,2021-05,2021-05-09 14:00:00,154,92.39965277777777,False,True
baseline_전체 평균,-,keep,2021-05,2021-05-09 15:00:00,141,92.39965277777777,False,True
baseline_전체 평균,-,keep,2021-05,2021-05-09 16:00:00,153,92.39965277777777,False,True
baseline_전체 평균,-,keep,2021-05,2021-05-09 17:00:00,128,92.39965277777777,False,True
baseline_전체 평균,-,keep,2021-05,2021-05-09 18:00:00,159,92.39965277777777,False,True
baseline_전체 평균,-,keep,2021-05,2021-05-09 19:00:00,142,92.39965277777777,False,True
baseline_전체 평균,-,keep,2021-05,2021-05-09 20:00:00,111,92.39965277777777,False,True
baseline_전체 평균,-,keep,2021-05,2021-05-09 21:00:00,120,92.39965277777777,False,True
baseline_전체 평균,-,keep,2021-05,2021-05-09 22:00:00,112,92.39965277777777,False,True
baseline_전체 평균,-,keep,2021-05,2021-05-09 23:00:00,101,92.39965277777777,False,True
baseline_전체 평균,-,keep,2021-05,2021-05-10 00:00:00,23,92.39965277777777,False,True
baseline_전체 평균,-,keep,2021-05,2021-05-10 01:00:00,23,92.39965277777777,False,True
baseline_전체 평균,-,keep,2021-05,2021-05-10 02:00:00,25,92.39965277777777,False,True
baseline_전체 평균,-,keep,2021-05,2021-05-10 03:00:00,23,92.39965277777777,False,True
baseline_전체 평균,-,keep,2021-05,2021-05-10 04:00:00,23,92.39965277777777,False,True
baseline_전체 평균,-,keep,2021-05,2021-05-10 05:00:00,24,92.39965277777777,False,True
baseline_전체 평균,-,keep,2021-05,2021-05-10 06:00:00,24,92.39965277777777,False,True
baseline_전체 평균,-,keep,2021-05,2021-05-10 07:00:00,64,92.39965277777777,False,True
baseline_전체 평균,-,keep,2021-05,2021-05-10 08:00:00,177,92.39965277777777,True,True
baseline_전체 평균,-,keep,2021-05,2021-05-10 09:00:00,158,92.39965277777777,False,True
baseline_전체 평균,-,keep,2021-05,2021-05-10 10:00:00,157,92.39965277777777,False,True
baseline_전체 평균,-,keep,2021-05,2021-05-10 11:00:00,164,92.39965277777777,False,True
baseline_전체 평균,-,keep,2021-05,2021-05-10 12:00:00,106,92.39965277777777,False,True
baseline_전체 평균,-,keep,2021-05,2021-05-10 13:00:00,158,92.39965277777777,False,True
baseline_전체 평균,-,keep,2021-05,2021-05-10 14:00:00,154,92.39965277777777,False,True
baseline_전체 평균,-,keep,2021-05,2021-05-10 15:00:00,141,92.39965277777777,False,True
baseline_전체 평균,-,keep,2021-05,2021-05-10 16:00:00,153,92.39965277777777,False,True
baseline_전체 평균,-,keep,2021-05,2021-05-10 17:00:00,128,92.39965277777777,False,True
baseline_전체 평균,-,keep,2021-05,2021-05-10 18:00:00,159,92.39965277777777,False,True
baseline_전체 평균,-,keep,2021-05,2021-05-10 19:00:00,142,92.39965277777777,False,True
baseline_전체 평균,-,keep,2021-05,2021-05-10 20:00:00,111,92.39965277777777,False,True
baseline_전체 평균,-,keep,2021-05,2021-05-10 21:00:00,120,92.39965277777777,False,True
baseline_전체 평균,-,keep,2021-05,2021-05-10 22:00:00,112,92.39965277777777,False,True
baseline_전체 평균,-,keep,2021-05,2021-05-10 23:00:00,101,92.39965277777777,False,True
baseline_전체 평균,-,keep,2021-05,2021-05-11 00:00:00,64,92.39965277777777,False,False
baseline_전체 평균,-,keep,2021-05,2021-05-11 01:00:00,98,92.39965277777777,False,False
baseline_전체 평균,-,keep,2021-05,2021-05-11 02:00:00,104,92.39965277777777,False,False
baseline_전체 평균,-,keep,2021-05,2021-05-11 03:00:00,101,92.39965277777777,False,False
baseline_전체 평균,-,keep,2021-05,2021-05-11 04:00:00,105,92.39965277777777,False,False
baseline_전체 평균,-,keep,2021-05,2021-05-11 05:00:00,97,92.39965277777777,False,False
baseline_전체 평균,-,keep,2021-05,2021-05-11 06:00:00,107,92.39965277777777,False,False
baseline_전체 평균,-,keep,2021-05,2021-05-11 07:00:00,124,92.39965277777777,False,False
baseline_전체 평균,-,keep,2021-05,2021-05-11 08:00:00,171,92.39965277777777,False,False
baseline_전체 평균,-,keep,2021-05,2021-05-11 09:00:00,173,92.39965277777777,True,False
baseline_전체 평균,-,keep,2021-05,2021-05-11 10:00:00,160,92.39965277777777,False,False
baseline_전체 평균,-,keep,2021-05,2021-05-11 11:00:00,169,92.39965277777777,False,False
baseline_전체 평균,-,keep,2021-05,2021-05-11 12:00:00,100,92.39965277777777,False,False
baseline_전체 평균,-,keep,2021-05,2021-05-11 13:00:00,176,92.39965277777777,True,False
baseline_전체 평균,-,keep,2021-05,2021-05-11 14:00:00,155,92.39965277777777,False,False
baseline_전체 평균,-,keep,2021-05,2021-05-11 15:00:00,151,92.39965277777777,False,False
baseline_전체 평균,-,keep,2021-05,2021-05-11 16:00:00,144,92.39965277777777,False,False
baseline_전체 평균,-,keep,2021-05,2021-05-11 17:00:00,118,92.39965277777777,False,False
baseline_전체 평균,-,keep,2021-05,2021-05-11 18:00:00,138,92.39965277777777,False,False
baseline_전체 평균,-,keep,2021-05,2021-05-11 19:00:00,132,92.39965277777777,False,False
baseline_전체 평균,-,keep,2021-05,2021-05-11 20:00:00,128,92.39965277777777,False,False
baseline_전체 평균,-,keep,2021-05,2021-05-11 21:00:00,125,92.39965277777777,False,False
baseline_전체 평균,-,keep,2021-05,2021-05-11 22:00:00,107,92.39965277777777,False,False
baseline_전체 평균,-,keep,2021-05,2021-05-11 23:00:00,107,92.39965277777777,False,False
baseline_전체 평균,-,keep,2021-05,2021-05-12 00:00:00,67,92.39965277777777,False,False
baseline_전체 평균,-,keep,2021-05,2021-05-12 01:00:00,98,92.39965277777777,False,False
baseline_전체 평균,-,keep,2021-05,2021-05-12 02:00:00,110,92.39965277777777,False,False
baseline_전체 평균,-,keep,2021-05,2021-05-12 03:00:00,96,92.39965277777777,False,False
baseline_전체 평균,-,keep,2021-05,2021-05-12 04:00:00,107,92.39965277777777,False,False
baseline_전체 평균,-,keep,2021-05,2021-05-12 05:00:00,92,92.39965277777777,False,False
baseline_전체 평균,-,keep,2021-05,2021-05-12 06:00:00,104,92.39965277777777,False,False
baseline_전체 평균,-,keep,2021-05,2021-05-12 07:00:00,126,92.39965277777777,False,False
baseline_전체 평균,-,keep,2021-05,2021-05-12 08:00:00,169,92.39965277777777,False,False
baseline_전체 평균,-,keep,2021-05,2021-05-12 09:00:00,160,92.39965277777777,False,False
baseline_전체 평균,-,keep,2021-05,2021-05-12 10:00:00,149,92.39965277777777,False,False
baseline_전체 평균,-,keep,2021-05,2021-05-12 11:00:00,168,92.39965277777777,False,False
baseline_전체 평균,-,keep,2021-05,2021-05-12 12:00:00,94,92.39965277777777,False,False
baseline_전체 평균,-,keep,2021-05,2021-05-12 13:00:00,178,92.39965277777777,True,False
baseline_전체 평균,-,keep,2021-05,2021-05-12 14:00:00,164,92.39965277777777,False,False
baseline_전체 평균,-,keep,2021-05,2021-05-12 15:00:00,153,92.39965277777777,False,False
baseline_전체 평균,-,keep,2021-05,2021-05-12 16:00:00,159,92.39965277777777,False,False
baseline_전체 평균,-,keep,2021-05,2021-05-12 17:00:00,131,92.39965277777777,False,False
baseline_전체 평균,-,keep,2021-05,2021-05-12 18:00:00,157,92.39965277777777,False,False
baseline_전체 평균,-,keep,2021-05,2021-05-12 19:00:00,125,92.39965277777777,False,False
baseline_전체 평균,-,keep,2021-05,2021-05-12 20:00:00,105,92.39965277777777,False,False
baseline_전체 평균,-,keep,2021-05,2021-05-12 21:00:00,110,92.39965277777777,False,False
baseline_전체 평균,-,keep,2021-05,2021-05-12 22:00:00,102,92.39965277777777,False,False
baseline_전체 평균,-,keep,2021-05,2021-05-12 23:00:00,102,92.39965277777777,False,False
baseline_전체 평균,-,keep,2021-05,2021-05-13 00:00:00,70,92.39965277777777,False,False
baseline_전체 평균,-,keep,2021-05,2021-05-13 01:00:00,98,92.39965277777777,False,False
baseline_전체 평균,-,keep,2021-05,2021-05-13 02:00:00,103,92.39965277777777,False,False
baseline_전체 평균,-,keep,2021-05,2021-05-13 03:00:00,100,92.39965277777777,False,False
baseline_전체 평균,-,keep,2021-05,2021-05-13 04:00:00,105,92.39965277777777,False,False
baseline_전체 평균,-,keep,2021-05,2021-05-13 05:00:00,89,92.39965277777777,False,False
baseline_전체 평균,-,keep,2021-05,2021-05-13 06:00:00,101,92.39965277777777,False,False
baseline_전체 평균,-,keep,2021-05,2021-05-13 07:00:00,117,92.39965277777777,False,False
baseline_전체 평균,-,keep,2021-05,2021-05-13 08:00:00,165,92.39965277777777,False,False
baseline_전체 평균,-,keep,2021-05,2021-05-13 09:00:00,163,92.39965277777777,False,False
baseline_전체 평균,-,keep,2021-05,2021-05-13 10:00:00,158,92.39965277777777,False,False
baseline_전체 평균,-,keep,2021-05,2021-05-13 11:00:00,164,92.39965277777777,False,False
baseline_전체 평균,-,keep,2021-05,2021-05-13 12:00:00,96,92.39965277777777,False,False
baseline_전체 평균,-,keep,2021-05,2021-05-13 13:00:00,168,92.39965277777777,False,False
baseline_전체 평균,-,keep,2021-05,2021-05-13 14:00:00,163,92.39965277777777,False,False
baseline_전체 평균,-,keep,2021-05,2021-05-13 15:00:00,139,92.39965277777777,False,False
baseline_전체 평균,-,keep,2021-05,2021-05-13 16:00:00,150,92.39965277777777,False,False
baseline_전체 평균,-,keep,2021-05,2021-05-13 17:00:00,101,92.39965277777777,False,False
baseline_전체 평균,-,keep,2021-05,2021-05-13 18:00:00,102,92.39965277777777,False,False
baseline_전체 평균,-,keep,2021-05,2021-05-13 19:00:00,101,92.39965277777777,False,False
baseline_전체 평균,-,keep,2021-05,2021-05-13 20:00:00,133,92.39965277777777,False,False
baseline_전체 평균,-,keep,2021-05,2021-05-13 21:00:00,127,92.39965277777777,False,False
baseline_전체 평균,-,keep,2021-05,2021-05-13 22:00:00,114,92.39965277777777,False,False
baseline_전체 평균,-,keep,2021-05,2021-05-13 23:00:00,104,92.39965277777777,False,False
baseline_전체 평균,-,keep,2021-05,2021-05-14 00:00:00,67,92.39965277777777,False,False
baseline_전체 평균,-,keep,2021-05,2021-05-14 01:00:00,100,92.39965277777777,False,False
baseline_전체 평균,-,keep,2021-05,2021-05-14 02:00:00,107,92.39965277777777,False,False
baseline_전체 평균,-,keep,2021-05,2021-05-14 03:00:00,97,92.39965277777777,False,False
baseline_전체 평균,-,keep,2021-05,2021-05-14 04:00:00,106,92.39965277777777,False,False
baseline_전체 평균,-,keep,2021-05,2021-05-14 05:00:00,93,92.39965277777777,False,False
baseline_전체 평균,-,keep,2021-05,2021-05-14 06:00:00,100,92.39965277777777,False,False
baseline_전체 평균,-,keep,2021-05,2021-05-14 07:00:00,115,92.39965277777777,False,False
baseline_전체 평균,-,keep,2021-05,2021-05-14 08:00:00,147,92.39965277777777,False,False
baseline_전체 평균,-,keep,2021-05,2021-05-14 09:00:00,140,92.39965277777777,False,False
baseline_전체 평균,-,keep,2021-05,2021-05-14 10:00:00,143,92.39965277777777,False,False
baseline_전체 평균,-,keep,2021-05,2021-05-14 11:00:00,149,92.39965277777777,False,False
baseline_전체 평균,-,keep,2021-05,2021-05-14 12:00:00,91,92.39965277777777,False,False
baseline_전체 평균,-,keep,2021-05,2021-05-14 13:00:00,150,92.39965277777777,False,False
baseline_전체 평균,-,keep,2021-05,2021-05-14 14:00:00,143,92.39965277777777,False,False
baseline_전체 평균,-,keep,2021-05,2021-05-14 15:00:00,137,92.39965277777777,False,False
baseline_전체 평균,-,keep,2021-05,2021-05-14 16:00:00,135,92.39965277777777,False,False
baseline_전체 평균,-,keep,2021-05,2021-05-14 17:00:00,109,92.39965277777777,False,False
baseline_전체 평균,-,keep,2021-05,2021-05-14 18:00:00,146,92.39965277777777,False,False
baseline_전체 평균,-,keep,2021-05,2021-05-14 19:00:00,129,92.39965277777777,False,False
baseline_전체 평균,-,keep,2021-05,2021-05-14 20:00:00,106,92.39965277777777,False,False
baseline_전체 평균,-,keep,2021-05,2021-05-14 21:00:00,110,92.39965277777777,False,False
baseline_전체 평균,-,keep,2021-05,2021-05-14 22:00:00,103,92.39965277777777,False,False
baseline_전체 평균,-,keep,2021-05,2021-05-14 23:00:00,89,92.39965277777777,False,False
baseline_전체 평균,-,keep,2021-05,2021-05-15 00:00:00,54,92.39965277777777,False,False
baseline_전체 평균,-,keep,2021-05,2021-05-15 01:00:00,96,92.39965277777777,False,False
baseline_전체 평균,-,keep,2021-05,2021-05-15 02:00:00,98,92.39965277777777,False,False
baseline_전체 평균,-,keep,2021-05,2021-05-15 03:00:00,93,92.39965277777777,False,False
baseline_전체 평균,-,keep,2021-05,2021-05-15 04:00:00,101,92.39965277777777,False,False
baseline_전체 평균,-,keep,2021-05,2021-05-15 05:00:00,80,92.39965277777777,False,False
baseline_전체 평균,-,keep,2021-05,2021-05-15 06:00:00,98,92.39965277777777,False,False
baseline_전체 평균,-,keep,2021-05,2021-05-15 07:00:00,69,92.39965277777777,False,False
baseline_전체 평균,-,keep,2021-05,2021-05-15 08:00:00,22,92.39965277777777,False,False
baseline_전체 평균,-,keep,2021-05,2021-05-15 09:00:00,20,92.39965277777777,False,False
baseline_전체 평균,-,keep,2021-05,2021-05-15 10:00:00,20,92.39965277777777,False,False
baseline_전체 평균,-,keep,2021-05,2021-05-15 11:00:00,22,92.39965277777777,False,False
baseline_전체 평균,-,keep,2021-05,2021-05-15 12:00:00,20,92.39965277777777,False,False
baseline_전체 평균,-,keep,2021-05,2021-05-15 13:00:00,19,92.39965277777777,False,False
baseline_전체 평균,-,keep,2021-05,2021-05-15 14:00:00,21,92.39965277777777,False,False
baseline_전체 평균,-,keep,2021-05,2021-05-15 15:00:00,20,92.39965277777777,False,False
baseline_전체 평균,-,keep,2021-05,2021-05-15 16:00:00,20,92.39965277777777,False,False
baseline_전체 평균,-,keep,2021-05,2021-05-15 17:00:00,20,92.39965277777777,False,False
baseline_전체 평균,-,keep,2021-05,2021-05-15 18:00:00,22,92.39965277777777,False,False
baseline_전체 평균,-,keep,2021-05,2021-05-15 19:00:00,20,92.39965277777777,False,False
baseline_전체 평균,-,keep,2021-05,2021-05-15 20:00:00,20,92.39965277777777,False,False
baseline_전체 평균,-,keep,2021-05,2021-05-15 21:00:00,23,92.39965277777777,False,False
baseline_전체 평균,-,keep,2021-05,2021-05-15 22:00:00,21,92.39965277777777,False,False
baseline_전체 평균,-,keep,2021-05,2021-05-15 23:00:00,20,92.39965277777777,False,False
baseline_전체 평균,-,keep,2021-05,2021-05-16 00:00:00,20,92.39965277777777,False,True
baseline_전체 평균,-,keep,2021-05,2021-05-16 01:00:00,23,92.39965277777777,False,True
baseline_전체 평균,-,keep,2021-05,2021-05-16 02:00:00,20,92.39965277777777,False,True
baseline_전체 평균,-,keep,2021-05,2021-05-16 03:00:00,20,92.39965277777777,False,True
baseline_전체 평균,-,keep,2021-05,2021-05-16 04:00:00,22,92.39965277777777,False,True
baseline_전체 평균,-,keep,2021-05,2021-05-16 05:00:00,20,92.39965277777777,False,True
baseline_전체 평균,-,keep,2021-05,2021-05-16 06:00:00,20,92.39965277777777,False,True
baseline_전체 평균,-,keep,2021-05,2021-05-16 07:00:00,20,92.39965277777777,False,True
baseline_전체 평균,-,keep,2021-05,2021-05-16 08:00:00,21,92.39965277777777,False,True
baseline_전체 평균,-,keep,2021-05,2021-05-16 09:00:00,20,92.39965277777777,False,True
baseline_전체 평균,-,keep,2021-05,2021-05-16 10:00:00,21,92.39965277777777,False,True
baseline_전체 평균,-,keep,2021-05,2021-05-16 11:00:00,21,92.39965277777777,False,True
baseline_전체 평균,-,keep,2021-05,2021-05-16 12:00:00,20,92.39965277777777,False,True
baseline_전체 평균,-,keep,2021-05,2021-05-16 13:00:00,20,92.39965277777777,False,True
baseline_전체 평균,-,keep,2021-05,2021-05-16 14:00:00,22,92.39965277777777,False,True
baseline_전체 평균,-,keep,2021-05,2021-05-16 15:00:00,20,92.39965277777777,False,True
baseline_전체 평균,-,keep,2021-05,2021-05-16 16:00:00,20,92.39965277777777,False,True
baseline_전체 평균,-,keep,2021-05,2021-05-16 17:00:00,23,92.39965277777777,False,True
baseline_전체 평균,-,keep,2021-05,2021-05-16 18:00:00,19,92.39965277777777,False,True
baseline_전체 평균,-,keep,2021-05,2021-05-16 19:00:00,20,92.39965277777777,False,True
baseline_전체 평균,-,keep,2021-05,2021-05-16 20:00:00,21,92.39965277777777,False,True
baseline_전체 평균,-,keep,2021-05,2021-05-16 21:00:00,21,92.39965277777777,False,True
baseline_전체 평균,-,keep,2021-05,2021-05-16 22:00:00,20,92.39965277777777,False,True
baseline_전체 평균,-,keep,2021-05,2021-05-16 23:00:00,21,92.39965277777777,False,True
baseline_전체 평균,-,keep,2021-05,2021-05-17 00:00:00,22,92.39965277777777,False,False
baseline_전체 평균,-,keep,2021-05,2021-05-17 01:00:00,20,92.39965277777777,False,False
baseline_전체 평균,-,keep,2021-05,2021-05-17 02:00:00,20,92.39965277777777,False,False
baseline_전체 평균,-,keep,2021-05,2021-05-17 03:00:00,22,92.39965277777777,False,False
baseline_전체 평균,-,keep,2021-05,2021-05-17 04:00:00,20,92.39965277777777,False,False
baseline_전체 평균,-,keep,2021-05,2021-05-17 05:00:00,20,92.39965277777777,False,False
baseline_전체 평균,-,keep,2021-05,2021-05-17 06:00:00,22,92.39965277777777,False,False
baseline_전체 평균,-,keep,2021-05,2021-05-17 07:00:00,50,92.39965277777777,False,False
baseline_전체 평균,-,keep,2021-05,2021-05-17 08:00:00,174,92.39965277777777,True,False
baseline_전체 평균,-,keep,2021-05,2021-05-17 09:00:00,160,92.39965277777777,False,False
baseline_전체 평균,-,keep,2021-05,2021-05-17 10:00:00,164,92.39965277777777,False,False
baseline_전체 평균,-,keep,2021-05,2021-05-17 11:00:00,169,92.39965277777777,False,False
baseline_전체 평균,-,keep,2021-05,2021-05-17 12:00:00,104,92.39965277777777,False,False
baseline_전체 평균,-,keep,2021-05,2021-05-17 13:00:00,170,92.39965277777777,False,False
baseline_전체 평균,-,keep,2021-05,2021-05-17 14:00:00,163,92.39965277777777,False,False
baseline_전체 평균,-,keep,2021-05,2021-05-17 15:00:00,157,92.39965277777777,False,False
baseline_전체 평균,-,keep,2021-05,2021-05-17 16:00:00,161,92.39965277777777,False,False
baseline_전체 평균,-,keep,2021-05,2021-05-17 17:00:00,138,92.39965277777777,False,False
baseline_전체 평균,-,keep,2021-05,2021-05-17 18:00:00,152,92.39965277777777,False,False
baseline_전체 평균,-,keep,2021-05,2021-05-17 19:00:00,128,92.39965277777777,False,False
baseline_전체 평균,-,keep,2021-05,2021-05-17 20:00:00,96,92.39965277777777,False,False
baseline_전체 평균,-,keep,2021-05,2021-05-17 21:00:00,89,92.39965277777777,False,False
baseline_전체 평균,-,keep,2021-05,2021-05-17 22:00:00,93,92.39965277777777,False,False
baseline_전체 평균,-,keep,2021-05,2021-05-17 23:00:00,87,92.39965277777777,False,False
baseline_전체 평균,-,keep,2021-05,2021-05-18 00:00:00,64,92.39965277777777,False,True
baseline_전체 평균,-,keep,2021-05,2021-05-18 01:00:00,93,92.39965277777777,False,True
baseline_전체 평균,-,keep,2021-05,2021-05-18 02:00:00,94,92.39965277777777,False,True
baseline_전체 평균,-,keep,2021-05,2021-05-18 03:00:00,88,92.39965277777777,False,True
baseline_전체 평균,-,keep,2021-05,2021-05-18 04:00:00,85,92.39965277777777,False,True
baseline_전체 평균,-,keep,2021-05,2021-05-18 05:00:00,81,92.39965277777777,False,True
baseline_전체 평균,-,keep,2021-05,2021-05-18 06:00:00,95,92.39965277777777,False,True
baseline_전체 평균,-,keep,2021-05,2021-05-18 07:00:00,115,92.39965277777777,False,True
baseline_전체 평균,-,keep,2021-05,2021-05-18 08:00:00,170,92.39965277777777,False,True
baseline_전체 평균,-,keep,2021-05,2021-05-18 09:00:00,171,92.39965277777777,False,True
baseline_전체 평균,-,keep,2021-05,2021-05-18 10:00:00,159,92.39965277777777,False,True
baseline_전체 평균,-,keep,2021-05,2021-05-18 11:00:00,167,92.39965277777777,False,True
baseline_전체 평균,-,keep,2021-05,2021-05-18 12:00:00,99,92.39965277777777,False,True
baseline_전체 평균,-,keep,2021-05,2021-05-18 13:00:00,177,92.39965277777777,True,True
baseline_전체 평균,-,keep,2021-05,2021-05-18 14:00:00,167,92.39965277777777,False,True
baseline_전체 평균,-,keep,2021-05,2021-05-18 15:00:00,162,92.39965277777777,False,True
baseline_전체 평균,-,keep,2021-05,2021-05-18 16:00:00,154,92.39965277777777,False,True
baseline_전체 평균,-,keep,2021-05,2021-05-18 17:00:00,118,92.39965277777777,False,True
baseline_전체 평균,-,keep,2021-05,2021-05-18 18:00:00,146,92.39965277777777,False,True
baseline_전체 평균,-,keep,2021-05,2021-05-18 19:00:00,144,92.39965277777777,False,True
baseline_전체 평균,-,keep,2021-05,2021-05-18 20:00:00,115,92.39965277777777,False,True
baseline_전체 평균,-,keep,2021-05,2021-05-18 21:00:00,112,92.39965277777777,False,True
baseline_전체 평균,-,keep,2021-05,2021-05-18 22:00:00,100,92.39965277777777,False,True
baseline_전체 평균,-,keep,2021-05,2021-05-18 23:00:00,93,92.39965277777777,False,True
baseline_전체 평균,-,keep,2021-05,2021-05-19 00:00:00,62,92.39965277777777,False,False
baseline_전체 평균,-,keep,2021-05,2021-05-19 01:00:00,89,92.39965277777777,False,False
baseline_전체 평균,-,keep,2021-05,2021-05-19 02:00:00,97,92.39965277777777,False,False
baseline_전체 평균,-,keep,2021-05,2021-05-19 03:00:00,96,92.39965277777777,False,False
baseline_전체 평균,-,keep,2021-05,2021-05-19 04:00:00,94,92.39965277777777,False,False
baseline_전체 평균,-,keep,2021-05,2021-05-19 05:00:00,79,92.39965277777777,False,False
baseline_전체 평균,-,keep,2021-05,2021-05-19 06:00:00,95,92.39965277777777,False,False
baseline_전체 평균,-,keep,2021-05,2021-05-19 07:00:00,54,92.39965277777777,False,False
baseline_전체 평균,-,keep,2021-05,2021-05-19 08:00:00,21,92.39965277777777,False,False
baseline_전체 평균,-,keep,2021-05,2021-05-19 09:00:00,23,92.39965277777777,False,False
baseline_전체 평균,-,keep,2021-05,2021-05-19 10:00:00,21,92.39965277777777,False,False
baseline_전체 평균,-,keep,2021-05,2021-05-19 11:00:00,21,92.39965277777777,False,False
baseline_전체 평균,-,keep,2021-05,2021-05-19 12:00:00,22,92.39965277777777,False,False
baseline_전체 평균,-,keep,2021-05,2021-05-19 13:00:00,21,92.39965277777777,False,False
baseline_전체 평균,-,keep,2021-05,2021-05-19 14:00:00,20,92.39965277777777,False,False
baseline_전체 평균,-,keep,2021-05,2021-05-19 15:00:00,20,92.39965277777777,False,False
baseline_전체 평균,-,keep,2021-05,2021-05-19 16:00:00,23,92.39965277777777,False,False
baseline_전체 평균,-,keep,2021-05,2021-05-19 17:00:00,21,92.39965277777777,False,False
baseline_전체 평균,-,keep,2021-05,2021-05-19 18:00:00,21,92.39965277777777,False,False
baseline_전체 평균,-,keep,2021-05,2021-05-19 19:00:00,23,92.39965277777777,False,False
baseline_전체 평균,-,keep,2021-05,2021-05-19 20:00:00,21,92.39965277777777,False,False
baseline_전체 평균,-,keep,2021-05,2021-05-19 21:00:00,22,92.39965277777777,False,False
baseline_전체 평균,-,keep,2021-05,2021-05-19 22:00:00,23,92.39965277777777,False,False
baseline_전체 평균,-,keep,2021-05,2021-05-19 23:00:00,21,92.39965277777777,False,False
baseline_전체 평균,-,keep,2021-05,2021-05-20 00:00:00,20,92.39965277777777,False,False
baseline_전체 평균,-,keep,2021-05,2021-05-20 01:00:00,21,92.39965277777777,False,False
baseline_전체 평균,-,keep,2021-05,2021-05-20 02:00:00,22,92.39965277777777,False,False
baseline_전체 평균,-,keep,2021-05,2021-05-20 03:00:00,20,92.39965277777777,False,False
baseline_전체 평균,-,keep,2021-05,2021-05-20 04:00:00,20,92.39965277777777,False,False
baseline_전체 평균,-,keep,2021-05,2021-05-20 05:00:00,23,92.39965277777777,False,False
baseline_전체 평균,-,keep,2021-05,2021-05-20 06:00:00,20,92.39965277777777,False,False
baseline_전체 평균,-,keep,2021-05,2021-05-20 07:00:00,64,92.39965277777777,False,False
baseline_전체 평균,-,keep,2021-05,2021-05-20 08:00:00,170,92.39965277777777,False,False
baseline_전체 평균,-,keep,2021-05,2021-05-20 09:00:00,162,92.39965277777777,False,False
baseline_전체 평균,-,keep,2021-05,2021-05-20 10:00:00,157,92.39965277777777,False,False
baseline_전체 평균,-,keep,2021-05,2021-05-20 11:00:00,172,92.39965277777777,False,False
baseline_전체 평균,-,keep,2021-05,2021-05-20 12:00:00,106,92.39965277777777,False,False
baseline_전체 평균,-,keep,2021-05,2021-05-20 13:00:00,166,92.39965277777777,False,False
baseline_전체 평균,-,keep,2021-05,2021-05-20 14:00:00,163,92.39965277777777,False,False
baseline_전체 평균,-,keep,2021-05,2021-05-20 15:00:00,150,92.39965277777777,False,False
baseline_전체 평균,-,keep,2021-05,2021-05-20 16:00:00,152,92.39965277777777,False,False
baseline_전체 평균,-,keep,2021-05,2021-05-20 17:00:00,101,92.39965277777777,False,False
baseline_전체 평균,-,keep,2021-05,2021-05-20 18:00:00,106,92.39965277777777,False,False
baseline_전체 평균,-,keep,2021-05,2021-05-20 19:00:00,109,92.39965277777777,False,False
baseline_전체 평균,-,keep,2021-05,2021-05-20 20:00:00,110,92.39965277777777,False,False
baseline_전체 평균,-,keep,2021-05,2021-05-20 21:00:00,103,92.39965277777777,False,False
baseline_전체 평균,-,keep,2021-05,2021-05-20 22:00:00,101,92.39965277777777,False,False
baseline_전체 평균,-,keep,2021-05,2021-05-20 23:00:00,93,92.39965277777777,False,False
baseline_전체 평균,-,keep,2021-05,2021-05-21 00:00:00,61,92.39965277777777,False,False
baseline_전체 평균,-,keep,2021-05,2021-05-21 01:00:00,94,92.39965277777777,False,False
baseline_전체 평균,-,keep,2021-05,2021-05-21 02:00:00,107,92.39965277777777,False,False
baseline_전체 평균,-,keep,2021-05,2021-05-21 03:00:00,98,92.39965277777777,False,False
baseline_전체 평균,-,keep,2021-05,2021-05-21 04:00:00,95,92.39965277777777,False,False
baseline_전체 평균,-,keep,2021-05,2021-05-21 05:00:00,82,92.39965277777777,False,False
baseline_전체 평균,-,keep,2021-05,2021-05-21 06:00:00,102,92.39965277777777,False,False
baseline_전체 평균,-,keep,2021-05,2021-05-21 07:00:00,121,92.39965277777777,False,False
baseline_전체 평균,-,keep,2021-05,2021-05-21 08:00:00,153,92.39965277777777,False,False
baseline_전체 평균,-,keep,2021-05,2021-05-21 09:00:00,144,92.39965277777777,False,False
baseline_전체 평균,-,keep,2021-05,2021-05-21 10:00:00,140,92.39965277777777,False,False
baseline_전체 평균,-,keep,2021-05,2021-05-21 11:00:00,156,92.39965277777777,False,False
baseline_전체 평균,-,keep,2021-05,2021-05-21 12:00:00,93,92.39965277777777,False,False
baseline_전체 평균,-,keep,2021-05,2021-05-21 13:00:00,149,92.39965277777777,False,False
baseline_전체 평균,-,keep,2021-05,2021-05-21 14:00:00,153,92.39965277777777,False,False
baseline_전체 평균,-,keep,2021-05,2021-05-21 15:00:00,132,92.39965277777777,False,False
baseline_전체 평균,-,keep,2021-05,2021-05-21 16:00:00,144,92.39965277777777,False,False
baseline_전체 평균,-,keep,2021-05,2021-05-21 17:00:00,121,92.39965277777777,False,False
baseline_전체 평균,-,keep,2021-05,2021-05-21 18:00:00,132,92.39965277777777,False,False
baseline_전체 평균,-,keep,2021-05,2021-05-21 19:00:00,124,92.39965277777777,False,False
baseline_전체 평균,-,keep,2021-05,2021-05-21 20:00:00,103,92.39965277777777,False,False
baseline_전체 평균,-,keep,2021-05,2021-05-21 21:00:00,105,92.39965277777777,False,False
baseline_전체 평균,-,keep,2021-05,2021-05-21 22:00:00,101,92.39965277777777,False,False
baseline_전체 평균,-,keep,2021-05,2021-05-21 23:00:00,93,92.39965277777777,False,False
baseline_전체 평균,-,keep,2021-05,2021-05-22 00:00:00,59,92.39965277777777,False,True
baseline_전체 평균,-,keep,2021-05,2021-05-22 01:00:00,101,92.39965277777777,False,True
baseline_전체 평균,-,keep,2021-05,2021-05-22 02:00:00,96,92.39965277777777,False,True
baseline_전체 평균,-,keep,2021-05,2021-05-22 03:00:00,99,92.39965277777777,False,True
baseline_전체 평균,-,keep,2021-05,2021-05-22 04:00:00,101,92.39965277777777,False,True
baseline_전체 평균,-,keep,2021-05,2021-05-22 05:00:00,84,92.39965277777777,False,True
baseline_전체 평균,-,keep,2021-05,2021-05-22 06:00:00,102,92.39965277777777,False,True
baseline_전체 평균,-,keep,2021-05,2021-05-22 07:00:00,56,92.39965277777777,False,True
baseline_전체 평균,-,keep,2021-05,2021-05-22 08:00:00,20,92.39965277777777,False,True
baseline_전체 평균,-,keep,2021-05,2021-05-22 09:00:00,20,92.39965277777777,False,True
baseline_전체 평균,-,keep,2021-05,2021-05-22 10:00:00,23,92.39965277777777,False,True
baseline_전체 평균,-,keep,2021-05,2021-05-22 11:00:00,21,92.39965277777777,False,True
baseline_전체 평균,-,keep,2021-05,2021-05-22 12:00:00,20,92.39965277777777,False,True
baseline_전체 평균,-,keep,2021-05,2021-05-22 13:00:00,22,92.39965277777777,False,True
baseline_전체 평균,-,keep,2021-05,2021-05-22 14:00:00,21,92.39965277777777,False,True
baseline_전체 평균,-,keep,2021-05,2021-05-22 15:00:00,20,92.39965277777777,False,True
baseline_전체 평균,-,keep,2021-05,2021-05-22 16:00:00,21,92.39965277777777,False,True
baseline_전체 평균,-,keep,2021-05,2021-05-22 17:00:00,22,92.39965277777777,False,True
baseline_전체 평균,-,keep,2021-05,2021-05-22 18:00:00,20,92.39965277777777,False,True
baseline_전체 평균,-,keep,2021-05,2021-05-22 19:00:00,20,92.39965277777777,False,True
baseline_전체 평균,-,keep,2021-05,2021-05-22 20:00:00,23,92.39965277777777,False,True
baseline_전체 평균,-,keep,2021-05,2021-05-22 21:00:00,21,92.39965277777777,False,True
baseline_전체 평균,-,keep,2021-05,2021-05-22 22:00:00,20,92.39965277777777,False,True
baseline_전체 평균,-,keep,2021-05,2021-05-22 23:00:00,23,92.39965277777777,False,True
baseline_전체 평균,-,keep,2021-05,2021-05-23 00:00:00,21,92.39965277777777,False,False
baseline_전체 평균,-,keep,2021-05,2021-05-23 01:00:00,21,92.39965277777777,False,False
baseline_전체 평균,-,keep,2021-05,2021-05-23 02:00:00,23,92.39965277777777,False,False
baseline_전체 평균,-,keep,2021-05,2021-05-23 03:00:00,21,92.39965277777777,False,False
baseline_전체 평균,-,keep,2021-05,2021-05-23 04:00:00,21,92.39965277777777,False,False
baseline_전체 평균,-,keep,2021-05,2021-05-23 05:00:00,22,92.39965277777777,False,False
baseline_전체 평균,-,keep,2021-05,2021-05-23 06:00:00,22,92.39965277777777,False,False
baseline_전체 평균,-,keep,2021-05,2021-05-23 07:00:00,20,92.39965277777777,False,False
baseline_전체 평균,-,keep,2021-05,2021-05-23 08:00:00,20,92.39965277777777,False,False
baseline_전체 평균,-,keep,2021-05,2021-05-23 09:00:00,23,92.39965277777777,False,False
baseline_전체 평균,-,keep,2021-05,2021-05-23 10:00:00,20,92.39965277777777,False,False
baseline_전체 평균,-,keep,2021-05,2021-05-23 11:00:00,21,92.39965277777777,False,False
baseline_전체 평균,-,keep,2021-05,2021-05-23 12:00:00,23,92.39965277777777,False,False
baseline_전체 평균,-,keep,2021-05,2021-05-23 13:00:00,21,92.39965277777777,False,False
baseline_전체 평균,-,keep,2021-05,2021-05-23 14:00:00,20,92.39965277777777,False,False
baseline_전체 평균,-,keep,2021-05,2021-05-23 15:00:00,21,92.39965277777777,False,False
baseline_전체 평균,-,keep,2021-05,2021-05-23 16:00:00,22,92.39965277777777,False,False
baseline_전체 평균,-,keep,2021-05,2021-05-23 17:00:00,20,92.39965277777777,False,False
baseline_전체 평균,-,keep,2021-05,2021-05-23 18:00:00,21,92.39965277777777,False,False
baseline_전체 평균,-,keep,2021-05,2021-05-23 19:00:00,22,92.39965277777777,False,False
baseline_전체 평균,-,keep,2021-05,2021-05-23 20:00:00,20,92.39965277777777,False,False
baseline_전체 평균,-,keep,2021-05,2021-05-23 21:00:00,21,92.39965277777777,False,False
baseline_전체 평균,-,keep,2021-05,2021-05-23 22:00:00,23,92.39965277777777,False,False
baseline_전체 평균,-,keep,2021-05,2021-05-23 23:00:00,21,92.39965277777777,False,False
baseline_전체 평균,-,keep,2021-05,2021-05-24 00:00:00,20,92.39965277777777,False,True
baseline_전체 평균,-,keep,2021-05,2021-05-24 01:00:00,23,92.39965277777777,False,True
baseline_전체 평균,-,keep,2021-05,2021-05-24 02:00:00,20,92.39965277777777,False,True
baseline_전체 평균,-,keep,2021-05,2021-05-24 03:00:00,20,92.39965277777777,False,True
baseline_전체 평균,-,keep,2021-05,2021-05-24 04:00:00,23,92.39965277777777,False,True
baseline_전체 평균,-,keep,2021-05,2021-05-24 05:00:00,20,92.39965277777777,False,True
baseline_전체 평균,-,keep,2021-05,2021-05-24 06:00:00,20,92.39965277777777,False,True
baseline_전체 평균,-,keep,2021-05,2021-05-24 07:00:00,54,92.39965277777777,False,True
baseline_전체 평균,-,keep,2021-05,2021-05-24 08:00:00,160,92.39965277777777,False,True
baseline_전체 평균,-,keep,2021-05,2021-05-24 09:00:00,163,92.39965277777777,False,True
baseline_전체 평균,-,keep,2021-05,2021-05-24 10:00:00,155,92.39965277777777,False,True
baseline_전체 평균,-,keep,2021-05,2021-05-24 11:00:00,164,92.39965277777777,False,True
baseline_전체 평균,-,keep,2021-05,2021-05-24 12:00:00,104,92.39965277777777,False,True
baseline_전체 평균,-,keep,2021-05,2021-05-24 13:00:00,155,92.39965277777777,False,True
baseline_전체 평균,-,keep,2021-05,2021-05-24 14:00:00,159,92.39965277777777,False,True
baseline_전체 평균,-,keep,2021-05,2021-05-24 15:00:00,154,92.39965277777777,False,True
baseline_전체 평균,-,keep,2021-05,2021-05-24 16:00:00,147,92.39965277777777,False,True
baseline_전체 평균,-,keep,2021-05,2021-05-24 17:00:00,129,92.39965277777777,False,True
baseline_전체 평균,-,keep,2021-05,2021-05-24 18:00:00,147,92.39965277777777,False,True
baseline_전체 평균,-,keep,2021-05,2021-05-24 19:00:00,130,92.39965277777777,False,True
baseline_전체 평균,-,keep,2021-05,2021-05-24 20:00:00,106,92.39965277777777,False,True
baseline_전체 평균,-,keep,2021-05,2021-05-24 21:00:00,106,92.39965277777777,False,True
baseline_전체 평균,-,keep,2021-05,2021-05-24 22:00:00,105,92.39965277777777,False,True
baseline_전체 평균,-,keep,2021-05,2021-05-24 23:00:00,98,92.39965277777777,False,True
baseline_전체 평균,-,keep,2021-05,2021-05-25 00:00:00,58,92.39965277777777,False,True
baseline_전체 평균,-,keep,2021-05,2021-05-25 01:00:00,99,92.39965277777777,False,True
baseline_전체 평균,-,keep,2021-05,2021-05-25 02:00:00,101,92.39965277777777,False,True
baseline_전체 평균,-,keep,2021-05,2021-05-25 03:00:00,98,92.39965277777777,False,True
baseline_전체 평균,-,keep,2021-05,2021-05-25 04:00:00,104,92.39965277777777,False,True
baseline_전체 평균,-,keep,2021-05,2021-05-25 05:00:00,89,92.39965277777777,False,True
baseline_전체 평균,-,keep,2021-05,2021-05-25 06:00:00,106,92.39965277777777,False,True
baseline_전체 평균,-,keep,2021-05,2021-05-25 07:00:00,122,92.39965277777777,False,True
baseline_전체 평균,-,keep,2021-05,2021-05-25 08:00:00,163,92.39965277777777,False,True
baseline_전체 평균,-,keep,2021-05,2021-05-25 09:00:00,153,92.39965277777777,False,True
baseline_전체 평균,-,keep,2021-05,2021-05-25 10:00:00,161,92.39965277777777,False,True
baseline_전체 평균,-,keep,2021-05,2021-05-25 11:00:00,156,92.39965277777777,False,True
baseline_전체 평균,-,keep,2021-05,2021-05-25 12:00:00,92,92.39965277777777,False,True
baseline_전체 평균,-,keep,2021-05,2021-05-25 13:00:00,151,92.39965277777777,False,True
baseline_전체 평균,-,keep,2021-05,2021-05-25 14:00:00,161,92.39965277777777,False,True
baseline_전체 평균,-,keep,2021-05,2021-05-25 15:00:00,148,92.39965277777777,False,True
baseline_전체 평균,-,keep,2021-05,2021-05-25 16:00:00,151,92.39965277777777,False,True
baseline_전체 평균,-,keep,2021-05,2021-05-25 17:00:00,112,92.39965277777777,False,True
baseline_전체 평균,-,keep,2021-05,2021-05-25 18:00:00,141,92.39965277777777,False,True
baseline_전체 평균,-,keep,2021-05,2021-05-25 19:00:00,130,92.39965277777777,False,True
baseline_전체 평균,-,keep,2021-05,2021-05-25 20:00:00,119,92.39965277777777,False,True
baseline_전체 평균,-,keep,2021-05,2021-05-25 21:00:00,119,92.39965277777777,False,True
baseline_전체 평균,-,keep,2021-05,2021-05-25 22:00:00,106,92.39965277777777,False,True
baseline_전체 평균,-,keep,2021-05,2021-05-25 23:00:00,100,92.39965277777777,False,True
baseline_전체 평균,-,keep,2021-05,2021-05-26 00:00:00,58,92.39965277777777,False,False
baseline_전체 평균,-,keep,2021-05,2021-05-26 01:00:00,98,92.39965277777777,False,False
baseline_전체 평균,-,keep,2021-05,2021-05-26 02:00:00,101,92.39965277777777,False,False
baseline_전체 평균,-,keep,2021-05,2021-05-26 03:00:00,103,92.39965277777777,False,False
baseline_전체 평균,-,keep,2021-05,2021-05-26 04:00:00,100,92.39965277777777,False,False
baseline_전체 평균,-,keep,2021-05,2021-05-26 05:00:00,94,92.39965277777777,False,False
baseline_전체 평균,-,keep,2021-05,2021-05-26 06:00:00,100,92.39965277777777,False,False
baseline_전체 평균,-,keep,2021-05,2021-05-26 07:00:00,121,92.39965277777777,False,False
baseline_전체 평균,-,keep,2021-05,2021-05-26 08:00:00,155,92.39965277777777,False,False
baseline_전체 평균,-,keep,2021-05,2021-05-26 09:00:00,154,92.39965277777777,False,False
baseline_전체 평균,-,keep,2021-05,2021-05-26 10:00:00,147,92.39965277777777,False,False
baseline_전체 평균,-,keep,2021-05,2021-05-26 11:00:00,157,92.39965277777777,False,False
baseline_전체 평균,-,keep,2021-05,2021-05-26 12:00:00,91,92.39965277777777,False,False
baseline_전체 평균,-,keep,2021-05,2021-05-26 13:00:00,157,92.39965277777777,False,False
baseline_전체 평균,-,keep,2021-05,2021-05-26 14:00:00,157,92.39965277777777,False,False
baseline_전체 평균,-,keep,2021-05,2021-05-26 15:00:00,145,92.39965277777777,False,False
baseline_전체 평균,-,keep,2021-05,2021-05-26 16:00:00,137,92.39965277777777,False,False
baseline_전체 평균,-,keep,2021-05,2021-05-26 17:00:00,117,92.39965277777777,False,False
baseline_전체 평균,-,keep,2021-05,2021-05-26 18:00:00,133,92.39965277777777,False,False
baseline_전체 평균,-,keep,2021-05,2021-05-26 19:00:00,131,92.39965277777777,False,False
baseline_전체 평균,-,keep,2021-05,2021-05-26 20:00:00,115,92.39965277777777,False,False
baseline_전체 평균,-,keep,2021-05,2021-05-26 21:00:00,104,92.39965277777777,False,False
baseline_전체 평균,-,keep,2021-05,2021-05-26 22:00:00,97,92.39965277777777,False,False
baseline_전체 평균,-,keep,2021-05,2021-05-26 23:00:00,98,92.39965277777777,False,False
baseline_전체 평균,-,keep,2021-05,2021-05-27 00:00:00,62,92.39965277777777,False,True
baseline_전체 평균,-,keep,2021-05,2021-05-27 01:00:00,95,92.39965277777777,False,True
baseline_전체 평균,-,keep,2021-05,2021-05-27 02:00:00,101,92.39965277777777,False,True
baseline_전체 평균,-,keep,2021-05,2021-05-27 03:00:00,94,92.39965277777777,False,True
baseline_전체 평균,-,keep,2021-05,2021-05-27 04:00:00,99,92.39965277777777,False,True
baseline_전체 평균,-,keep,2021-05,2021-05-27 05:00:00,86,92.39965277777777,False,True
baseline_전체 평균,-,keep,2021-05,2021-05-27 06:00:00,96,92.39965277777777,False,True
baseline_전체 평균,-,keep,2021-05,2021-05-27 07:00:00,126,92.39965277777777,False,True
baseline_전체 평균,-,keep,2021-05,2021-05-27 08:00:00,152,92.39965277777777,False,True
baseline_전체 평균,-,keep,2021-05,2021-05-27 09:00:00,164,92.39965277777777,False,True
baseline_전체 평균,-,keep,2021-05,2021-05-27 10:00:00,148,92.39965277777777,False,True
baseline_전체 평균,-,keep,2021-05,2021-05-27 11:00:00,165,92.39965277777777,False,True
baseline_전체 평균,-,keep,2021-05,2021-05-27 12:00:00,90,92.39965277777777,False,True
baseline_전체 평균,-,keep,2021-05,2021-05-27 13:00:00,164,92.39965277777777,False,True
baseline_전체 평균,-,keep,2021-05,2021-05-27 14:00:00,152,92.39965277777777,False,True
baseline_전체 평균,-,keep,2021-05,2021-05-27 15:00:00,144,92.39965277777777,False,True
baseline_전체 평균,-,keep,2021-05,2021-05-27 16:00:00,144,92.39965277777777,False,True
baseline_전체 평균,-,keep,2021-05,2021-05-27 17:00:00,114,92.39965277777777,False,True
baseline_전체 평균,-,keep,2021-05,2021-05-27 18:00:00,124,92.39965277777777,False,True
baseline_전체 평균,-,keep,2021-05,2021-05-27 19:00:00,99,92.39965277777777,False,True
baseline_전체 평균,-,keep,2021-05,2021-05-27 20:00:00,118,92.39965277777777,False,True
baseline_전체 평균,-,keep,2021-05,2021-05-27 21:00:00,113,92.39965277777777,False,True
baseline_전체 평균,-,keep,2021-05,2021-05-27 22:00:00,102,92.39965277777777,False,True
baseline_전체 평균,-,keep,2021-05,2021-05-27 23:00:00,97,92.39965277777777,False,True
baseline_전체 평균,-,keep,2021-05,2021-05-28 00:00:00,61,92.39965277777777,False,True
baseline_전체 평균,-,keep,2021-05,2021-05-28 01:00:00,100,92.39965277777777,False,True
baseline_전체 평균,-,keep,2021-05,2021-05-28 02:00:00,102,92.39965277777777,False,True
baseline_전체 평균,-,keep,2021-05,2021-05-28 03:00:00,99,92.39965277777777,False,True
baseline_전체 평균,-,keep,2021-05,2021-05-28 04:00:00,105,92.39965277777777,False,True
baseline_전체 평균,-,keep,2021-05,2021-05-28 05:00:00,92,92.39965277777777,False,True
baseline_전체 평균,-,keep,2021-05,2021-05-28 06:00:00,109,92.39965277777777,False,True
baseline_전체 평균,-,keep,2021-05,2021-05-28 07:00:00,115,92.39965277777777,False,True
baseline_전체 평균,-,keep,2021-05,2021-05-28 08:00:00,164,92.39965277777777,False,True
baseline_전체 평균,-,keep,2021-05,2021-05-28 09:00:00,160,92.39965277777777,False,True
baseline_전체 평균,-,keep,2021-05,2021-05-28 10:00:00,151,92.39965277777777,False,True
baseline_전체 평균,-,keep,2021-05,2021-05-28 11:00:00,167,92.39965277777777,False,True
baseline_전체 평균,-,keep,2021-05,2021-05-28 12:00:00,98,92.39965277777777,False,True
baseline_전체 평균,-,keep,2021-05,2021-05-28 13:00:00,162,92.39965277777777,False,True
baseline_전체 평균,-,keep,2021-05,2021-05-28 14:00:00,151,92.39965277777777,False,True
baseline_전체 평균,-,keep,2021-05,2021-05-28 15:00:00,140,92.39965277777777,False,True
baseline_전체 평균,-,keep,2021-05,2021-05-28 16:00:00,137,92.39965277777777,False,True
baseline_전체 평균,-,keep,2021-05,2021-05-28 17:00:00,125,92.39965277777777,False,True
baseline_전체 평균,-,keep,2021-05,2021-05-28 18:00:00,148,92.39965277777777,False,True
baseline_전체 평균,-,keep,2021-05,2021-05-28 19:00:00,117,92.39965277777777,False,True
baseline_전체 평균,-,keep,2021-05,2021-05-28 20:00:00,105,92.39965277777777,False,True
baseline_전체 평균,-,keep,2021-05,2021-05-28 21:00:00,111,92.39965277777777,False,True
baseline_전체 평균,-,keep,2021-05,2021-05-28 22:00:00,103,92.39965277777777,False,True
baseline_전체 평균,-,keep,2021-05,2021-05-28 23:00:00,95,92.39965277777777,False,True
baseline_전체 평균,-,keep,2021-05,2021-05-29 00:00:00,61,92.39965277777777,False,False
baseline_전체 평균,-,keep,2021-05,2021-05-29 01:00:00,99,92.39965277777777,False,False
baseline_전체 평균,-,keep,2021-05,2021-05-29 02:00:00,95,92.39965277777777,False,False
baseline_전체 평균,-,keep,2021-05,2021-05-29 03:00:00,96,92.39965277777777,False,False
baseline_전체 평균,-,keep,2021-05,2021-05-29 04:00:00,102,92.39965277777777,False,False
baseline_전체 평균,-,keep,2021-05,2021-05-29 05:00:00,88,92.39965277777777,False,False
baseline_전체 평균,-,keep,2021-05,2021-05-29 06:00:00,100,92.39965277777777,False,False
baseline_전체 평균,-,keep,2021-05,2021-05-29 07:00:00,65,92.39965277777777,False,False
baseline_전체 평균,-,keep,2021-05,2021-05-29 08:00:00,23,92.39965277777777,False,False
baseline_전체 평균,-,keep,2021-05,2021-05-29 09:00:00,21,92.39965277777777,False,False
baseline_전체 평균,-,keep,2021-05,2021-05-29 10:00:00,21,92.39965277777777,False,False
baseline_전체 평균,-,keep,2021-05,2021-05-29 11:00:00,23,92.39965277777777,False,False
baseline_전체 평균,-,keep,2021-05,2021-05-29 12:00:00,21,92.39965277777777,False,False
baseline_전체 평균,-,keep,2021-05,2021-05-29 13:00:00,21,92.39965277777777,False,False
baseline_전체 평균,-,keep,2021-05,2021-05-29 14:00:00,23,92.39965277777777,False,False
baseline_전체 평균,-,keep,2021-05,2021-05-29 15:00:00,22,92.39965277777777,False,False
baseline_전체 평균,-,keep,2021-05,2021-05-29 16:00:00,21,92.39965277777777,False,False
baseline_전체 평균,-,keep,2021-05,2021-05-29 17:00:00,22,92.39965277777777,False,False
baseline_전체 평균,-,keep,2021-05,2021-05-29 18:00:00,23,92.39965277777777,False,False
baseline_전체 평균,-,keep,2021-05,2021-05-29 19:00:00,21,92.39965277777777,False,False
baseline_전체 평균,-,keep,2021-05,2021-05-29 20:00:00,21,92.39965277777777,False,False
baseline_전체 평균,-,keep,2021-05,2021-05-29 21:00:00,23,92.39965277777777,False,False
baseline_전체 평균,-,keep,2021-05,2021-05-29 22:00:00,21,92.39965277777777,False,False
baseline_전체 평균,-,keep,2021-05,2021-05-29 23:00:00,21,92.39965277777777,False,False
baseline_전체 평균,-,keep,2021-05,2021-05-30 00:00:00,24,92.39965277777777,False,True
baseline_전체 평균,-,keep,2021-05,2021-05-30 01:00:00,21,92.39965277777777,False,True
baseline_전체 평균,-,keep,2021-05,2021-05-30 02:00:00,21,92.39965277777777,False,True
baseline_전체 평균,-,keep,2021-05,2021-05-30 03:00:00,23,92.39965277777777,False,True
baseline_전체 평균,-,keep,2021-05,2021-05-30 04:00:00,23,92.39965277777777,False,True
baseline_전체 평균,-,keep,2021-05,2021-05-30 05:00:00,21,92.39965277777777,False,True
baseline_전체 평균,-,keep,2021-05,2021-05-30 06:00:00,21,92.39965277777777,False,True
baseline_전체 평균,-,keep,2021-05,2021-05-30 07:00:00,24,92.39965277777777,False,True
baseline_전체 평균,-,keep,2021-05,2021-05-30 08:00:00,21,92.39965277777777,False,True
baseline_전체 평균,-,keep,2021-05,2021-05-30 09:00:00,21,92.39965277777777,False,True
baseline_전체 평균,-,keep,2021-05,2021-05-30 10:00:00,23,92.39965277777777,False,True
baseline_전체 평균,-,keep,2021-05,2021-05-30 11:00:00,22,92.39965277777777,False,True
baseline_전체 평균,-,keep,2021-05,2021-05-30 12:00:00,21,92.39965277777777,False,True
baseline_전체 평균,-,keep,2021-05,2021-05-30 13:00:00,21,92.39965277777777,False,True
baseline_전체 평균,-,keep,2021-05,2021-05-30 14:00:00,23,92.39965277777777,False,True
baseline_전체 평균,-,keep,2021-05,2021-05-30 15:00:00,21,92.39965277777777,False,True
baseline_전체 평균,-,keep,2021-05,2021-05-30 16:00:00,21,92.39965277777777,False,True
baseline_전체 평균,-,keep,2021-05,2021-05-30 17:00:00,23,92.39965277777777,False,True
baseline_전체 평균,-,keep,2021-05,2021-05-30 18:00:00,21,92.39965277777777,False,True
baseline_전체 평균,-,keep,2021-05,2021-05-30 19:00:00,21,92.39965277777777,False,True
baseline_전체 평균,-,keep,2021-05,2021-05-30 20:00:00,23,92.39965277777777,False,True
baseline_전체 평균,-,keep,2021-05,2021-05-30 21:00:00,21,92.39965277777777,False,True
baseline_전체 평균,-,keep,2021-05,2021-05-30 22:00:00,21,92.39965277777777,False,True
baseline_전체 평균,-,keep,2021-05,2021-05-30 23:00:00,24,92.39965277777777,False,True
baseline_전체 평균,-,keep,2021-05,2021-05-31 00:00:00,21,92.39965277777777,False,False
baseline_전체 평균,-,keep,2021-05,2021-05-31 01:00:00,21,92.39965277777777,False,False
baseline_전체 평균,-,keep,2021-05,2021-05-31 02:00:00,21,92.39965277777777,False,False
baseline_전체 평균,-,keep,2021-05,2021-05-31 03:00:00,23,92.39965277777777,False,False
baseline_전체 평균,-,keep,2021-05,2021-05-31 04:00:00,21,92.39965277777777,False,False
baseline_전체 평균,-,keep,2021-05,2021-05-31 05:00:00,21,92.39965277777777,False,False
baseline_전체 평균,-,keep,2021-05,2021-05-31 06:00:00,24,92.39965277777777,False,False
baseline_전체 평균,-,keep,2021-05,2021-05-31 07:00:00,49,92.39965277777777,False,False
baseline_전체 평균,-,keep,2021-05,2021-05-31 08:00:00,160,92.39965277777777,False,False
baseline_전체 평균,-,keep,2021-05,2021-05-31 09:00:00,169,92.39965277777777,False,False
baseline_전체 평균,-,keep,2021-05,2021-05-31 10:00:00,160,92.39965277777777,False,False
baseline_전체 평균,-,keep,2021-05,2021-05-31 11:00:00,167,92.39965277777777,False,False
baseline_전체 평균,-,keep,2021-05,2021-05-31 12:00:00,104,92.39965277777777,False,False
baseline_전체 평균,-,keep,2021-05,2021-05-31 13:00:00,159,92.39965277777777,False,False
baseline_전체 평균,-,keep,2021-05,2021-05-31 14:00:00,156,92.39965277777777,False,False
baseline_전체 평균,-,keep,2021-05,2021-05-31 15:00:00,142,92.39965277777777,False,False
baseline_전체 평균,-,keep,2021-05,2021-05-31 16:00:00,147,92.39965277777777,False,False
baseline_전체 평균,-,keep,2021-05,2021-05-31 17:00:00,125,92.39965277777777,False,False
baseline_전체 평균,-,keep,2021-05,2021-05-31 18:00:00,157,92.39965277777777,False,False
baseline_전체 평균,-,keep,2021-05,2021-05-31 19:00:00,146,92.39965277777777,False,False
baseline_전체 평균,-,keep,2021-05,2021-05-31 20:00:00,113,92.39965277777777,False,False
baseline_전체 평균,-,keep,2021-05,2021-05-31 21:00:00,113,92.39965277777777,False,False
baseline_전체 평균,-,keep,2021-05,2021-05-31 22:00:00,103,92.39965277777777,False,False
baseline_전체 평균,-,keep,2021-05,2021-05-31 23:00:00,99,92.39965277777777,False,False
baseline_전체 평균,-,keep,2021-06,2021-06-01 00:00:00,61,91.09933774834437,False,True
baseline_전체 평균,-,keep,2021-06,2021-06-01 01:00:00,99,91.09933774834437,False,True
baseline_전체 평균,-,keep,2021-06,2021-06-01 02:00:00,104,91.09933774834437,False,True
baseline_전체 평균,-,keep,2021-06,2021-06-01 03:00:00,103,91.09933774834437,False,True
baseline_전체 평균,-,keep,2021-06,2021-06-01 04:00:00,105,91.09933774834437,False,True
baseline_전체 평균,-,keep,2021-06,2021-06-01 05:00:00,90,91.09933774834437,False,True
baseline_전체 평균,-,keep,2021-06,2021-06-01 06:00:00,109,91.09933774834437,False,True
baseline_전체 평균,-,keep,2021-06,2021-06-01 07:00:00,122,91.09933774834437,False,True
baseline_전체 평균,-,keep,2021-06,2021-06-01 08:00:00,179,91.09933774834437,True,True
baseline_전체 평균,-,keep,2021-06,2021-06-01 09:00:00,173,91.09933774834437,True,True
baseline_전체 평균,-,keep,2021-06,2021-06-01 10:00:00,171,91.09933774834437,True,True
baseline_전체 평균,-,keep,2021-06,2021-06-01 11:00:00,174,91.09933774834437,True,True
baseline_전체 평균,-,keep,2021-06,2021-06-01 12:00:00,94,91.09933774834437,False,True
baseline_전체 평균,-,keep,2021-06,2021-06-01 13:00:00,170,91.09933774834437,False,True
baseline_전체 평균,-,keep,2021-06,2021-06-01 14:00:00,165,91.09933774834437,False,True
baseline_전체 평균,-,keep,2021-06,2021-06-01 15:00:00,152,91.09933774834437,False,True
baseline_전체 평균,-,keep,2021-06,2021-06-01 16:00:00,162,91.09933774834437,False,True
baseline_전체 평균,-,keep,2021-06,2021-06-01 17:00:00,124,91.09933774834437,False,True
baseline_전체 평균,-,keep,2021-06,2021-06-01 18:00:00,147,91.09933774834437,False,True
baseline_전체 평균,-,keep,2021-06,2021-06-01 19:00:00,144,91.09933774834437,False,True
baseline_전체 평균,-,keep,2021-06,2021-06-01 20:00:00,121,91.09933774834437,False,True
baseline_전체 평균,-,keep,2021-06,2021-06-01 21:00:00,121,91.09933774834437,False,True
baseline_전체 평균,-,keep,2021-06,2021-06-01 22:00:00,106,91.09933774834437,False,True
baseline_전체 평균,-,keep,2021-06,2021-06-01 23:00:00,99,91.09933774834437,False,True
baseline_전체 평균,-,keep,2021-06,2021-06-02 00:00:00,62,91.09933774834437,False,True
baseline_전체 평균,-,keep,2021-06,2021-06-02 01:00:00,102,91.09933774834437,False,True
baseline_전체 평균,-,keep,2021-06,2021-06-02 02:00:00,109,91.09933774834437,False,True
baseline_전체 평균,-,keep,2021-06,2021-06-02 03:00:00,104,91.09933774834437,False,True
baseline_전체 평균,-,keep,2021-06,2021-06-02 04:00:00,100,91.09933774834437,False,True
baseline_전체 평균,-,keep,2021-06,2021-06-02 05:00:00,85,91.09933774834437,False,True
baseline_전체 평균,-,keep,2021-06,2021-06-02 06:00:00,103,91.09933774834437,False,True
baseline_전체 평균,-,keep,2021-06,2021-06-02 07:00:00,132,91.09933774834437,False,True
baseline_전체 평균,-,keep,2021-06,2021-06-02 08:00:00,172,91.09933774834437,True,True
baseline_전체 평균,-,keep,2021-06,2021-06-02 09:00:00,177,91.09933774834437,True,True
baseline_전체 평균,-,keep,2021-06,2021-06-02 10:00:00,173,91.09933774834437,True,True
baseline_전체 평균,-,keep,2021-06,2021-06-02 11:00:00,168,91.09933774834437,False,True
baseline_전체 평균,-,keep,2021-06,2021-06-02 12:00:00,103,91.09933774834437,False,True
baseline_전체 평균,-,keep,2021-06,2021-06-02 13:00:00,182,91.09933774834437,True,True
baseline_전체 평균,-,keep,2021-06,2021-06-02 14:00:00,177,91.09933774834437,True,True
baseline_전체 평균,-,keep,2021-06,2021-06-02 15:00:00,156,91.09933774834437,False,True
baseline_전체 평균,-,keep,2021-06,2021-06-02 16:00:00,167,91.09933774834437,False,True
baseline_전체 평균,-,keep,2021-06,2021-06-02 17:00:00,136,91.09933774834437,False,True
baseline_전체 평균,-,keep,2021-06,2021-06-02 18:00:00,152,91.09933774834437,False,True
baseline_전체 평균,-,keep,2021-06,2021-06-02 19:00:00,128,91.09933774834437,False,True
baseline_전체 평균,-,keep,2021-06,2021-06-02 20:00:00,113,91.09933774834437,False,True
baseline_전체 평균,-,keep,2021-06,2021-06-02 21:00:00,111,91.09933774834437,False,True
baseline_전체 평균,-,keep,2021-06,2021-06-02 22:00:00,101,91.09933774834437,False,True
baseline_전체 평균,-,keep,2021-06,2021-06-02 23:00:00,96,91.09933774834437,False,True
baseline_전체 평균,-,keep,2021-06,2021-06-03 00:00:00,66,91.09933774834437,False,True
baseline_전체 평균,-,keep,2021-06,2021-06-03 01:00:00,105,91.09933774834437,False,True
baseline_전체 평균,-,keep,2021-06,2021-06-03 02:00:00,113,91.09933774834437,False,True
baseline_전체 평균,-,keep,2021-06,2021-06-03 03:00:00,105,91.09933774834437,False,True
baseline_전체 평균,-,keep,2021-06,2021-06-03 04:00:00,106,91.09933774834437,False,True
baseline_전체 평균,-,keep,2021-06,2021-06-03 05:00:00,91,91.09933774834437,False,True
baseline_전체 평균,-,keep,2021-06,2021-06-03 06:00:00,112,91.09933774834437,False,True
baseline_전체 평균,-,keep,2021-06,2021-06-03 07:00:00,129,91.09933774834437,False,True
baseline_전체 평균,-,keep,2021-06,2021-06-03 08:00:00,170,91.09933774834437,False,True
baseline_전체 평균,-,keep,2021-06,2021-06-03 09:00:00,170,91.09933774834437,False,True
baseline_전체 평균,-,keep,2021-06,2021-06-03 10:00:00,156,91.09933774834437,False,True
baseline_전체 평균,-,keep,2021-06,2021-06-03 11:00:00,162,91.09933774834437,False,True
baseline_전체 평균,-,keep,2021-06,2021-06-03 12:00:00,102,91.09933774834437,False,True
baseline_전체 평균,-,keep,2021-06,2021-06-03 13:00:00,158,91.09933774834437,False,True
baseline_전체 평균,-,keep,2021-06,2021-06-03 14:00:00,159,91.09933774834437,False,True
baseline_전체 평균,-,keep,2021-06,2021-06-03 15:00:00,151,91.09933774834437,False,True
baseline_전체 평균,-,keep,2021-06,2021-06-03 16:00:00,160,91.09933774834437,False,True
baseline_전체 평균,-,keep,2021-06,2021-06-03 17:00:00,132,91.09933774834437,False,True
baseline_전체 평균,-,keep,2021-06,2021-06-03 18:00:00,132,91.09933774834437,False,True
baseline_전체 평균,-,keep,2021-06,2021-06-03 19:00:00,115,91.09933774834437,False,True
baseline_전체 평균,-,keep,2021-06,2021-06-03 20:00:00,122,91.09933774834437,False,True
baseline_전체 평균,-,keep,2021-06,2021-06-03 21:00:00,123,91.09933774834437,False,True
baseline_전체 평균,-,keep,2021-06,2021-06-03 22:00:00,113,91.09933774834437,False,True
baseline_전체 평균,-,keep,2021-06,2021-06-03 23:00:00,105,91.09933774834437,False,True
baseline_전체 평균,-,keep,2021-06,2021-06-04 00:00:00,68,91.09933774834437,False,True
baseline_전체 평균,-,keep,2021-06,2021-06-04 01:00:00,108,91.09933774834437,False,True
baseline_전체 평균,-,keep,2021-06,2021-06-04 02:00:00,110,91.09933774834437,False,True
baseline_전체 평균,-,keep,2021-06,2021-06-04 03:00:00,107,91.09933774834437,False,True
baseline_전체 평균,-,keep,2021-06,2021-06-04 04:00:00,109,91.09933774834437,False,True
baseline_전체 평균,-,keep,2021-06,2021-06-04 05:00:00,90,91.09933774834437,False,True
baseline_전체 평균,-,keep,2021-06,2021-06-04 06:00:00,109,91.09933774834437,False,True
baseline_전체 평균,-,keep,2021-06,2021-06-04 07:00:00,128,91.09933774834437,False,True
baseline_전체 평균,-,keep,2021-06,2021-06-04 08:00:00,156,91.09933774834437,False,True
baseline_전체 평균,-,keep,2021-06,2021-06-04 09:00:00,160,91.09933774834437,False,True
baseline_전체 평균,-,keep,2021-06,2021-06-04 10:00:00,157,91.09933774834437,False,True
baseline_전체 평균,-,keep,2021-06,2021-06-04 11:00:00,149,91.09933774834437,False,True
baseline_전체 평균,-,keep,2021-06,2021-06-04 12:00:00,89,91.09933774834437,False,True
baseline_전체 평균,-,keep,2021-06,2021-06-04 13:00:00,155,91.09933774834437,False,True
baseline_전체 평균,-,keep,2021-06,2021-06-04 14:00:00,152,91.09933774834437,False,True
baseline_전체 평균,-,keep,2021-06,2021-06-04 15:00:00,140,91.09933774834437,False,True
baseline_전체 평균,-,keep,2021-06,2021-06-04 16:00:00,142,91.09933774834437,False,True
baseline_전체 평균,-,keep,2021-06,2021-06-04 17:00:00,122,91.09933774834437,False,True
baseline_전체 평균,-,keep,2021-06,2021-06-04 18:00:00,139,91.09933774834437,False,True
baseline_전체 평균,-,keep,2021-06,2021-06-04 19:00:00,113,91.09933774834437,False,True
baseline_전체 평균,-,keep,2021-06,2021-06-04 20:00:00,101,91.09933774834437,False,True
baseline_전체 평균,-,keep,2021-06,2021-06-04 21:00:00,108,91.09933774834437,False,True
baseline_전체 평균,-,keep,2021-06,2021-06-04 22:00:00,107,91.09933774834437,False,True
baseline_전체 평균,-,keep,2021-06,2021-06-04 23:00:00,97,91.09933774834437,False,True
baseline_전체 평균,-,keep,2021-06,2021-06-05 00:00:00,63,91.09933774834437,False,True
baseline_전체 평균,-,keep,2021-06,2021-06-05 01:00:00,105,91.09933774834437,False,True
baseline_전체 평균,-,keep,2021-06,2021-06-05 02:00:00,104,91.09933774834437,False,True
baseline_전체 평균,-,keep,2021-06,2021-06-05 03:00:00,105,91.09933774834437,False,True
baseline_전체 평균,-,keep,2021-06,2021-06-05 04:00:00,107,91.09933774834437,False,True
baseline_전체 평균,-,keep,2021-06,2021-06-05 05:00:00,92,91.09933774834437,False,True
baseline_전체 평균,-,keep,2021-06,2021-06-05 06:00:00,107,91.09933774834437,False,True
baseline_전체 평균,-,keep,2021-06,2021-06-05 07:00:00,61,91.09933774834437,False,True
baseline_전체 평균,-,keep,2021-06,2021-06-05 08:00:00,24,91.09933774834437,False,True
baseline_전체 평균,-,keep,2021-06,2021-06-05 09:00:00,22,91.09933774834437,False,True
baseline_전체 평균,-,keep,2021-06,2021-06-05 10:00:00,22,91.09933774834437,False,True
baseline_전체 평균,-,keep,2021-06,2021-06-05 11:00:00,25,91.09933774834437,False,True
baseline_전체 평균,-,keep,2021-06,2021-06-05 12:00:00,22,91.09933774834437,False,True
baseline_전체 평균,-,keep,2021-06,2021-06-05 13:00:00,22,91.09933774834437,False,True
baseline_전체 평균,-,keep,2021-06,2021-06-05 14:00:00,23,91.09933774834437,False,True
baseline_전체 평균,-,keep,2021-06,2021-06-05 15:00:00,25,91.09933774834437,False,True
baseline_전체 평균,-,keep,2021-06,2021-06-05 16:00:00,23,91.09933774834437,False,True
baseline_전체 평균,-,keep,2021-06,2021-06-05 17:00:00,22,91.09933774834437,False,True
baseline_전체 평균,-,keep,2021-06,2021-06-05 18:00:00,25,91.09933774834437,False,True
baseline_전체 평균,-,keep,2021-06,2021-06-05 19:00:00,22,91.09933774834437,False,True
baseline_전체 평균,-,keep,2021-06,2021-06-05 20:00:00,22,91.09933774834437,False,True
baseline_전체 평균,-,keep,2021-06,2021-06-05 21:00:00,24,91.09933774834437,False,True
baseline_전체 평균,-,keep,2021-06,2021-06-05 22:00:00,23,91.09933774834437,False,True
baseline_전체 평균,-,keep,2021-06,2021-06-05 23:00:00,22,91.09933774834437,False,True
baseline_전체 평균,-,keep,2021-06,2021-06-06 00:00:00,22,91.09933774834437,False,True
baseline_전체 평균,-,keep,2021-06,2021-06-06 01:00:00,25,91.09933774834437,False,True
baseline_전체 평균,-,keep,2021-06,2021-06-06 02:00:00,22,91.09933774834437,False,True
baseline_전체 평균,-,keep,2021-06,2021-06-06 03:00:00,22,91.09933774834437,False,True
baseline_전체 평균,-,keep,2021-06,2021-06-06 04:00:00,24,91.09933774834437,False,True
baseline_전체 평균,-,keep,2021-06,2021-06-06 05:00:00,22,91.09933774834437,False,True
baseline_전체 평균,-,keep,2021-06,2021-06-06 06:00:00,22,91.09933774834437,False,True
baseline_전체 평균,-,keep,2021-06,2021-06-06 07:00:00,24,91.09933774834437,False,True
baseline_전체 평균,-,keep,2021-06,2021-06-06 08:00:00,22,91.09933774834437,False,True
baseline_전체 평균,-,keep,2021-06,2021-06-06 09:00:00,23,91.09933774834437,False,True
baseline_전체 평균,-,keep,2021-06,2021-06-06 10:00:00,23,91.09933774834437,False,True
baseline_전체 평균,-,keep,2021-06,2021-06-06 11:00:00,24,91.09933774834437,False,True
baseline_전체 평균,-,keep,2021-06,2021-06-06 12:00:00,22,91.09933774834437,False,True
baseline_전체 평균,-,keep,2021-06,2021-06-06 13:00:00,22,91.09933774834437,False,True
baseline_전체 평균,-,keep,2021-06,2021-06-06 14:00:00,24,91.09933774834437,False,True
baseline_전체 평균,-,keep,2021-06,2021-06-06 15:00:00,22,91.09933774834437,False,True
baseline_전체 평균,-,keep,2021-06,2021-06-06 16:00:00,23,91.09933774834437,False,True
baseline_전체 평균,-,keep,2021-06,2021-06-06 17:00:00,23,91.09933774834437,False,True
baseline_전체 평균,-,keep,2021-06,2021-06-06 18:00:00,23,91.09933774834437,False,True
baseline_전체 평균,-,keep,2021-06,2021-06-06 19:00:00,22,91.09933774834437,False,True
baseline_전체 평균,-,keep,2021-06,2021-06-06 20:00:00,22,91.09933774834437,False,True
baseline_전체 평균,-,keep,2021-06,2021-06-06 21:00:00,25,91.09933774834437,False,True
baseline_전체 평균,-,keep,2021-06,2021-06-06 22:00:00,23,91.09933774834437,False,True
baseline_전체 평균,-,keep,2021-06,2021-06-06 23:00:00,23,91.09933774834437,False,True
baseline_전체 평균,-,keep,2021-06,2021-06-07 00:00:00,23,91.09933774834437,False,True
baseline_전체 평균,-,keep,2021-06,2021-06-07 01:00:00,23,91.09933774834437,False,True
baseline_전체 평균,-,keep,2021-06,2021-06-07 02:00:00,22,91.09933774834437,False,True
baseline_전체 평균,-,keep,2021-06,2021-06-07 03:00:00,22,91.09933774834437,False,True
baseline_전체 평균,-,keep,2021-06,2021-06-07 04:00:00,24,91.09933774834437,False,True
baseline_전체 평균,-,keep,2021-06,2021-06-07 05:00:00,22,91.09933774834437,False,True
baseline_전체 평균,-,keep,2021-06,2021-06-07 06:00:00,22,91.09933774834437,False,True
baseline_전체 평균,-,keep,2021-06,2021-06-07 07:00:00,56,91.09933774834437,False,True
baseline_전체 평균,-,keep,2021-06,2021-06-07 08:00:00,171,91.09933774834437,True,True
baseline_전체 평균,-,keep,2021-06,2021-06-07 09:00:00,166,91.09933774834437,False,True
baseline_전체 평균,-,keep,2021-06,2021-06-07 10:00:00,161,91.09933774834437,False,True
baseline_전체 평균,-,keep,2021-06,2021-06-07 11:00:00,168,91.09933774834437,False,True
baseline_전체 평균,-,keep,2021-06,2021-06-07 12:00:00,115,91.09933774834437,False,True
baseline_전체 평균,-,keep,2021-06,2021-06-07 13:00:00,175,91.09933774834437,True,True
baseline_전체 평균,-,keep,2021-06,2021-06-07 14:00:00,175,91.09933774834437,True,True
baseline_전체 평균,-,keep,2021-06,2021-06-07 15:00:00,163,91.09933774834437,False,True
baseline_전체 평균,-,keep,2021-06,2021-06-07 16:00:00,165,91.09933774834437,False,True
baseline_전체 평균,-,keep,2021-06,2021-06-07 17:00:00,136,91.09933774834437,False,True
baseline_전체 평균,-,keep,2021-06,2021-06-07 18:00:00,152,91.09933774834437,False,True
baseline_전체 평균,-,keep,2021-06,2021-06-07 19:00:00,130,91.09933774834437,False,True
baseline_전체 평균,-,keep,2021-06,2021-06-07 20:00:00,108,91.09933774834437,False,True
baseline_전체 평균,-,keep,2021-06,2021-06-07 21:00:00,111,91.09933774834437,False,True
baseline_전체 평균,-,keep,2021-06,2021-06-07 22:00:00,95,91.09933774834437,False,True
baseline_전체 평균,-,keep,2021-06,2021-06-07 23:00:00,98,91.09933774834437,False,True
baseline_전체 평균,-,keep,2021-06,2021-06-08 00:00:00,63,91.09933774834437,False,True
baseline_전체 평균,-,keep,2021-06,2021-06-08 01:00:00,99,91.09933774834437,False,True
baseline_전체 평균,-,keep,2021-06,2021-06-08 02:00:00,103,91.09933774834437,False,True
baseline_전체 평균,-,keep,2021-06,2021-06-08 03:00:00,100,91.09933774834437,False,True
baseline_전체 평균,-,keep,2021-06,2021-06-08 04:00:00,105,91.09933774834437,False,True
baseline_전체 평균,-,keep,2021-06,2021-06-08 05:00:00,87,91.09933774834437,False,True
baseline_전체 평균,-,keep,2021-06,2021-06-08 06:00:00,98,91.09933774834437,False,True
baseline_전체 평균,-,keep,2021-06,2021-06-08 07:00:00,93,91.09933774834437,False,True
baseline_전체 평균,-,keep,2021-06,2021-06-08 08:00:00,154,91.09933774834437,False,True
baseline_전체 평균,-,keep,2021-06,2021-06-08 09:00:00,160,91.09933774834437,False,True
baseline_전체 평균,-,keep,2021-06,2021-06-08 10:00:00,142,91.09933774834437,False,True
baseline_전체 평균,-,keep,2021-06,2021-06-08 11:00:00,164,91.09933774834437,False,True
baseline_전체 평균,-,keep,2021-06,2021-06-08 12:00:00,103,91.09933774834437,False,True
baseline_전체 평균,-,keep,2021-06,2021-06-08 13:00:00,165,91.09933774834437,False,True
baseline_전체 평균,-,keep,2021-06,2021-06-08 14:00:00,166,91.09933774834437,False,True
baseline_전체 평균,-,keep,2021-06,2021-06-08 15:00:00,161,91.09933774834437,False,True
baseline_전체 평균,-,keep,2021-06,2021-06-08 16:00:00,158,91.09933774834437,False,True
baseline_전체 평균,-,keep,2021-06,2021-06-08 17:00:00,136,91.09933774834437,False,True
baseline_전체 평균,-,keep,2021-06,2021-06-08 18:00:00,154,91.09933774834437,False,True
baseline_전체 평균,-,keep,2021-06,2021-06-08 19:00:00,142,91.09933774834437,False,True
baseline_전체 평균,-,keep,2021-06,2021-06-08 20:00:00,129,91.09933774834437,False,True
baseline_전체 평균,-,keep,2021-06,2021-06-08 21:00:00,121,91.09933774834437,False,True
baseline_전체 평균,-,keep,2021-06,2021-06-08 22:00:00,107,91.09933774834437,False,True
baseline_전체 평균,-,keep,2021-06,2021-06-08 23:00:00,101,91.09933774834437,False,True
baseline_전체 평균,-,keep,2021-06,2021-06-09 00:00:00,68,91.09933774834437,False,True
baseline_전체 평균,-,keep,2021-06,2021-06-09 01:00:00,99,91.09933774834437,False,True
baseline_전체 평균,-,keep,2021-06,2021-06-09 02:00:00,104,91.09933774834437,False,True
baseline_전체 평균,-,keep,2021-06,2021-06-09 03:00:00,103,91.09933774834437,False,True
baseline_전체 평균,-,keep,2021-06,2021-06-09 04:00:00,100,91.09933774834437,False,True
baseline_전체 평균,-,keep,2021-06,2021-06-09 05:00:00,85,91.09933774834437,False,True
baseline_전체 평균,-,keep,2021-06,2021-06-09 06:00:00,103,91.09933774834437,False,True
baseline_전체 평균,-,keep,2021-06,2021-06-09 07:00:00,128,91.09933774834437,False,True
baseline_전체 평균,-,keep,2021-06,2021-06-09 08:00:00,169,91.09933774834437,False,True
baseline_전체 평균,-,keep,2021-06,2021-06-09 09:00:00,172,91.09933774834437,True,True
baseline_전체 평균,-,keep,2021-06,2021-06-09 10:00:00,166,91.09933774834437,False,True
baseline_전체 평균,-,keep,2021-06,2021-06-09 11:00:00,172,91.09933774834437,True,True
baseline_전체 평균,-,keep,2021-06,2021-06-09 12:00:00,110,91.09933774834437,False,True
baseline_전체 평균,-,keep,2021-06,2021-06-09 13:00:00,169,91.09933774834437,False,True
baseline_전체 평균,-,keep,2021-06,2021-06-09 14:00:00,165,91.09933774834437,False,True
baseline_전체 평균,-,keep,2021-06,2021-06-09 15:00:00,158,91.09933774834437,False,True
baseline_전체 평균,-,keep,2021-06,2021-06-09 16:00:00,151,91.09933774834437,False,True
baseline_전체 평균,-,keep,2021-06,2021-06-09 17:00:00,129,91.09933774834437,False,True
baseline_전체 평균,-,keep,2021-06,2021-06-09 18:00:00,155,91.09933774834437,False,True
baseline_전체 평균,-,keep,2021-06,2021-06-09 19:00:00,132,91.09933774834437,False,True
baseline_전체 평균,-,keep,2021-06,2021-06-09 20:00:00,109,91.09933774834437,False,True
baseline_전체 평균,-,keep,2021-06,2021-06-09 21:00:00,105,91.09933774834437,False,True
baseline_전체 평균,-,keep,2021-06,2021-06-09 22:00:00,101,91.09933774834437,False,True
baseline_전체 평균,-,keep,2021-06,2021-06-09 23:00:00,95,91.09933774834437,False,True
baseline_전체 평균,-,keep,2021-06,2021-06-10 00:00:00,65,91.09933774834437,False,True
baseline_전체 평균,-,keep,2021-06,2021-06-10 01:00:00,103,91.09933774834437,False,True
baseline_전체 평균,-,keep,2021-06,2021-06-10 02:00:00,104,91.09933774834437,False,True
baseline_전체 평균,-,keep,2021-06,2021-06-10 03:00:00,99,91.09933774834437,False,True
baseline_전체 평균,-,keep,2021-06,2021-06-10 04:00:00,106,91.09933774834437,False,True
baseline_전체 평균,-,keep,2021-06,2021-06-10 05:00:00,91,91.09933774834437,False,True
baseline_전체 평균,-,keep,2021-06,2021-06-10 06:00:00,104,91.09933774834437,False,True
baseline_전체 평균,-,keep,2021-06,2021-06-10 07:00:00,119,91.09933774834437,False,True
baseline_전체 평균,-,keep,2021-06,2021-06-10 08:00:00,155,91.09933774834437,False,True
baseline_전체 평균,-,keep,2021-06,2021-06-10 09:00:00,166,91.09933774834437,False,True
baseline_전체 평균,-,keep,2021-06,2021-06-10 10:00:00,164,91.09933774834437,False,True
baseline_전체 평균,-,keep,2021-06,2021-06-10 11:00:00,161,91.09933774834437,False,True
baseline_전체 평균,-,keep,2021-06,2021-06-10 12:00:00,111,91.09933774834437,False,True
baseline_전체 평균,-,keep,2021-06,2021-06-10 13:00:00,153,91.09933774834437,False,True
baseline_전체 평균,-,keep,2021-06,2021-06-10 14:00:00,162,91.09933774834437,False,True
baseline_전체 평균,-,keep,2021-06,2021-06-10 15:00:00,152,91.09933774834437,False,True
baseline_전체 평균,-,keep,2021-06,2021-06-10 16:00:00,153,91.09933774834437,False,True
baseline_전체 평균,-,keep,2021-06,2021-06-10 17:00:00,130,91.09933774834437,False,True
baseline_전체 평균,-,keep,2021-06,2021-06-10 18:00:00,122,91.09933774834437,False,True
baseline_전체 평균,-,keep,2021-06,2021-06-10 19:00:00,123,91.09933774834437,False,True
baseline_전체 평균,-,keep,2021-06,2021-06-10 20:00:00,133,91.09933774834437,False,True
baseline_전체 평균,-,keep,2021-06,2021-06-10 21:00:00,129,91.09933774834437,False,True
baseline_전체 평균,-,keep,2021-06,2021-06-10 22:00:00,118,91.09933774834437,False,True
baseline_전체 평균,-,keep,2021-06,2021-06-10 23:00:00,105,91.09933774834437,False,True
baseline_전체 평균,-,keep,2021-06,2021-06-11 00:00:00,70,91.09933774834437,False,True
baseline_전체 평균,-,keep,2021-06,2021-06-11 01:00:00,107,91.09933774834437,False,True
baseline_전체 평균,-,keep,2021-06,2021-06-11 02:00:00,104,91.09933774834437,False,True
baseline_전체 평균,-,keep,2021-06,2021-06-11 03:00:00,101,91.09933774834437,False,True
baseline_전체 평균,-,keep,2021-06,2021-06-11 04:00:00,111,91.09933774834437,False,True
baseline_전체 평균,-,keep,2021-06,2021-06-11 05:00:00,90,91.09933774834437,False,True
baseline_전체 평균,-,keep,2021-06,2021-06-11 06:00:00,105,91.09933774834437,False,True
baseline_전체 평균,-,keep,2021-06,2021-06-11 07:00:00,133,91.09933774834437,False,True
baseline_전체 평균,-,keep,2021-06,2021-06-11 08:00:00,168,91.09933774834437,False,True
baseline_전체 평균,-,keep,2021-06,2021-06-11 09:00:00,168,91.09933774834437,False,True
baseline_전체 평균,-,keep,2021-06,2021-06-11 10:00:00,156,91.09933774834437,False,True
baseline_전체 평균,-,keep,2021-06,2021-06-11 11:00:00,168,91.09933774834437,False,True
baseline_전체 평균,-,keep,2021-06,2021-06-11 12:00:00,104,91.09933774834437,False,True
baseline_전체 평균,-,keep,2021-06,2021-06-11 13:00:00,154,91.09933774834437,False,True
baseline_전체 평균,-,keep,2021-06,2021-06-11 14:00:00,159,91.09933774834437,False,True
baseline_전체 평균,-,keep,2021-06,2021-06-11 15:00:00,150,91.09933774834437,False,True
baseline_전체 평균,-,keep,2021-06,2021-06-11 16:00:00,157,91.09933774834437,False,True
baseline_전체 평균,-,keep,2021-06,2021-06-11 17:00:00,136,91.09933774834437,False,True
baseline_전체 평균,-,keep,2021-06,2021-06-11 18:00:00,145,91.09933774834437,False,True
baseline_전체 평균,-,keep,2021-06,2021-06-11 19:00:00,136,91.09933774834437,False,True
baseline_전체 평균,-,keep,2021-06,2021-06-11 20:00:00,121,91.09933774834437,False,True
baseline_전체 평균,-,keep,2021-06,2021-06-11 21:00:00,109,91.09933774834437,False,True
baseline_전체 평균,-,keep,2021-06,2021-06-11 22:00:00,104,91.09933774834437,False,True
baseline_전체 평균,-,keep,2021-06,2021-06-11 23:00:00,100,91.09933774834437,False,True
baseline_전체 평균,-,keep,2021-06,2021-06-12 00:00:00,66,91.09933774834437,False,True
baseline_전체 평균,-,keep,2021-06,2021-06-12 01:00:00,106,91.09933774834437,False,True
baseline_전체 평균,-,keep,2021-06,2021-06-12 02:00:00,104,91.09933774834437,False,True
baseline_전체 평균,-,keep,2021-06,2021-06-12 03:00:00,107,91.09933774834437,False,True
baseline_전체 평균,-,keep,2021-06,2021-06-12 04:00:00,109,91.09933774834437,False,True
baseline_전체 평균,-,keep,2021-06,2021-06-12 05:00:00,90,91.09933774834437,False,True
baseline_전체 평균,-,keep,2021-06,2021-06-12 06:00:00,102,91.09933774834437,False,True
baseline_전체 평균,-,keep,2021-06,2021-06-12 07:00:00,71,91.09933774834437,False,True
baseline_전체 평균,-,keep,2021-06,2021-06-12 08:00:00,23,91.09933774834437,False,True
baseline_전체 평균,-,keep,2021-06,2021-06-12 09:00:00,25,91.09933774834437,False,True
baseline_전체 평균,-,keep,2021-06,2021-06-12 10:00:00,26,91.09933774834437,False,True
baseline_전체 평균,-,keep,2021-06,2021-06-12 11:00:00,26,91.09933774834437,False,True
baseline_전체 평균,-,keep,2021-06,2021-06-12 12:00:00,25,91.09933774834437,False,True
baseline_전체 평균,-,keep,2021-06,2021-06-12 13:00:00,23,91.09933774834437,False,True
baseline_전체 평균,-,keep,2021-06,2021-06-12 14:00:00,22,91.09933774834437,False,True
baseline_전체 평균,-,keep,2021-06,2021-06-12 15:00:00,23,91.09933774834437,False,True
baseline_전체 평균,-,keep,2021-06,2021-06-12 16:00:00,25,91.09933774834437,False,True
baseline_전체 평균,-,keep,2021-06,2021-06-12 17:00:00,23,91.09933774834437,False,True
baseline_전체 평균,-,keep,2021-06,2021-06-12 18:00:00,22,91.09933774834437,False,True
baseline_전체 평균,-,keep,2021-06,2021-06-12 19:00:00,25,91.09933774834437,False,True
baseline_전체 평균,-,keep,2021-06,2021-06-12 20:00:00,23,91.09933774834437,False,True
baseline_전체 평균,-,keep,2021-06,2021-06-12 21:00:00,23,91.09933774834437,False,True
baseline_전체 평균,-,keep,2021-06,2021-06-12 22:00:00,23,91.09933774834437,False,True
baseline_전체 평균,-,keep,2021-06,2021-06-12 23:00:00,24,91.09933774834437,False,True
baseline_전체 평균,-,keep,2021-06,2021-06-13 00:00:00,23,91.09933774834437,False,True
baseline_전체 평균,-,keep,2021-06,2021-06-13 01:00:00,22,91.09933774834437,False,True
baseline_전체 평균,-,keep,2021-06,2021-06-13 02:00:00,25,91.09933774834437,False,True
baseline_전체 평균,-,keep,2021-06,2021-06-13 03:00:00,22,91.09933774834437,False,True
baseline_전체 평균,-,keep,2021-06,2021-06-13 04:00:00,23,91.09933774834437,False,True
baseline_전체 평균,-,keep,2021-06,2021-06-13 05:00:00,22,91.09933774834437,False,True
baseline_전체 평균,-,keep,2021-06,2021-06-13 06:00:00,24,91.09933774834437,False,True
baseline_전체 평균,-,keep,2021-06,2021-06-13 07:00:00,22,91.09933774834437,False,True
baseline_전체 평균,-,keep,2021-06,2021-06-13 08:00:00,22,91.09933774834437,False,True
baseline_전체 평균,-,keep,2021-06,2021-06-13 09:00:00,24,91.09933774834437,False,True
baseline_전체 평균,-,keep,2021-06,2021-06-13 10:00:00,22,91.09933774834437,False,True
baseline_전체 평균,-,keep,2021-06,2021-06-13 11:00:00,22,91.09933774834437,False,True
baseline_전체 평균,-,keep,2021-06,2021-06-13 12:00:00,24,91.09933774834437,False,True
baseline_전체 평균,-,keep,2021-06,2021-06-13 13:00:00,23,91.09933774834437,False,True
baseline_전체 평균,-,keep,2021-06,2021-06-13 14:00:00,22,91.09933774834437,False,True
baseline_전체 평균,-,keep,2021-06,2021-06-13 15:00:00,22,91.09933774834437,False,True
baseline_전체 평균,-,keep,2021-06,2021-06-13 16:00:00,25,91.09933774834437,False,True
baseline_전체 평균,-,keep,2021-06,2021-06-13 17:00:00,22,91.09933774834437,False,True
baseline_전체 평균,-,keep,2021-06,2021-06-13 18:00:00,22,91.09933774834437,False,True
baseline_전체 평균,-,keep,2021-06,2021-06-13 19:00:00,24,91.09933774834437,False,True
baseline_전체 평균,-,keep,2021-06,2021-06-13 20:00:00,22,91.09933774834437,False,True
baseline_전체 평균,-,keep,2021-06,2021-06-13 21:00:00,23,91.09933774834437,False,True
baseline_전체 평균,-,keep,2021-06,2021-06-13 22:00:00,23,91.09933774834437,False,True
baseline_전체 평균,-,keep,2021-06,2021-06-13 23:00:00,24,91.09933774834437,False,True
baseline_전체 평균,-,keep,2021-06,2021-06-14 00:00:00,22,91.09933774834437,False,True
baseline_전체 평균,-,keep,2021-06,2021-06-14 01:00:00,22,91.09933774834437,False,True
baseline_전체 평균,-,keep,2021-06,2021-06-14 02:00:00,24,91.09933774834437,False,True
baseline_전체 평균,-,keep,2021-06,2021-06-14 03:00:00,22,91.09933774834437,False,True
baseline_전체 평균,-,keep,2021-06,2021-06-14 04:00:00,23,91.09933774834437,False,True
baseline_전체 평균,-,keep,2021-06,2021-06-14 05:00:00,24,91.09933774834437,False,True
baseline_전체 평균,-,keep,2021-06,2021-06-14 06:00:00,23,91.09933774834437,False,True
baseline_전체 평균,-,keep,2021-06,2021-06-14 07:00:00,62,91.09933774834437,False,True
baseline_전체 평균,-,keep,2021-06,2021-06-14 08:00:00,183,91.09933774834437,True,True
baseline_전체 평균,-,keep,2021-06,2021-06-14 09:00:00,178,91.09933774834437,True,True
baseline_전체 평균,-,keep,2021-06,2021-06-14 10:00:00,171,91.09933774834437,True,True
baseline_전체 평균,-,keep,2021-06,2021-06-14 11:00:00,181,91.09933774834437,True,True
baseline_전체 평균,-,keep,2021-06,2021-06-14 12:00:00,119,91.09933774834437,False,True
baseline_전체 평균,-,keep,2021-06,2021-06-14 13:00:00,186,91.09933774834437,True,True
baseline_전체 평균,-,keep,2021-06,2021-06-14 14:00:00,177,91.09933774834437,True,True
baseline_전체 평균,-,keep,2021-06,2021-06-14 15:00:00,178,91.09933774834437,True,True
baseline_전체 평균,-,keep,2021-06,2021-06-14 16:00:00,171,91.09933774834437,True,True
baseline_전체 평균,-,keep,2021-06,2021-06-14 17:00:00,146,91.09933774834437,False,True
baseline_전체 평균,-,keep,2021-06,2021-06-14 18:00:00,173,91.09933774834437,True,True
baseline_전체 평균,-,keep,2021-06,2021-06-14 19:00:00,150,91.09933774834437,False,True
baseline_전체 평균,-,keep,2021-06,2021-06-14 20:00:00,119,91.09933774834437,False,True
baseline_전체 평균,-,keep,2021-06,2021-06-14 21:00:00,123,91.09933774834437,False,True
baseline_전체 평균,-,keep,2021-06,2021-06-14 22:00:00,112,91.09933774834437,False,True
baseline_전체 평균,-,keep,2021-06,2021-06-14 23:00:00,107,91.09933774834437,False,True
baseline_전체 평균,-,keep,2021-06,2021-06-15 00:00:00,76,91.09933774834437,False,True
baseline_전체 평균,-,keep,2021-06,2021-06-15 01:00:00,110,91.09933774834437,False,True
baseline_전체 평균,-,keep,2021-06,2021-06-15 02:00:00,117,91.09933774834437,False,True
baseline_전체 평균,-,keep,2021-06,2021-06-15 03:00:00,116,91.09933774834437,False,True
baseline_전체 평균,-,keep,2021-06,2021-06-15 04:00:00,110,91.09933774834437,False,True
baseline_전체 평균,-,keep,2021-06,2021-06-15 05:00:00,97,91.09933774834437,False,True
baseline_전체 평균,-,keep,2021-06,2021-06-15 06:00:00,118,91.09933774834437,False,True
baseline_전체 평균,-,keep,2021-06,2021-06-15 07:00:00,132,91.09933774834437,False,True
baseline_전체 평균,-,keep,2021-06,2021-06-15 08:00:00,188,91.09933774834437,True,True
baseline_전체 평균,-,keep,2021-06,2021-06-15 09:00:00,186,91.09933774834437,True,True
baseline_전체 평균,-,keep,2021-06,2021-06-15 10:00:00,164,91.09933774834437,False,True
baseline_전체 평균,-,keep,2021-06,2021-06-15 11:00:00,173,91.09933774834437,True,True
baseline_전체 평균,-,keep,2021-06,2021-06-15 12:00:00,112,91.09933774834437,False,True
baseline_전체 평균,-,keep,2021-06,2021-06-15 13:00:00,171,91.09933774834437,True,True
baseline_전체 평균,-,keep,2021-06,2021-06-15 14:00:00,177,91.09933774834437,True,True
baseline_전체 평균,-,keep,2021-06,2021-06-15 15:00:00,163,91.09933774834437,False,True
baseline_전체 평균,-,keep,2021-06,2021-06-15 16:00:00,170,91.09933774834437,False,True
baseline_전체 평균,-,keep,2021-06,2021-06-15 17:00:00,134,91.09933774834437,False,True
baseline_전체 평균,-,keep,2021-06,2021-06-15 18:00:00,161,91.09933774834437,False,True
baseline_전체 평균,-,keep,2021-06,2021-06-15 19:00:00,156,91.09933774834437,False,True
baseline_전체 평균,-,keep,2021-06,2021-06-15 20:00:00,128,91.09933774834437,False,True
baseline_전체 평균,-,keep,2021-06,2021-06-15 21:00:00,127,91.09933774834437,False,True
baseline_전체 평균,-,keep,2021-06,2021-06-15 22:00:00,115,91.09933774834437,False,True
baseline_전체 평균,-,keep,2021-06,2021-06-15 23:00:00,108,91.09933774834437,False,True
baseline_전체 평균,-,keep,2021-06,2021-06-16 00:00:00,73,91.09933774834437,False,True
baseline_전체 평균,-,keep,2021-06,2021-06-16 01:00:00,111,91.09933774834437,False,True
baseline_전체 평균,-,keep,2021-06,2021-06-16 02:00:00,114,91.09933774834437,False,True
baseline_전체 평균,-,keep,2021-06,2021-06-16 03:00:00,112,91.09933774834437,False,True
baseline_전체 평균,-,keep,2021-06,2021-06-16 04:00:00,112,91.09933774834437,False,True
baseline_전체 평균,-,keep,2021-06,2021-06-16 05:00:00,92,91.09933774834437,False,True
baseline_전체 평균,-,keep,2021-06,2021-06-16 06:00:00,115,91.09933774834437,False,True
baseline_전체 평균,-,keep,2021-06,2021-06-16 07:00:00,130,91.09933774834437,False,True
baseline_전체 평균,-,keep,2021-06,2021-06-16 08:00:00,177,91.09933774834437,True,True
baseline_전체 평균,-,keep,2021-06,2021-06-16 09:00:00,180,91.09933774834437,True,True
baseline_전체 평균,-,keep,2021-06,2021-06-16 10:00:00,178,91.09933774834437,True,True
baseline_전체 평균,-,keep,2021-06,2021-06-16 11:00:00,176,91.09933774834437,True,True
baseline_전체 평균,-,keep,2021-06,2021-06-16 12:00:00,109,91.09933774834437,False,True
baseline_전체 평균,-,keep,2021-06,2021-06-16 13:00:00,169,91.09933774834437,False,True
baseline_전체 평균,-,keep,2021-06,2021-06-16 14:00:00,171,91.09933774834437,True,True
baseline_전체 평균,-,keep,2021-06,2021-06-16 15:00:00,163,91.09933774834437,False,True
baseline_전체 평균,-,keep,2021-06,2021-06-16 16:00:00,168,91.09933774834437,False,True
baseline_전체 평균,-,keep,2021-06,2021-06-16 17:00:00,154,91.09933774834437,False,True
baseline_전체 평균,-,keep,2021-06,2021-06-16 18:00:00,168,91.09933774834437,False,True
baseline_전체 평균,-,keep,2021-06,2021-06-16 19:00:00,139,91.09933774834437,False,True
baseline_전체 평균,-,keep,2021-06,2021-06-16 20:00:00,114,91.09933774834437,False,True
baseline_전체 평균,-,keep,2021-06,2021-06-16 21:00:00,118,91.09933774834437,False,True
baseline_전체 평균,-,keep,2021-06,2021-06-16 22:00:00,103,91.09933774834437,False,True
baseline_전체 평균,-,keep,2021-06,2021-06-16 23:00:00,106,91.09933774834437,False,True
baseline_전체 평균,-,keep,2021-06,2021-06-17 00:00:00,72,91.09933774834437,False,True
baseline_전체 평균,-,keep,2021-06,2021-06-17 01:00:00,107,91.09933774834437,False,True
baseline_전체 평균,-,keep,2021-06,2021-06-17 02:00:00,112,91.09933774834437,False,True
baseline_전체 평균,-,keep,2021-06,2021-06-17 03:00:00,116,91.09933774834437,False,True
baseline_전체 평균,-,keep,2021-06,2021-06-17 04:00:00,113,91.09933774834437,False,True
baseline_전체 평균,-,keep,2021-06,2021-06-17 05:00:00,97,91.09933774834437,False,True
baseline_전체 평균,-,keep,2021-06,2021-06-17 06:00:00,121,91.09933774834437,False,True
baseline_전체 평균,-,keep,2021-06,2021-06-17 07:00:00,141,91.09933774834437,False,True
baseline_전체 평균,-,keep,2021-06,2021-06-17 08:00:00,190,91.09933774834437,True,True
baseline_전체 평균,-,keep,2021-06,2021-06-17 09:00:00,180,91.09933774834437,True,True
baseline_전체 평균,-,keep,2021-06,2021-06-17 10:00:00,166,91.09933774834437,False,True
baseline_전체 평균,-,keep,2021-06,2021-06-17 11:00:00,183,91.09933774834437,True,True
baseline_전체 평균,-,keep,2021-06,2021-06-17 12:00:00,103,91.09933774834437,False,True
baseline_전체 평균,-,keep,2021-06,2021-06-17 13:00:00,183,91.09933774834437,True,True
baseline_전체 평균,-,keep,2021-06,2021-06-17 14:00:00,179,91.09933774834437,True,True
baseline_전체 평균,-,keep,2021-06,2021-06-17 15:00:00,170,91.09933774834437,False,True
baseline_전체 평균,-,keep,2021-06,2021-06-17 16:00:00,169,91.09933774834437,False,True
baseline_전체 평균,-,keep,2021-06,2021-06-17 17:00:00,138,91.09933774834437,False,True
baseline_전체 평균,-,keep,2021-06,2021-06-17 18:00:00,170,91.09933774834437,False,True
baseline_전체 평균,-,keep,2021-06,2021-06-17 19:00:00,159,91.09933774834437,False,True
baseline_전체 평균,-,keep,2021-06,2021-06-17 20:00:00,139,91.09933774834437,False,True
baseline_전체 평균,-,keep,2021-06,2021-06-17 21:00:00,127,91.09933774834437,False,True
baseline_전체 평균,-,keep,2021-06,2021-06-17 22:00:00,125,91.09933774834437,False,True
baseline_전체 평균,-,keep,2021-06,2021-06-17 23:00:00,111,91.09933774834437,False,True
baseline_전체 평균,-,keep,2021-06,2021-06-18 00:00:00,80,91.09933774834437,False,True
baseline_전체 평균,-,keep,2021-06,2021-06-18 01:00:00,112,91.09933774834437,False,True
baseline_전체 평균,-,keep,2021-06,2021-06-18 02:00:00,115,91.09933774834437,False,True
baseline_전체 평균,-,keep,2021-06,2021-06-18 03:00:00,114,91.09933774834437,False,True
baseline_전체 평균,-,keep,2021-06,2021-06-18 04:00:00,112,91.09933774834437,False,True
baseline_전체 평균,-,keep,2021-06,2021-06-18 05:00:00,102,91.09933774834437,False,True
baseline_전체 평균,-,keep,2021-06,2021-06-18 06:00:00,121,91.09933774834437,False,True
baseline_전체 평균,-,keep,2021-06,2021-06-18 07:00:00,133,91.09933774834437,False,True
baseline_전체 평균,-,keep,2021-06,2021-06-18 08:00:00,162,91.09933774834437,False,True
baseline_전체 평균,-,keep,2021-06,2021-06-18 09:00:00,171,91.09933774834437,True,True
baseline_전체 평균,-,keep,2021-06,2021-06-18 10:00:00,165,91.09933774834437,False,True
baseline_전체 평균,-,keep,2021-06,2021-06-18 11:00:00,177,91.09933774834437,True,True
baseline_전체 평균,-,keep,2021-06,2021-06-18 12:00:00,102,91.09933774834437,False,True
baseline_전체 평균,-,keep,2021-06,2021-06-18 13:00:00,174,91.09933774834437,True,True
baseline_전체 평균,-,keep,2021-06,2021-06-18 14:00:00,164,91.09933774834437,False,True
baseline_전체 평균,-,keep,2021-06,2021-06-18 15:00:00,156,91.09933774834437,False,True
baseline_전체 평균,-,keep,2021-06,2021-06-18 16:00:00,162,91.09933774834437,False,True
baseline_전체 평균,-,keep,2021-06,2021-06-18 17:00:00,148,91.09933774834437,False,True
baseline_전체 평균,-,keep,2021-06,2021-06-18 18:00:00,150,91.09933774834437,False,True
baseline_전체 평균,-,keep,2021-06,2021-06-18 19:00:00,138,91.09933774834437,False,True
baseline_전체 평균,-,keep,2021-06,2021-06-18 20:00:00,117,91.09933774834437,False,True
baseline_전체 평균,-,keep,2021-06,2021-06-18 21:00:00,114,91.09933774834437,False,True
baseline_전체 평균,-,keep,2021-06,2021-06-18 22:00:00,114,91.09933774834437,False,True
baseline_전체 평균,-,keep,2021-06,2021-06-18 23:00:00,106,91.09933774834437,False,True
baseline_전체 평균,-,keep,2021-06,2021-06-19 00:00:00,67,91.09933774834437,False,True
baseline_전체 평균,-,keep,2021-06,2021-06-19 01:00:00,110,91.09933774834437,False,True
baseline_전체 평균,-,keep,2021-06,2021-06-19 02:00:00,115,91.09933774834437,False,True
baseline_전체 평균,-,keep,2021-06,2021-06-19 03:00:00,100,91.09933774834437,False,True
baseline_전체 평균,-,keep,2021-06,2021-06-19 04:00:00,109,91.09933774834437,False,True
baseline_전체 평균,-,keep,2021-06,2021-06-19 05:00:00,88,91.09933774834437,False,True
baseline_전체 평균,-,keep,2021-06,2021-06-19 06:00:00,103,91.09933774834437,False,True
baseline_전체 평균,-,keep,2021-06,2021-06-19 07:00:00,57,91.09933774834437,False,True
baseline_전체 평균,-,keep,2021-06,2021-06-19 08:00:00,23,91.09933774834437,False,True
baseline_전체 평균,-,keep,2021-06,2021-06-19 09:00:00,22,91.09933774834437,False,True
baseline_전체 평균,-,keep,2021-06,2021-06-19 10:00:00,22,91.09933774834437,False,True
baseline_전체 평균,-,keep,2021-06,2021-06-19 11:00:00,24,91.09933774834437,False,True
baseline_전체 평균,-,keep,2021-06,2021-06-19 12:00:00,22,91.09933774834437,False,True
baseline_전체 평균,-,keep,2021-06,2021-06-19 13:00:00,22,91.09933774834437,False,True
baseline_전체 평균,-,keep,2021-06,2021-06-19 14:00:00,25,91.09933774834437,False,True
baseline_전체 평균,-,keep,2021-06,2021-06-19 15:00:00,22,91.09933774834437,False,True
baseline_전체 평균,-,keep,2021-06,2021-06-19 16:00:00,22,91.09933774834437,False,True
baseline_전체 평균,-,keep,2021-06,2021-06-19 17:00:00,23,91.09933774834437,False,True
baseline_전체 평균,-,keep,2021-06,2021-06-19 18:00:00,24,91.09933774834437,False,True
baseline_전체 평균,-,keep,2021-06,2021-06-19 19:00:00,22,91.09933774834437,False,True
baseline_전체 평균,-,keep,2021-06,2021-06-19 20:00:00,22,91.09933774834437,False,True
baseline_전체 평균,-,keep,2021-06,2021-06-19 21:00:00,24,91.09933774834437,False,True
baseline_전체 평균,-,keep,2021-06,2021-06-19 22:00:00,23,91.09933774834437,False,True
baseline_전체 평균,-,keep,2021-06,2021-06-19 23:00:00,22,91.09933774834437,False,True
baseline_전체 평균,-,keep,2021-06,2021-06-20 00:00:00,22,91.09933774834437,False,False
baseline_전체 평균,-,keep,2021-06,2021-06-20 01:00:00,24,91.09933774834437,False,False
baseline_전체 평균,-,keep,2021-06,2021-06-20 02:00:00,22,91.09933774834437,False,False
baseline_전체 평균,-,keep,2021-06,2021-06-20 03:00:00,22,91.09933774834437,False,False
baseline_전체 평균,-,keep,2021-06,2021-06-20 04:00:00,24,91.09933774834437,False,False
baseline_전체 평균,-,keep,2021-06,2021-06-20 05:00:00,23,91.09933774834437,False,False
baseline_전체 평균,-,keep,2021-06,2021-06-20 06:00:00,22,91.09933774834437,False,False
baseline_전체 평균,-,keep,2021-06,2021-06-20 07:00:00,22,91.09933774834437,False,False
baseline_전체 평균,-,keep,2021-06,2021-06-20 08:00:00,24,91.09933774834437,False,False
baseline_전체 평균,-,keep,2021-06,2021-06-20 09:00:00,22,91.09933774834437,False,False
baseline_전체 평균,-,keep,2021-06,2021-06-20 10:00:00,22,91.09933774834437,False,False
baseline_전체 평균,-,keep,2021-06,2021-06-20 11:00:00,24,91.09933774834437,False,False
baseline_전체 평균,-,keep,2021-06,2021-06-20 12:00:00,22,91.09933774834437,False,False
baseline_전체 평균,-,keep,2021-06,2021-06-20 13:00:00,22,91.09933774834437,False,False
baseline_전체 평균,-,keep,2021-06,2021-06-20 14:00:00,23,91.09933774834437,False,False
baseline_전체 평균,-,keep,2021-06,2021-06-20 15:00:00,25,91.09933774834437,False,False
baseline_전체 평균,-,keep,2021-06,2021-06-20 16:00:00,23,91.09933774834437,False,False
baseline_전체 평균,-,keep,2021-06,2021-06-20 17:00:00,23,91.09933774834437,False,False
baseline_전체 평균,-,keep,2021-06,2021-06-20 18:00:00,24,91.09933774834437,False,False
baseline_전체 평균,-,keep,2021-06,2021-06-20 19:00:00,23,91.09933774834437,False,False
baseline_전체 평균,-,keep,2021-06,2021-06-20 20:00:00,22,91.09933774834437,False,False
baseline_전체 평균,-,keep,2021-06,2021-06-20 21:00:00,25,91.09933774834437,False,False
baseline_전체 평균,-,keep,2021-06,2021-06-20 22:00:00,23,91.09933774834437,False,False
baseline_전체 평균,-,keep,2021-06,2021-06-20 23:00:00,23,91.09933774834437,False,False
baseline_전체 평균,-,keep,2021-06,2021-06-21 00:00:00,23,91.09933774834437,False,True
baseline_전체 평균,-,keep,2021-06,2021-06-21 01:00:00,24,91.09933774834437,False,True
baseline_전체 평균,-,keep,2021-06,2021-06-21 02:00:00,22,91.09933774834437,False,True
baseline_전체 평균,-,keep,2021-06,2021-06-21 03:00:00,23,91.09933774834437,False,True
baseline_전체 평균,-,keep,2021-06,2021-06-21 04:00:00,25,91.09933774834437,False,True
baseline_전체 평균,-,keep,2021-06,2021-06-21 05:00:00,22,91.09933774834437,False,True
baseline_전체 평균,-,keep,2021-06,2021-06-21 06:00:00,22,91.09933774834437,False,True
baseline_전체 평균,-,keep,2021-06,2021-06-21 07:00:00,58,91.09933774834437,False,True
baseline_전체 평균,-,keep,2021-06,2021-06-21 08:00:00,190,91.09933774834437,True,True
baseline_전체 평균,-,keep,2021-06,2021-06-21 09:00:00,189,91.09933774834437,True,True
baseline_전체 평균,-,keep,2021-06,2021-06-21 10:00:00,185,91.09933774834437,True,True
baseline_전체 평균,-,keep,2021-06,2021-06-21 11:00:00,181,91.09933774834437,True,True
baseline_전체 평균,-,keep,2021-06,2021-06-21 12:00:00,115,91.09933774834437,False,True
baseline_전체 평균,-,keep,2021-06,2021-06-21 13:00:00,190,91.09933774834437,True,True
baseline_전체 평균,-,keep,2021-06,2021-06-21 14:00:00,189,91.09933774834437,True,True
baseline_전체 평균,-,keep,2021-06,2021-06-21 15:00:00,169,91.09933774834437,False,True
baseline_전체 평균,-,keep,2021-06,2021-06-21 16:00:00,160,91.09933774834437,False,True
baseline_전체 평균,-,keep,2021-06,2021-06-21 17:00:00,134,91.09933774834437,False,True
baseline_전체 평균,-,keep,2021-06,2021-06-21 18:00:00,156,91.09933774834437,False,True
baseline_전체 평균,-,keep,2021-06,2021-06-21 19:00:00,143,91.09933774834437,False,True
baseline_전체 평균,-,keep,2021-06,2021-06-21 20:00:00,127,91.09933774834437,False,True
baseline_전체 평균,-,keep,2021-06,2021-06-21 21:00:00,127,91.09933774834437,False,True
baseline_전체 평균,-,keep,2021-06,2021-06-21 22:00:00,114,91.09933774834437,False,True
baseline_전체 평균,-,keep,2021-06,2021-06-21 23:00:00,112,91.09933774834437,False,True
baseline_전체 평균,-,keep,2021-06,2021-06-22 00:00:00,71,91.09933774834437,False,True
baseline_전체 평균,-,keep,2021-06,2021-06-22 01:00:00,108,91.09933774834437,False,True
baseline_전체 평균,-,keep,2021-06,2021-06-22 02:00:00,113,91.09933774834437,False,True
baseline_전체 평균,-,keep,2021-06,2021-06-22 03:00:00,113,91.09933774834437,False,True
baseline_전체 평균,-,keep,2021-06,2021-06-22 04:00:00,117,91.09933774834437,False,True
baseline_전체 평균,-,keep,2021-06,2021-06-22 05:00:00,94,91.09933774834437,False,True
baseline_전체 평균,-,keep,2021-06,2021-06-22 06:00:00,114,91.09933774834437,False,True
baseline_전체 평균,-,keep,2021-06,2021-06-22 07:00:00,139,91.09933774834437,False,True
baseline_전체 평균,-,keep,2021-06,2021-06-22 08:00:00,171,91.09933774834437,True,True
baseline_전체 평균,-,keep,2021-06,2021-06-22 09:00:00,167,91.09933774834437,False,True
baseline_전체 평균,-,keep,2021-06,2021-06-22 10:00:00,172,91.09933774834437,True,True
baseline_전체 평균,-,keep,2021-06,2021-06-22 11:00:00,172,91.09933774834437,True,True
baseline_전체 평균,-,keep,2021-06,2021-06-22 12:00:00,111,91.09933774834437,False,True
baseline_전체 평균,-,keep,2021-06,2021-06-22 13:00:00,166,91.09933774834437,False,True
baseline_전체 평균,-,keep,2021-06,2021-06-22 14:00:00,157,91.09933774834437,False,True
baseline_전체 평균,-,keep,2021-06,2021-06-22 15:00:00,156,91.09933774834437,False,True
baseline_전체 평균,-,keep,2021-06,2021-06-22 16:00:00,160,91.09933774834437,False,True
baseline_전체 평균,-,keep,2021-06,2021-06-22 17:00:00,120,91.09933774834437,False,True
baseline_전체 평균,-,keep,2021-06,2021-06-22 18:00:00,153,91.09933774834437,False,True
baseline_전체 평균,-,keep,2021-06,2021-06-22 19:00:00,156,91.09933774834437,False,True
baseline_전체 평균,-,keep,2021-06,2021-06-22 20:00:00,133,91.09933774834437,False,True
baseline_전체 평균,-,keep,2021-06,2021-06-22 21:00:00,126,91.09933774834437,False,True
baseline_전체 평균,-,keep,2021-06,2021-06-22 22:00:00,114,91.09933774834437,False,True
baseline_전체 평균,-,keep,2021-06,2021-06-22 23:00:00,113,91.09933774834437,False,True
baseline_전체 평균,-,keep,2021-06,2021-06-23 00:00:00,69,91.09933774834437,False,True
baseline_전체 평균,-,keep,2021-06,2021-06-23 01:00:00,103,91.09933774834437,False,True
baseline_전체 평균,-,keep,2021-06,2021-06-23 02:00:00,120,91.09933774834437,False,True
baseline_전체 평균,-,keep,2021-06,2021-06-23 03:00:00,103,91.09933774834437,False,True
baseline_전체 평균,-,keep,2021-06,2021-06-23 04:00:00,112,91.09933774834437,False,True
baseline_전체 평균,-,keep,2021-06,2021-06-23 05:00:00,95,91.09933774834437,False,True
baseline_전체 평균,-,keep,2021-06,2021-06-23 06:00:00,117,91.09933774834437,False,True
baseline_전체 평균,-,keep,2021-06,2021-06-23 07:00:00,140,91.09933774834437,False,True
baseline_전체 평균,-,keep,2021-06,2021-06-23 08:00:00,163,91.09933774834437,False,True
baseline_전체 평균,-,keep,2021-06,2021-06-23 09:00:00,160,91.09933774834437,False,True
baseline_전체 평균,-,keep,2021-06,2021-06-23 10:00:00,148,91.09933774834437,False,True
baseline_전체 평균,-,keep,2021-06,2021-06-23 11:00:00,156,91.09933774834437,False,True
baseline_전체 평균,-,keep,2021-06,2021-06-23 12:00:00,93,91.09933774834437,False,True
baseline_전체 평균,-,keep,2021-06,2021-06-23 13:00:00,153,91.09933774834437,False,True
baseline_전체 평균,-,keep,2021-06,2021-06-23 14:00:00,151,91.09933774834437,False,True
baseline_전체 평균,-,keep,2021-06,2021-06-23 15:00:00,150,91.09933774834437,False,True
baseline_전체 평균,-,keep,2021-06,2021-06-23 16:00:00,160,91.09933774834437,False,True
baseline_전체 평균,-,keep,2021-06,2021-06-23 17:00:00,128,91.09933774834437,False,True
baseline_전체 평균,-,keep,2021-06,2021-06-23 18:00:00,162,91.09933774834437,False,True
baseline_전체 평균,-,keep,2021-06,2021-06-23 19:00:00,137,91.09933774834437,False,True
baseline_전체 평균,-,keep,2021-06,2021-06-23 20:00:00,128,91.09933774834437,False,True
baseline_전체 평균,-,keep,2021-06,2021-06-23 21:00:00,126,91.09933774834437,False,True
baseline_전체 평균,-,keep,2021-06,2021-06-23 22:00:00,114,91.09933774834437,False,True
baseline_전체 평균,-,keep,2021-06,2021-06-23 23:00:00,110,91.09933774834437,False,True
baseline_전체 평균,-,keep,2021-06,2021-06-24 00:00:00,70,91.09933774834437,False,True
baseline_전체 평균,-,keep,2021-06,2021-06-24 01:00:00,111,91.09933774834437,False,True
baseline_전체 평균,-,keep,2021-06,2021-06-24 02:00:00,118,91.09933774834437,False,True
baseline_전체 평균,-,keep,2021-06,2021-06-24 03:00:00,117,91.09933774834437,False,True
baseline_전체 평균,-,keep,2021-06,2021-06-24 04:00:00,116,91.09933774834437,False,True
baseline_전체 평균,-,keep,2021-06,2021-06-24 05:00:00,101,91.09933774834437,False,True
baseline_전체 평균,-,keep,2021-06,2021-06-24 06:00:00,118,91.09933774834437,False,True
baseline_전체 평균,-,keep,2021-06,2021-06-24 07:00:00,149,91.09933774834437,False,True
baseline_전체 평균,-,keep,2021-06,2021-06-24 08:00:00,182,91.09933774834437,True,True
baseline_전체 평균,-,keep,2021-06,2021-06-24 09:00:00,162,91.09933774834437,False,True
baseline_전체 평균,-,keep,2021-06,2021-06-24 10:00:00,154,91.09933774834437,False,True
baseline_전체 평균,-,keep,2021-06,2021-06-24 11:00:00,164,91.09933774834437,False,True
baseline_전체 평균,-,keep,2021-06,2021-06-24 12:00:00,105,91.09933774834437,False,True
baseline_전체 평균,-,keep,2021-06,2021-06-24 13:00:00,171,91.09933774834437,True,True
baseline_전체 평균,-,keep,2021-06,2021-06-24 14:00:00,163,91.09933774834437,False,True
baseline_전체 평균,-,keep,2021-06,2021-06-24 15:00:00,150,91.09933774834437,False,True
baseline_전체 평균,-,keep,2021-06,2021-06-24 16:00:00,162,91.09933774834437,False,True
baseline_전체 평균,-,keep,2021-06,2021-06-24 17:00:00,135,91.09933774834437,False,True
baseline_전체 평균,-,keep,2021-06,2021-06-24 18:00:00,150,91.09933774834437,False,True
baseline_전체 평균,-,keep,2021-06,2021-06-24 19:00:00,159,91.09933774834437,False,True
baseline_전체 평균,-,keep,2021-06,2021-06-24 20:00:00,136,91.09933774834437,False,True
baseline_전체 평균,-,keep,2021-06,2021-06-24 21:00:00,131,91.09933774834437,False,True
baseline_전체 평균,-,keep,2021-06,2021-06-24 22:00:00,121,91.09933774834437,False,True
baseline_전체 평균,-,keep,2021-06,2021-06-24 23:00:00,115,91.09933774834437,False,True
baseline_전체 평균,-,keep,2021-06,2021-06-25 00:00:00,71,91.09933774834437,False,True
baseline_전체 평균,-,keep,2021-06,2021-06-25 01:00:00,119,91.09933774834437,False,True
baseline_전체 평균,-,keep,2021-06,2021-06-25 02:00:00,117,91.09933774834437,False,True
baseline_전체 평균,-,keep,2021-06,2021-06-25 03:00:00,119,91.09933774834437,False,True
baseline_전체 평균,-,keep,2021-06,2021-06-25 04:00:00,118,91.09933774834437,False,True
baseline_전체 평균,-,keep,2021-06,2021-06-25 05:00:00,106,91.09933774834437,False,True
baseline_전체 평균,-,keep,2021-06,2021-06-25 06:00:00,114,91.09933774834437,False,True
baseline_전체 평균,-,keep,2021-06,2021-06-25 07:00:00,135,91.09933774834437,False,True
baseline_전체 평균,-,keep,2021-06,2021-06-25 08:00:00,156,91.09933774834437,False,True
baseline_전체 평균,-,keep,2021-06,2021-06-25 09:00:00,170,91.09933774834437,False,True
baseline_전체 평균,-,keep,2021-06,2021-06-25 10:00:00,172,91.09933774834437,True,True
baseline_전체 평균,-,keep,2021-06,2021-06-25 11:00:00,180,91.09933774834437,True,True
baseline_전체 평균,-,keep,2021-06,2021-06-25 12:00:00,122,91.09933774834437,False,True
baseline_전체 평균,-,keep,2021-06,2021-06-25 13:00:00,179,91.09933774834437,True,True
baseline_전체 평균,-,keep,2021-06,2021-06-25 14:00:00,177,91.09933774834437,True,True
baseline_전체 평균,-,keep,2021-06,2021-06-25 15:00:00,175,91.09933774834437,True,True
baseline_전체 평균,-,keep,2021-06,2021-06-25 16:00:00,166,91.09933774834437,False,True
baseline_전체 평균,-,keep,2021-06,2021-06-25 17:00:00,141,91.09933774834437,False,True
baseline_전체 평균,-,keep,2021-06,2021-06-25 18:00:00,142,91.09933774834437,False,True
baseline_전체 평균,-,keep,2021-06,2021-06-25 19:00:00,110,91.09933774834437,False,True
baseline_전체 평균,-,keep,2021-06,2021-06-25 20:00:00,109,91.09933774834437,False,True
baseline_전체 평균,-,keep,2021-06,2021-06-25 21:00:00,116,91.09933774834437,False,True
baseline_전체 평균,-,keep,2021-06,2021-06-25 22:00:00,123,91.09933774834437,False,True
baseline_전체 평균,-,keep,2021-06,2021-06-25 23:00:00,102,91.09933774834437,False,True
baseline_전체 평균,-,keep,2021-06,2021-06-26 00:00:00,71,91.09933774834437,False,True
baseline_전체 평균,-,keep,2021-06,2021-06-26 01:00:00,116,91.09933774834437,False,True
baseline_전체 평균,-,keep,2021-06,2021-06-26 02:00:00,111,91.09933774834437,False,True
baseline_전체 평균,-,keep,2021-06,2021-06-26 03:00:00,109,91.09933774834437,False,True
baseline_전체 평균,-,keep,2021-06,2021-06-26 04:00:00,125,91.09933774834437,False,True
baseline_전체 평균,-,keep,2021-06,2021-06-26 05:00:00,97,91.09933774834437,False,True
baseline_전체 평균,-,keep,2021-06,2021-06-26 06:00:00,118,91.09933774834437,False,True
baseline_전체 평균,-,keep,2021-06,2021-06-26 07:00:00,71,91.09933774834437,False,True
baseline_전체 평균,-,keep,2021-06,2021-06-26 08:00:00,23,91.09933774834437,False,True
baseline_전체 평균,-,keep,2021-06,2021-06-26 09:00:00,23,91.09933774834437,False,True
baseline_전체 평균,-,keep,2021-06,2021-06-26 10:00:00,26,91.09933774834437,False,True
baseline_전체 평균,-,keep,2021-06,2021-06-26 11:00:00,24,91.09933774834437,False,True
baseline_전체 평균,-,keep,2021-06,2021-06-26 12:00:00,24,91.09933774834437,False,True
baseline_전체 평균,-,keep,2021-06,2021-06-26 13:00:00,25,91.09933774834437,False,True
baseline_전체 평균,-,keep,2021-06,2021-06-26 14:00:00,24,91.09933774834437,False,True
baseline_전체 평균,-,keep,2021-06,2021-06-26 15:00:00,23,91.09933774834437,False,True
baseline_전체 평균,-,keep,2021-06,2021-06-26 16:00:00,23,91.09933774834437,False,True
baseline_전체 평균,-,keep,2021-06,2021-06-26 17:00:00,26,91.09933774834437,False,True
baseline_전체 평균,-,keep,2021-06,2021-06-26 18:00:00,24,91.09933774834437,False,True
baseline_전체 평균,-,keep,2021-06,2021-06-26 19:00:00,24,91.09933774834437,False,True
baseline_전체 평균,-,keep,2021-06,2021-06-26 20:00:00,25,91.09933774834437,False,True
baseline_전체 평균,-,keep,2021-06,2021-06-26 21:00:00,24,91.09933774834437,False,True
baseline_전체 평균,-,keep,2021-06,2021-06-26 22:00:00,24,91.09933774834437,False,True
baseline_전체 평균,-,keep,2021-06,2021-06-26 23:00:00,26,91.09933774834437,False,True
baseline_전체 평균,-,keep,2021-06,2021-06-27 00:00:00,23,91.09933774834437,False,False
baseline_전체 평균,-,keep,2021-06,2021-06-27 01:00:00,23,91.09933774834437,False,False
baseline_전체 평균,-,keep,2021-06,2021-06-27 02:00:00,24,91.09933774834437,False,False
baseline_전체 평균,-,keep,2021-06,2021-06-27 03:00:00,25,91.09933774834437,False,False
baseline_전체 평균,-,keep,2021-06,2021-06-27 04:00:00,23,91.09933774834437,False,False
baseline_전체 평균,-,keep,2021-06,2021-06-27 05:00:00,23,91.09933774834437,False,False
baseline_전체 평균,-,keep,2021-06,2021-06-27 06:00:00,25,91.09933774834437,False,False
baseline_전체 평균,-,keep,2021-06,2021-06-27 07:00:00,23,91.09933774834437,False,False
baseline_전체 평균,-,keep,2021-06,2021-06-27 08:00:00,24,91.09933774834437,False,False
baseline_전체 평균,-,keep,2021-06,2021-06-27 09:00:00,26,91.09933774834437,False,False
baseline_전체 평균,-,keep,2021-06,2021-06-27 10:00:00,24,91.09933774834437,False,False
baseline_전체 평균,-,keep,2021-06,2021-06-27 11:00:00,24,91.09933774834437,False,False
baseline_전체 평균,-,keep,2021-06,2021-06-27 12:00:00,26,91.09933774834437,False,False
baseline_전체 평균,-,keep,2021-06,2021-06-27 13:00:00,24,91.09933774834437,False,False
baseline_전체 평균,-,keep,2021-06,2021-06-27 14:00:00,24,91.09933774834437,False,False
baseline_전체 평균,-,keep,2021-06,2021-06-27 15:00:00,26,91.09933774834437,False,False
baseline_전체 평균,-,keep,2021-06,2021-06-27 16:00:00,24,91.09933774834437,False,False
baseline_전체 평균,-,keep,2021-06,2021-06-27 17:00:00,24,91.09933774834437,False,False
baseline_전체 평균,-,keep,2021-06,2021-06-27 18:00:00,26,91.09933774834437,False,False
baseline_전체 평균,-,keep,2021-06,2021-06-27 19:00:00,24,91.09933774834437,False,False
baseline_전체 평균,-,keep,2021-06,2021-06-27 20:00:00,24,91.09933774834437,False,False
baseline_전체 평균,-,keep,2021-06,2021-06-27 21:00:00,24,91.09933774834437,False,False
baseline_전체 평균,-,keep,2021-06,2021-06-27 22:00:00,26,91.09933774834437,False,False
baseline_전체 평균,-,keep,2021-06,2021-06-27 23:00:00,24,91.09933774834437,False,False
baseline_전체 평균,-,keep,2021-06,2021-06-28 00:00:00,24,91.09933774834437,False,True
baseline_전체 평균,-,keep,2021-06,2021-06-28 01:00:00,26,91.09933774834437,False,True
baseline_전체 평균,-,keep,2021-06,2021-06-28 02:00:00,24,91.09933774834437,False,True
baseline_전체 평균,-,keep,2021-06,2021-06-28 03:00:00,24,91.09933774834437,False,True
baseline_전체 평균,-,keep,2021-06,2021-06-28 04:00:00,26,91.09933774834437,False,True
baseline_전체 평균,-,keep,2021-06,2021-06-28 05:00:00,24,91.09933774834437,False,True
baseline_전체 평균,-,keep,2021-06,2021-06-28 06:00:00,23,91.09933774834437,False,True
baseline_전체 평균,-,keep,2021-06,2021-06-28 07:00:00,57,91.09933774834437,False,True
baseline_전체 평균,-,keep,2021-06,2021-06-28 08:00:00,175,91.09933774834437,True,True
baseline_전체 평균,-,keep,2021-06,2021-06-28 09:00:00,178,91.09933774834437,True,True
baseline_전체 평균,-,keep,2021-06,2021-06-28 10:00:00,167,91.09933774834437,False,True
baseline_전체 평균,-,keep,2021-06,2021-06-28 11:00:00,183,91.09933774834437,True,True
baseline_전체 평균,-,keep,2021-06,2021-06-28 12:00:00,121,91.09933774834437,False,True
baseline_전체 평균,-,keep,2021-06,2021-06-28 13:00:00,185,91.09933774834437,True,True
baseline_전체 평균,-,keep,2021-06,2021-06-28 14:00:00,180,91.09933774834437,True,True
baseline_전체 평균,-,keep,2021-06,2021-06-28 15:00:00,182,91.09933774834437,True,True
baseline_전체 평균,-,keep,2021-06,2021-06-28 16:00:00,168,91.09933774834437,False,True
baseline_전체 평균,-,keep,2021-06,2021-06-28 17:00:00,150,91.09933774834437,False,True
baseline_전체 평균,-,keep,2021-06,2021-06-28 18:00:00,177,91.09933774834437,True,True
baseline_전체 평균,-,keep,2021-06,2021-06-28 19:00:00,153,91.09933774834437,False,True
baseline_전체 평균,-,keep,2021-06,2021-06-28 20:00:00,112,91.09933774834437,False,True
baseline_전체 평균,-,keep,2021-06,2021-06-28 21:00:00,118,91.09933774834437,False,True
baseline_전체 평균,-,keep,2021-06,2021-06-28 22:00:00,109,91.09933774834437,False,True
baseline_전체 평균,-,keep,2021-06,2021-06-28 23:00:00,107,91.09933774834437,False,True
baseline_전체 평균,-,keep,2021-06,2021-06-29 00:00:00,66,91.09933774834437,False,True
baseline_전체 평균,-,keep,2021-06,2021-06-29 01:00:00,104,91.09933774834437,False,True
baseline_전체 평균,-,keep,2021-06,2021-06-29 02:00:00,113,91.09933774834437,False,True
baseline_전체 평균,-,keep,2021-06,2021-06-29 03:00:00,104,91.09933774834437,False,True
baseline_전체 평균,-,keep,2021-06,2021-06-29 04:00:00,110,91.09933774834437,False,True
baseline_전체 평균,-,keep,2021-06,2021-06-29 05:00:00,90,91.09933774834437,False,True
baseline_전체 평균,-,keep,2021-06,2021-06-29 06:00:00,113,91.09933774834437,False,True
baseline_전체 평균,-,keep,2021-06,2021-06-29 07:00:00,137,91.09933774834437,False,True
baseline_전체 평균,-,keep,2021-06,2021-06-29 08:00:00,202,91.09933774834437,True,True
baseline_전체 평균,-,keep,2021-06,2021-06-29 09:00:00,179,91.09933774834437,True,True
baseline_전체 평균,-,keep,2021-06,2021-06-29 10:00:00,163,91.09933774834437,False,True
baseline_전체 평균,-,keep,2021-06,2021-06-29 11:00:00,193,91.09933774834437,True,True
baseline_전체 평균,-,keep,2021-06,2021-06-29 12:00:00,118,91.09933774834437,False,True
baseline_전체 평균,-,keep,2021-06,2021-06-29 13:00:00,187,91.09933774834437,True,True
baseline_전체 평균,-,keep,2021-06,2021-06-29 14:00:00,177,91.09933774834437,True,True
baseline_전체 평균,-,keep,2021-06,2021-06-29 15:00:00,163,91.09933774834437,False,True
baseline_전체 평균,-,keep,2021-06,2021-06-29 16:00:00,164,91.09933774834437,False,True
baseline_전체 평균,-,keep,2021-06,2021-06-29 17:00:00,128,91.09933774834437,False,True
baseline_전체 평균,-,keep,2021-06,2021-06-29 18:00:00,166,91.09933774834437,False,True
baseline_전체 평균,-,keep,2021-06,2021-06-29 19:00:00,160,91.09933774834437,False,True
baseline_전체 평균,-,keep,2021-06,2021-06-29 20:00:00,135,91.09933774834437,False,True
baseline_전체 평균,-,keep,2021-06,2021-06-29 21:00:00,124,91.09933774834437,False,True
baseline_전체 평균,-,keep,2021-06,2021-06-29 22:00:00,113,91.09933774834437,False,True
baseline_전체 평균,-,keep,2021-06,2021-06-29 23:00:00,104,91.09933774834437,False,True
baseline_전체 평균,-,keep,2021-06,2021-06-30 00:00:00,67,91.09933774834437,False,True
baseline_전체 평균,-,keep,2021-06,2021-06-30 01:00:00,104,91.09933774834437,False,True
baseline_전체 평균,-,keep,2021-06,2021-06-30 02:00:00,110,91.09933774834437,False,True
baseline_전체 평균,-,keep,2021-06,2021-06-30 03:00:00,112,91.09933774834437,False,True
baseline_전체 평균,-,keep,2021-06,2021-06-30 04:00:00,109,91.09933774834437,False,True
baseline_전체 평균,-,keep,2021-06,2021-06-30 05:00:00,98,91.09933774834437,False,True
baseline_전체 평균,-,keep,2021-06,2021-06-30 06:00:00,114,91.09933774834437,False,True
baseline_전체 평균,-,keep,2021-06,2021-06-30 07:00:00,132,91.09933774834437,False,True
baseline_전체 평균,-,keep,2021-06,2021-06-30 08:00:00,180,91.09933774834437,True,True
baseline_전체 평균,-,keep,2021-06,2021-06-30 09:00:00,179,91.09933774834437,True,True
baseline_전체 평균,-,keep,2021-06,2021-06-30 10:00:00,159,91.09933774834437,False,True
baseline_전체 평균,-,keep,2021-06,2021-06-30 11:00:00,144,91.09933774834437,False,True
baseline_전체 평균,-,keep,2021-06,2021-06-30 12:00:00,108,91.09933774834437,False,True
baseline_전체 평균,-,keep,2021-06,2021-06-30 13:00:00,167,91.09933774834437,False,True
baseline_전체 평균,-,keep,2021-06,2021-06-30 14:00:00,166,91.09933774834437,False,True
baseline_전체 평균,-,keep,2021-06,2021-06-30 15:00:00,164,91.09933774834437,False,True
baseline_전체 평균,-,keep,2021-06,2021-06-30 16:00:00,161,91.09933774834437,False,True
baseline_전체 평균,-,keep,2021-06,2021-06-30 17:00:00,156,91.09933774834437,False,True
baseline_전체 평균,-,keep,2021-06,2021-06-30 18:00:00,160,91.09933774834437,False,True
baseline_전체 평균,-,keep,2021-06,2021-06-30 19:00:00,141,91.09933774834437,False,True
baseline_전체 평균,-,keep,2021-06,2021-06-30 20:00:00,109,91.09933774834437,False,True
baseline_전체 평균,-,keep,2021-06,2021-06-30 21:00:00,113,91.09933774834437,False,True
baseline_전체 평균,-,keep,2021-06,2021-06-30 22:00:00,106,91.09933774834437,False,True
baseline_전체 평균,-,keep,2021-06,2021-06-30 23:00:00,104,91.09933774834437,False,True
baseline_전체 평균,-,keep,2021-07,2021-07-01 00:00:00,68,93.06744935543279,False,False
baseline_전체 평균,-,keep,2021-07,2021-07-01 01:00:00,104,93.06744935543279,False,False
baseline_전체 평균,-,keep,2021-07,2021-07-01 02:00:00,113,93.06744935543279,False,False
baseline_전체 평균,-,keep,2021-07,2021-07-01 03:00:00,107,93.06744935543279,False,False
baseline_전체 평균,-,keep,2021-07,2021-07-01 04:00:00,104,93.06744935543279,False,False
baseline_전체 평균,-,keep,2021-07,2021-07-01 05:00:00,93,93.06744935543279,False,False
baseline_전체 평균,-,keep,2021-07,2021-07-01 06:00:00,110,93.06744935543279,False,False
baseline_전체 평균,-,keep,2021-07,2021-07-01 07:00:00,129,93.06744935543279,False,False
baseline_전체 평균,-,keep,2021-07,2021-07-01 08:00:00,182,93.06744935543279,True,False
baseline_전체 평균,-,keep,2021-07,2021-07-01 09:00:00,178,93.06744935543279,True,False
baseline_전체 평균,-,keep,2021-07,2021-07-01 10:00:00,172,93.06744935543279,True,False
baseline_전체 평균,-,keep,2021-07,2021-07-01 11:00:00,188,93.06744935543279,True,False
baseline_전체 평균,-,keep,2021-07,2021-07-01 12:00:00,111,93.06744935543279,False,False
baseline_전체 평균,-,keep,2021-07,2021-07-01 13:00:00,190,93.06744935543279,True,False
baseline_전체 평균,-,keep,2021-07,2021-07-01 14:00:00,187,93.06744935543279,True,False
baseline_전체 평균,-,keep,2021-07,2021-07-01 15:00:00,164,93.06744935543279,False,False
baseline_전체 평균,-,keep,2021-07,2021-07-01 16:00:00,170,93.06744935543279,False,False
baseline_전체 평균,-,keep,2021-07,2021-07-01 17:00:00,135,93.06744935543279,False,False
baseline_전체 평균,-,keep,2021-07,2021-07-01 18:00:00,157,93.06744935543279,False,False
baseline_전체 평균,-,keep,2021-07,2021-07-01 19:00:00,163,93.06744935543279,False,False
baseline_전체 평균,-,keep,2021-07,2021-07-01 20:00:00,142,93.06744935543279,False,False
baseline_전체 평균,-,keep,2021-07,2021-07-01 21:00:00,140,93.06744935543279,False,False
baseline_전체 평균,-,keep,2021-07,2021-07-01 22:00:00,119,93.06744935543279,False,False
baseline_전체 평균,-,keep,2021-07,2021-07-01 23:00:00,108,93.06744935543279,False,False
baseline_전체 평균,-,keep,2021-07,2021-07-02 00:00:00,68,93.06744935543279,False,False
baseline_전체 평균,-,keep,2021-07,2021-07-02 01:00:00,106,93.06744935543279,False,False
baseline_전체 평균,-,keep,2021-07,2021-07-02 02:00:00,116,93.06744935543279,False,False
baseline_전체 평균,-,keep,2021-07,2021-07-02 03:00:00,108,93.06744935543279,False,False
baseline_전체 평균,-,keep,2021-07,2021-07-02 04:00:00,106,93.06744935543279,False,False
baseline_전체 평균,-,keep,2021-07,2021-07-02 05:00:00,96,93.06744935543279,False,False
baseline_전체 평균,-,keep,2021-07,2021-07-02 06:00:00,112,93.06744935543279,False,False
baseline_전체 평균,-,keep,2021-07,2021-07-02 07:00:00,133,93.06744935543279,False,False
baseline_전체 평균,-,keep,2021-07,2021-07-02 08:00:00,161,93.06744935543279,False,False
baseline_전체 평균,-,keep,2021-07,2021-07-02 09:00:00,175,93.06744935543279,True,False
baseline_전체 평균,-,keep,2021-07,2021-07-02 10:00:00,164,93.06744935543279,False,False
baseline_전체 평균,-,keep,2021-07,2021-07-02 11:00:00,179,93.06744935543279,True,False
baseline_전체 평균,-,keep,2021-07,2021-07-02 12:00:00,108,93.06744935543279,False,False
baseline_전체 평균,-,keep,2021-07,2021-07-02 13:00:00,170,93.06744935543279,False,False
baseline_전체 평균,-,keep,2021-07,2021-07-02 14:00:00,175,93.06744935543279,True,False
baseline_전체 평균,-,keep,2021-07,2021-07-02 15:00:00,143,93.06744935543279,False,False
baseline_전체 평균,-,keep,2021-07,2021-07-02 16:00:00,158,93.06744935543279,False,False
baseline_전체 평균,-,keep,2021-07,2021-07-02 17:00:00,147,93.06744935543279,False,False
baseline_전체 평균,-,keep,2021-07,2021-07-02 18:00:00,160,93.06744935543279,False,False
baseline_전체 평균,-,keep,2021-07,2021-07-02 19:00:00,136,93.06744935543279,False,False
baseline_전체 평균,-,keep,2021-07,2021-07-02 20:00:00,122,93.06744935543279,False,False
baseline_전체 평균,-,keep,2021-07,2021-07-02 21:00:00,114,93.06744935543279,False,False
baseline_전체 평균,-,keep,2021-07,2021-07-02 22:00:00,111,93.06744935543279,False,False
baseline_전체 평균,-,keep,2021-07,2021-07-02 23:00:00,93,93.06744935543279,False,False
baseline_전체 평균,-,keep,2021-07,2021-07-03 00:00:00,67,93.06744935543279,False,False
baseline_전체 평균,-,keep,2021-07,2021-07-03 01:00:00,104,93.06744935543279,False,False
baseline_전체 평균,-,keep,2021-07,2021-07-03 02:00:00,106,93.06744935543279,False,False
baseline_전체 평균,-,keep,2021-07,2021-07-03 03:00:00,103,93.06744935543279,False,False
baseline_전체 평균,-,keep,2021-07,2021-07-03 04:00:00,104,93.06744935543279,False,False
baseline_전체 평균,-,keep,2021-07,2021-07-03 05:00:00,89,93.06744935543279,False,False
baseline_전체 평균,-,keep,2021-07,2021-07-03 06:00:00,98,93.06744935543279,False,False
baseline_전체 평균,-,keep,2021-07,2021-07-03 07:00:00,53,93.06744935543279,False,False
baseline_전체 평균,-,keep,2021-07,2021-07-03 08:00:00,22,93.06744935543279,False,False
baseline_전체 평균,-,keep,2021-07,2021-07-03 09:00:00,25,93.06744935543279,False,False
baseline_전체 평균,-,keep,2021-07,2021-07-03 10:00:00,23,93.06744935543279,False,False
baseline_전체 평균,-,keep,2021-07,2021-07-03 11:00:00,23,93.06744935543279,False,False
baseline_전체 평균,-,keep,2021-07,2021-07-03 12:00:00,24,93.06744935543279,False,False
baseline_전체 평균,-,keep,2021-07,2021-07-03 13:00:00,22,93.06744935543279,False,False
baseline_전체 평균,-,keep,2021-07,2021-07-03 14:00:00,22,93.06744935543279,False,False
baseline_전체 평균,-,keep,2021-07,2021-07-03 15:00:00,23,93.06744935543279,False,False
baseline_전체 평균,-,keep,2021-07,2021-07-03 16:00:00,23,93.06744935543279,False,False
baseline_전체 평균,-,keep,2021-07,2021-07-03 17:00:00,22,93.06744935543279,False,False
baseline_전체 평균,-,keep,2021-07,2021-07-03 18:00:00,22,93.06744935543279,False,False
baseline_전체 평균,-,keep,2021-07,2021-07-03 19:00:00,24,93.06744935543279,False,False
baseline_전체 평균,-,keep,2021-07,2021-07-03 20:00:00,22,93.06744935543279,False,False
baseline_전체 평균,-,keep,2021-07,2021-07-03 21:00:00,23,93.06744935543279,False,False
baseline_전체 평균,-,keep,2021-07,2021-07-03 22:00:00,24,93.06744935543279,False,False
baseline_전체 평균,-,keep,2021-07,2021-07-03 23:00:00,22,93.06744935543279,False,False
baseline_전체 평균,-,keep,2021-07,2021-07-04 00:00:00,22,93.06744935543279,False,False
baseline_전체 평균,-,keep,2021-07,2021-07-04 01:00:00,25,93.06744935543279,False,False
baseline_전체 평균,-,keep,2021-07,2021-07-04 02:00:00,23,93.06744935543279,False,False
baseline_전체 평균,-,keep,2021-07,2021-07-04 03:00:00,23,93.06744935543279,False,False
baseline_전체 평균,-,keep,2021-07,2021-07-04 04:00:00,23,93.06744935543279,False,False
baseline_전체 평균,-,keep,2021-07,2021-07-04 05:00:00,24,93.06744935543279,False,False
baseline_전체 평균,-,keep,2021-07,2021-07-04 06:00:00,22,93.06744935543279,False,False
baseline_전체 평균,-,keep,2021-07,2021-07-04 07:00:00,22,93.06744935543279,False,False
baseline_전체 평균,-,keep,2021-07,2021-07-04 08:00:00,24,93.06744935543279,False,False
baseline_전체 평균,-,keep,2021-07,2021-07-04 09:00:00,22,93.06744935543279,False,False
baseline_전체 평균,-,keep,2021-07,2021-07-04 10:00:00,23,93.06744935543279,False,False
baseline_전체 평균,-,keep,2021-07,2021-07-04 11:00:00,26,93.06744935543279,False,False
baseline_전체 평균,-,keep,2021-07,2021-07-04 12:00:00,23,93.06744935543279,False,False
baseline_전체 평균,-,keep,2021-07,2021-07-04 13:00:00,23,93.06744935543279,False,False
baseline_전체 평균,-,keep,2021-07,2021-07-04 14:00:00,24,93.06744935543279,False,False
baseline_전체 평균,-,keep,2021-07,2021-07-04 15:00:00,24,93.06744935543279,False,False
baseline_전체 평균,-,keep,2021-07,2021-07-04 16:00:00,24,93.06744935543279,False,False
baseline_전체 평균,-,keep,2021-07,2021-07-04 17:00:00,22,93.06744935543279,False,False
baseline_전체 평균,-,keep,2021-07,2021-07-04 18:00:00,25,93.06744935543279,False,False
baseline_전체 평균,-,keep,2021-07,2021-07-04 19:00:00,23,93.06744935543279,False,False
baseline_전체 평균,-,keep,2021-07,2021-07-04 20:00:00,22,93.06744935543279,False,False
baseline_전체 평균,-,keep,2021-07,2021-07-04 21:00:00,25,93.06744935543279,False,False
baseline_전체 평균,-,keep,2021-07,2021-07-04 22:00:00,23,93.06744935543279,False,False
baseline_전체 평균,-,keep,2021-07,2021-07-04 23:00:00,23,93.06744935543279,False,False
baseline_전체 평균,-,keep,2021-07,2021-07-05 00:00:00,25,93.06744935543279,False,False
baseline_전체 평균,-,keep,2021-07,2021-07-05 01:00:00,23,93.06744935543279,False,False
baseline_전체 평균,-,keep,2021-07,2021-07-05 02:00:00,23,93.06744935543279,False,False
baseline_전체 평균,-,keep,2021-07,2021-07-05 03:00:00,24,93.06744935543279,False,False
baseline_전체 평균,-,keep,2021-07,2021-07-05 04:00:00,24,93.06744935543279,False,False
baseline_전체 평균,-,keep,2021-07,2021-07-05 05:00:00,23,93.06744935543279,False,False
baseline_전체 평균,-,keep,2021-07,2021-07-05 06:00:00,22,93.06744935543279,False,False
baseline_전체 평균,-,keep,2021-07,2021-07-05 07:00:00,63,93.06744935543279,False,False
baseline_전체 평균,-,keep,2021-07,2021-07-05 08:00:00,168,93.06744935543279,False,False
baseline_전체 평균,-,keep,2021-07,2021-07-05 09:00:00,170,93.06744935543279,False,False
baseline_전체 평균,-,keep,2021-07,2021-07-05 10:00:00,173,93.06744935543279,True,False
baseline_전체 평균,-,keep,2021-07,2021-07-05 11:00:00,172,93.06744935543279,True,False
baseline_전체 평균,-,keep,2021-07,2021-07-05 12:00:00,104,93.06744935543279,False,False
baseline_전체 평균,-,keep,2021-07,2021-07-05 13:00:00,168,93.06744935543279,False,False
baseline_전체 평균,-,keep,2021-07,2021-07-05 14:00:00,169,93.06744935543279,False,False
baseline_전체 평균,-,keep,2021-07,2021-07-05 15:00:00,160,93.06744935543279,False,False
baseline_전체 평균,-,keep,2021-07,2021-07-05 16:00:00,158,93.06744935543279,False,False
baseline_전체 평균,-,keep,2021-07,2021-07-05 17:00:00,129,93.06744935543279,False,False
baseline_전체 평균,-,keep,2021-07,2021-07-05 18:00:00,158,93.06744935543279,False,False
baseline_전체 평균,-,keep,2021-07,2021-07-05 19:00:00,139,93.06744935543279,False,False
baseline_전체 평균,-,keep,2021-07,2021-07-05 20:00:00,120,93.06744935543279,False,False
baseline_전체 평균,-,keep,2021-07,2021-07-05 21:00:00,117,93.06744935543279,False,False
baseline_전체 평균,-,keep,2021-07,2021-07-05 22:00:00,104,93.06744935543279,False,False
baseline_전체 평균,-,keep,2021-07,2021-07-05 23:00:00,102,93.06744935543279,False,False
baseline_전체 평균,-,keep,2021-07,2021-07-06 00:00:00,68,93.06744935543279,False,False
baseline_전체 평균,-,keep,2021-07,2021-07-06 01:00:00,103,93.06744935543279,False,False
baseline_전체 평균,-,keep,2021-07,2021-07-06 02:00:00,105,93.06744935543279,False,False
baseline_전체 평균,-,keep,2021-07,2021-07-06 03:00:00,105,93.06744935543279,False,False
baseline_전체 평균,-,keep,2021-07,2021-07-06 04:00:00,106,93.06744935543279,False,False
baseline_전체 평균,-,keep,2021-07,2021-07-06 05:00:00,98,93.06744935543279,False,False
baseline_전체 평균,-,keep,2021-07,2021-07-06 06:00:00,98,93.06744935543279,False,False
baseline_전체 평균,-,keep,2021-07,2021-07-06 07:00:00,119,93.06744935543279,False,False
baseline_전체 평균,-,keep,2021-07,2021-07-06 08:00:00,180,93.06744935543279,True,False
baseline_전체 평균,-,keep,2021-07,2021-07-06 09:00:00,180,93.06744935543279,True,False
baseline_전체 평균,-,keep,2021-07,2021-07-06 10:00:00,168,93.06744935543279,False,False
baseline_전체 평균,-,keep,2021-07,2021-07-06 11:00:00,176,93.06744935543279,True,False
baseline_전체 평균,-,keep,2021-07,2021-07-06 12:00:00,110,93.06744935543279,False,False
baseline_전체 평균,-,keep,2021-07,2021-07-06 13:00:00,159,93.06744935543279,False,False
baseline_전체 평균,-,keep,2021-07,2021-07-06 14:00:00,179,93.06744935543279,True,False
baseline_전체 평균,-,keep,2021-07,2021-07-06 15:00:00,158,93.06744935543279,False,False
baseline_전체 평균,-,keep,2021-07,2021-07-06 16:00:00,171,93.06744935543279,False,False
baseline_전체 평균,-,keep,2021-07,2021-07-06 17:00:00,129,93.06744935543279,False,False
baseline_전체 평균,-,keep,2021-07,2021-07-06 18:00:00,153,93.06744935543279,False,False
baseline_전체 평균,-,keep,2021-07,2021-07-06 19:00:00,151,93.06744935543279,False,False
baseline_전체 평균,-,keep,2021-07,2021-07-06 20:00:00,134,93.06744935543279,False,False
baseline_전체 평균,-,keep,2021-07,2021-07-06 21:00:00,126,93.06744935543279,False,False
baseline_전체 평균,-,keep,2021-07,2021-07-06 22:00:00,112,93.06744935543279,False,False
baseline_전체 평균,-,keep,2021-07,2021-07-06 23:00:00,106,93.06744935543279,False,False
baseline_전체 평균,-,keep,2021-07,2021-07-07 00:00:00,76,93.06744935543279,False,False
baseline_전체 평균,-,keep,2021-07,2021-07-07 01:00:00,102,93.06744935543279,False,False
baseline_전체 평균,-,keep,2021-07,2021-07-07 02:00:00,106,93.06744935543279,False,False
baseline_전체 평균,-,keep,2021-07,2021-07-07 03:00:00,110,93.06744935543279,False,False
baseline_전체 평균,-,keep,2021-07,2021-07-07 04:00:00,106,93.06744935543279,False,False
baseline_전체 평균,-,keep,2021-07,2021-07-07 05:00:00,94,93.06744935543279,False,False
baseline_전체 평균,-,keep,2021-07,2021-07-07 06:00:00,102,93.06744935543279,False,False
baseline_전체 평균,-,keep,2021-07,2021-07-07 07:00:00,130,93.06744935543279,False,False
baseline_전체 평균,-,keep,2021-07,2021-07-07 08:00:00,181,93.06744935543279,True,False
baseline_전체 평균,-,keep,2021-07,2021-07-07 09:00:00,178,93.06744935543279,True,False
baseline_전체 평균,-,keep,2021-07,2021-07-07 10:00:00,174,93.06744935543279,True,False
baseline_전체 평균,-,keep,2021-07,2021-07-07 11:00:00,178,93.06744935543279,True,False
baseline_전체 평균,-,keep,2021-07,2021-07-07 12:00:00,112,93.06744935543279,False,False
baseline_전체 평균,-,keep,2021-07,2021-07-07 13:00:00,173,93.06744935543279,True,False
baseline_전체 평균,-,keep,2021-07,2021-07-07 14:00:00,175,93.06744935543279,True,False
baseline_전체 평균,-,keep,2021-07,2021-07-07 15:00:00,158,93.06744935543279,False,False
baseline_전체 평균,-,keep,2021-07,2021-07-07 16:00:00,177,93.06744935543279,True,False
baseline_전체 평균,-,keep,2021-07,2021-07-07 17:00:00,138,93.06744935543279,False,False
baseline_전체 평균,-,keep,2021-07,2021-07-07 18:00:00,169,93.06744935543279,False,False
baseline_전체 평균,-,keep,2021-07,2021-07-07 19:00:00,157,93.06744935543279,False,False
baseline_전체 평균,-,keep,2021-07,2021-07-07 20:00:00,117,93.06744935543279,False,False
baseline_전체 평균,-,keep,2021-07,2021-07-07 21:00:00,115,93.06744935543279,False,False
baseline_전체 평균,-,keep,2021-07,2021-07-07 22:00:00,104,93.06744935543279,False,False
baseline_전체 평균,-,keep,2021-07,2021-07-07 23:00:00,105,93.06744935543279,False,False
baseline_전체 평균,-,keep,2021-07,2021-07-08 00:00:00,73,93.06744935543279,False,False
baseline_전체 평균,-,keep,2021-07,2021-07-08 01:00:00,99,93.06744935543279,False,False
baseline_전체 평균,-,keep,2021-07,2021-07-08 02:00:00,104,93.06744935543279,False,False
baseline_전체 평균,-,keep,2021-07,2021-07-08 03:00:00,105,93.06744935543279,False,False
baseline_전체 평균,-,keep,2021-07,2021-07-08 04:00:00,106,93.06744935543279,False,False
baseline_전체 평균,-,keep,2021-07,2021-07-08 05:00:00,96,93.06744935543279,False,False
baseline_전체 평균,-,keep,2021-07,2021-07-08 06:00:00,110,93.06744935543279,False,False
baseline_전체 평균,-,keep,2021-07,2021-07-08 07:00:00,133,93.06744935543279,False,False
baseline_전체 평균,-,keep,2021-07,2021-07-08 08:00:00,166,93.06744935543279,False,False
baseline_전체 평균,-,keep,2021-07,2021-07-08 09:00:00,180,93.06744935543279,True,False
baseline_전체 평균,-,keep,2021-07,2021-07-08 10:00:00,184,93.06744935543279,True,False
baseline_전체 평균,-,keep,2021-07,2021-07-08 11:00:00,190,93.06744935543279,True,False
baseline_전체 평균,-,keep,2021-07,2021-07-08 12:00:00,120,93.06744935543279,False,False
baseline_전체 평균,-,keep,2021-07,2021-07-08 13:00:00,186,93.06744935543279,True,False
baseline_전체 평균,-,keep,2021-07,2021-07-08 14:00:00,184,93.06744935543279,True,False
baseline_전체 평균,-,keep,2021-07,2021-07-08 15:00:00,161,93.06744935543279,False,False
baseline_전체 평균,-,keep,2021-07,2021-07-08 16:00:00,174,93.06744935543279,True,False
baseline_전체 평균,-,keep,2021-07,2021-07-08 17:00:00,128,93.06744935543279,False,False
baseline_전체 평균,-,keep,2021-07,2021-07-08 18:00:00,147,93.06744935543279,False,False
baseline_전체 평균,-,keep,2021-07,2021-07-08 19:00:00,147,93.06744935543279,False,False
baseline_전체 평균,-,keep,2021-07,2021-07-08 20:00:00,130,93.06744935543279,False,False
baseline_전체 평균,-,keep,2021-07,2021-07-08 21:00:00,125,93.06744935543279,False,False
baseline_전체 평균,-,keep,2021-07,2021-07-08 22:00:00,111,93.06744935543279,False,False
baseline_전체 평균,-,keep,2021-07,2021-07-08 23:00:00,113,93.06744935543279,False,False
baseline_전체 평균,-,keep,2021-07,2021-07-09 00:00:00,73,93.06744935543279,False,False
baseline_전체 평균,-,keep,2021-07,2021-07-09 01:00:00,102,93.06744935543279,False,False
baseline_전체 평균,-,keep,2021-07,2021-07-09 02:00:00,110,93.06744935543279,False,False
baseline_전체 평균,-,keep,2021-07,2021-07-09 03:00:00,99,93.06744935543279,False,False
baseline_전체 평균,-,keep,2021-07,2021-07-09 04:00:00,104,93.06744935543279,False,False
baseline_전체 평균,-,keep,2021-07,2021-07-09 05:00:00,98,93.06744935543279,False,False
baseline_전체 평균,-,keep,2021-07,2021-07-09 06:00:00,113,93.06744935543279,False,False
baseline_전체 평균,-,keep,2021-07,2021-07-09 07:00:00,137,93.06744935543279,False,False
baseline_전체 평균,-,keep,2021-07,2021-07-09 08:00:00,174,93.06744935543279,True,False
baseline_전체 평균,-,keep,2021-07,2021-07-09 09:00:00,166,93.06744935543279,False,False
baseline_전체 평균,-,keep,2021-07,2021-07-09 10:00:00,164,93.06744935543279,False,False
baseline_전체 평균,-,keep,2021-07,2021-07-09 11:00:00,171,93.06744935543279,False,False
baseline_전체 평균,-,keep,2021-07,2021-07-09 12:00:00,100,93.06744935543279,False,False
baseline_전체 평균,-,keep,2021-07,2021-07-09 13:00:00,174,93.06744935543279,True,False
baseline_전체 평균,-,keep,2021-07,2021-07-09 14:00:00,181,93.06744935543279,True,False
baseline_전체 평균,-,keep,2021-07,2021-07-09 15:00:00,167,93.06744935543279,False,False
baseline_전체 평균,-,keep,2021-07,2021-07-09 16:00:00,171,93.06744935543279,False,False
baseline_전체 평균,-,keep,2021-07,2021-07-09 17:00:00,143,93.06744935543279,False,False
baseline_전체 평균,-,keep,2021-07,2021-07-09 18:00:00,170,93.06744935543279,False,False
baseline_전체 평균,-,keep,2021-07,2021-07-09 19:00:00,134,93.06744935543279,False,False
baseline_전체 평균,-,keep,2021-07,2021-07-09 20:00:00,104,93.06744935543279,False,False
baseline_전체 평균,-,keep,2021-07,2021-07-09 21:00:00,103,93.06744935543279,False,False
baseline_전체 평균,-,keep,2021-07,2021-07-09 22:00:00,102,93.06744935543279,False,False
baseline_전체 평균,-,keep,2021-07,2021-07-09 23:00:00,96,93.06744935543279,False,False
baseline_전체 평균,-,keep,2021-07,2021-07-10 00:00:00,65,93.06744935543279,False,False
baseline_전체 평균,-,keep,2021-07,2021-07-10 01:00:00,97,93.06744935543279,False,False
baseline_전체 평균,-,keep,2021-07,2021-07-10 02:00:00,97,93.06744935543279,False,False
baseline_전체 평균,-,keep,2021-07,2021-07-10 03:00:00,97,93.06744935543279,False,False
baseline_전체 평균,-,keep,2021-07,2021-07-10 04:00:00,100,93.06744935543279,False,False
baseline_전체 평균,-,keep,2021-07,2021-07-10 05:00:00,83,93.06744935543279,False,False
baseline_전체 평균,-,keep,2021-07,2021-07-10 06:00:00,101,93.06744935543279,False,False
baseline_전체 평균,-,keep,2021-07,2021-07-10 07:00:00,75,93.06744935543279,False,False
baseline_전체 평균,-,keep,2021-07,2021-07-10 08:00:00,26,93.06744935543279,False,False
baseline_전체 평균,-,keep,2021-07,2021-07-10 09:00:00,27,93.06744935543279,False,False
baseline_전체 평균,-,keep,2021-07,2021-07-10 10:00:00,30,93.06744935543279,False,False
baseline_전체 평균,-,keep,2021-07,2021-07-10 11:00:00,29,93.06744935543279,False,False
baseline_전체 평균,-,keep,2021-07,2021-07-10 12:00:00,26,93.06744935543279,False,False
baseline_전체 평균,-,keep,2021-07,2021-07-10 13:00:00,25,93.06744935543279,False,False
baseline_전체 평균,-,keep,2021-07,2021-07-10 14:00:00,23,93.06744935543279,False,False
baseline_전체 평균,-,keep,2021-07,2021-07-10 15:00:00,24,93.06744935543279,False,False
baseline_전체 평균,-,keep,2021-07,2021-07-10 16:00:00,24,93.06744935543279,False,False
baseline_전체 평균,-,keep,2021-07,2021-07-10 17:00:00,23,93.06744935543279,False,False
baseline_전체 평균,-,keep,2021-07,2021-07-10 18:00:00,22,93.06744935543279,False,False
baseline_전체 평균,-,keep,2021-07,2021-07-10 19:00:00,24,93.06744935543279,False,False
baseline_전체 평균,-,keep,2021-07,2021-07-10 20:00:00,22,93.06744935543279,False,False
baseline_전체 평균,-,keep,2021-07,2021-07-10 21:00:00,22,93.06744935543279,False,False
baseline_전체 평균,-,keep,2021-07,2021-07-10 22:00:00,25,93.06744935543279,False,False
baseline_전체 평균,-,keep,2021-07,2021-07-10 23:00:00,22,93.06744935543279,False,False
baseline_전체 평균,-,keep,2021-07,2021-07-11 00:00:00,23,93.06744935543279,False,False
baseline_전체 평균,-,keep,2021-07,2021-07-11 01:00:00,26,93.06744935543279,False,False
baseline_전체 평균,-,keep,2021-07,2021-07-11 02:00:00,23,93.06744935543279,False,False
baseline_전체 평균,-,keep,2021-07,2021-07-11 03:00:00,23,93.06744935543279,False,False
baseline_전체 평균,-,keep,2021-07,2021-07-11 04:00:00,23,93.06744935543279,False,False
baseline_전체 평균,-,keep,2021-07,2021-07-11 05:00:00,24,93.06744935543279,False,False
baseline_전체 평균,-,keep,2021-07,2021-07-11 06:00:00,22,93.06744935543279,False,False
baseline_전체 평균,-,keep,2021-07,2021-07-11 07:00:00,22,93.06744935543279,False,False
baseline_전체 평균,-,keep,2021-07,2021-07-11 08:00:00,24,93.06744935543279,False,False
baseline_전체 평균,-,keep,2021-07,2021-07-11 09:00:00,22,93.06744935543279,False,False
baseline_전체 평균,-,keep,2021-07,2021-07-11 10:00:00,23,93.06744935543279,False,False
baseline_전체 평균,-,keep,2021-07,2021-07-11 11:00:00,25,93.06744935543279,False,False
baseline_전체 평균,-,keep,2021-07,2021-07-11 12:00:00,23,93.06744935543279,False,False
baseline_전체 평균,-,keep,2021-07,2021-07-11 13:00:00,24,93.06744935543279,False,False
baseline_전체 평균,-,keep,2021-07,2021-07-11 14:00:00,26,93.06744935543279,False,False
baseline_전체 평균,-,keep,2021-07,2021-07-11 15:00:00,24,93.06744935543279,False,False
baseline_전체 평균,-,keep,2021-07,2021-07-11 16:00:00,25,93.06744935543279,False,False
baseline_전체 평균,-,keep,2021-07,2021-07-11 17:00:00,24,93.06744935543279,False,False
baseline_전체 평균,-,keep,2021-07,2021-07-11 18:00:00,23,93.06744935543279,False,False
baseline_전체 평균,-,keep,2021-07,2021-07-11 19:00:00,22,93.06744935543279,False,False
baseline_전체 평균,-,keep,2021-07,2021-07-11 20:00:00,23,93.06744935543279,False,False
baseline_전체 평균,-,keep,2021-07,2021-07-11 21:00:00,25,93.06744935543279,False,False
baseline_전체 평균,-,keep,2021-07,2021-07-11 22:00:00,23,93.06744935543279,False,False
baseline_전체 평균,-,keep,2021-07,2021-07-11 23:00:00,23,93.06744935543279,False,False
baseline_전체 평균,-,keep,2021-07,2021-07-12 00:00:00,25,93.06744935543279,False,False
baseline_전체 평균,-,keep,2021-07,2021-07-12 01:00:00,23,93.06744935543279,False,False
baseline_전체 평균,-,keep,2021-07,2021-07-12 02:00:00,23,93.06744935543279,False,False
baseline_전체 평균,-,keep,2021-07,2021-07-12 03:00:00,24,93.06744935543279,False,False
baseline_전체 평균,-,keep,2021-07,2021-07-12 04:00:00,22,93.06744935543279,False,False
baseline_전체 평균,-,keep,2021-07,2021-07-12 05:00:00,23,93.06744935543279,False,False
baseline_전체 평균,-,keep,2021-07,2021-07-12 06:00:00,24,93.06744935543279,False,False
baseline_전체 평균,-,keep,2021-07,2021-07-12 07:00:00,65,93.06744935543279,False,False
baseline_전체 평균,-,keep,2021-07,2021-07-12 08:00:00,186,93.06744935543279,True,False
baseline_전체 평균,-,keep,2021-07,2021-07-12 09:00:00,191,93.06744935543279,True,False
baseline_전체 평균,-,keep,2021-07,2021-07-12 10:00:00,175,93.06744935543279,True,False
baseline_전체 평균,-,keep,2021-07,2021-07-12 11:00:00,186,93.06744935543279,True,False
baseline_전체 평균,-,keep,2021-07,2021-07-12 12:00:00,115,93.06744935543279,False,False
baseline_전체 평균,-,keep,2021-07,2021-07-12 13:00:00,167,93.06744935543279,False,False
baseline_전체 평균,-,keep,2021-07,2021-07-12 14:00:00,184,93.06744935543279,True,False
baseline_전체 평균,-,keep,2021-07,2021-07-12 15:00:00,164,93.06744935543279,False,False
baseline_전체 평균,-,keep,2021-07,2021-07-12 16:00:00,174,93.06744935543279,True,False
baseline_전체 평균,-,keep,2021-07,2021-07-12 17:00:00,138,93.06744935543279,False,False
baseline_전체 평균,-,keep,2021-07,2021-07-12 18:00:00,157,93.06744935543279,False,False
baseline_전체 평균,-,keep,2021-07,2021-07-12 19:00:00,157,93.06744935543279,False,False
baseline_전체 평균,-,keep,2021-07,2021-07-12 20:00:00,125,93.06744935543279,False,False
baseline_전체 평균,-,keep,2021-07,2021-07-12 21:00:00,120,93.06744935543279,False,False
baseline_전체 평균,-,keep,2021-07,2021-07-12 22:00:00,116,93.06744935543279,False,False
baseline_전체 평균,-,keep,2021-07,2021-07-12 23:00:00,103,93.06744935543279,False,False
baseline_전체 평균,-,keep,2021-07,2021-07-14 00:00:00,73,93.06744935543279,False,False
baseline_전체 평균,-,keep,2021-07,2021-07-14 01:00:00,102,93.06744935543279,False,False
baseline_전체 평균,-,keep,2021-07,2021-07-14 02:00:00,105,93.06744935543279,False,False
baseline_전체 평균,-,keep,2021-07,2021-07-14 03:00:00,102,93.06744935543279,False,False
baseline_전체 평균,-,keep,2021-07,2021-07-14 04:00:00,105,93.06744935543279,False,False
baseline_전체 평균,-,keep,2021-07,2021-07-14 05:00:00,89,93.06744935543279,False,False
baseline_전체 평균,-,keep,2021-07,2021-07-14 06:00:00,106,93.06744935543279,False,False
baseline_전체 평균,-,keep,2021-07,2021-07-14 07:00:00,132,93.06744935543279,False,False
baseline_전체 평균,-,keep,2021-07,2021-07-14 08:00:00,179,93.06744935543279,True,False
baseline_전체 평균,-,keep,2021-07,2021-07-14 09:00:00,185,93.06744935543279,True,False
baseline_전체 평균,-,keep,2021-07,2021-07-14 10:00:00,175,93.06744935543279,True,False
baseline_전체 평균,-,keep,2021-07,2021-07-14 11:00:00,185,93.06744935543279,True,False
baseline_전체 평균,-,keep,2021-07,2021-07-14 12:00:00,99,93.06744935543279,False,False
baseline_전체 평균,-,keep,2021-07,2021-07-14 13:00:00,166,93.06744935543279,False,False
baseline_전체 평균,-,keep,2021-07,2021-07-14 14:00:00,178,93.06744935543279,True,False
baseline_전체 평균,-,keep,2021-07,2021-07-14 15:00:00,134,93.06744935543279,False,False
baseline_전체 평균,-,keep,2021-07,2021-07-14 16:00:00,154,93.06744935543279,False,False
baseline_전체 평균,-,keep,2021-07,2021-07-14 17:00:00,140,93.06744935543279,False,False
baseline_전체 평균,-,keep,2021-07,2021-07-14 18:00:00,165,93.06744935543279,False,False
baseline_전체 평균,-,keep,2021-07,2021-07-14 19:00:00,138,93.06744935543279,False,False
baseline_전체 평균,-,keep,2021-07,2021-07-14 20:00:00,112,93.06744935543279,False,False
baseline_전체 평균,-,keep,2021-07,2021-07-14 21:00:00,112,93.06744935543279,False,False
baseline_전체 평균,-,keep,2021-07,2021-07-14 22:00:00,110,93.06744935543279,False,False
baseline_전체 평균,-,keep,2021-07,2021-07-14 23:00:00,104,93.06744935543279,False,False
baseline_전체 평균,-,keep,2021-07,2021-07-16 00:00:00,65,93.06744935543279,False,False
baseline_전체 평균,-,keep,2021-07,2021-07-16 01:00:00,96,93.06744935543279,False,False
baseline_전체 평균,-,keep,2021-07,2021-07-16 02:00:00,101,93.06744935543279,False,False
baseline_전체 평균,-,keep,2021-07,2021-07-16 03:00:00,107,93.06744935543279,False,False
baseline_전체 평균,-,keep,2021-07,2021-07-16 04:00:00,106,93.06744935543279,False,False
baseline_전체 평균,-,keep,2021-07,2021-07-16 05:00:00,88,93.06744935543279,False,False
baseline_전체 평균,-,keep,2021-07,2021-07-16 06:00:00,106,93.06744935543279,False,False
baseline_전체 평균,-,keep,2021-07,2021-07-16 07:00:00,135,93.06744935543279,False,False
baseline_전체 평균,-,keep,2021-07,2021-07-16 08:00:00,187,93.06744935543279,True,False
baseline_전체 평균,-,keep,2021-07,2021-07-16 09:00:00,185,93.06744935543279,True,False
baseline_전체 평균,-,keep,2021-07,2021-07-16 10:00:00,169,93.06744935543279,False,False
baseline_전체 평균,-,keep,2021-07,2021-07-16 11:00:00,188,93.06744935543279,True,False
baseline_전체 평균,-,keep,2021-07,2021-07-16 12:00:00,116,93.06744935543279,False,False
baseline_전체 평균,-,keep,2021-07,2021-07-16 13:00:00,172,93.06744935543279,True,False
baseline_전체 평균,-,keep,2021-07,2021-07-16 14:00:00,166,93.06744935543279,False,False
baseline_전체 평균,-,keep,2021-07,2021-07-16 15:00:00,158,93.06744935543279,False,False
baseline_전체 평균,-,keep,2021-07,2021-07-16 16:00:00,165,93.06744935543279,False,False
baseline_전체 평균,-,keep,2021-07,2021-07-16 17:00:00,138,93.06744935543279,False,False
baseline_전체 평균,-,keep,2021-07,2021-07-16 18:00:00,158,93.06744935543279,False,False
baseline_전체 평균,-,keep,2021-07,2021-07-16 19:00:00,136,93.06744935543279,False,False
baseline_전체 평균,-,keep,2021-07,2021-07-16 20:00:00,114,93.06744935543279,False,False
baseline_전체 평균,-,keep,2021-07,2021-07-16 21:00:00,114,93.06744935543279,False,False
baseline_전체 평균,-,keep,2021-07,2021-07-16 22:00:00,102,93.06744935543279,False,False
baseline_전체 평균,-,keep,2021-07,2021-07-16 23:00:00,101,93.06744935543279,False,False
baseline_전체 평균,-,keep,2021-07,2021-07-17 00:00:00,64,93.06744935543279,False,False
baseline_전체 평균,-,keep,2021-07,2021-07-17 01:00:00,101,93.06744935543279,False,False
baseline_전체 평균,-,keep,2021-07,2021-07-17 02:00:00,98,93.06744935543279,False,False
baseline_전체 평균,-,keep,2021-07,2021-07-17 03:00:00,94,93.06744935543279,False,False
baseline_전체 평균,-,keep,2021-07,2021-07-17 04:00:00,96,93.06744935543279,False,False
baseline_전체 평균,-,keep,2021-07,2021-07-17 05:00:00,84,93.06744935543279,False,False
baseline_전체 평균,-,keep,2021-07,2021-07-17 06:00:00,85,93.06744935543279,False,False
baseline_전체 평균,-,keep,2021-07,2021-07-17 07:00:00,57,93.06744935543279,False,False
baseline_전체 평균,-,keep,2021-07,2021-07-17 08:00:00,25,93.06744935543279,False,False
baseline_전체 평균,-,keep,2021-07,2021-07-17 09:00:00,23,93.06744935543279,False,False
baseline_전체 평균,-,keep,2021-07,2021-07-17 10:00:00,23,93.06744935543279,False,False
baseline_전체 평균,-,keep,2021-07,2021-07-17 11:00:00,24,93.06744935543279,False,False
baseline_전체 평균,-,keep,2021-07,2021-07-17 12:00:00,24,93.06744935543279,False,False
baseline_전체 평균,-,keep,2021-07,2021-07-17 13:00:00,23,93.06744935543279,False,False
baseline_전체 평균,-,keep,2021-07,2021-07-17 14:00:00,23,93.06744935543279,False,False
baseline_전체 평균,-,keep,2021-07,2021-07-17 15:00:00,25,93.06744935543279,False,False
baseline_전체 평균,-,keep,2021-07,2021-07-17 16:00:00,23,93.06744935543279,False,False
baseline_전체 평균,-,keep,2021-07,2021-07-17 17:00:00,22,93.06744935543279,False,False
baseline_전체 평균,-,keep,2021-07,2021-07-17 18:00:00,24,93.06744935543279,False,False
baseline_전체 평균,-,keep,2021-07,2021-07-17 19:00:00,23,93.06744935543279,False,False
baseline_전체 평균,-,keep,2021-07,2021-07-17 20:00:00,23,93.06744935543279,False,False
baseline_전체 평균,-,keep,2021-07,2021-07-17 21:00:00,24,93.06744935543279,False,False
baseline_전체 평균,-,keep,2021-07,2021-07-17 22:00:00,25,93.06744935543279,False,False
baseline_전체 평균,-,keep,2021-07,2021-07-17 23:00:00,23,93.06744935543279,False,False
baseline_전체 평균,-,keep,2021-07,2021-07-18 00:00:00,23,93.06744935543279,False,False
baseline_전체 평균,-,keep,2021-07,2021-07-18 01:00:00,25,93.06744935543279,False,False
baseline_전체 평균,-,keep,2021-07,2021-07-18 02:00:00,23,93.06744935543279,False,False
baseline_전체 평균,-,keep,2021-07,2021-07-18 03:00:00,23,93.06744935543279,False,False
baseline_전체 평균,-,keep,2021-07,2021-07-18 04:00:00,25,93.06744935543279,False,False
baseline_전체 평균,-,keep,2021-07,2021-07-18 05:00:00,22,93.06744935543279,False,False
baseline_전체 평균,-,keep,2021-07,2021-07-18 06:00:00,23,93.06744935543279,False,False
baseline_전체 평균,-,keep,2021-07,2021-07-18 07:00:00,25,93.06744935543279,False,False
baseline_전체 평균,-,keep,2021-07,2021-07-18 08:00:00,23,93.06744935543279,False,False
baseline_전체 평균,-,keep,2021-07,2021-07-18 09:00:00,23,93.06744935543279,False,False
baseline_전체 평균,-,keep,2021-07,2021-07-18 10:00:00,23,93.06744935543279,False,False
baseline_전체 평균,-,keep,2021-07,2021-07-18 11:00:00,25,93.06744935543279,False,False
baseline_전체 평균,-,keep,2021-07,2021-07-18 12:00:00,23,93.06744935543279,False,False
baseline_전체 평균,-,keep,2021-07,2021-07-18 13:00:00,23,93.06744935543279,False,False
baseline_전체 평균,-,keep,2021-07,2021-07-18 14:00:00,25,93.06744935543279,False,False
baseline_전체 평균,-,keep,2021-07,2021-07-18 15:00:00,24,93.06744935543279,False,False
baseline_전체 평균,-,keep,2021-07,2021-07-18 16:00:00,23,93.06744935543279,False,False
baseline_전체 평균,-,keep,2021-07,2021-07-18 17:00:00,24,93.06744935543279,False,False
baseline_전체 평균,-,keep,2021-07,2021-07-18 18:00:00,24,93.06744935543279,False,False
baseline_전체 평균,-,keep,2021-07,2021-07-18 19:00:00,23,93.06744935543279,False,False
baseline_전체 평균,-,keep,2021-07,2021-07-18 20:00:00,23,93.06744935543279,False,False
baseline_전체 평균,-,keep,2021-07,2021-07-18 21:00:00,25,93.06744935543279,False,False
baseline_전체 평균,-,keep,2021-07,2021-07-18 22:00:00,24,93.06744935543279,False,False
baseline_전체 평균,-,keep,2021-07,2021-07-18 23:00:00,23,93.06744935543279,False,False
baseline_전체 평균,-,keep,2021-07,2021-07-19 00:00:00,26,93.06744935543279,False,False
baseline_전체 평균,-,keep,2021-07,2021-07-19 01:00:00,24,93.06744935543279,False,False
baseline_전체 평균,-,keep,2021-07,2021-07-19 02:00:00,23,93.06744935543279,False,False
baseline_전체 평균,-,keep,2021-07,2021-07-19 03:00:00,23,93.06744935543279,False,False
baseline_전체 평균,-,keep,2021-07,2021-07-19 04:00:00,25,93.06744935543279,False,False
baseline_전체 평균,-,keep,2021-07,2021-07-19 05:00:00,23,93.06744935543279,False,False
baseline_전체 평균,-,keep,2021-07,2021-07-19 06:00:00,23,93.06744935543279,False,False
baseline_전체 평균,-,keep,2021-07,2021-07-19 07:00:00,65,93.06744935543279,False,False
baseline_전체 평균,-,keep,2021-07,2021-07-19 08:00:00,188,93.06744935543279,True,False
baseline_전체 평균,-,keep,2021-07,2021-07-19 09:00:00,179,93.06744935543279,True,False
baseline_전체 평균,-,keep,2021-07,2021-07-19 10:00:00,185,93.06744935543279,True,False
baseline_전체 평균,-,keep,2021-07,2021-07-19 11:00:00,199,93.06744935543279,True,False
baseline_전체 평균,-,keep,2021-07,2021-07-19 12:00:00,117,93.06744935543279,False,False
baseline_전체 평균,-,keep,2021-07,2021-07-19 13:00:00,178,93.06744935543279,True,False
baseline_전체 평균,-,keep,2021-07,2021-07-19 14:00:00,178,93.06744935543279,True,False
baseline_전체 평균,-,keep,2021-07,2021-07-19 15:00:00,169,93.06744935543279,False,False
baseline_전체 평균,-,keep,2021-07,2021-07-19 16:00:00,183,93.06744935543279,True,False
baseline_전체 평균,-,keep,2021-07,2021-07-19 17:00:00,149,93.06744935543279,False,False
baseline_전체 평균,-,keep,2021-07,2021-07-19 18:00:00,171,93.06744935543279,False,False
baseline_전체 평균,-,keep,2021-07,2021-07-19 19:00:00,151,93.06744935543279,False,False
baseline_전체 평균,-,keep,2021-07,2021-07-19 20:00:00,127,93.06744935543279,False,False
baseline_전체 평균,-,keep,2021-07,2021-07-19 21:00:00,124,93.06744935543279,False,False
baseline_전체 평균,-,keep,2021-07,2021-07-19 22:00:00,106,93.06744935543279,False,False
baseline_전체 평균,-,keep,2021-07,2021-07-19 23:00:00,110,93.06744935543279,False,False
baseline_전체 평균,-,keep,2021-07,2021-07-20 00:00:00,71,93.06744935543279,False,False
baseline_전체 평균,-,keep,2021-07,2021-07-20 01:00:00,100,93.06744935543279,False,False
baseline_전체 평균,-,keep,2021-07,2021-07-20 02:00:00,103,93.06744935543279,False,False
baseline_전체 평균,-,keep,2021-07,2021-07-20 03:00:00,105,93.06744935543279,False,False
baseline_전체 평균,-,keep,2021-07,2021-07-20 04:00:00,107,93.06744935543279,False,False
baseline_전체 평균,-,keep,2021-07,2021-07-20 05:00:00,91,93.06744935543279,False,False
baseline_전체 평균,-,keep,2021-07,2021-07-20 06:00:00,110,93.06744935543279,False,False
baseline_전체 평균,-,keep,2021-07,2021-07-20 07:00:00,133,93.06744935543279,False,False
baseline_전체 평균,-,keep,2021-07,2021-07-20 08:00:00,188,93.06744935543279,True,False
baseline_전체 평균,-,keep,2021-07,2021-07-20 09:00:00,191,93.06744935543279,True,False
baseline_전체 평균,-,keep,2021-07,2021-07-20 10:00:00,189,93.06744935543279,True,False
baseline_전체 평균,-,keep,2021-07,2021-07-20 11:00:00,190,93.06744935543279,True,False
baseline_전체 평균,-,keep,2021-07,2021-07-20 12:00:00,121,93.06744935543279,False,False
baseline_전체 평균,-,keep,2021-07,2021-07-20 13:00:00,178,93.06744935543279,True,False
baseline_전체 평균,-,keep,2021-07,2021-07-20 14:00:00,187,93.06744935543279,True,False
baseline_전체 평균,-,keep,2021-07,2021-07-20 15:00:00,167,93.06744935543279,False,False
baseline_전체 평균,-,keep,2021-07,2021-07-20 16:00:00,185,93.06744935543279,True,False
baseline_전체 평균,-,keep,2021-07,2021-07-20 17:00:00,132,93.06744935543279,False,False
baseline_전체 평균,-,keep,2021-07,2021-07-20 18:00:00,175,93.06744935543279,True,False
baseline_전체 평균,-,keep,2021-07,2021-07-20 19:00:00,170,93.06744935543279,False,False
baseline_전체 평균,-,keep,2021-07,2021-07-20 20:00:00,127,93.06744935543279,False,False
baseline_전체 평균,-,keep,2021-07,2021-07-20 21:00:00,130,93.06744935543279,False,False
baseline_전체 평균,-,keep,2021-07,2021-07-20 22:00:00,112,93.06744935543279,False,False
baseline_전체 평균,-,keep,2021-07,2021-07-20 23:00:00,109,93.06744935543279,False,False
baseline_전체 평균,-,keep,2021-07,2021-07-21 00:00:00,78,93.06744935543279,False,False
baseline_전체 평균,-,keep,2021-07,2021-07-21 01:00:00,107,93.06744935543279,False,False
baseline_전체 평균,-,keep,2021-07,2021-07-21 02:00:00,100,93.06744935543279,False,False
baseline_전체 평균,-,keep,2021-07,2021-07-21 03:00:00,102,93.06744935543279,False,False
baseline_전체 평균,-,keep,2021-07,2021-07-21 04:00:00,107,93.06744935543279,False,False
baseline_전체 평균,-,keep,2021-07,2021-07-21 05:00:00,94,93.06744935543279,False,False
baseline_전체 평균,-,keep,2021-07,2021-07-21 06:00:00,106,93.06744935543279,False,False
baseline_전체 평균,-,keep,2021-07,2021-07-21 07:00:00,128,93.06744935543279,False,False
baseline_전체 평균,-,keep,2021-07,2021-07-21 08:00:00,193,93.06744935543279,True,False
baseline_전체 평균,-,keep,2021-07,2021-07-21 09:00:00,204,93.06744935543279,True,False
baseline_전체 평균,-,keep,2021-07,2021-07-21 10:00:00,179,93.06744935543279,True,False
baseline_전체 평균,-,keep,2021-07,2021-07-21 11:00:00,197,93.06744935543279,True,False
baseline_전체 평균,-,keep,2021-07,2021-07-21 12:00:00,128,93.06744935543279,False,False
baseline_전체 평균,-,keep,2021-07,2021-07-21 13:00:00,189,93.06744935543279,True,False
baseline_전체 평균,-,keep,2021-07,2021-07-21 14:00:00,199,93.06744935543279,True,False
baseline_전체 평균,-,keep,2021-07,2021-07-21 15:00:00,171,93.06744935543279,False,False
baseline_전체 평균,-,keep,2021-07,2021-07-21 16:00:00,182,93.06744935543279,True,False
baseline_전체 평균,-,keep,2021-07,2021-07-21 17:00:00,138,93.06744935543279,False,False
baseline_전체 평균,-,keep,2021-07,2021-07-21 18:00:00,162,93.06744935543279,False,False
baseline_전체 평균,-,keep,2021-07,2021-07-21 19:00:00,162,93.06744935543279,False,False
baseline_전체 평균,-,keep,2021-07,2021-07-21 20:00:00,131,93.06744935543279,False,False
baseline_전체 평균,-,keep,2021-07,2021-07-21 21:00:00,117,93.06744935543279,False,False
baseline_전체 평균,-,keep,2021-07,2021-07-21 22:00:00,104,93.06744935543279,False,False
baseline_전체 평균,-,keep,2021-07,2021-07-21 23:00:00,103,93.06744935543279,False,False
baseline_전체 평균,-,keep,2021-07,2021-07-22 00:00:00,71,93.06744935543279,False,False
baseline_전체 평균,-,keep,2021-07,2021-07-22 01:00:00,99,93.06744935543279,False,False
baseline_전체 평균,-,keep,2021-07,2021-07-22 02:00:00,103,93.06744935543279,False,False
baseline_전체 평균,-,keep,2021-07,2021-07-22 03:00:00,100,93.06744935543279,False,False
baseline_전체 평균,-,keep,2021-07,2021-07-22 04:00:00,105,93.06744935543279,False,False
baseline_전체 평균,-,keep,2021-07,2021-07-22 05:00:00,86,93.06744935543279,False,False
baseline_전체 평균,-,keep,2021-07,2021-07-22 06:00:00,106,93.06744935543279,False,False
baseline_전체 평균,-,keep,2021-07,2021-07-22 07:00:00,122,93.06744935543279,False,False
baseline_전체 평균,-,keep,2021-07,2021-07-22 08:00:00,197,93.06744935543279,True,False
baseline_전체 평균,-,keep,2021-07,2021-07-22 09:00:00,192,93.06744935543279,True,False
baseline_전체 평균,-,keep,2021-07,2021-07-22 10:00:00,180,93.06744935543279,True,False
baseline_전체 평균,-,keep,2021-07,2021-07-22 11:00:00,186,93.06744935543279,True,False
baseline_전체 평균,-,keep,2021-07,2021-07-22 12:00:00,104,93.06744935543279,False,False
baseline_전체 평균,-,keep,2021-07,2021-07-22 13:00:00,171,93.06744935543279,False,False
baseline_전체 평균,-,keep,2021-07,2021-07-22 14:00:00,182,93.06744935543279,True,False
baseline_전체 평균,-,keep,2021-07,2021-07-22 15:00:00,164,93.06744935543279,False,False
baseline_전체 평균,-,keep,2021-07,2021-07-22 16:00:00,165,93.06744935543279,False,False
baseline_전체 평균,-,keep,2021-07,2021-07-22 17:00:00,124,93.06744935543279,False,False
baseline_전체 평균,-,keep,2021-07,2021-07-22 18:00:00,164,93.06744935543279,False,False
baseline_전체 평균,-,keep,2021-07,2021-07-22 19:00:00,154,93.06744935543279,False,False
baseline_전체 평균,-,keep,2021-07,2021-07-22 20:00:00,132,93.06744935543279,False,False
baseline_전체 평균,-,keep,2021-07,2021-07-22 21:00:00,120,93.06744935543279,False,False
baseline_전체 평균,-,keep,2021-07,2021-07-22 22:00:00,115,93.06744935543279,False,False
baseline_전체 평균,-,keep,2021-07,2021-07-22 23:00:00,107,93.06744935543279,False,False
baseline_전체 평균,-,keep,2021-07,2021-07-23 00:00:00,78,93.06744935543279,False,False
baseline_전체 평균,-,keep,2021-07,2021-07-23 01:00:00,105,93.06744935543279,False,False
baseline_전체 평균,-,keep,2021-07,2021-07-23 02:00:00,105,93.06744935543279,False,False
baseline_전체 평균,-,keep,2021-07,2021-07-23 03:00:00,102,93.06744935543279,False,False
baseline_전체 평균,-,keep,2021-07,2021-07-23 04:00:00,99,93.06744935543279,False,False
baseline_전체 평균,-,keep,2021-07,2021-07-23 05:00:00,89,93.06744935543279,False,False
baseline_전체 평균,-,keep,2021-07,2021-07-23 06:00:00,103,93.06744935543279,False,False
baseline_전체 평균,-,keep,2021-07,2021-07-23 07:00:00,122,93.06744935543279,False,False
baseline_전체 평균,-,keep,2021-07,2021-07-23 08:00:00,191,93.06744935543279,True,False
baseline_전체 평균,-,keep,2021-07,2021-07-23 09:00:00,185,93.06744935543279,True,False
baseline_전체 평균,-,keep,2021-07,2021-07-23 10:00:00,179,93.06744935543279,True,False
baseline_전체 평균,-,keep,2021-07,2021-07-23 11:00:00,188,93.06744935543279,True,False
baseline_전체 평균,-,keep,2021-07,2021-07-23 12:00:00,113,93.06744935543279,False,False
baseline_전체 평균,-,keep,2021-07,2021-07-23 13:00:00,180,93.06744935543279,True,False
baseline_전체 평균,-,keep,2021-07,2021-07-23 14:00:00,184,93.06744935543279,True,False
baseline_전체 평균,-,keep,2021-07,2021-07-23 15:00:00,175,93.06744935543279,True,False
baseline_전체 평균,-,keep,2021-07,2021-07-23 16:00:00,189,93.06744935543279,True,False
baseline_전체 평균,-,keep,2021-07,2021-07-23 17:00:00,138,93.06744935543279,False,False
baseline_전체 평균,-,keep,2021-07,2021-07-23 18:00:00,175,93.06744935543279,True,False
baseline_전체 평균,-,keep,2021-07,2021-07-23 19:00:00,145,93.06744935543279,False,False
baseline_전체 평균,-,keep,2021-07,2021-07-23 20:00:00,111,93.06744935543279,False,False
baseline_전체 평균,-,keep,2021-07,2021-07-23 21:00:00,107,93.06744935543279,False,False
baseline_전체 평균,-,keep,2021-07,2021-07-23 22:00:00,100,93.06744935543279,False,False
baseline_전체 평균,-,keep,2021-07,2021-07-23 23:00:00,102,93.06744935543279,False,False
baseline_전체 평균,-,keep,2021-07,2021-07-24 00:00:00,68,93.06744935543279,False,False
baseline_전체 평균,-,keep,2021-07,2021-07-24 01:00:00,96,93.06744935543279,False,False
baseline_전체 평균,-,keep,2021-07,2021-07-24 02:00:00,95,93.06744935543279,False,False
baseline_전체 평균,-,keep,2021-07,2021-07-24 03:00:00,93,93.06744935543279,False,False
baseline_전체 평균,-,keep,2021-07,2021-07-24 04:00:00,97,93.06744935543279,False,False
baseline_전체 평균,-,keep,2021-07,2021-07-24 05:00:00,81,93.06744935543279,False,False
baseline_전체 평균,-,keep,2021-07,2021-07-24 06:00:00,95,93.06744935543279,False,False
baseline_전체 평균,-,keep,2021-07,2021-07-24 07:00:00,61,93.06744935543279,False,False
baseline_전체 평균,-,keep,2021-07,2021-07-24 08:00:00,25,93.06744935543279,False,False
baseline_전체 평균,-,keep,2021-07,2021-07-24 09:00:00,24,93.06744935543279,False,False
baseline_전체 평균,-,keep,2021-07,2021-07-24 10:00:00,24,93.06744935543279,False,False
baseline_전체 평균,-,keep,2021-07,2021-07-24 11:00:00,27,93.06744935543279,False,False
baseline_전체 평균,-,keep,2021-07,2021-07-24 12:00:00,23,93.06744935543279,False,False
baseline_전체 평균,-,keep,2021-07,2021-07-24 13:00:00,24,93.06744935543279,False,False
baseline_전체 평균,-,keep,2021-07,2021-07-24 14:00:00,24,93.06744935543279,False,False
baseline_전체 평균,-,keep,2021-07,2021-07-24 15:00:00,26,93.06744935543279,False,False
baseline_전체 평균,-,keep,2021-07,2021-07-24 16:00:00,24,93.06744935543279,False,False
baseline_전체 평균,-,keep,2021-07,2021-07-24 17:00:00,24,93.06744935543279,False,False
baseline_전체 평균,-,keep,2021-07,2021-07-24 18:00:00,25,93.06744935543279,False,False
baseline_전체 평균,-,keep,2021-07,2021-07-24 19:00:00,25,93.06744935543279,False,False
baseline_전체 평균,-,keep,2021-07,2021-07-24 20:00:00,24,93.06744935543279,False,False
baseline_전체 평균,-,keep,2021-07,2021-07-24 21:00:00,25,93.06744935543279,False,False
baseline_전체 평균,-,keep,2021-07,2021-07-24 22:00:00,26,93.06744935543279,False,False
baseline_전체 평균,-,keep,2021-07,2021-07-24 23:00:00,24,93.06744935543279,False,False
baseline_전체 평균,-,keep,2021-07,2021-07-25 00:00:00,24,93.06744935543279,False,False
baseline_전체 평균,-,keep,2021-07,2021-07-25 01:00:00,25,93.06744935543279,False,False
baseline_전체 평균,-,keep,2021-07,2021-07-25 02:00:00,25,93.06744935543279,False,False
baseline_전체 평균,-,keep,2021-07,2021-07-25 03:00:00,24,93.06744935543279,False,False
baseline_전체 평균,-,keep,2021-07,2021-07-25 04:00:00,24,93.06744935543279,False,False
baseline_전체 평균,-,keep,2021-07,2021-07-25 05:00:00,26,93.06744935543279,False,False
baseline_전체 평균,-,keep,2021-07,2021-07-25 06:00:00,24,93.06744935543279,False,False
baseline_전체 평균,-,keep,2021-07,2021-07-25 07:00:00,24,93.06744935543279,False,False
baseline_전체 평균,-,keep,2021-07,2021-07-25 08:00:00,24,93.06744935543279,False,False
baseline_전체 평균,-,keep,2021-07,2021-07-25 09:00:00,26,93.06744935543279,False,False
baseline_전체 평균,-,keep,2021-07,2021-07-25 10:00:00,24,93.06744935543279,False,False
baseline_전체 평균,-,keep,2021-07,2021-07-25 11:00:00,24,93.06744935543279,False,False
baseline_전체 평균,-,keep,2021-07,2021-07-25 12:00:00,26,93.06744935543279,False,False
baseline_전체 평균,-,keep,2021-07,2021-07-25 13:00:00,24,93.06744935543279,False,False
baseline_전체 평균,-,keep,2021-07,2021-07-25 14:00:00,24,93.06744935543279,False,False
baseline_전체 평균,-,keep,2021-07,2021-07-25 15:00:00,25,93.06744935543279,False,False
baseline_전체 평균,-,keep,2021-07,2021-07-25 16:00:00,26,93.06744935543279,False,False
baseline_전체 평균,-,keep,2021-07,2021-07-25 17:00:00,24,93.06744935543279,False,False
baseline_전체 평균,-,keep,2021-07,2021-07-25 18:00:00,23,93.06744935543279,False,False
baseline_전체 평균,-,keep,2021-07,2021-07-25 19:00:00,25,93.06744935543279,False,False
baseline_전체 평균,-,keep,2021-07,2021-07-25 20:00:00,24,93.06744935543279,False,False
baseline_전체 평균,-,keep,2021-07,2021-07-25 21:00:00,24,93.06744935543279,False,False
baseline_전체 평균,-,keep,2021-07,2021-07-25 22:00:00,24,93.06744935543279,False,False
baseline_전체 평균,-,keep,2021-07,2021-07-25 23:00:00,26,93.06744935543279,False,False
baseline_전체 평균,-,keep,2021-07,2021-07-26 00:00:00,24,93.06744935543279,False,False
baseline_전체 평균,-,keep,2021-07,2021-07-26 01:00:00,24,93.06744935543279,False,False
baseline_전체 평균,-,keep,2021-07,2021-07-26 02:00:00,25,93.06744935543279,False,False
baseline_전체 평균,-,keep,2021-07,2021-07-26 03:00:00,25,93.06744935543279,False,False
baseline_전체 평균,-,keep,2021-07,2021-07-26 04:00:00,24,93.06744935543279,False,False
baseline_전체 평균,-,keep,2021-07,2021-07-26 05:00:00,24,93.06744935543279,False,False
baseline_전체 평균,-,keep,2021-07,2021-07-26 06:00:00,26,93.06744935543279,False,False
baseline_전체 평균,-,keep,2021-07,2021-07-26 07:00:00,71,93.06744935543279,False,False
baseline_전체 평균,-,keep,2021-07,2021-07-26 08:00:00,198,93.06744935543279,True,False
baseline_전체 평균,-,keep,2021-07,2021-07-26 09:00:00,184,93.06744935543279,True,False
baseline_전체 평균,-,keep,2021-07,2021-07-26 10:00:00,185,93.06744935543279,True,False
baseline_전체 평균,-,keep,2021-07,2021-07-26 11:00:00,190,93.06744935543279,True,False
baseline_전체 평균,-,keep,2021-07,2021-07-26 12:00:00,113,93.06744935543279,False,False
baseline_전체 평균,-,keep,2021-07,2021-07-26 13:00:00,169,93.06744935543279,False,False
baseline_전체 평균,-,keep,2021-07,2021-07-26 14:00:00,186,93.06744935543279,True,False
baseline_전체 평균,-,keep,2021-07,2021-07-26 15:00:00,158,93.06744935543279,False,False
baseline_전체 평균,-,keep,2021-07,2021-07-26 16:00:00,169,93.06744935543279,False,False
baseline_전체 평균,-,keep,2021-07,2021-07-26 17:00:00,136,93.06744935543279,False,False
baseline_전체 평균,-,keep,2021-07,2021-07-26 18:00:00,175,93.06744935543279,True,False
baseline_전체 평균,-,keep,2021-07,2021-07-26 19:00:00,157,93.06744935543279,False,False
baseline_전체 평균,-,keep,2021-07,2021-07-26 20:00:00,102,93.06744935543279,False,False
baseline_전체 평균,-,keep,2021-07,2021-07-26 21:00:00,110,93.06744935543279,False,False
baseline_전체 평균,-,keep,2021-07,2021-07-26 22:00:00,110,93.06744935543279,False,False
baseline_전체 평균,-,keep,2021-07,2021-07-26 23:00:00,95,93.06744935543279,False,False
baseline_전체 평균,-,keep,2021-07,2021-07-27 00:00:00,68,93.06744935543279,False,False
baseline_전체 평균,-,keep,2021-07,2021-07-27 01:00:00,102,93.06744935543279,False,False
baseline_전체 평균,-,keep,2021-07,2021-07-27 02:00:00,115,93.06744935543279,False,False
baseline_전체 평균,-,keep,2021-07,2021-07-27 03:00:00,105,93.06744935543279,False,False
baseline_전체 평균,-,keep,2021-07,2021-07-27 04:00:00,108,93.06744935543279,False,False
baseline_전체 평균,-,keep,2021-07,2021-07-27 05:00:00,89,93.06744935543279,False,False
baseline_전체 평균,-,keep,2021-07,2021-07-27 06:00:00,105,93.06744935543279,False,False
baseline_전체 평균,-,keep,2021-07,2021-07-27 07:00:00,134,93.06744935543279,False,False
baseline_전체 평균,-,keep,2021-07,2021-07-27 08:00:00,194,93.06744935543279,True,False
baseline_전체 평균,-,keep,2021-07,2021-07-27 09:00:00,181,93.06744935543279,True,False
baseline_전체 평균,-,keep,2021-07,2021-07-27 10:00:00,188,93.06744935543279,True,False
baseline_전체 평균,-,keep,2021-07,2021-07-27 11:00:00,207,93.06744935543279,True,False
baseline_전체 평균,-,keep,2021-07,2021-07-27 12:00:00,110,93.06744935543279,False,False
baseline_전체 평균,-,keep,2021-07,2021-07-27 13:00:00,182,93.06744935543279,True,False
baseline_전체 평균,-,keep,2021-07,2021-07-27 14:00:00,195,93.06744935543279,True,False
baseline_전체 평균,-,keep,2021-07,2021-07-27 15:00:00,179,93.06744935543279,True,False
baseline_전체 평균,-,keep,2021-07,2021-07-27 16:00:00,186,93.06744935543279,True,False
baseline_전체 평균,-,keep,2021-07,2021-07-27 17:00:00,159,93.06744935543279,False,False
baseline_전체 평균,-,keep,2021-07,2021-07-27 18:00:00,169,93.06744935543279,False,False
baseline_전체 평균,-,keep,2021-07,2021-07-27 19:00:00,169,93.06744935543279,False,False
baseline_전체 평균,-,keep,2021-07,2021-07-27 20:00:00,144,93.06744935543279,False,False
baseline_전체 평균,-,keep,2021-07,2021-07-27 21:00:00,144,93.06744935543279,False,False
baseline_전체 평균,-,keep,2021-07,2021-07-27 22:00:00,129,93.06744935543279,False,False
baseline_전체 평균,-,keep,2021-07,2021-07-27 23:00:00,122,93.06744935543279,False,False
baseline_전체 평균,-,keep,2021-07,2021-07-28 00:00:00,88,93.06744935543279,False,True
baseline_전체 평균,-,keep,2021-07,2021-07-28 01:00:00,121,93.06744935543279,False,True
baseline_전체 평균,-,keep,2021-07,2021-07-28 02:00:00,119,93.06744935543279,False,True
baseline_전체 평균,-,keep,2021-07,2021-07-28 03:00:00,122,93.06744935543279,False,True
baseline_전체 평균,-,keep,2021-07,2021-07-28 04:00:00,119,93.06744935543279,False,True
baseline_전체 평균,-,keep,2021-07,2021-07-28 05:00:00,105,93.06744935543279,False,True
baseline_전체 평균,-,keep,2021-07,2021-07-28 06:00:00,124,93.06744935543279,False,True
baseline_전체 평균,-,keep,2021-07,2021-07-28 07:00:00,156,93.06744935543279,False,True
baseline_전체 평균,-,keep,2021-07,2021-07-28 08:00:00,198,93.06744935543279,True,True
baseline_전체 평균,-,keep,2021-07,2021-07-28 09:00:00,198,93.06744935543279,True,True
baseline_전체 평균,-,keep,2021-07,2021-07-28 10:00:00,188,93.06744935543279,True,True
baseline_전체 평균,-,keep,2021-07,2021-07-28 11:00:00,208,93.06744935543279,True,True
baseline_전체 평균,-,keep,2021-07,2021-07-28 12:00:00,121,93.06744935543279,False,True
baseline_전체 평균,-,keep,2021-07,2021-07-28 13:00:00,194,93.06744935543279,True,True
baseline_전체 평균,-,keep,2021-07,2021-07-28 14:00:00,196,93.06744935543279,True,True
baseline_전체 평균,-,keep,2021-07,2021-07-28 15:00:00,161,93.06744935543279,False,True
baseline_전체 평균,-,keep,2021-07,2021-07-28 16:00:00,174,93.06744935543279,True,True
baseline_전체 평균,-,keep,2021-07,2021-07-28 17:00:00,147,93.06744935543279,False,True
baseline_전체 평균,-,keep,2021-07,2021-07-28 18:00:00,183,93.06744935543279,True,True
baseline_전체 평균,-,keep,2021-07,2021-07-28 19:00:00,151,93.06744935543279,False,True
baseline_전체 평균,-,keep,2021-07,2021-07-28 20:00:00,107,93.06744935543279,False,True
baseline_전체 평균,-,keep,2021-07,2021-07-28 21:00:00,110,93.06744935543279,False,True
baseline_전체 평균,-,keep,2021-07,2021-07-28 22:00:00,103,93.06744935543279,False,True
baseline_전체 평균,-,keep,2021-07,2021-07-28 23:00:00,103,93.06744935543279,False,True
baseline_전체 평균,-,keep,2021-07,2021-07-29 00:00:00,68,93.06744935543279,False,False
baseline_전체 평균,-,keep,2021-07,2021-07-29 01:00:00,110,93.06744935543279,False,False
baseline_전체 평균,-,keep,2021-07,2021-07-29 02:00:00,111,93.06744935543279,False,False
baseline_전체 평균,-,keep,2021-07,2021-07-29 03:00:00,110,93.06744935543279,False,False
baseline_전체 평균,-,keep,2021-07,2021-07-29 04:00:00,111,93.06744935543279,False,False
baseline_전체 평균,-,keep,2021-07,2021-07-29 05:00:00,94,93.06744935543279,False,False
baseline_전체 평균,-,keep,2021-07,2021-07-29 06:00:00,116,93.06744935543279,False,False
baseline_전체 평균,-,keep,2021-07,2021-07-29 07:00:00,141,93.06744935543279,False,False
baseline_전체 평균,-,keep,2021-07,2021-07-29 08:00:00,192,93.06744935543279,True,False
baseline_전체 평균,-,keep,2021-07,2021-07-29 09:00:00,198,93.06744935543279,True,False
baseline_전체 평균,-,keep,2021-07,2021-07-29 10:00:00,187,93.06744935543279,True,False
baseline_전체 평균,-,keep,2021-07,2021-07-29 11:00:00,207,93.06744935543279,True,False
baseline_전체 평균,-,keep,2021-07,2021-07-29 12:00:00,112,93.06744935543279,False,False
baseline_전체 평균,-,keep,2021-07,2021-07-29 13:00:00,192,93.06744935543279,True,False
baseline_전체 평균,-,keep,2021-07,2021-07-29 14:00:00,187,93.06744935543279,True,False
baseline_전체 평균,-,keep,2021-07,2021-07-29 15:00:00,164,93.06744935543279,False,False
baseline_전체 평균,-,keep,2021-07,2021-07-29 16:00:00,166,93.06744935543279,False,False
baseline_전체 평균,-,keep,2021-07,2021-07-29 17:00:00,129,93.06744935543279,False,False
baseline_전체 평균,-,keep,2021-07,2021-07-29 18:00:00,174,93.06744935543279,True,False
baseline_전체 평균,-,keep,2021-07,2021-07-29 19:00:00,169,93.06744935543279,False,False
baseline_전체 평균,-,keep,2021-07,2021-07-29 20:00:00,128,93.06744935543279,False,False
baseline_전체 평균,-,keep,2021-07,2021-07-29 21:00:00,126,93.06744935543279,False,False
baseline_전체 평균,-,keep,2021-07,2021-07-29 22:00:00,122,93.06744935543279,False,False
baseline_전체 평균,-,keep,2021-07,2021-07-29 23:00:00,114,93.06744935543279,False,False
baseline_전체 평균,-,keep,2021-07,2021-07-30 00:00:00,88,93.06744935543279,False,True
baseline_전체 평균,-,keep,2021-07,2021-07-30 01:00:00,121,93.06744935543279,False,True
baseline_전체 평균,-,keep,2021-07,2021-07-30 02:00:00,119,93.06744935543279,False,True
baseline_전체 평균,-,keep,2021-07,2021-07-30 03:00:00,122,93.06744935543279,False,True
baseline_전체 평균,-,keep,2021-07,2021-07-30 04:00:00,119,93.06744935543279,False,True
baseline_전체 평균,-,keep,2021-07,2021-07-30 05:00:00,105,93.06744935543279,False,True
baseline_전체 평균,-,keep,2021-07,2021-07-30 06:00:00,124,93.06744935543279,False,True
baseline_전체 평균,-,keep,2021-07,2021-07-30 07:00:00,156,93.06744935543279,False,True
baseline_전체 평균,-,keep,2021-07,2021-07-30 08:00:00,198,93.06744935543279,True,True
baseline_전체 평균,-,keep,2021-07,2021-07-30 09:00:00,198,93.06744935543279,True,True
baseline_전체 평균,-,keep,2021-07,2021-07-30 10:00:00,188,93.06744935543279,True,True
baseline_전체 평균,-,keep,2021-07,2021-07-30 11:00:00,208,93.06744935543279,True,True
baseline_전체 평균,-,keep,2021-07,2021-07-30 12:00:00,121,93.06744935543279,False,True
baseline_전체 평균,-,keep,2021-07,2021-07-30 13:00:00,194,93.06744935543279,True,True
baseline_전체 평균,-,keep,2021-07,2021-07-30 14:00:00,196,93.06744935543279,True,True
baseline_전체 평균,-,keep,2021-07,2021-07-30 15:00:00,161,93.06744935543279,False,True
baseline_전체 평균,-,keep,2021-07,2021-07-30 16:00:00,174,93.06744935543279,True,True
baseline_전체 평균,-,keep,2021-07,2021-07-30 17:00:00,147,93.06744935543279,False,True
baseline_전체 평균,-,keep,2021-07,2021-07-30 18:00:00,183,93.06744935543279,True,True
baseline_전체 평균,-,keep,2021-07,2021-07-30 19:00:00,151,93.06744935543279,False,True
baseline_전체 평균,-,keep,2021-07,2021-07-30 20:00:00,107,93.06744935543279,False,True
baseline_전체 평균,-,keep,2021-07,2021-07-30 21:00:00,110,93.06744935543279,False,True
baseline_전체 평균,-,keep,2021-07,2021-07-30 22:00:00,103,93.06744935543279,False,True
baseline_전체 평균,-,keep,2021-07,2021-07-30 23:00:00,103,93.06744935543279,False,True
baseline_전체 평균,-,keep,2021-07,2021-07-31 00:00:00,23,93.06744935543279,False,False
baseline_전체 평균,-,keep,2021-07,2021-07-31 01:00:00,21,93.06744935543279,False,False
baseline_전체 평균,-,keep,2021-07,2021-07-31 02:00:00,21,93.06744935543279,False,False
baseline_전체 평균,-,keep,2021-07,2021-07-31 03:00:00,21,93.06744935543279,False,False
baseline_전체 평균,-,keep,2021-07,2021-07-31 04:00:00,23,93.06744935543279,False,False
baseline_전체 평균,-,keep,2021-07,2021-07-31 05:00:00,20,93.06744935543279,False,False
baseline_전체 평균,-,keep,2021-07,2021-07-31 06:00:00,21,93.06744935543279,False,False
baseline_전체 평균,-,keep,2021-07,2021-07-31 07:00:00,22,93.06744935543279,False,False
baseline_전체 평균,-,keep,2021-07,2021-07-31 08:00:00,21,93.06744935543279,False,False
baseline_전체 평균,-,keep,2021-07,2021-07-31 09:00:00,21,93.06744935543279,False,False
baseline_전체 평균,-,keep,2021-07,2021-07-31 10:00:00,22,93.06744935543279,False,False
baseline_전체 평균,-,keep,2021-07,2021-07-31 11:00:00,23,93.06744935543279,False,False
baseline_전체 평균,-,keep,2021-07,2021-07-31 12:00:00,21,93.06744935543279,False,False
baseline_전체 평균,-,keep,2021-07,2021-07-31 13:00:00,21,93.06744935543279,False,False
baseline_전체 평균,-,keep,2021-07,2021-07-31 14:00:00,22,93.06744935543279,False,False
baseline_전체 평균,-,keep,2021-07,2021-07-31 15:00:00,22,93.06744935543279,False,False
baseline_전체 평균,-,keep,2021-07,2021-07-31 16:00:00,21,93.06744935543279,False,False
baseline_전체 평균,-,keep,2021-07,2021-07-31 17:00:00,21,93.06744935543279,False,False
baseline_전체 평균,-,keep,2021-07,2021-07-31 18:00:00,23,93.06744935543279,False,False
baseline_전체 평균,-,keep,2021-07,2021-07-31 19:00:00,21,93.06744935543279,False,False
baseline_전체 평균,-,keep,2021-07,2021-07-31 20:00:00,21,93.06744935543279,False,False
baseline_전체 평균,-,keep,2021-07,2021-07-31 21:00:00,23,93.06744935543279,False,False
baseline_전체 평균,-,keep,2021-07,2021-07-31 22:00:00,21,93.06744935543279,False,False
baseline_전체 평균,-,keep,2021-07,2021-07-31 23:00:00,21,93.06744935543279,False,False
baseline_전체 평균,-,keep,2021-08,2021-08-01 00:00:00,21,94.22936507936508,False,False
baseline_전체 평균,-,keep,2021-08,2021-08-01 01:00:00,23,94.22936507936508,False,False
baseline_전체 평균,-,keep,2021-08,2021-08-01 02:00:00,21,94.22936507936508,False,False
baseline_전체 평균,-,keep,2021-08,2021-08-01 03:00:00,21,94.22936507936508,False,False
baseline_전체 평균,-,keep,2021-08,2021-08-01 04:00:00,22,94.22936507936508,False,False
baseline_전체 평균,-,keep,2021-08,2021-08-01 05:00:00,22,94.22936507936508,False,False
baseline_전체 평균,-,keep,2021-08,2021-08-01 06:00:00,20,94.22936507936508,False,False
baseline_전체 평균,-,keep,2021-08,2021-08-01 07:00:00,20,94.22936507936508,False,False
baseline_전체 평균,-,keep,2021-08,2021-08-01 08:00:00,23,94.22936507936508,False,False
baseline_전체 평균,-,keep,2021-08,2021-08-01 09:00:00,22,94.22936507936508,False,False
baseline_전체 평균,-,keep,2021-08,2021-08-01 10:00:00,21,94.22936507936508,False,False
baseline_전체 평균,-,keep,2021-08,2021-08-01 11:00:00,21,94.22936507936508,False,False
baseline_전체 평균,-,keep,2021-08,2021-08-01 12:00:00,23,94.22936507936508,False,False
baseline_전체 평균,-,keep,2021-08,2021-08-01 13:00:00,21,94.22936507936508,False,False
baseline_전체 평균,-,keep,2021-08,2021-08-01 14:00:00,21,94.22936507936508,False,False
baseline_전체 평균,-,keep,2021-08,2021-08-01 15:00:00,22,94.22936507936508,False,False
baseline_전체 평균,-,keep,2021-08,2021-08-01 16:00:00,23,94.22936507936508,False,False
baseline_전체 평균,-,keep,2021-08,2021-08-01 17:00:00,21,94.22936507936508,False,False
baseline_전체 평균,-,keep,2021-08,2021-08-01 18:00:00,20,94.22936507936508,False,False
baseline_전체 평균,-,keep,2021-08,2021-08-01 19:00:00,21,94.22936507936508,False,False
baseline_전체 평균,-,keep,2021-08,2021-08-01 20:00:00,23,94.22936507936508,False,False
baseline_전체 평균,-,keep,2021-08,2021-08-01 21:00:00,22,94.22936507936508,False,False
baseline_전체 평균,-,keep,2021-08,2021-08-01 22:00:00,22,94.22936507936508,False,False
baseline_전체 평균,-,keep,2021-08,2021-08-01 23:00:00,22,94.22936507936508,False,False
baseline_전체 평균,-,keep,2021-08,2021-08-02 00:00:00,21,94.22936507936508,False,False
baseline_전체 평균,-,keep,2021-08,2021-08-02 01:00:00,21,94.22936507936508,False,False
baseline_전체 평균,-,keep,2021-08,2021-08-02 02:00:00,21,94.22936507936508,False,False
baseline_전체 평균,-,keep,2021-08,2021-08-02 03:00:00,23,94.22936507936508,False,False
baseline_전체 평균,-,keep,2021-08,2021-08-02 04:00:00,21,94.22936507936508,False,False
baseline_전체 평균,-,keep,2021-08,2021-08-02 05:00:00,21,94.22936507936508,False,False
baseline_전체 평균,-,keep,2021-08,2021-08-02 06:00:00,22,94.22936507936508,False,False
baseline_전체 평균,-,keep,2021-08,2021-08-02 07:00:00,21,94.22936507936508,False,False
baseline_전체 평균,-,keep,2021-08,2021-08-02 08:00:00,20,94.22936507936508,False,False
baseline_전체 평균,-,keep,2021-08,2021-08-02 09:00:00,21,94.22936507936508,False,False
baseline_전체 평균,-,keep,2021-08,2021-08-02 10:00:00,22,94.22936507936508,False,False
baseline_전체 평균,-,keep,2021-08,2021-08-02 11:00:00,21,94.22936507936508,False,False
baseline_전체 평균,-,keep,2021-08,2021-08-02 12:00:00,21,94.22936507936508,False,False
baseline_전체 평균,-,keep,2021-08,2021-08-02 13:00:00,22,94.22936507936508,False,False
baseline_전체 평균,-,keep,2021-08,2021-08-02 14:00:00,23,94.22936507936508,False,False
baseline_전체 평균,-,keep,2021-08,2021-08-02 15:00:00,21,94.22936507936508,False,False
baseline_전체 평균,-,keep,2021-08,2021-08-02 16:00:00,21,94.22936507936508,False,False
baseline_전체 평균,-,keep,2021-08,2021-08-02 17:00:00,22,94.22936507936508,False,False
baseline_전체 평균,-,keep,2021-08,2021-08-02 18:00:00,22,94.22936507936508,False,False
baseline_전체 평균,-,keep,2021-08,2021-08-02 19:00:00,21,94.22936507936508,False,False
baseline_전체 평균,-,keep,2021-08,2021-08-02 20:00:00,22,94.22936507936508,False,False
baseline_전체 평균,-,keep,2021-08,2021-08-02 21:00:00,22,94.22936507936508,False,False
baseline_전체 평균,-,keep,2021-08,2021-08-02 22:00:00,22,94.22936507936508,False,False
baseline_전체 평균,-,keep,2021-08,2021-08-02 23:00:00,21,94.22936507936508,False,False
baseline_전체 평균,-,keep,2021-08,2021-08-03 00:00:00,21,94.22936507936508,False,False
baseline_전체 평균,-,keep,2021-08,2021-08-03 01:00:00,23,94.22936507936508,False,False
baseline_전체 평균,-,keep,2021-08,2021-08-03 02:00:00,21,94.22936507936508,False,False
baseline_전체 평균,-,keep,2021-08,2021-08-03 03:00:00,21,94.22936507936508,False,False
baseline_전체 평균,-,keep,2021-08,2021-08-03 04:00:00,21,94.22936507936508,False,False
baseline_전체 평균,-,keep,2021-08,2021-08-03 05:00:00,22,94.22936507936508,False,False
baseline_전체 평균,-,keep,2021-08,2021-08-03 06:00:00,21,94.22936507936508,False,False
baseline_전체 평균,-,keep,2021-08,2021-08-03 07:00:00,20,94.22936507936508,False,False
baseline_전체 평균,-,keep,2021-08,2021-08-03 08:00:00,22,94.22936507936508,False,False
baseline_전체 평균,-,keep,2021-08,2021-08-03 09:00:00,21,94.22936507936508,False,False
baseline_전체 평균,-,keep,2021-08,2021-08-03 10:00:00,21,94.22936507936508,False,False
baseline_전체 평균,-,keep,2021-08,2021-08-03 11:00:00,22,94.22936507936508,False,False
baseline_전체 평균,-,keep,2021-08,2021-08-03 12:00:00,23,94.22936507936508,False,False
baseline_전체 평균,-,keep,2021-08,2021-08-03 13:00:00,21,94.22936507936508,False,False
baseline_전체 평균,-,keep,2021-08,2021-08-03 14:00:00,21,94.22936507936508,False,False
baseline_전체 평균,-,keep,2021-08,2021-08-03 15:00:00,23,94.22936507936508,False,False
baseline_전체 평균,-,keep,2021-08,2021-08-03 16:00:00,22,94.22936507936508,False,False
baseline_전체 평균,-,keep,2021-08,2021-08-03 17:00:00,21,94.22936507936508,False,False
baseline_전체 평균,-,keep,2021-08,2021-08-03 18:00:00,22,94.22936507936508,False,False
baseline_전체 평균,-,keep,2021-08,2021-08-03 19:00:00,23,94.22936507936508,False,False
baseline_전체 평균,-,keep,2021-08,2021-08-03 20:00:00,21,94.22936507936508,False,False
baseline_전체 평균,-,keep,2021-08,2021-08-03 21:00:00,22,94.22936507936508,False,False
baseline_전체 평균,-,keep,2021-08,2021-08-03 22:00:00,21,94.22936507936508,False,False
baseline_전체 평균,-,keep,2021-08,2021-08-03 23:00:00,23,94.22936507936508,False,False
baseline_전체 평균,-,keep,2021-08,2021-08-04 00:00:00,21,94.22936507936508,False,False
baseline_전체 평균,-,keep,2021-08,2021-08-04 01:00:00,21,94.22936507936508,False,False
baseline_전체 평균,-,keep,2021-08,2021-08-04 02:00:00,20,94.22936507936508,False,False
baseline_전체 평균,-,keep,2021-08,2021-08-04 03:00:00,22,94.22936507936508,False,False
baseline_전체 평균,-,keep,2021-08,2021-08-04 04:00:00,21,94.22936507936508,False,False
baseline_전체 평균,-,keep,2021-08,2021-08-04 05:00:00,21,94.22936507936508,False,False
baseline_전체 평균,-,keep,2021-08,2021-08-04 06:00:00,23,94.22936507936508,False,False
baseline_전체 평균,-,keep,2021-08,2021-08-04 07:00:00,20,94.22936507936508,False,False
baseline_전체 평균,-,keep,2021-08,2021-08-04 08:00:00,21,94.22936507936508,False,False
baseline_전체 평균,-,keep,2021-08,2021-08-04 09:00:00,21,94.22936507936508,False,False
baseline_전체 평균,-,keep,2021-08,2021-08-04 10:00:00,22,94.22936507936508,False,False
baseline_전체 평균,-,keep,2021-08,2021-08-04 11:00:00,21,94.22936507936508,False,False
baseline_전체 평균,-,keep,2021-08,2021-08-04 12:00:00,21,94.22936507936508,False,False
baseline_전체 평균,-,keep,2021-08,2021-08-04 13:00:00,22,94.22936507936508,False,False
baseline_전체 평균,-,keep,2021-08,2021-08-04 14:00:00,22,94.22936507936508,False,False
baseline_전체 평균,-,keep,2021-08,2021-08-04 15:00:00,22,94.22936507936508,False,False
baseline_전체 평균,-,keep,2021-08,2021-08-04 16:00:00,21,94.22936507936508,False,False
baseline_전체 평균,-,keep,2021-08,2021-08-04 17:00:00,23,94.22936507936508,False,False
baseline_전체 평균,-,keep,2021-08,2021-08-04 18:00:00,21,94.22936507936508,False,False
baseline_전체 평균,-,keep,2021-08,2021-08-04 19:00:00,21,94.22936507936508,False,False
baseline_전체 평균,-,keep,2021-08,2021-08-04 20:00:00,21,94.22936507936508,False,False
baseline_전체 평균,-,keep,2021-08,2021-08-04 21:00:00,23,94.22936507936508,False,False
baseline_전체 평균,-,keep,2021-08,2021-08-04 22:00:00,21,94.22936507936508,False,False
baseline_전체 평균,-,keep,2021-08,2021-08-04 23:00:00,21,94.22936507936508,False,False
baseline_전체 평균,-,keep,2021-08,2021-08-05 00:00:00,21,94.22936507936508,False,False
baseline_전체 평균,-,keep,2021-08,2021-08-05 01:00:00,22,94.22936507936508,False,False
baseline_전체 평균,-,keep,2021-08,2021-08-05 02:00:00,21,94.22936507936508,False,False
baseline_전체 평균,-,keep,2021-08,2021-08-05 03:00:00,21,94.22936507936508,False,False
baseline_전체 평균,-,keep,2021-08,2021-08-05 04:00:00,22,94.22936507936508,False,False
baseline_전체 평균,-,keep,2021-08,2021-08-05 05:00:00,21,94.22936507936508,False,False
baseline_전체 평균,-,keep,2021-08,2021-08-05 06:00:00,21,94.22936507936508,False,False
baseline_전체 평균,-,keep,2021-08,2021-08-05 07:00:00,20,94.22936507936508,False,False
baseline_전체 평균,-,keep,2021-08,2021-08-05 08:00:00,22,94.22936507936508,False,False
baseline_전체 평균,-,keep,2021-08,2021-08-05 09:00:00,21,94.22936507936508,False,False
baseline_전체 평균,-,keep,2021-08,2021-08-05 10:00:00,21,94.22936507936508,False,False
baseline_전체 평균,-,keep,2021-08,2021-08-05 11:00:00,22,94.22936507936508,False,False
baseline_전체 평균,-,keep,2021-08,2021-08-05 12:00:00,22,94.22936507936508,False,False
baseline_전체 평균,-,keep,2021-08,2021-08-05 13:00:00,22,94.22936507936508,False,False
baseline_전체 평균,-,keep,2021-08,2021-08-05 14:00:00,21,94.22936507936508,False,False
baseline_전체 평균,-,keep,2021-08,2021-08-05 15:00:00,23,94.22936507936508,False,False
baseline_전체 평균,-,keep,2021-08,2021-08-05 16:00:00,22,94.22936507936508,False,False
baseline_전체 평균,-,keep,2021-08,2021-08-05 17:00:00,22,94.22936507936508,False,False
baseline_전체 평균,-,keep,2021-08,2021-08-05 18:00:00,21,94.22936507936508,False,False
baseline_전체 평균,-,keep,2021-08,2021-08-05 19:00:00,22,94.22936507936508,False,False
baseline_전체 평균,-,keep,2021-08,2021-08-05 20:00:00,21,94.22936507936508,False,False
baseline_전체 평균,-,keep,2021-08,2021-08-05 21:00:00,21,94.22936507936508,False,False
baseline_전체 평균,-,keep,2021-08,2021-08-05 22:00:00,22,94.22936507936508,False,False
baseline_전체 평균,-,keep,2021-08,2021-08-05 23:00:00,23,94.22936507936508,False,False
baseline_전체 평균,-,keep,2021-08,2021-08-06 00:00:00,21,94.22936507936508,False,False
baseline_전체 평균,-,keep,2021-08,2021-08-06 01:00:00,21,94.22936507936508,False,False
baseline_전체 평균,-,keep,2021-08,2021-08-06 02:00:00,20,94.22936507936508,False,False
baseline_전체 평균,-,keep,2021-08,2021-08-06 03:00:00,22,94.22936507936508,False,False
baseline_전체 평균,-,keep,2021-08,2021-08-06 04:00:00,22,94.22936507936508,False,False
baseline_전체 평균,-,keep,2021-08,2021-08-06 05:00:00,21,94.22936507936508,False,False
baseline_전체 평균,-,keep,2021-08,2021-08-06 06:00:00,22,94.22936507936508,False,False
baseline_전체 평균,-,keep,2021-08,2021-08-06 07:00:00,20,94.22936507936508,False,False
baseline_전체 평균,-,keep,2021-08,2021-08-06 08:00:00,20,94.22936507936508,False,False
baseline_전체 평균,-,keep,2021-08,2021-08-06 09:00:00,21,94.22936507936508,False,False
baseline_전체 평균,-,keep,2021-08,2021-08-06 10:00:00,24,94.22936507936508,False,False
baseline_전체 평균,-,keep,2021-08,2021-08-06 11:00:00,24,94.22936507936508,False,False
baseline_전체 평균,-,keep,2021-08,2021-08-06 12:00:00,24,94.22936507936508,False,False
baseline_전체 평균,-,keep,2021-08,2021-08-06 13:00:00,23,94.22936507936508,False,False
baseline_전체 평균,-,keep,2021-08,2021-08-06 14:00:00,24,94.22936507936508,False,False
baseline_전체 평균,-,keep,2021-08,2021-08-06 15:00:00,22,94.22936507936508,False,False
baseline_전체 평균,-,keep,2021-08,2021-08-06 16:00:00,22,94.22936507936508,False,False
baseline_전체 평균,-,keep,2021-08,2021-08-06 17:00:00,23,94.22936507936508,False,False
baseline_전체 평균,-,keep,2021-08,2021-08-06 18:00:00,22,94.22936507936508,False,False
baseline_전체 평균,-,keep,2021-08,2021-08-06 19:00:00,21,94.22936507936508,False,False
baseline_전체 평균,-,keep,2021-08,2021-08-06 20:00:00,21,94.22936507936508,False,False
baseline_전체 평균,-,keep,2021-08,2021-08-06 21:00:00,23,94.22936507936508,False,False
baseline_전체 평균,-,keep,2021-08,2021-08-06 22:00:00,21,94.22936507936508,False,False
baseline_전체 평균,-,keep,2021-08,2021-08-06 23:00:00,21,94.22936507936508,False,False
baseline_전체 평균,-,keep,2021-08,2021-08-07 00:00:00,22,94.22936507936508,False,False
baseline_전체 평균,-,keep,2021-08,2021-08-07 01:00:00,22,94.22936507936508,False,False
baseline_전체 평균,-,keep,2021-08,2021-08-07 02:00:00,21,94.22936507936508,False,False
baseline_전체 평균,-,keep,2021-08,2021-08-07 03:00:00,21,94.22936507936508,False,False
baseline_전체 평균,-,keep,2021-08,2021-08-07 04:00:00,21,94.22936507936508,False,False
baseline_전체 평균,-,keep,2021-08,2021-08-07 05:00:00,22,94.22936507936508,False,False
baseline_전체 평균,-,keep,2021-08,2021-08-07 06:00:00,21,94.22936507936508,False,False
baseline_전체 평균,-,keep,2021-08,2021-08-07 07:00:00,21,94.22936507936508,False,False
baseline_전체 평균,-,keep,2021-08,2021-08-07 08:00:00,22,94.22936507936508,False,False
baseline_전체 평균,-,keep,2021-08,2021-08-07 09:00:00,22,94.22936507936508,False,False
baseline_전체 평균,-,keep,2021-08,2021-08-07 10:00:00,21,94.22936507936508,False,False
baseline_전체 평균,-,keep,2021-08,2021-08-07 11:00:00,21,94.22936507936508,False,False
baseline_전체 평균,-,keep,2021-08,2021-08-07 12:00:00,23,94.22936507936508,False,False
baseline_전체 평균,-,keep,2021-08,2021-08-07 13:00:00,21,94.22936507936508,False,False
baseline_전체 평균,-,keep,2021-08,2021-08-07 14:00:00,21,94.22936507936508,False,False
baseline_전체 평균,-,keep,2021-08,2021-08-07 15:00:00,21,94.22936507936508,False,False
baseline_전체 평균,-,keep,2021-08,2021-08-07 16:00:00,24,94.22936507936508,False,False
baseline_전체 평균,-,keep,2021-08,2021-08-07 17:00:00,21,94.22936507936508,False,False
baseline_전체 평균,-,keep,2021-08,2021-08-07 18:00:00,21,94.22936507936508,False,False
baseline_전체 평균,-,keep,2021-08,2021-08-07 19:00:00,22,94.22936507936508,False,False
baseline_전체 평균,-,keep,2021-08,2021-08-07 20:00:00,23,94.22936507936508,False,False
baseline_전체 평균,-,keep,2021-08,2021-08-07 21:00:00,22,94.22936507936508,False,False
baseline_전체 평균,-,keep,2021-08,2021-08-07 22:00:00,21,94.22936507936508,False,False
baseline_전체 평균,-,keep,2021-08,2021-08-07 23:00:00,23,94.22936507936508,False,False
baseline_전체 평균,-,keep,2021-08,2021-08-08 00:00:00,21,94.22936507936508,False,False
baseline_전체 평균,-,keep,2021-08,2021-08-08 01:00:00,21,94.22936507936508,False,False
baseline_전체 평균,-,keep,2021-08,2021-08-08 02:00:00,21,94.22936507936508,False,False
baseline_전체 평균,-,keep,2021-08,2021-08-08 03:00:00,23,94.22936507936508,False,False
baseline_전체 평균,-,keep,2021-08,2021-08-08 04:00:00,21,94.22936507936508,False,False
baseline_전체 평균,-,keep,2021-08,2021-08-08 05:00:00,21,94.22936507936508,False,False
baseline_전체 평균,-,keep,2021-08,2021-08-08 06:00:00,21,94.22936507936508,False,False
baseline_전체 평균,-,keep,2021-08,2021-08-08 07:00:00,22,94.22936507936508,False,False
baseline_전체 평균,-,keep,2021-08,2021-08-08 08:00:00,21,94.22936507936508,False,False
baseline_전체 평균,-,keep,2021-08,2021-08-08 09:00:00,21,94.22936507936508,False,False
baseline_전체 평균,-,keep,2021-08,2021-08-08 10:00:00,23,94.22936507936508,False,False
baseline_전체 평균,-,keep,2021-08,2021-08-08 11:00:00,21,94.22936507936508,False,False
baseline_전체 평균,-,keep,2021-08,2021-08-08 12:00:00,21,94.22936507936508,False,False
baseline_전체 평균,-,keep,2021-08,2021-08-08 13:00:00,21,94.22936507936508,False,False
baseline_전체 평균,-,keep,2021-08,2021-08-08 14:00:00,22,94.22936507936508,False,False
baseline_전체 평균,-,keep,2021-08,2021-08-08 15:00:00,21,94.22936507936508,False,False
baseline_전체 평균,-,keep,2021-08,2021-08-08 16:00:00,21,94.22936507936508,False,False
baseline_전체 평균,-,keep,2021-08,2021-08-08 17:00:00,22,94.22936507936508,False,False
baseline_전체 평균,-,keep,2021-08,2021-08-08 18:00:00,22,94.22936507936508,False,False
baseline_전체 평균,-,keep,2021-08,2021-08-08 19:00:00,21,94.22936507936508,False,False
baseline_전체 평균,-,keep,2021-08,2021-08-08 20:00:00,21,94.22936507936508,False,False
baseline_전체 평균,-,keep,2021-08,2021-08-08 21:00:00,22,94.22936507936508,False,False
baseline_전체 평균,-,keep,2021-08,2021-08-08 22:00:00,21,94.22936507936508,False,False
baseline_전체 평균,-,keep,2021-08,2021-08-08 23:00:00,21,94.22936507936508,False,False
baseline_전체 평균,-,keep,2021-08,2021-08-09 00:00:00,21,94.22936507936508,False,False
baseline_전체 평균,-,keep,2021-08,2021-08-09 01:00:00,23,94.22936507936508,False,False
baseline_전체 평균,-,keep,2021-08,2021-08-09 02:00:00,20,94.22936507936508,False,False
baseline_전체 평균,-,keep,2021-08,2021-08-09 03:00:00,22,94.22936507936508,False,False
baseline_전체 평균,-,keep,2021-08,2021-08-09 04:00:00,21,94.22936507936508,False,False
baseline_전체 평균,-,keep,2021-08,2021-08-09 05:00:00,21,94.22936507936508,False,False
baseline_전체 평균,-,keep,2021-08,2021-08-09 06:00:00,20,94.22936507936508,False,False
baseline_전체 평균,-,keep,2021-08,2021-08-09 07:00:00,70,94.22936507936508,False,False
baseline_전체 평균,-,keep,2021-08,2021-08-09 08:00:00,193,94.22936507936508,True,False
baseline_전체 평균,-,keep,2021-08,2021-08-09 09:00:00,191,94.22936507936508,True,False
baseline_전체 평균,-,keep,2021-08,2021-08-09 10:00:00,182,94.22936507936508,True,False
baseline_전체 평균,-,keep,2021-08,2021-08-09 11:00:00,187,94.22936507936508,True,False
baseline_전체 평균,-,keep,2021-08,2021-08-09 12:00:00,129,94.22936507936508,False,False
baseline_전체 평균,-,keep,2021-08,2021-08-09 13:00:00,182,94.22936507936508,True,False
baseline_전체 평균,-,keep,2021-08,2021-08-09 14:00:00,183,94.22936507936508,True,False
baseline_전체 평균,-,keep,2021-08,2021-08-09 15:00:00,167,94.22936507936508,False,False
baseline_전체 평균,-,keep,2021-08,2021-08-09 16:00:00,184,94.22936507936508,True,False
baseline_전체 평균,-,keep,2021-08,2021-08-09 17:00:00,146,94.22936507936508,False,False
baseline_전체 평균,-,keep,2021-08,2021-08-09 18:00:00,98,94.22936507936508,False,False
baseline_전체 평균,-,keep,2021-08,2021-08-09 19:00:00,93,94.22936507936508,False,False
baseline_전체 평균,-,keep,2021-08,2021-08-09 20:00:00,109,94.22936507936508,False,False
baseline_전체 평균,-,keep,2021-08,2021-08-09 21:00:00,115,94.22936507936508,False,False
baseline_전체 평균,-,keep,2021-08,2021-08-09 22:00:00,109,94.22936507936508,False,False
baseline_전체 평균,-,keep,2021-08,2021-08-09 23:00:00,98,94.22936507936508,False,False
baseline_전체 평균,-,keep,2021-08,2021-08-10 00:00:00,68,94.22936507936508,False,False
baseline_전체 평균,-,keep,2021-08,2021-08-10 01:00:00,99,94.22936507936508,False,False
baseline_전체 평균,-,keep,2021-08,2021-08-10 02:00:00,96,94.22936507936508,False,False
baseline_전체 평균,-,keep,2021-08,2021-08-10 03:00:00,98,94.22936507936508,False,False
baseline_전체 평균,-,keep,2021-08,2021-08-10 04:00:00,101,94.22936507936508,False,False
baseline_전체 평균,-,keep,2021-08,2021-08-10 05:00:00,85,94.22936507936508,False,False
baseline_전체 평균,-,keep,2021-08,2021-08-10 06:00:00,100,94.22936507936508,False,False
baseline_전체 평균,-,keep,2021-08,2021-08-10 07:00:00,128,94.22936507936508,False,False
baseline_전체 평균,-,keep,2021-08,2021-08-10 08:00:00,183,94.22936507936508,True,False
baseline_전체 평균,-,keep,2021-08,2021-08-10 09:00:00,185,94.22936507936508,True,False
baseline_전체 평균,-,keep,2021-08,2021-08-10 10:00:00,175,94.22936507936508,False,False
baseline_전체 평균,-,keep,2021-08,2021-08-10 11:00:00,185,94.22936507936508,True,False
baseline_전체 평균,-,keep,2021-08,2021-08-10 12:00:00,107,94.22936507936508,False,False
baseline_전체 평균,-,keep,2021-08,2021-08-10 13:00:00,181,94.22936507936508,True,False
baseline_전체 평균,-,keep,2021-08,2021-08-10 14:00:00,170,94.22936507936508,False,False
baseline_전체 평균,-,keep,2021-08,2021-08-10 15:00:00,155,94.22936507936508,False,False
baseline_전체 평균,-,keep,2021-08,2021-08-10 16:00:00,169,94.22936507936508,False,False
baseline_전체 평균,-,keep,2021-08,2021-08-10 17:00:00,126,94.22936507936508,False,False
baseline_전체 평균,-,keep,2021-08,2021-08-10 18:00:00,165,94.22936507936508,False,False
baseline_전체 평균,-,keep,2021-08,2021-08-10 19:00:00,156,94.22936507936508,False,False
baseline_전체 평균,-,keep,2021-08,2021-08-10 20:00:00,129,94.22936507936508,False,False
baseline_전체 평균,-,keep,2021-08,2021-08-10 21:00:00,123,94.22936507936508,False,False
baseline_전체 평균,-,keep,2021-08,2021-08-10 22:00:00,106,94.22936507936508,False,False
baseline_전체 평균,-,keep,2021-08,2021-08-10 23:00:00,99,94.22936507936508,False,False
baseline_전체 평균,-,keep,2021-08,2021-08-11 00:00:00,77,94.22936507936508,False,False
baseline_전체 평균,-,keep,2021-08,2021-08-11 01:00:00,99,94.22936507936508,False,False
baseline_전체 평균,-,keep,2021-08,2021-08-11 02:00:00,109,94.22936507936508,False,False
baseline_전체 평균,-,keep,2021-08,2021-08-11 03:00:00,104,94.22936507936508,False,False
baseline_전체 평균,-,keep,2021-08,2021-08-11 04:00:00,111,94.22936507936508,False,False
baseline_전체 평균,-,keep,2021-08,2021-08-11 05:00:00,92,94.22936507936508,False,False
baseline_전체 평균,-,keep,2021-08,2021-08-11 06:00:00,122,94.22936507936508,False,False
baseline_전체 평균,-,keep,2021-08,2021-08-11 07:00:00,132,94.22936507936508,False,False
baseline_전체 평균,-,keep,2021-08,2021-08-11 08:00:00,203,94.22936507936508,True,False
baseline_전체 평균,-,keep,2021-08,2021-08-11 09:00:00,179,94.22936507936508,True,False
baseline_전체 평균,-,keep,2021-08,2021-08-11 10:00:00,183,94.22936507936508,True,False
baseline_전체 평균,-,keep,2021-08,2021-08-11 11:00:00,184,94.22936507936508,True,False
baseline_전체 평균,-,keep,2021-08,2021-08-11 12:00:00,113,94.22936507936508,False,False
baseline_전체 평균,-,keep,2021-08,2021-08-11 13:00:00,183,94.22936507936508,True,False
baseline_전체 평균,-,keep,2021-08,2021-08-11 14:00:00,187,94.22936507936508,True,False
baseline_전체 평균,-,keep,2021-08,2021-08-11 15:00:00,153,94.22936507936508,False,False
baseline_전체 평균,-,keep,2021-08,2021-08-11 16:00:00,182,94.22936507936508,True,False
baseline_전체 평균,-,keep,2021-08,2021-08-11 17:00:00,151,94.22936507936508,False,False
baseline_전체 평균,-,keep,2021-08,2021-08-11 18:00:00,180,94.22936507936508,True,False
baseline_전체 평균,-,keep,2021-08,2021-08-11 19:00:00,150,94.22936507936508,False,False
baseline_전체 평균,-,keep,2021-08,2021-08-11 20:00:00,125,94.22936507936508,False,False
baseline_전체 평균,-,keep,2021-08,2021-08-11 21:00:00,108,94.22936507936508,False,False
baseline_전체 평균,-,keep,2021-08,2021-08-11 22:00:00,110,94.22936507936508,False,False
baseline_전체 평균,-,keep,2021-08,2021-08-11 23:00:00,99,94.22936507936508,False,False
baseline_전체 평균,-,keep,2021-08,2021-08-12 00:00:00,76,94.22936507936508,False,False
baseline_전체 평균,-,keep,2021-08,2021-08-12 01:00:00,105,94.22936507936508,False,False
baseline_전체 평균,-,keep,2021-08,2021-08-12 02:00:00,108,94.22936507936508,False,False
baseline_전체 평균,-,keep,2021-08,2021-08-12 03:00:00,104,94.22936507936508,False,False
baseline_전체 평균,-,keep,2021-08,2021-08-12 04:00:00,107,94.22936507936508,False,False
baseline_전체 평균,-,keep,2021-08,2021-08-12 05:00:00,89,94.22936507936508,False,False
baseline_전체 평균,-,keep,2021-08,2021-08-12 06:00:00,114,94.22936507936508,False,False
baseline_전체 평균,-,keep,2021-08,2021-08-12 07:00:00,130,94.22936507936508,False,False
baseline_전체 평균,-,keep,2021-08,2021-08-12 08:00:00,187,94.22936507936508,True,False
baseline_전체 평균,-,keep,2021-08,2021-08-12 09:00:00,181,94.22936507936508,True,False
baseline_전체 평균,-,keep,2021-08,2021-08-12 10:00:00,177,94.22936507936508,True,False
baseline_전체 평균,-,keep,2021-08,2021-08-12 11:00:00,188,94.22936507936508,True,False
baseline_전체 평균,-,keep,2021-08,2021-08-12 12:00:00,120,94.22936507936508,False,False
baseline_전체 평균,-,keep,2021-08,2021-08-12 13:00:00,170,94.22936507936508,False,False
baseline_전체 평균,-,keep,2021-08,2021-08-12 14:00:00,184,94.22936507936508,True,False
baseline_전체 평균,-,keep,2021-08,2021-08-12 15:00:00,165,94.22936507936508,False,False
baseline_전체 평균,-,keep,2021-08,2021-08-12 16:00:00,170,94.22936507936508,False,False
baseline_전체 평균,-,keep,2021-08,2021-08-12 17:00:00,135,94.22936507936508,False,False
baseline_전체 평균,-,keep,2021-08,2021-08-12 18:00:00,172,94.22936507936508,False,False
baseline_전체 평균,-,keep,2021-08,2021-08-12 19:00:00,161,94.22936507936508,False,False
baseline_전체 평균,-,keep,2021-08,2021-08-12 20:00:00,125,94.22936507936508,False,False
baseline_전체 평균,-,keep,2021-08,2021-08-12 21:00:00,112,94.22936507936508,False,False
baseline_전체 평균,-,keep,2021-08,2021-08-12 22:00:00,116,94.22936507936508,False,False
baseline_전체 평균,-,keep,2021-08,2021-08-12 23:00:00,103,94.22936507936508,False,False
baseline_전체 평균,-,keep,2021-08,2021-08-13 00:00:00,72,94.22936507936508,False,False
baseline_전체 평균,-,keep,2021-08,2021-08-13 01:00:00,100,94.22936507936508,False,False
baseline_전체 평균,-,keep,2021-08,2021-08-13 02:00:00,112,94.22936507936508,False,False
baseline_전체 평균,-,keep,2021-08,2021-08-13 03:00:00,116,94.22936507936508,False,False
baseline_전체 평균,-,keep,2021-08,2021-08-13 04:00:00,110,94.22936507936508,False,False
baseline_전체 평균,-,keep,2021-08,2021-08-13 05:00:00,88,94.22936507936508,False,False
baseline_전체 평균,-,keep,2021-08,2021-08-13 06:00:00,110,94.22936507936508,False,False
baseline_전체 평균,-,keep,2021-08,2021-08-13 07:00:00,136,94.22936507936508,False,False
baseline_전체 평균,-,keep,2021-08,2021-08-13 08:00:00,196,94.22936507936508,True,False
baseline_전체 평균,-,keep,2021-08,2021-08-13 09:00:00,188,94.22936507936508,True,False
baseline_전체 평균,-,keep,2021-08,2021-08-13 10:00:00,184,94.22936507936508,True,False
baseline_전체 평균,-,keep,2021-08,2021-08-13 11:00:00,196,94.22936507936508,True,False
baseline_전체 평균,-,keep,2021-08,2021-08-13 12:00:00,111,94.22936507936508,False,False
baseline_전체 평균,-,keep,2021-08,2021-08-13 13:00:00,183,94.22936507936508,True,False
baseline_전체 평균,-,keep,2021-08,2021-08-13 14:00:00,189,94.22936507936508,True,False
baseline_전체 평균,-,keep,2021-08,2021-08-13 15:00:00,167,94.22936507936508,False,False
baseline_전체 평균,-,keep,2021-08,2021-08-13 16:00:00,183,94.22936507936508,True,False
baseline_전체 평균,-,keep,2021-08,2021-08-13 17:00:00,149,94.22936507936508,False,False
baseline_전체 평균,-,keep,2021-08,2021-08-13 18:00:00,174,94.22936507936508,False,False
baseline_전체 평균,-,keep,2021-08,2021-08-13 19:00:00,146,94.22936507936508,False,False
baseline_전체 평균,-,keep,2021-08,2021-08-13 20:00:00,117,94.22936507936508,False,False
baseline_전체 평균,-,keep,2021-08,2021-08-13 21:00:00,113,94.22936507936508,False,False
baseline_전체 평균,-,keep,2021-08,2021-08-13 22:00:00,109,94.22936507936508,False,False
baseline_전체 평균,-,keep,2021-08,2021-08-13 23:00:00,97,94.22936507936508,False,False
baseline_전체 평균,-,keep,2021-08,2021-08-14 00:00:00,62,94.22936507936508,False,False
baseline_전체 평균,-,keep,2021-08,2021-08-14 01:00:00,97,94.22936507936508,False,False
baseline_전체 평균,-,keep,2021-08,2021-08-14 02:00:00,107,94.22936507936508,False,False
baseline_전체 평균,-,keep,2021-08,2021-08-14 03:00:00,91,94.22936507936508,False,False
baseline_전체 평균,-,keep,2021-08,2021-08-14 04:00:00,98,94.22936507936508,False,False
baseline_전체 평균,-,keep,2021-08,2021-08-14 05:00:00,83,94.22936507936508,False,False
baseline_전체 평균,-,keep,2021-08,2021-08-14 06:00:00,86,94.22936507936508,False,False
baseline_전체 평균,-,keep,2021-08,2021-08-14 07:00:00,53,94.22936507936508,False,False
baseline_전체 평균,-,keep,2021-08,2021-08-14 08:00:00,23,94.22936507936508,False,False
baseline_전체 평균,-,keep,2021-08,2021-08-14 09:00:00,22,94.22936507936508,False,False
baseline_전체 평균,-,keep,2021-08,2021-08-14 10:00:00,21,94.22936507936508,False,False
baseline_전체 평균,-,keep,2021-08,2021-08-14 11:00:00,23,94.22936507936508,False,False
baseline_전체 평균,-,keep,2021-08,2021-08-14 12:00:00,22,94.22936507936508,False,False
baseline_전체 평균,-,keep,2021-08,2021-08-14 13:00:00,21,94.22936507936508,False,False
baseline_전체 평균,-,keep,2021-08,2021-08-14 14:00:00,22,94.22936507936508,False,False
baseline_전체 평균,-,keep,2021-08,2021-08-14 15:00:00,23,94.22936507936508,False,False
baseline_전체 평균,-,keep,2021-08,2021-08-14 16:00:00,22,94.22936507936508,False,False
baseline_전체 평균,-,keep,2021-08,2021-08-14 17:00:00,21,94.22936507936508,False,False
baseline_전체 평균,-,keep,2021-08,2021-08-14 18:00:00,22,94.22936507936508,False,False
baseline_전체 평균,-,keep,2021-08,2021-08-14 19:00:00,23,94.22936507936508,False,False
baseline_전체 평균,-,keep,2021-08,2021-08-14 20:00:00,22,94.22936507936508,False,False
baseline_전체 평균,-,keep,2021-08,2021-08-14 21:00:00,22,94.22936507936508,False,False
baseline_전체 평균,-,keep,2021-08,2021-08-14 22:00:00,23,94.22936507936508,False,False
baseline_전체 평균,-,keep,2021-08,2021-08-14 23:00:00,22,94.22936507936508,False,False
baseline_전체 평균,-,keep,2021-08,2021-08-15 00:00:00,22,94.22936507936508,False,False
baseline_전체 평균,-,keep,2021-08,2021-08-15 01:00:00,23,94.22936507936508,False,False
baseline_전체 평균,-,keep,2021-08,2021-08-15 02:00:00,22,94.22936507936508,False,False
baseline_전체 평균,-,keep,2021-08,2021-08-15 03:00:00,21,94.22936507936508,False,False
baseline_전체 평균,-,keep,2021-08,2021-08-15 04:00:00,22,94.22936507936508,False,False
baseline_전체 평균,-,keep,2021-08,2021-08-15 05:00:00,23,94.22936507936508,False,False
baseline_전체 평균,-,keep,2021-08,2021-08-15 06:00:00,22,94.22936507936508,False,False
baseline_전체 평균,-,keep,2021-08,2021-08-15 07:00:00,21,94.22936507936508,False,False
baseline_전체 평균,-,keep,2021-08,2021-08-15 08:00:00,23,94.22936507936508,False,False
baseline_전체 평균,-,keep,2021-08,2021-08-15 09:00:00,23,94.22936507936508,False,False
baseline_전체 평균,-,keep,2021-08,2021-08-15 10:00:00,21,94.22936507936508,False,False
baseline_전체 평균,-,keep,2021-08,2021-08-15 11:00:00,22,94.22936507936508,False,False
baseline_전체 평균,-,keep,2021-08,2021-08-15 12:00:00,23,94.22936507936508,False,False
baseline_전체 평균,-,keep,2021-08,2021-08-15 13:00:00,22,94.22936507936508,False,False
baseline_전체 평균,-,keep,2021-08,2021-08-15 14:00:00,22,94.22936507936508,False,False
baseline_전체 평균,-,keep,2021-08,2021-08-15 15:00:00,21,94.22936507936508,False,False
baseline_전체 평균,-,keep,2021-08,2021-08-15 16:00:00,23,94.22936507936508,False,False
baseline_전체 평균,-,keep,2021-08,2021-08-15 17:00:00,22,94.22936507936508,False,False
baseline_전체 평균,-,keep,2021-08,2021-08-15 18:00:00,21,94.22936507936508,False,False
baseline_전체 평균,-,keep,2021-08,2021-08-15 19:00:00,23,94.22936507936508,False,False
baseline_전체 평균,-,keep,2021-08,2021-08-15 20:00:00,22,94.22936507936508,False,False
baseline_전체 평균,-,keep,2021-08,2021-08-15 21:00:00,22,94.22936507936508,False,False
baseline_전체 평균,-,keep,2021-08,2021-08-15 22:00:00,23,94.22936507936508,False,False
baseline_전체 평균,-,keep,2021-08,2021-08-15 23:00:00,23,94.22936507936508,False,False
baseline_전체 평균,-,keep,2021-08,2021-08-16 00:00:00,22,94.22936507936508,False,False
baseline_전체 평균,-,keep,2021-08,2021-08-16 01:00:00,21,94.22936507936508,False,False
baseline_전체 평균,-,keep,2021-08,2021-08-16 02:00:00,23,94.22936507936508,False,False
baseline_전체 평균,-,keep,2021-08,2021-08-16 03:00:00,21,94.22936507936508,False,False
baseline_전체 평균,-,keep,2021-08,2021-08-16 04:00:00,22,94.22936507936508,False,False
baseline_전체 평균,-,keep,2021-08,2021-08-16 05:00:00,22,94.22936507936508,False,False
baseline_전체 평균,-,keep,2021-08,2021-08-16 06:00:00,23,94.22936507936508,False,False
baseline_전체 평균,-,keep,2021-08,2021-08-16 07:00:00,60,94.22936507936508,False,False
baseline_전체 평균,-,keep,2021-08,2021-08-16 08:00:00,174,94.22936507936508,False,False
baseline_전체 평균,-,keep,2021-08,2021-08-16 09:00:00,183,94.22936507936508,True,False
baseline_전체 평균,-,keep,2021-08,2021-08-16 10:00:00,144,94.22936507936508,False,False
baseline_전체 평균,-,keep,2021-08,2021-08-16 11:00:00,155,94.22936507936508,False,False
baseline_전체 평균,-,keep,2021-08,2021-08-16 12:00:00,97,94.22936507936508,False,False
baseline_전체 평균,-,keep,2021-08,2021-08-16 13:00:00,153,94.22936507936508,False,False
baseline_전체 평균,-,keep,2021-08,2021-08-16 14:00:00,146,94.22936507936508,False,False
baseline_전체 평균,-,keep,2021-08,2021-08-16 15:00:00,133,94.22936507936508,False,False
baseline_전체 평균,-,keep,2021-08,2021-08-16 16:00:00,116,94.22936507936508,False,False
baseline_전체 평균,-,keep,2021-08,2021-08-16 17:00:00,100,94.22936507936508,False,False
baseline_전체 평균,-,keep,2021-08,2021-08-16 18:00:00,92,94.22936507936508,False,False
baseline_전체 평균,-,keep,2021-08,2021-08-16 19:00:00,89,94.22936507936508,False,False
baseline_전체 평균,-,keep,2021-08,2021-08-16 20:00:00,98,94.22936507936508,False,False
baseline_전체 평균,-,keep,2021-08,2021-08-16 21:00:00,112,94.22936507936508,False,False
baseline_전체 평균,-,keep,2021-08,2021-08-16 22:00:00,95,94.22936507936508,False,False
baseline_전체 평균,-,keep,2021-08,2021-08-16 23:00:00,96,94.22936507936508,False,False
baseline_전체 평균,-,keep,2021-08,2021-08-17 00:00:00,70,94.22936507936508,False,False
baseline_전체 평균,-,keep,2021-08,2021-08-17 01:00:00,96,94.22936507936508,False,False
baseline_전체 평균,-,keep,2021-08,2021-08-17 02:00:00,98,94.22936507936508,False,False
baseline_전체 평균,-,keep,2021-08,2021-08-17 03:00:00,92,94.22936507936508,False,False
baseline_전체 평균,-,keep,2021-08,2021-08-17 04:00:00,93,94.22936507936508,False,False
baseline_전체 평균,-,keep,2021-08,2021-08-17 05:00:00,86,94.22936507936508,False,False
baseline_전체 평균,-,keep,2021-08,2021-08-17 06:00:00,94,94.22936507936508,False,False
baseline_전체 평균,-,keep,2021-08,2021-08-17 07:00:00,125,94.22936507936508,False,False
baseline_전체 평균,-,keep,2021-08,2021-08-17 08:00:00,164,94.22936507936508,False,False
baseline_전체 평균,-,keep,2021-08,2021-08-17 09:00:00,163,94.22936507936508,False,False
baseline_전체 평균,-,keep,2021-08,2021-08-17 10:00:00,153,94.22936507936508,False,False
baseline_전체 평균,-,keep,2021-08,2021-08-17 11:00:00,169,94.22936507936508,False,False
baseline_전체 평균,-,keep,2021-08,2021-08-17 12:00:00,110,94.22936507936508,False,False
baseline_전체 평균,-,keep,2021-08,2021-08-17 13:00:00,162,94.22936507936508,False,False
baseline_전체 평균,-,keep,2021-08,2021-08-17 14:00:00,161,94.22936507936508,False,False
baseline_전체 평균,-,keep,2021-08,2021-08-17 15:00:00,150,94.22936507936508,False,False
baseline_전체 평균,-,keep,2021-08,2021-08-17 16:00:00,152,94.22936507936508,False,False
baseline_전체 평균,-,keep,2021-08,2021-08-17 17:00:00,113,94.22936507936508,False,False
baseline_전체 평균,-,keep,2021-08,2021-08-17 18:00:00,149,94.22936507936508,False,False
baseline_전체 평균,-,keep,2021-08,2021-08-17 19:00:00,138,94.22936507936508,False,False
baseline_전체 평균,-,keep,2021-08,2021-08-17 20:00:00,120,94.22936507936508,False,False
baseline_전체 평균,-,keep,2021-08,2021-08-17 21:00:00,118,94.22936507936508,False,False
baseline_전체 평균,-,keep,2021-08,2021-08-17 22:00:00,110,94.22936507936508,False,False
baseline_전체 평균,-,keep,2021-08,2021-08-17 23:00:00,104,94.22936507936508,False,False
baseline_전체 평균,-,keep,2021-08,2021-08-18 00:00:00,65,94.22936507936508,False,False
baseline_전체 평균,-,keep,2021-08,2021-08-18 01:00:00,95,94.22936507936508,False,False
baseline_전체 평균,-,keep,2021-08,2021-08-18 02:00:00,103,94.22936507936508,False,False
baseline_전체 평균,-,keep,2021-08,2021-08-18 03:00:00,91,94.22936507936508,False,False
baseline_전체 평균,-,keep,2021-08,2021-08-18 04:00:00,95,94.22936507936508,False,False
baseline_전체 평균,-,keep,2021-08,2021-08-18 05:00:00,83,94.22936507936508,False,False
baseline_전체 평균,-,keep,2021-08,2021-08-18 06:00:00,101,94.22936507936508,False,False
baseline_전체 평균,-,keep,2021-08,2021-08-18 07:00:00,125,94.22936507936508,False,False
baseline_전체 평균,-,keep,2021-08,2021-08-18 08:00:00,163,94.22936507936508,False,False
baseline_전체 평균,-,keep,2021-08,2021-08-18 09:00:00,169,94.22936507936508,False,False
baseline_전체 평균,-,keep,2021-08,2021-08-18 10:00:00,159,94.22936507936508,False,False
baseline_전체 평균,-,keep,2021-08,2021-08-18 11:00:00,173,94.22936507936508,False,False
baseline_전체 평균,-,keep,2021-08,2021-08-18 12:00:00,102,94.22936507936508,False,False
baseline_전체 평균,-,keep,2021-08,2021-08-18 13:00:00,171,94.22936507936508,False,False
baseline_전체 평균,-,keep,2021-08,2021-08-18 14:00:00,179,94.22936507936508,True,False
baseline_전체 평균,-,keep,2021-08,2021-08-18 15:00:00,170,94.22936507936508,False,False
baseline_전체 평균,-,keep,2021-08,2021-08-18 16:00:00,166,94.22936507936508,False,False
baseline_전체 평균,-,keep,2021-08,2021-08-18 17:00:00,141,94.22936507936508,False,False
baseline_전체 평균,-,keep,2021-08,2021-08-18 18:00:00,164,94.22936507936508,False,False
baseline_전체 평균,-,keep,2021-08,2021-08-18 19:00:00,143,94.22936507936508,False,False
baseline_전체 평균,-,keep,2021-08,2021-08-18 20:00:00,120,94.22936507936508,False,False
baseline_전체 평균,-,keep,2021-08,2021-08-18 21:00:00,115,94.22936507936508,False,False
baseline_전체 평균,-,keep,2021-08,2021-08-18 22:00:00,112,94.22936507936508,False,False
baseline_전체 평균,-,keep,2021-08,2021-08-18 23:00:00,105,94.22936507936508,False,False
baseline_전체 평균,-,keep,2021-08,2021-08-19 00:00:00,71,94.22936507936508,False,False
baseline_전체 평균,-,keep,2021-08,2021-08-19 01:00:00,102,94.22936507936508,False,False
baseline_전체 평균,-,keep,2021-08,2021-08-19 02:00:00,109,94.22936507936508,False,False
baseline_전체 평균,-,keep,2021-08,2021-08-19 03:00:00,109,94.22936507936508,False,False
baseline_전체 평균,-,keep,2021-08,2021-08-19 04:00:00,104,94.22936507936508,False,False
baseline_전체 평균,-,keep,2021-08,2021-08-19 05:00:00,88,94.22936507936508,False,False
baseline_전체 평균,-,keep,2021-08,2021-08-19 06:00:00,109,94.22936507936508,False,False
baseline_전체 평균,-,keep,2021-08,2021-08-19 07:00:00,123,94.22936507936508,False,False
baseline_전체 평균,-,keep,2021-08,2021-08-19 08:00:00,174,94.22936507936508,False,False
baseline_전체 평균,-,keep,2021-08,2021-08-19 09:00:00,174,94.22936507936508,False,False
baseline_전체 평균,-,keep,2021-08,2021-08-19 10:00:00,163,94.22936507936508,False,False
baseline_전체 평균,-,keep,2021-08,2021-08-19 11:00:00,177,94.22936507936508,True,False
baseline_전체 평균,-,keep,2021-08,2021-08-19 12:00:00,105,94.22936507936508,False,False
baseline_전체 평균,-,keep,2021-08,2021-08-19 13:00:00,168,94.22936507936508,False,False
baseline_전체 평균,-,keep,2021-08,2021-08-19 14:00:00,175,94.22936507936508,False,False
baseline_전체 평균,-,keep,2021-08,2021-08-19 15:00:00,170,94.22936507936508,False,False
baseline_전체 평균,-,keep,2021-08,2021-08-19 16:00:00,166,94.22936507936508,False,False
baseline_전체 평균,-,keep,2021-08,2021-08-19 17:00:00,130,94.22936507936508,False,False
baseline_전체 평균,-,keep,2021-08,2021-08-19 18:00:00,152,94.22936507936508,False,False
baseline_전체 평균,-,keep,2021-08,2021-08-19 19:00:00,147,94.22936507936508,False,False
baseline_전체 평균,-,keep,2021-08,2021-08-19 20:00:00,128,94.22936507936508,False,False
baseline_전체 평균,-,keep,2021-08,2021-08-19 21:00:00,121,94.22936507936508,False,False
baseline_전체 평균,-,keep,2021-08,2021-08-19 22:00:00,116,94.22936507936508,False,False
baseline_전체 평균,-,keep,2021-08,2021-08-19 23:00:00,110,94.22936507936508,False,False
baseline_전체 평균,-,keep,2021-08,2021-08-20 00:00:00,73,94.22936507936508,False,False
baseline_전체 평균,-,keep,2021-08,2021-08-20 01:00:00,101,94.22936507936508,False,False
baseline_전체 평균,-,keep,2021-08,2021-08-20 02:00:00,107,94.22936507936508,False,False
baseline_전체 평균,-,keep,2021-08,2021-08-20 03:00:00,102,94.22936507936508,False,False
baseline_전체 평균,-,keep,2021-08,2021-08-20 04:00:00,99,94.22936507936508,False,False
baseline_전체 평균,-,keep,2021-08,2021-08-20 05:00:00,88,94.22936507936508,False,False
baseline_전체 평균,-,keep,2021-08,2021-08-20 06:00:00,111,94.22936507936508,False,False
baseline_전체 평균,-,keep,2021-08,2021-08-20 07:00:00,127,94.22936507936508,False,False
baseline_전체 평균,-,keep,2021-08,2021-08-20 08:00:00,171,94.22936507936508,False,False
baseline_전체 평균,-,keep,2021-08,2021-08-20 09:00:00,165,94.22936507936508,False,False
baseline_전체 평균,-,keep,2021-08,2021-08-20 10:00:00,157,94.22936507936508,False,False
baseline_전체 평균,-,keep,2021-08,2021-08-20 11:00:00,187,94.22936507936508,True,False
baseline_전체 평균,-,keep,2021-08,2021-08-20 12:00:00,111,94.22936507936508,False,False
baseline_전체 평균,-,keep,2021-08,2021-08-20 13:00:00,177,94.22936507936508,True,False
baseline_전체 평균,-,keep,2021-08,2021-08-20 14:00:00,175,94.22936507936508,False,False
baseline_전체 평균,-,keep,2021-08,2021-08-20 15:00:00,159,94.22936507936508,False,False
baseline_전체 평균,-,keep,2021-08,2021-08-20 16:00:00,171,94.22936507936508,False,False
baseline_전체 평균,-,keep,2021-08,2021-08-20 17:00:00,134,94.22936507936508,False,False
baseline_전체 평균,-,keep,2021-08,2021-08-20 18:00:00,155,94.22936507936508,False,False
baseline_전체 평균,-,keep,2021-08,2021-08-20 19:00:00,125,94.22936507936508,False,False
baseline_전체 평균,-,keep,2021-08,2021-08-20 20:00:00,114,94.22936507936508,False,False
baseline_전체 평균,-,keep,2021-08,2021-08-20 21:00:00,118,94.22936507936508,False,False
baseline_전체 평균,-,keep,2021-08,2021-08-20 22:00:00,106,94.22936507936508,False,False
baseline_전체 평균,-,keep,2021-08,2021-08-20 23:00:00,98,94.22936507936508,False,False
baseline_전체 평균,-,keep,2021-08,2021-08-21 00:00:00,63,94.22936507936508,False,False
baseline_전체 평균,-,keep,2021-08,2021-08-21 01:00:00,95,94.22936507936508,False,False
baseline_전체 평균,-,keep,2021-08,2021-08-21 02:00:00,104,94.22936507936508,False,False
baseline_전체 평균,-,keep,2021-08,2021-08-21 03:00:00,94,94.22936507936508,False,False
baseline_전체 평균,-,keep,2021-08,2021-08-21 04:00:00,104,94.22936507936508,False,False
baseline_전체 평균,-,keep,2021-08,2021-08-21 05:00:00,95,94.22936507936508,False,False
baseline_전체 평균,-,keep,2021-08,2021-08-21 06:00:00,99,94.22936507936508,False,False
baseline_전체 평균,-,keep,2021-08,2021-08-21 07:00:00,69,94.22936507936508,False,False
baseline_전체 평균,-,keep,2021-08,2021-08-21 08:00:00,23,94.22936507936508,False,False
baseline_전체 평균,-,keep,2021-08,2021-08-21 09:00:00,21,94.22936507936508,False,False
baseline_전체 평균,-,keep,2021-08,2021-08-21 10:00:00,21,94.22936507936508,False,False
baseline_전체 평균,-,keep,2021-08,2021-08-21 11:00:00,23,94.22936507936508,False,False
baseline_전체 평균,-,keep,2021-08,2021-08-21 12:00:00,22,94.22936507936508,False,False
baseline_전체 평균,-,keep,2021-08,2021-08-21 13:00:00,21,94.22936507936508,False,False
baseline_전체 평균,-,keep,2021-08,2021-08-21 14:00:00,23,94.22936507936508,False,False
baseline_전체 평균,-,keep,2021-08,2021-08-21 15:00:00,22,94.22936507936508,False,False
baseline_전체 평균,-,keep,2021-08,2021-08-21 16:00:00,22,94.22936507936508,False,False
baseline_전체 평균,-,keep,2021-08,2021-08-21 17:00:00,22,94.22936507936508,False,False
baseline_전체 평균,-,keep,2021-08,2021-08-21 18:00:00,25,94.22936507936508,False,False
baseline_전체 평균,-,keep,2021-08,2021-08-21 19:00:00,21,94.22936507936508,False,False
baseline_전체 평균,-,keep,2021-08,2021-08-21 20:00:00,22,94.22936507936508,False,False
baseline_전체 평균,-,keep,2021-08,2021-08-21 21:00:00,23,94.22936507936508,False,False
baseline_전체 평균,-,keep,2021-08,2021-08-21 22:00:00,25,94.22936507936508,False,False
baseline_전체 평균,-,keep,2021-08,2021-08-21 23:00:00,22,94.22936507936508,False,False
baseline_전체 평균,-,keep,2021-08,2021-08-22 00:00:00,22,94.22936507936508,False,False
baseline_전체 평균,-,keep,2021-08,2021-08-22 01:00:00,23,94.22936507936508,False,False
baseline_전체 평균,-,keep,2021-08,2021-08-22 02:00:00,24,94.22936507936508,False,False
baseline_전체 평균,-,keep,2021-08,2021-08-22 03:00:00,23,94.22936507936508,False,False
baseline_전체 평균,-,keep,2021-08,2021-08-22 04:00:00,22,94.22936507936508,False,False
baseline_전체 평균,-,keep,2021-08,2021-08-22 05:00:00,24,94.22936507936508,False,False
baseline_전체 평균,-,keep,2021-08,2021-08-22 06:00:00,22,94.22936507936508,False,False
baseline_전체 평균,-,keep,2021-08,2021-08-22 07:00:00,22,94.22936507936508,False,False
baseline_전체 평균,-,keep,2021-08,2021-08-22 08:00:00,22,94.22936507936508,False,False
baseline_전체 평균,-,keep,2021-08,2021-08-22 09:00:00,24,94.22936507936508,False,False
baseline_전체 평균,-,keep,2021-08,2021-08-22 10:00:00,22,94.22936507936508,False,False
baseline_전체 평균,-,keep,2021-08,2021-08-22 11:00:00,22,94.22936507936508,False,False
baseline_전체 평균,-,keep,2021-08,2021-08-22 12:00:00,23,94.22936507936508,False,False
baseline_전체 평균,-,keep,2021-08,2021-08-22 13:00:00,24,94.22936507936508,False,False
baseline_전체 평균,-,keep,2021-08,2021-08-22 14:00:00,23,94.22936507936508,False,False
baseline_전체 평균,-,keep,2021-08,2021-08-22 15:00:00,23,94.22936507936508,False,False
baseline_전체 평균,-,keep,2021-08,2021-08-22 16:00:00,25,94.22936507936508,False,False
baseline_전체 평균,-,keep,2021-08,2021-08-22 17:00:00,22,94.22936507936508,False,False
baseline_전체 평균,-,keep,2021-08,2021-08-22 18:00:00,22,94.22936507936508,False,False
baseline_전체 평균,-,keep,2021-08,2021-08-22 19:00:00,22,94.22936507936508,False,False
baseline_전체 평균,-,keep,2021-08,2021-08-22 20:00:00,24,94.22936507936508,False,False
baseline_전체 평균,-,keep,2021-08,2021-08-22 21:00:00,22,94.22936507936508,False,False
baseline_전체 평균,-,keep,2021-08,2021-08-22 22:00:00,23,94.22936507936508,False,False
baseline_전체 평균,-,keep,2021-08,2021-08-22 23:00:00,23,94.22936507936508,False,False
baseline_전체 평균,-,keep,2021-08,2021-08-23 00:00:00,23,94.22936507936508,False,False
baseline_전체 평균,-,keep,2021-08,2021-08-23 01:00:00,23,94.22936507936508,False,False
baseline_전체 평균,-,keep,2021-08,2021-08-23 02:00:00,23,94.22936507936508,False,False
baseline_전체 평균,-,keep,2021-08,2021-08-23 03:00:00,24,94.22936507936508,False,False
baseline_전체 평균,-,keep,2021-08,2021-08-23 04:00:00,22,94.22936507936508,False,False
baseline_전체 평균,-,keep,2021-08,2021-08-23 05:00:00,22,94.22936507936508,False,False
baseline_전체 평균,-,keep,2021-08,2021-08-23 06:00:00,21,94.22936507936508,False,False
baseline_전체 평균,-,keep,2021-08,2021-08-23 07:00:00,58,94.22936507936508,False,False
baseline_전체 평균,-,keep,2021-08,2021-08-23 08:00:00,167,94.22936507936508,False,False
baseline_전체 평균,-,keep,2021-08,2021-08-23 09:00:00,180,94.22936507936508,True,False
baseline_전체 평균,-,keep,2021-08,2021-08-23 10:00:00,170,94.22936507936508,False,False
baseline_전체 평균,-,keep,2021-08,2021-08-23 11:00:00,184,94.22936507936508,True,False
baseline_전체 평균,-,keep,2021-08,2021-08-23 12:00:00,116,94.22936507936508,False,False
baseline_전체 평균,-,keep,2021-08,2021-08-23 13:00:00,184,94.22936507936508,True,False
baseline_전체 평균,-,keep,2021-08,2021-08-23 14:00:00,184,94.22936507936508,True,False
baseline_전체 평균,-,keep,2021-08,2021-08-23 15:00:00,180,94.22936507936508,True,False
baseline_전체 평균,-,keep,2021-08,2021-08-23 16:00:00,172,94.22936507936508,False,False
baseline_전체 평균,-,keep,2021-08,2021-08-23 17:00:00,142,94.22936507936508,False,False
baseline_전체 평균,-,keep,2021-08,2021-08-23 18:00:00,156,94.22936507936508,False,False
baseline_전체 평균,-,keep,2021-08,2021-08-23 19:00:00,129,94.22936507936508,False,False
baseline_전체 평균,-,keep,2021-08,2021-08-23 20:00:00,112,94.22936507936508,False,False
baseline_전체 평균,-,keep,2021-08,2021-08-23 21:00:00,111,94.22936507936508,False,False
baseline_전체 평균,-,keep,2021-08,2021-08-23 22:00:00,109,94.22936507936508,False,False
baseline_전체 평균,-,keep,2021-08,2021-08-23 23:00:00,96,94.22936507936508,False,False
baseline_전체 평균,-,keep,2021-08,2021-08-24 00:00:00,65,94.22936507936508,False,False
baseline_전체 평균,-,keep,2021-08,2021-08-24 01:00:00,105,94.22936507936508,False,False
baseline_전체 평균,-,keep,2021-08,2021-08-24 02:00:00,110,94.22936507936508,False,False
baseline_전체 평균,-,keep,2021-08,2021-08-24 03:00:00,105,94.22936507936508,False,False
baseline_전체 평균,-,keep,2021-08,2021-08-24 04:00:00,108,94.22936507936508,False,False
baseline_전체 평균,-,keep,2021-08,2021-08-24 05:00:00,88,94.22936507936508,False,False
baseline_전체 평균,-,keep,2021-08,2021-08-24 06:00:00,109,94.22936507936508,False,False
baseline_전체 평균,-,keep,2021-08,2021-08-24 07:00:00,131,94.22936507936508,False,False
baseline_전체 평균,-,keep,2021-08,2021-08-24 08:00:00,187,94.22936507936508,True,False
baseline_전체 평균,-,keep,2021-08,2021-08-24 09:00:00,181,94.22936507936508,True,False
baseline_전체 평균,-,keep,2021-08,2021-08-24 10:00:00,171,94.22936507936508,False,False
baseline_전체 평균,-,keep,2021-08,2021-08-24 11:00:00,183,94.22936507936508,True,False
baseline_전체 평균,-,keep,2021-08,2021-08-24 12:00:00,115,94.22936507936508,False,False
baseline_전체 평균,-,keep,2021-08,2021-08-24 13:00:00,174,94.22936507936508,False,False
baseline_전체 평균,-,keep,2021-08,2021-08-24 14:00:00,186,94.22936507936508,True,False
baseline_전체 평균,-,keep,2021-08,2021-08-24 15:00:00,175,94.22936507936508,False,False
baseline_전체 평균,-,keep,2021-08,2021-08-24 16:00:00,184,94.22936507936508,True,False
baseline_전체 평균,-,keep,2021-08,2021-08-24 17:00:00,139,94.22936507936508,False,False
baseline_전체 평균,-,keep,2021-08,2021-08-24 18:00:00,152,94.22936507936508,False,False
baseline_전체 평균,-,keep,2021-08,2021-08-24 19:00:00,150,94.22936507936508,False,False
baseline_전체 평균,-,keep,2021-08,2021-08-24 20:00:00,121,94.22936507936508,False,False
baseline_전체 평균,-,keep,2021-08,2021-08-24 21:00:00,121,94.22936507936508,False,False
baseline_전체 평균,-,keep,2021-08,2021-08-24 22:00:00,113,94.22936507936508,False,False
baseline_전체 평균,-,keep,2021-08,2021-08-24 23:00:00,99,94.22936507936508,False,False
baseline_전체 평균,-,keep,2021-08,2021-08-25 00:00:00,77,94.22936507936508,False,False
baseline_전체 평균,-,keep,2021-08,2021-08-25 01:00:00,104,94.22936507936508,False,False
baseline_전체 평균,-,keep,2021-08,2021-08-25 02:00:00,109,94.22936507936508,False,False
baseline_전체 평균,-,keep,2021-08,2021-08-25 03:00:00,99,94.22936507936508,False,False
baseline_전체 평균,-,keep,2021-08,2021-08-25 04:00:00,109,94.22936507936508,False,False
baseline_전체 평균,-,keep,2021-08,2021-08-25 05:00:00,91,94.22936507936508,False,False
baseline_전체 평균,-,keep,2021-08,2021-08-25 06:00:00,104,94.22936507936508,False,False
baseline_전체 평균,-,keep,2021-08,2021-08-25 07:00:00,139,94.22936507936508,False,False
baseline_전체 평균,-,keep,2021-08,2021-08-25 08:00:00,174,94.22936507936508,False,False
baseline_전체 평균,-,keep,2021-08,2021-08-25 09:00:00,171,94.22936507936508,False,False
baseline_전체 평균,-,keep,2021-08,2021-08-25 10:00:00,177,94.22936507936508,True,False
baseline_전체 평균,-,keep,2021-08,2021-08-25 11:00:00,173,94.22936507936508,False,False
baseline_전체 평균,-,keep,2021-08,2021-08-25 12:00:00,110,94.22936507936508,False,False
baseline_전체 평균,-,keep,2021-08,2021-08-25 13:00:00,174,94.22936507936508,False,False
baseline_전체 평균,-,keep,2021-08,2021-08-25 14:00:00,177,94.22936507936508,True,False
baseline_전체 평균,-,keep,2021-08,2021-08-25 15:00:00,169,94.22936507936508,False,False
baseline_전체 평균,-,keep,2021-08,2021-08-25 16:00:00,162,94.22936507936508,False,False
baseline_전체 평균,-,keep,2021-08,2021-08-25 17:00:00,146,94.22936507936508,False,False
baseline_전체 평균,-,keep,2021-08,2021-08-25 18:00:00,167,94.22936507936508,False,False
baseline_전체 평균,-,keep,2021-08,2021-08-25 19:00:00,139,94.22936507936508,False,False
baseline_전체 평균,-,keep,2021-08,2021-08-25 20:00:00,111,94.22936507936508,False,False
baseline_전체 평균,-,keep,2021-08,2021-08-25 21:00:00,121,94.22936507936508,False,False
baseline_전체 평균,-,keep,2021-08,2021-08-25 22:00:00,110,94.22936507936508,False,False
baseline_전체 평균,-,keep,2021-08,2021-08-25 23:00:00,105,94.22936507936508,False,False
baseline_전체 평균,-,keep,2021-08,2021-08-26 00:00:00,72,94.22936507936508,False,False
baseline_전체 평균,-,keep,2021-08,2021-08-26 01:00:00,103,94.22936507936508,False,False
baseline_전체 평균,-,keep,2021-08,2021-08-26 02:00:00,115,94.22936507936508,False,False
baseline_전체 평균,-,keep,2021-08,2021-08-26 03:00:00,99,94.22936507936508,False,False
baseline_전체 평균,-,keep,2021-08,2021-08-26 04:00:00,110,94.22936507936508,False,False
baseline_전체 평균,-,keep,2021-08,2021-08-26 05:00:00,92,94.22936507936508,False,False
baseline_전체 평균,-,keep,2021-08,2021-08-26 06:00:00,105,94.22936507936508,False,False
baseline_전체 평균,-,keep,2021-08,2021-08-26 07:00:00,134,94.22936507936508,False,False
baseline_전체 평균,-,keep,2021-08,2021-08-26 08:00:00,183,94.22936507936508,True,False
baseline_전체 평균,-,keep,2021-08,2021-08-26 09:00:00,195,94.22936507936508,True,False
baseline_전체 평균,-,keep,2021-08,2021-08-26 10:00:00,180,94.22936507936508,True,False
baseline_전체 평균,-,keep,2021-08,2021-08-26 11:00:00,188,94.22936507936508,True,False
baseline_전체 평균,-,keep,2021-08,2021-08-26 12:00:00,111,94.22936507936508,False,False
baseline_전체 평균,-,keep,2021-08,2021-08-26 13:00:00,183,94.22936507936508,True,False
baseline_전체 평균,-,keep,2021-08,2021-08-26 14:00:00,185,94.22936507936508,True,False
baseline_전체 평균,-,keep,2021-08,2021-08-26 15:00:00,188,94.22936507936508,True,False
baseline_전체 평균,-,keep,2021-08,2021-08-26 16:00:00,173,94.22936507936508,False,False
baseline_전체 평균,-,keep,2021-08,2021-08-26 17:00:00,132,94.22936507936508,False,False
baseline_전체 평균,-,keep,2021-08,2021-08-26 18:00:00,162,94.22936507936508,False,False
baseline_전체 평균,-,keep,2021-08,2021-08-26 19:00:00,156,94.22936507936508,False,False
baseline_전체 평균,-,keep,2021-08,2021-08-26 20:00:00,116,94.22936507936508,False,False
baseline_전체 평균,-,keep,2021-08,2021-08-26 21:00:00,125,94.22936507936508,False,False
baseline_전체 평균,-,keep,2021-08,2021-08-26 22:00:00,111,94.22936507936508,False,False
baseline_전체 평균,-,keep,2021-08,2021-08-26 23:00:00,105,94.22936507936508,False,False
baseline_전체 평균,-,keep,2021-08,2021-08-27 00:00:00,72,94.22936507936508,False,False
baseline_전체 평균,-,keep,2021-08,2021-08-27 01:00:00,102,94.22936507936508,False,False
baseline_전체 평균,-,keep,2021-08,2021-08-27 02:00:00,111,94.22936507936508,False,False
baseline_전체 평균,-,keep,2021-08,2021-08-27 03:00:00,102,94.22936507936508,False,False
baseline_전체 평균,-,keep,2021-08,2021-08-27 04:00:00,108,94.22936507936508,False,False
baseline_전체 평균,-,keep,2021-08,2021-08-27 05:00:00,86,94.22936507936508,False,False
baseline_전체 평균,-,keep,2021-08,2021-08-27 06:00:00,101,94.22936507936508,False,False
baseline_전체 평균,-,keep,2021-08,2021-08-27 07:00:00,125,94.22936507936508,False,False
baseline_전체 평균,-,keep,2021-08,2021-08-27 08:00:00,181,94.22936507936508,True,False
baseline_전체 평균,-,keep,2021-08,2021-08-27 09:00:00,176,94.22936507936508,False,False
baseline_전체 평균,-,keep,2021-08,2021-08-27 10:00:00,169,94.22936507936508,False,False
baseline_전체 평균,-,keep,2021-08,2021-08-27 11:00:00,175,94.22936507936508,False,False
baseline_전체 평균,-,keep,2021-08,2021-08-27 12:00:00,106,94.22936507936508,False,False
baseline_전체 평균,-,keep,2021-08,2021-08-27 13:00:00,173,94.22936507936508,False,False
baseline_전체 평균,-,keep,2021-08,2021-08-27 14:00:00,165,94.22936507936508,False,False
baseline_전체 평균,-,keep,2021-08,2021-08-27 15:00:00,162,94.22936507936508,False,False
baseline_전체 평균,-,keep,2021-08,2021-08-27 16:00:00,156,94.22936507936508,False,False
baseline_전체 평균,-,keep,2021-08,2021-08-27 17:00:00,142,94.22936507936508,False,False
baseline_전체 평균,-,keep,2021-08,2021-08-27 18:00:00,143,94.22936507936508,False,False
baseline_전체 평균,-,keep,2021-08,2021-08-27 19:00:00,127,94.22936507936508,False,False
baseline_전체 평균,-,keep,2021-08,2021-08-27 20:00:00,108,94.22936507936508,False,False
baseline_전체 평균,-,keep,2021-08,2021-08-27 21:00:00,107,94.22936507936508,False,False
baseline_전체 평균,-,keep,2021-08,2021-08-27 22:00:00,96,94.22936507936508,False,False
baseline_전체 평균,-,keep,2021-08,2021-08-27 23:00:00,102,94.22936507936508,False,False
baseline_전체 평균,-,keep,2021-08,2021-08-28 00:00:00,72,94.22936507936508,False,False
baseline_전체 평균,-,keep,2021-08,2021-08-28 01:00:00,104,94.22936507936508,False,False
baseline_전체 평균,-,keep,2021-08,2021-08-28 02:00:00,111,94.22936507936508,False,False
baseline_전체 평균,-,keep,2021-08,2021-08-28 03:00:00,102,94.22936507936508,False,False
baseline_전체 평균,-,keep,2021-08,2021-08-28 04:00:00,103,94.22936507936508,False,False
baseline_전체 평균,-,keep,2021-08,2021-08-28 05:00:00,87,94.22936507936508,False,False
baseline_전체 평균,-,keep,2021-08,2021-08-28 06:00:00,98,94.22936507936508,False,False
baseline_전체 평균,-,keep,2021-08,2021-08-28 07:00:00,66,94.22936507936508,False,False
baseline_전체 평균,-,keep,2021-08,2021-08-28 08:00:00,35,94.22936507936508,False,False
baseline_전체 평균,-,keep,2021-08,2021-08-28 09:00:00,36,94.22936507936508,False,False
baseline_전체 평균,-,keep,2021-08,2021-08-28 10:00:00,38,94.22936507936508,False,False
baseline_전체 평균,-,keep,2021-08,2021-08-28 11:00:00,37,94.22936507936508,False,False
baseline_전체 평균,-,keep,2021-08,2021-08-28 12:00:00,38,94.22936507936508,False,False
baseline_전체 평균,-,keep,2021-08,2021-08-28 13:00:00,38,94.22936507936508,False,False
baseline_전체 평균,-,keep,2021-08,2021-08-28 14:00:00,38,94.22936507936508,False,False
baseline_전체 평균,-,keep,2021-08,2021-08-28 15:00:00,38,94.22936507936508,False,False
baseline_전체 평균,-,keep,2021-08,2021-08-28 16:00:00,46,94.22936507936508,False,False
baseline_전체 평균,-,keep,2021-08,2021-08-29 12:00:00,22,94.22936507936508,False,False
baseline_전체 평균,-,keep,2021-08,2021-08-29 13:00:00,19,94.22936507936508,False,False
baseline_전체 평균,-,keep,2021-08,2021-08-29 14:00:00,22,94.22936507936508,False,False
baseline_전체 평균,-,keep,2021-08,2021-08-29 15:00:00,21,94.22936507936508,False,False
baseline_전체 평균,-,keep,2021-08,2021-08-29 16:00:00,22,94.22936507936508,False,False
baseline_전체 평균,-,keep,2021-08,2021-08-29 17:00:00,26,94.22936507936508,False,False
baseline_전체 평균,-,keep,2021-08,2021-08-29 18:00:00,24,94.22936507936508,False,False
baseline_전체 평균,-,keep,2021-08,2021-08-29 19:00:00,21,94.22936507936508,False,False
baseline_전체 평균,-,keep,2021-08,2021-08-29 20:00:00,20,94.22936507936508,False,False
baseline_전체 평균,-,keep,2021-08,2021-08-29 21:00:00,20,94.22936507936508,False,False
baseline_전체 평균,-,keep,2021-08,2021-08-29 22:00:00,22,94.22936507936508,False,False
baseline_전체 평균,-,keep,2021-08,2021-08-29 23:00:00,20,94.22936507936508,False,False
baseline_전체 평균,-,keep,2021-08,2021-08-30 00:00:00,20,94.22936507936508,False,False
baseline_전체 평균,-,keep,2021-08,2021-08-30 01:00:00,21,94.22936507936508,False,False
baseline_전체 평균,-,keep,2021-08,2021-08-30 02:00:00,21,94.22936507936508,False,False
baseline_전체 평균,-,keep,2021-08,2021-08-30 03:00:00,20,94.22936507936508,False,False
baseline_전체 평균,-,keep,2021-08,2021-08-30 04:00:00,20,94.22936507936508,False,False
baseline_전체 평균,-,keep,2021-08,2021-08-30 05:00:00,20,94.22936507936508,False,False
baseline_전체 평균,-,keep,2021-08,2021-08-30 06:00:00,21,94.22936507936508,False,False
baseline_전체 평균,-,keep,2021-08,2021-08-30 07:00:00,52,94.22936507936508,False,False
baseline_전체 평균,-,keep,2021-08,2021-08-30 08:00:00,167,94.22936507936508,False,False
baseline_전체 평균,-,keep,2021-08,2021-08-30 09:00:00,170,94.22936507936508,False,False
baseline_전체 평균,-,keep,2021-08,2021-08-30 10:00:00,171,94.22936507936508,False,False
baseline_전체 평균,-,keep,2021-08,2021-08-30 11:00:00,171,94.22936507936508,False,False
baseline_전체 평균,-,keep,2021-08,2021-08-30 12:00:00,114,94.22936507936508,False,False
baseline_전체 평균,-,keep,2021-08,2021-08-30 13:00:00,172,94.22936507936508,False,False
baseline_전체 평균,-,keep,2021-08,2021-08-30 14:00:00,171,94.22936507936508,False,False
baseline_전체 평균,-,keep,2021-08,2021-08-30 15:00:00,160,94.22936507936508,False,False
baseline_전체 평균,-,keep,2021-08,2021-08-30 16:00:00,170,94.22936507936508,False,False
baseline_전체 평균,-,keep,2021-08,2021-08-30 17:00:00,140,94.22936507936508,False,False
baseline_전체 평균,-,keep,2021-08,2021-08-30 18:00:00,168,94.22936507936508,False,False
baseline_전체 평균,-,keep,2021-08,2021-08-30 19:00:00,144,94.22936507936508,False,False
baseline_전체 평균,-,keep,2021-08,2021-08-30 20:00:00,128,94.22936507936508,False,False
baseline_전체 평균,-,keep,2021-08,2021-08-30 21:00:00,129,94.22936507936508,False,False
baseline_전체 평균,-,keep,2021-08,2021-08-30 22:00:00,116,94.22936507936508,False,False
baseline_전체 평균,-,keep,2021-08,2021-08-30 23:00:00,105,94.22936507936508,False,False
baseline_전체 평균,-,keep,2021-08,2021-08-31 00:00:00,73,94.22936507936508,False,False
baseline_전체 평균,-,keep,2021-08,2021-08-31 01:00:00,106,94.22936507936508,False,False
baseline_전체 평균,-,keep,2021-08,2021-08-31 02:00:00,108,94.22936507936508,False,False
baseline_전체 평균,-,keep,2021-08,2021-08-31 03:00:00,101,94.22936507936508,False,False
baseline_전체 평균,-,keep,2021-08,2021-08-31 04:00:00,110,94.22936507936508,False,False
baseline_전체 평균,-,keep,2021-08,2021-08-31 05:00:00,93,94.22936507936508,False,False
baseline_전체 평균,-,keep,2021-08,2021-08-31 06:00:00,113,94.22936507936508,False,False
baseline_전체 평균,-,keep,2021-08,2021-08-31 07:00:00,123,94.22936507936508,False,False
baseline_전체 평균,-,keep,2021-08,2021-08-31 08:00:00,167,94.22936507936508,False,False
baseline_전체 평균,-,keep,2021-08,2021-08-31 09:00:00,169,94.22936507936508,False,False
baseline_전체 평균,-,keep,2021-08,2021-08-31 10:00:00,176,94.22936507936508,False,False
baseline_전체 평균,-,keep,2021-08,2021-08-31 11:00:00,165,94.22936507936508,False,False
baseline_전체 평균,-,keep,2021-08,2021-08-31 12:00:00,112,94.22936507936508,False,False
baseline_전체 평균,-,keep,2021-08,2021-08-31 13:00:00,174,94.22936507936508,False,False
baseline_전체 평균,-,keep,2021-08,2021-08-31 14:00:00,182,94.22936507936508,True,False
baseline_전체 평균,-,keep,2021-08,2021-08-31 15:00:00,157,94.22936507936508,False,False
baseline_전체 평균,-,keep,2021-08,2021-08-31 16:00:00,167,94.22936507936508,False,False
baseline_전체 평균,-,keep,2021-08,2021-08-31 17:00:00,125,94.22936507936508,False,False
baseline_전체 평균,-,keep,2021-08,2021-08-31 18:00:00,156,94.22936507936508,False,False
baseline_전체 평균,-,keep,2021-08,2021-08-31 19:00:00,148,94.22936507936508,False,False
baseline_전체 평균,-,keep,2021-08,2021-08-31 20:00:00,147,94.22936507936508,False,False
baseline_전체 평균,-,keep,2021-08,2021-08-31 21:00:00,131,94.22936507936508,False,False
baseline_전체 평균,-,keep,2021-08,2021-08-31 22:00:00,119,94.22936507936508,False,False
baseline_전체 평균,-,keep,2021-08,2021-08-31 23:00:00,112,94.22936507936508,False,False
baseline_전체 평균,-,keep,2021-09,2021-09-01 00:00:00,74,92.85481352992194,False,False
baseline_전체 평균,-,keep,2021-09,2021-09-01 01:00:00,109,92.85481352992194,False,False
baseline_전체 평균,-,keep,2021-09,2021-09-01 02:00:00,114,92.85481352992194,False,False
baseline_전체 평균,-,keep,2021-09,2021-09-01 03:00:00,99,92.85481352992194,False,False
baseline_전체 평균,-,keep,2021-09,2021-09-01 04:00:00,115,92.85481352992194,False,False
baseline_전체 평균,-,keep,2021-09,2021-09-01 05:00:00,92,92.85481352992194,False,False
baseline_전체 평균,-,keep,2021-09,2021-09-01 06:00:00,116,92.85481352992194,False,False
baseline_전체 평균,-,keep,2021-09,2021-09-01 07:00:00,124,92.85481352992194,False,False
baseline_전체 평균,-,keep,2021-09,2021-09-01 08:00:00,180,92.85481352992194,True,False
baseline_전체 평균,-,keep,2021-09,2021-09-01 09:00:00,182,92.85481352992194,True,False
baseline_전체 평균,-,keep,2021-09,2021-09-01 10:00:00,185,92.85481352992194,True,False
baseline_전체 평균,-,keep,2021-09,2021-09-01 11:00:00,174,92.85481352992194,False,False
baseline_전체 평균,-,keep,2021-09,2021-09-01 12:00:00,117,92.85481352992194,False,False
baseline_전체 평균,-,keep,2021-09,2021-09-01 13:00:00,182,92.85481352992194,True,False
baseline_전체 평균,-,keep,2021-09,2021-09-01 14:00:00,184,92.85481352992194,True,False
baseline_전체 평균,-,keep,2021-09,2021-09-01 15:00:00,173,92.85481352992194,False,False
baseline_전체 평균,-,keep,2021-09,2021-09-01 16:00:00,176,92.85481352992194,False,False
baseline_전체 평균,-,keep,2021-09,2021-09-01 17:00:00,139,92.85481352992194,False,False
baseline_전체 평균,-,keep,2021-09,2021-09-01 18:00:00,163,92.85481352992194,False,False
baseline_전체 평균,-,keep,2021-09,2021-09-01 19:00:00,152,92.85481352992194,False,False
baseline_전체 평균,-,keep,2021-09,2021-09-01 20:00:00,129,92.85481352992194,False,False
baseline_전체 평균,-,keep,2021-09,2021-09-01 21:00:00,131,92.85481352992194,False,False
baseline_전체 평균,-,keep,2021-09,2021-09-01 22:00:00,119,92.85481352992194,False,False
baseline_전체 평균,-,keep,2021-09,2021-09-01 23:00:00,114,92.85481352992194,False,False
baseline_전체 평균,-,keep,2021-09,2021-09-02 00:00:00,79,92.85481352992194,False,False
baseline_전체 평균,-,keep,2021-09,2021-09-02 01:00:00,112,92.85481352992194,False,False
baseline_전체 평균,-,keep,2021-09,2021-09-02 02:00:00,114,92.85481352992194,False,False
baseline_전체 평균,-,keep,2021-09,2021-09-02 03:00:00,106,92.85481352992194,False,False
baseline_전체 평균,-,keep,2021-09,2021-09-02 04:00:00,114,92.85481352992194,False,False
baseline_전체 평균,-,keep,2021-09,2021-09-02 05:00:00,93,92.85481352992194,False,False
baseline_전체 평균,-,keep,2021-09,2021-09-02 06:00:00,115,92.85481352992194,False,False
baseline_전체 평균,-,keep,2021-09,2021-09-02 07:00:00,141,92.85481352992194,False,False
baseline_전체 평균,-,keep,2021-09,2021-09-02 08:00:00,166,92.85481352992194,False,False
baseline_전체 평균,-,keep,2021-09,2021-09-02 09:00:00,184,92.85481352992194,True,False
baseline_전체 평균,-,keep,2021-09,2021-09-02 10:00:00,179,92.85481352992194,True,False
baseline_전체 평균,-,keep,2021-09,2021-09-02 11:00:00,182,92.85481352992194,True,False
baseline_전체 평균,-,keep,2021-09,2021-09-02 12:00:00,112,92.85481352992194,False,False
baseline_전체 평균,-,keep,2021-09,2021-09-02 13:00:00,174,92.85481352992194,False,False
baseline_전체 평균,-,keep,2021-09,2021-09-02 14:00:00,192,92.85481352992194,True,False
baseline_전체 평균,-,keep,2021-09,2021-09-02 15:00:00,170,92.85481352992194,False,False
baseline_전체 평균,-,keep,2021-09,2021-09-02 16:00:00,174,92.85481352992194,False,False
baseline_전체 평균,-,keep,2021-09,2021-09-02 17:00:00,132,92.85481352992194,False,False
baseline_전체 평균,-,keep,2021-09,2021-09-02 18:00:00,159,92.85481352992194,False,False
baseline_전체 평균,-,keep,2021-09,2021-09-02 19:00:00,161,92.85481352992194,False,False
baseline_전체 평균,-,keep,2021-09,2021-09-02 20:00:00,132,92.85481352992194,False,False
baseline_전체 평균,-,keep,2021-09,2021-09-02 21:00:00,131,92.85481352992194,False,False
baseline_전체 평균,-,keep,2021-09,2021-09-02 22:00:00,114,92.85481352992194,False,False
baseline_전체 평균,-,keep,2021-09,2021-09-02 23:00:00,119,92.85481352992194,False,False
baseline_전체 평균,-,keep,2021-09,2021-09-03 00:00:00,69,92.85481352992194,False,False
baseline_전체 평균,-,keep,2021-09,2021-09-03 01:00:00,109,92.85481352992194,False,False
baseline_전체 평균,-,keep,2021-09,2021-09-03 02:00:00,112,92.85481352992194,False,False
baseline_전체 평균,-,keep,2021-09,2021-09-03 03:00:00,110,92.85481352992194,False,False
baseline_전체 평균,-,keep,2021-09,2021-09-03 04:00:00,107,92.85481352992194,False,False
baseline_전체 평균,-,keep,2021-09,2021-09-03 05:00:00,93,92.85481352992194,False,False
baseline_전체 평균,-,keep,2021-09,2021-09-03 06:00:00,107,92.85481352992194,False,False
baseline_전체 평균,-,keep,2021-09,2021-09-03 07:00:00,134,92.85481352992194,False,False
baseline_전체 평균,-,keep,2021-09,2021-09-03 08:00:00,170,92.85481352992194,False,False
baseline_전체 평균,-,keep,2021-09,2021-09-03 09:00:00,171,92.85481352992194,False,False
baseline_전체 평균,-,keep,2021-09,2021-09-03 10:00:00,163,92.85481352992194,False,False
baseline_전체 평균,-,keep,2021-09,2021-09-03 11:00:00,187,92.85481352992194,True,False
baseline_전체 평균,-,keep,2021-09,2021-09-03 12:00:00,108,92.85481352992194,False,False
baseline_전체 평균,-,keep,2021-09,2021-09-03 13:00:00,169,92.85481352992194,False,False
baseline_전체 평균,-,keep,2021-09,2021-09-03 14:00:00,178,92.85481352992194,True,False
baseline_전체 평균,-,keep,2021-09,2021-09-03 15:00:00,154,92.85481352992194,False,False
baseline_전체 평균,-,keep,2021-09,2021-09-03 16:00:00,161,92.85481352992194,False,False
baseline_전체 평균,-,keep,2021-09,2021-09-03 17:00:00,147,92.85481352992194,False,False
baseline_전체 평균,-,keep,2021-09,2021-09-03 18:00:00,154,92.85481352992194,False,False
baseline_전체 평균,-,keep,2021-09,2021-09-03 19:00:00,143,92.85481352992194,False,False
baseline_전체 평균,-,keep,2021-09,2021-09-03 20:00:00,115,92.85481352992194,False,False
baseline_전체 평균,-,keep,2021-09,2021-09-03 21:00:00,110,92.85481352992194,False,False
baseline_전체 평균,-,keep,2021-09,2021-09-03 22:00:00,105,92.85481352992194,False,False
baseline_전체 평균,-,keep,2021-09,2021-09-03 23:00:00,101,92.85481352992194,False,False
baseline_전체 평균,-,keep,2021-09,2021-09-04 00:00:00,64,92.85481352992194,False,False
baseline_전체 평균,-,keep,2021-09,2021-09-04 01:00:00,106,92.85481352992194,False,False
baseline_전체 평균,-,keep,2021-09,2021-09-04 02:00:00,104,92.85481352992194,False,False
baseline_전체 평균,-,keep,2021-09,2021-09-04 03:00:00,98,92.85481352992194,False,False
baseline_전체 평균,-,keep,2021-09,2021-09-04 04:00:00,109,92.85481352992194,False,False
baseline_전체 평균,-,keep,2021-09,2021-09-04 05:00:00,88,92.85481352992194,False,False
baseline_전체 평균,-,keep,2021-09,2021-09-04 06:00:00,111,92.85481352992194,False,False
baseline_전체 평균,-,keep,2021-09,2021-09-04 07:00:00,70,92.85481352992194,False,False
baseline_전체 평균,-,keep,2021-09,2021-09-04 08:00:00,33,92.85481352992194,False,False
baseline_전체 평균,-,keep,2021-09,2021-09-04 09:00:00,32,92.85481352992194,False,False
baseline_전체 평균,-,keep,2021-09,2021-09-04 10:00:00,34,92.85481352992194,False,False
baseline_전체 평균,-,keep,2021-09,2021-09-04 11:00:00,32,92.85481352992194,False,False
baseline_전체 평균,-,keep,2021-09,2021-09-04 12:00:00,33,92.85481352992194,False,False
baseline_전체 평균,-,keep,2021-09,2021-09-04 13:00:00,34,92.85481352992194,False,False
baseline_전체 평균,-,keep,2021-09,2021-09-04 14:00:00,34,92.85481352992194,False,False
baseline_전체 평균,-,keep,2021-09,2021-09-04 15:00:00,33,92.85481352992194,False,False
baseline_전체 평균,-,keep,2021-09,2021-09-04 16:00:00,36,92.85481352992194,False,False
baseline_전체 평균,-,keep,2021-09,2021-09-04 17:00:00,35,92.85481352992194,False,False
baseline_전체 평균,-,keep,2021-09,2021-09-04 18:00:00,26,92.85481352992194,False,False
baseline_전체 평균,-,keep,2021-09,2021-09-04 19:00:00,23,92.85481352992194,False,False
baseline_전체 평균,-,keep,2021-09,2021-09-04 20:00:00,25,92.85481352992194,False,False
baseline_전체 평균,-,keep,2021-09,2021-09-04 21:00:00,23,92.85481352992194,False,False
baseline_전체 평균,-,keep,2021-09,2021-09-04 22:00:00,23,92.85481352992194,False,False
baseline_전체 평균,-,keep,2021-09,2021-09-04 23:00:00,23,92.85481352992194,False,False
baseline_전체 평균,-,keep,2021-09,2021-09-05 00:00:00,24,92.85481352992194,False,False
baseline_전체 평균,-,keep,2021-09,2021-09-05 01:00:00,22,92.85481352992194,False,False
baseline_전체 평균,-,keep,2021-09,2021-09-05 02:00:00,22,92.85481352992194,False,False
baseline_전체 평균,-,keep,2021-09,2021-09-05 03:00:00,22,92.85481352992194,False,False
baseline_전체 평균,-,keep,2021-09,2021-09-05 04:00:00,24,92.85481352992194,False,False
baseline_전체 평균,-,keep,2021-09,2021-09-05 05:00:00,22,92.85481352992194,False,False
baseline_전체 평균,-,keep,2021-09,2021-09-05 06:00:00,22,92.85481352992194,False,False
baseline_전체 평균,-,keep,2021-09,2021-09-05 07:00:00,22,92.85481352992194,False,False
baseline_전체 평균,-,keep,2021-09,2021-09-05 08:00:00,25,92.85481352992194,False,False
baseline_전체 평균,-,keep,2021-09,2021-09-05 09:00:00,22,92.85481352992194,False,False
baseline_전체 평균,-,keep,2021-09,2021-09-05 10:00:00,22,92.85481352992194,False,False
baseline_전체 평균,-,keep,2021-09,2021-09-05 11:00:00,22,92.85481352992194,False,False
baseline_전체 평균,-,keep,2021-09,2021-09-05 12:00:00,24,92.85481352992194,False,False
baseline_전체 평균,-,keep,2021-09,2021-09-05 13:00:00,22,92.85481352992194,False,False
baseline_전체 평균,-,keep,2021-09,2021-09-05 14:00:00,23,92.85481352992194,False,False
baseline_전체 평균,-,keep,2021-09,2021-09-05 15:00:00,24,92.85481352992194,False,False
baseline_전체 평균,-,keep,2021-09,2021-09-05 16:00:00,23,92.85481352992194,False,False
baseline_전체 평균,-,keep,2021-09,2021-09-05 17:00:00,23,92.85481352992194,False,False
baseline_전체 평균,-,keep,2021-09,2021-09-05 18:00:00,22,92.85481352992194,False,False
baseline_전체 평균,-,keep,2021-09,2021-09-05 19:00:00,24,92.85481352992194,False,False
baseline_전체 평균,-,keep,2021-09,2021-09-05 20:00:00,23,92.85481352992194,False,False
baseline_전체 평균,-,keep,2021-09,2021-09-05 21:00:00,23,92.85481352992194,False,False
baseline_전체 평균,-,keep,2021-09,2021-09-05 22:00:00,24,92.85481352992194,False,False
baseline_전체 평균,-,keep,2021-09,2021-09-05 23:00:00,23,92.85481352992194,False,False
baseline_전체 평균,-,keep,2021-09,2021-09-06 00:00:00,22,92.85481352992194,False,False
baseline_전체 평균,-,keep,2021-09,2021-09-06 01:00:00,22,92.85481352992194,False,False
baseline_전체 평균,-,keep,2021-09,2021-09-06 02:00:00,24,92.85481352992194,False,False
baseline_전체 평균,-,keep,2021-09,2021-09-06 03:00:00,22,92.85481352992194,False,False
baseline_전체 평균,-,keep,2021-09,2021-09-06 04:00:00,22,92.85481352992194,False,False
baseline_전체 평균,-,keep,2021-09,2021-09-06 05:00:00,23,92.85481352992194,False,False
baseline_전체 평균,-,keep,2021-09,2021-09-06 06:00:00,24,92.85481352992194,False,False
baseline_전체 평균,-,keep,2021-09,2021-09-06 07:00:00,52,92.85481352992194,False,False
baseline_전체 평균,-,keep,2021-09,2021-09-06 08:00:00,171,92.85481352992194,False,False
baseline_전체 평균,-,keep,2021-09,2021-09-06 09:00:00,157,92.85481352992194,False,False
baseline_전체 평균,-,keep,2021-09,2021-09-06 10:00:00,171,92.85481352992194,False,False
baseline_전체 평균,-,keep,2021-09,2021-09-06 11:00:00,176,92.85481352992194,False,False
baseline_전체 평균,-,keep,2021-09,2021-09-06 12:00:00,109,92.85481352992194,False,False
baseline_전체 평균,-,keep,2021-09,2021-09-06 13:00:00,160,92.85481352992194,False,False
baseline_전체 평균,-,keep,2021-09,2021-09-06 14:00:00,160,92.85481352992194,False,False
baseline_전체 평균,-,keep,2021-09,2021-09-06 15:00:00,158,92.85481352992194,False,False
baseline_전체 평균,-,keep,2021-09,2021-09-06 16:00:00,146,92.85481352992194,False,False
baseline_전체 평균,-,keep,2021-09,2021-09-06 17:00:00,128,92.85481352992194,False,False
baseline_전체 평균,-,keep,2021-09,2021-09-06 18:00:00,152,92.85481352992194,False,False
baseline_전체 평균,-,keep,2021-09,2021-09-06 19:00:00,135,92.85481352992194,False,False
baseline_전체 평균,-,keep,2021-09,2021-09-06 20:00:00,121,92.85481352992194,False,False
baseline_전체 평균,-,keep,2021-09,2021-09-06 21:00:00,123,92.85481352992194,False,False
baseline_전체 평균,-,keep,2021-09,2021-09-06 22:00:00,110,92.85481352992194,False,False
baseline_전체 평균,-,keep,2021-09,2021-09-06 23:00:00,104,92.85481352992194,False,False
baseline_전체 평균,-,keep,2021-09,2021-09-07 00:00:00,72,92.85481352992194,False,False
baseline_전체 평균,-,keep,2021-09,2021-09-07 01:00:00,109,92.85481352992194,False,False
baseline_전체 평균,-,keep,2021-09,2021-09-07 02:00:00,111,92.85481352992194,False,False
baseline_전체 평균,-,keep,2021-09,2021-09-07 03:00:00,109,92.85481352992194,False,False
baseline_전체 평균,-,keep,2021-09,2021-09-07 04:00:00,109,92.85481352992194,False,False
baseline_전체 평균,-,keep,2021-09,2021-09-07 05:00:00,96,92.85481352992194,False,False
baseline_전체 평균,-,keep,2021-09,2021-09-07 06:00:00,115,92.85481352992194,False,False
baseline_전체 평균,-,keep,2021-09,2021-09-07 07:00:00,140,92.85481352992194,False,False
baseline_전체 평균,-,keep,2021-09,2021-09-07 08:00:00,173,92.85481352992194,False,False
baseline_전체 평균,-,keep,2021-09,2021-09-07 09:00:00,170,92.85481352992194,False,False
baseline_전체 평균,-,keep,2021-09,2021-09-07 10:00:00,164,92.85481352992194,False,False
baseline_전체 평균,-,keep,2021-09,2021-09-07 11:00:00,174,92.85481352992194,False,False
baseline_전체 평균,-,keep,2021-09,2021-09-07 12:00:00,116,92.85481352992194,False,False
baseline_전체 평균,-,keep,2021-09,2021-09-07 13:00:00,181,92.85481352992194,True,False
baseline_전체 평균,-,keep,2021-09,2021-09-07 14:00:00,182,92.85481352992194,True,False
baseline_전체 평균,-,keep,2021-09,2021-09-07 15:00:00,166,92.85481352992194,False,False
baseline_전체 평균,-,keep,2021-09,2021-09-07 16:00:00,160,92.85481352992194,False,False
baseline_전체 평균,-,keep,2021-09,2021-09-07 17:00:00,135,92.85481352992194,False,False
baseline_전체 평균,-,keep,2021-09,2021-09-07 18:00:00,156,92.85481352992194,False,False
baseline_전체 평균,-,keep,2021-09,2021-09-07 19:00:00,152,92.85481352992194,False,False
baseline_전체 평균,-,keep,2021-09,2021-09-07 20:00:00,134,92.85481352992194,False,False
baseline_전체 평균,-,keep,2021-09,2021-09-07 21:00:00,131,92.85481352992194,False,False
baseline_전체 평균,-,keep,2021-09,2021-09-07 22:00:00,115,92.85481352992194,False,False
baseline_전체 평균,-,keep,2021-09,2021-09-07 23:00:00,111,92.85481352992194,False,False
baseline_전체 평균,-,keep,2021-09,2021-09-08 00:00:00,72,92.85481352992194,False,False
baseline_전체 평균,-,keep,2021-09,2021-09-08 01:00:00,110,92.85481352992194,False,False
baseline_전체 평균,-,keep,2021-09,2021-09-08 02:00:00,118,92.85481352992194,False,False
baseline_전체 평균,-,keep,2021-09,2021-09-08 03:00:00,112,92.85481352992194,False,False
baseline_전체 평균,-,keep,2021-09,2021-09-08 04:00:00,113,92.85481352992194,False,False
baseline_전체 평균,-,keep,2021-09,2021-09-08 05:00:00,97,92.85481352992194,False,False
baseline_전체 평균,-,keep,2021-09,2021-09-08 06:00:00,118,92.85481352992194,False,False
baseline_전체 평균,-,keep,2021-09,2021-09-08 07:00:00,135,92.85481352992194,False,False
baseline_전체 평균,-,keep,2021-09,2021-09-08 08:00:00,171,92.85481352992194,False,False
baseline_전체 평균,-,keep,2021-09,2021-09-08 09:00:00,160,92.85481352992194,False,False
baseline_전체 평균,-,keep,2021-09,2021-09-08 10:00:00,152,92.85481352992194,False,False
baseline_전체 평균,-,keep,2021-09,2021-09-08 11:00:00,156,92.85481352992194,False,False
baseline_전체 평균,-,keep,2021-09,2021-09-08 13:00:00,152,92.85481352992194,False,False
baseline_전체 평균,-,keep,2021-09,2021-09-08 14:00:00,165,92.85481352992194,False,False
baseline_전체 평균,-,keep,2021-09,2021-09-08 15:00:00,165,92.85481352992194,False,False
baseline_전체 평균,-,keep,2021-09,2021-09-08 16:00:00,166,92.85481352992194,False,False
baseline_전체 평균,-,keep,2021-09,2021-09-08 17:00:00,144,92.85481352992194,False,False
baseline_전체 평균,-,keep,2021-09,2021-09-08 18:00:00,164,92.85481352992194,False,False
baseline_전체 평균,-,keep,2021-09,2021-09-08 19:00:00,150,92.85481352992194,False,False
baseline_전체 평균,-,keep,2021-09,2021-09-08 20:00:00,103,92.85481352992194,False,False
baseline_전체 평균,-,keep,2021-09,2021-09-08 21:00:00,122,92.85481352992194,False,False
baseline_전체 평균,-,keep,2021-09,2021-09-08 22:00:00,106,92.85481352992194,False,False
baseline_전체 평균,-,keep,2021-09,2021-09-08 23:00:00,101,92.85481352992194,False,False
baseline_전체 평균,-,keep,2021-09,2021-09-09 00:00:00,72,92.85481352992194,False,False
baseline_전체 평균,-,keep,2021-09,2021-09-09 01:00:00,97,92.85481352992194,False,False
baseline_전체 평균,-,keep,2021-09,2021-09-09 02:00:00,110,92.85481352992194,False,False
baseline_전체 평균,-,keep,2021-09,2021-09-09 03:00:00,109,92.85481352992194,False,False
baseline_전체 평균,-,keep,2021-09,2021-09-09 04:00:00,107,92.85481352992194,False,False
baseline_전체 평균,-,keep,2021-09,2021-09-09 05:00:00,92,92.85481352992194,False,False
baseline_전체 평균,-,keep,2021-09,2021-09-09 06:00:00,119,92.85481352992194,False,False
baseline_전체 평균,-,keep,2021-09,2021-09-09 07:00:00,139,92.85481352992194,False,False
baseline_전체 평균,-,keep,2021-09,2021-09-09 08:00:00,172,92.85481352992194,False,False
baseline_전체 평균,-,keep,2021-09,2021-09-09 09:00:00,170,92.85481352992194,False,False
baseline_전체 평균,-,keep,2021-09,2021-09-09 10:00:00,155,92.85481352992194,False,False
baseline_전체 평균,-,keep,2021-09,2021-09-09 11:00:00,174,92.85481352992194,False,False
baseline_전체 평균,-,keep,2021-09,2021-09-09 12:00:00,111,92.85481352992194,False,False
baseline_전체 평균,-,keep,2021-09,2021-09-09 13:00:00,171,92.85481352992194,False,False
baseline_전체 평균,-,keep,2021-09,2021-09-09 14:00:00,165,92.85481352992194,False,False
baseline_전체 평균,-,keep,2021-09,2021-09-09 15:00:00,173,92.85481352992194,False,False
baseline_전체 평균,-,keep,2021-09,2021-09-09 16:00:00,160,92.85481352992194,False,False
baseline_전체 평균,-,keep,2021-09,2021-09-09 17:00:00,140,92.85481352992194,False,False
baseline_전체 평균,-,keep,2021-09,2021-09-09 18:00:00,162,92.85481352992194,False,False
baseline_전체 평균,-,keep,2021-09,2021-09-09 19:00:00,142,92.85481352992194,False,False
baseline_전체 평균,-,keep,2021-09,2021-09-09 20:00:00,128,92.85481352992194,False,False
baseline_전체 평균,-,keep,2021-09,2021-09-09 21:00:00,128,92.85481352992194,False,False
baseline_전체 평균,-,keep,2021-09,2021-09-09 22:00:00,109,92.85481352992194,False,False
baseline_전체 평균,-,keep,2021-09,2021-09-09 23:00:00,109,92.85481352992194,False,False
baseline_전체 평균,-,keep,2021-09,2021-09-10 00:00:00,77,92.85481352992194,False,False
baseline_전체 평균,-,keep,2021-09,2021-09-10 01:00:00,102,92.85481352992194,False,False
baseline_전체 평균,-,keep,2021-09,2021-09-10 02:00:00,112,92.85481352992194,False,False
baseline_전체 평균,-,keep,2021-09,2021-09-10 03:00:00,106,92.85481352992194,False,False
baseline_전체 평균,-,keep,2021-09,2021-09-10 04:00:00,108,92.85481352992194,False,False
baseline_전체 평균,-,keep,2021-09,2021-09-10 05:00:00,92,92.85481352992194,False,False
baseline_전체 평균,-,keep,2021-09,2021-09-10 06:00:00,111,92.85481352992194,False,False
baseline_전체 평균,-,keep,2021-09,2021-09-10 07:00:00,132,92.85481352992194,False,False
baseline_전체 평균,-,keep,2021-09,2021-09-10 08:00:00,180,92.85481352992194,True,False
baseline_전체 평균,-,keep,2021-09,2021-09-10 09:00:00,184,92.85481352992194,True,False
baseline_전체 평균,-,keep,2021-09,2021-09-10 10:00:00,168,92.85481352992194,False,False
baseline_전체 평균,-,keep,2021-09,2021-09-10 11:00:00,181,92.85481352992194,True,False
baseline_전체 평균,-,keep,2021-09,2021-09-10 12:00:00,116,92.85481352992194,False,False
baseline_전체 평균,-,keep,2021-09,2021-09-10 13:00:00,180,92.85481352992194,True,False
baseline_전체 평균,-,keep,2021-09,2021-09-10 14:00:00,178,92.85481352992194,True,False
baseline_전체 평균,-,keep,2021-09,2021-09-10 15:00:00,171,92.85481352992194,False,False
baseline_전체 평균,-,keep,2021-09,2021-09-10 16:00:00,164,92.85481352992194,False,False
baseline_전체 평균,-,keep,2021-09,2021-09-10 17:00:00,138,92.85481352992194,False,False
baseline_전체 평균,-,keep,2021-09,2021-09-10 18:00:00,155,92.85481352992194,False,False
baseline_전체 평균,-,keep,2021-09,2021-09-10 19:00:00,142,92.85481352992194,False,False
baseline_전체 평균,-,keep,2021-09,2021-09-10 20:00:00,116,92.85481352992194,False,False
baseline_전체 평균,-,keep,2021-09,2021-09-10 21:00:00,117,92.85481352992194,False,False
baseline_전체 평균,-,keep,2021-09,2021-09-10 22:00:00,102,92.85481352992194,False,False
baseline_전체 평균,-,keep,2021-09,2021-09-10 23:00:00,88,92.85481352992194,False,False
baseline_전체 평균,-,keep,2021-09,2021-09-11 00:00:00,61,92.85481352992194,False,False
baseline_전체 평균,-,keep,2021-09,2021-09-11 01:00:00,97,92.85481352992194,False,False
baseline_전체 평균,-,keep,2021-09,2021-09-11 02:00:00,95,92.85481352992194,False,False
baseline_전체 평균,-,keep,2021-09,2021-09-11 03:00:00,94,92.85481352992194,False,False
baseline_전체 평균,-,keep,2021-09,2021-09-11 04:00:00,89,92.85481352992194,False,False
baseline_전체 평균,-,keep,2021-09,2021-09-11 05:00:00,82,92.85481352992194,False,False
baseline_전체 평균,-,keep,2021-09,2021-09-11 06:00:00,86,92.85481352992194,False,False
baseline_전체 평균,-,keep,2021-09,2021-09-11 07:00:00,51,92.85481352992194,False,False
baseline_전체 평균,-,keep,2021-09,2021-09-11 08:00:00,23,92.85481352992194,False,False
baseline_전체 평균,-,keep,2021-09,2021-09-11 09:00:00,23,92.85481352992194,False,False
baseline_전체 평균,-,keep,2021-09,2021-09-11 10:00:00,22,92.85481352992194,False,False
baseline_전체 평균,-,keep,2021-09,2021-09-11 11:00:00,23,92.85481352992194,False,False
baseline_전체 평균,-,keep,2021-09,2021-09-11 12:00:00,25,92.85481352992194,False,False
baseline_전체 평균,-,keep,2021-09,2021-09-11 13:00:00,23,92.85481352992194,False,False
baseline_전체 평균,-,keep,2021-09,2021-09-11 14:00:00,23,92.85481352992194,False,False
baseline_전체 평균,-,keep,2021-09,2021-09-11 15:00:00,24,92.85481352992194,False,False
baseline_전체 평균,-,keep,2021-09,2021-09-11 16:00:00,24,92.85481352992194,False,False
baseline_전체 평균,-,keep,2021-09,2021-09-11 17:00:00,23,92.85481352992194,False,False
baseline_전체 평균,-,keep,2021-09,2021-09-11 18:00:00,23,92.85481352992194,False,False
baseline_전체 평균,-,keep,2021-09,2021-09-11 19:00:00,25,92.85481352992194,False,False
baseline_전체 평균,-,keep,2021-09,2021-09-11 20:00:00,23,92.85481352992194,False,False
baseline_전체 평균,-,keep,2021-09,2021-09-11 21:00:00,23,92.85481352992194,False,False
baseline_전체 평균,-,keep,2021-09,2021-09-11 22:00:00,23,92.85481352992194,False,False
baseline_전체 평균,-,keep,2021-09,2021-09-11 23:00:00,23,92.85481352992194,False,False
baseline_전체 평균,-,keep,2021-09,2021-09-12 00:00:00,23,92.85481352992194,False,False
baseline_전체 평균,-,keep,2021-09,2021-09-12 01:00:00,23,92.85481352992194,False,False
baseline_전체 평균,-,keep,2021-09,2021-09-12 02:00:00,24,92.85481352992194,False,False
baseline_전체 평균,-,keep,2021-09,2021-09-12 03:00:00,23,92.85481352992194,False,False
baseline_전체 평균,-,keep,2021-09,2021-09-12 04:00:00,23,92.85481352992194,False,False
baseline_전체 평균,-,keep,2021-09,2021-09-12 05:00:00,23,92.85481352992194,False,False
baseline_전체 평균,-,keep,2021-09,2021-09-12 06:00:00,23,92.85481352992194,False,False
baseline_전체 평균,-,keep,2021-09,2021-09-12 07:00:00,23,92.85481352992194,False,False
baseline_전체 평균,-,keep,2021-09,2021-09-12 08:00:00,25,92.85481352992194,False,False
baseline_전체 평균,-,keep,2021-09,2021-09-12 09:00:00,23,92.85481352992194,False,False
baseline_전체 평균,-,keep,2021-09,2021-09-12 10:00:00,23,92.85481352992194,False,False
baseline_전체 평균,-,keep,2021-09,2021-09-12 11:00:00,23,92.85481352992194,False,False
baseline_전체 평균,-,keep,2021-09,2021-09-12 12:00:00,23,92.85481352992194,False,False
baseline_전체 평균,-,keep,2021-09,2021-09-12 13:00:00,23,92.85481352992194,False,False
baseline_전체 평균,-,keep,2021-09,2021-09-12 14:00:00,25,92.85481352992194,False,False
baseline_전체 평균,-,keep,2021-09,2021-09-12 15:00:00,23,92.85481352992194,False,False
baseline_전체 평균,-,keep,2021-09,2021-09-12 16:00:00,24,92.85481352992194,False,False
baseline_전체 평균,-,keep,2021-09,2021-09-12 17:00:00,23,92.85481352992194,False,False
baseline_전체 평균,-,keep,2021-09,2021-09-12 18:00:00,23,92.85481352992194,False,False
baseline_전체 평균,-,keep,2021-09,2021-09-12 19:00:00,23,92.85481352992194,False,False
baseline_전체 평균,-,keep,2021-09,2021-09-12 20:00:00,23,92.85481352992194,False,False
baseline_전체 평균,-,keep,2021-09,2021-09-12 21:00:00,25,92.85481352992194,False,False
baseline_전체 평균,-,keep,2021-09,2021-09-12 22:00:00,23,92.85481352992194,False,False
baseline_전체 평균,-,keep,2021-09,2021-09-12 23:00:00,23,92.85481352992194,False,False
baseline_전체 평균,-,keep,2021-09,2021-09-13 00:00:00,23,92.85481352992194,False,False
baseline_전체 평균,-,keep,2021-09,2021-09-13 01:00:00,23,92.85481352992194,False,False
baseline_전체 평균,-,keep,2021-09,2021-09-13 02:00:00,23,92.85481352992194,False,False
baseline_전체 평균,-,keep,2021-09,2021-09-13 03:00:00,24,92.85481352992194,False,False
baseline_전체 평균,-,keep,2021-09,2021-09-13 04:00:00,24,92.85481352992194,False,False
baseline_전체 평균,-,keep,2021-09,2021-09-13 05:00:00,23,92.85481352992194,False,False
baseline_전체 평균,-,keep,2021-09,2021-09-13 06:00:00,23,92.85481352992194,False,False
baseline_전체 평균,-,keep,2021-09,2021-09-13 07:00:00,63,92.85481352992194,False,False
baseline_전체 평균,-,keep,2021-09,2021-09-13 08:00:00,185,92.85481352992194,True,False
baseline_전체 평균,-,keep,2021-09,2021-09-13 09:00:00,183,92.85481352992194,True,False
baseline_전체 평균,-,keep,2021-09,2021-09-13 10:00:00,177,92.85481352992194,True,False
baseline_전체 평균,-,keep,2021-09,2021-09-13 11:00:00,182,92.85481352992194,True,False
baseline_전체 평균,-,keep,2021-09,2021-09-13 12:00:00,117,92.85481352992194,False,False
baseline_전체 평균,-,keep,2021-09,2021-09-13 13:00:00,184,92.85481352992194,True,False
baseline_전체 평균,-,keep,2021-09,2021-09-13 14:00:00,180,92.85481352992194,True,False
baseline_전체 평균,-,keep,2021-09,2021-09-13 15:00:00,168,92.85481352992194,False,False
baseline_전체 평균,-,keep,2021-09,2021-09-13 16:00:00,175,92.85481352992194,False,False
baseline_전체 평균,-,keep,2021-09,2021-09-13 17:00:00,132,92.85481352992194,False,False
baseline_전체 평균,-,keep,2021-09,2021-09-13 18:00:00,145,92.85481352992194,False,False
baseline_전체 평균,-,keep,2021-09,2021-09-13 19:00:00,148,92.85481352992194,False,False
baseline_전체 평균,-,keep,2021-09,2021-09-13 20:00:00,121,92.85481352992194,False,False
baseline_전체 평균,-,keep,2021-09,2021-09-13 21:00:00,123,92.85481352992194,False,False
baseline_전체 평균,-,keep,2021-09,2021-09-13 22:00:00,110,92.85481352992194,False,False
baseline_전체 평균,-,keep,2021-09,2021-09-13 23:00:00,108,92.85481352992194,False,False
baseline_전체 평균,-,keep,2021-09,2021-09-14 00:00:00,70,92.85481352992194,False,False
baseline_전체 평균,-,keep,2021-09,2021-09-14 01:00:00,110,92.85481352992194,False,False
baseline_전체 평균,-,keep,2021-09,2021-09-14 02:00:00,112,92.85481352992194,False,False
baseline_전체 평균,-,keep,2021-09,2021-09-14 03:00:00,105,92.85481352992194,False,False
baseline_전체 평균,-,keep,2021-09,2021-09-14 04:00:00,111,92.85481352992194,False,False
baseline_전체 평균,-,keep,2021-09,2021-09-14 05:00:00,93,92.85481352992194,False,False
baseline_전체 평균,-,keep,2021-09,2021-09-14 06:00:00,108,92.85481352992194,False,False
baseline_전체 평균,-,keep,2021-09,2021-09-14 07:00:00,140,92.85481352992194,False,False
baseline_전체 평균,-,keep,2021-09,2021-09-14 08:00:00,174,92.85481352992194,False,False
baseline_전체 평균,-,keep,2021-09,2021-09-14 09:00:00,166,92.85481352992194,False,False
baseline_전체 평균,-,keep,2021-09,2021-09-14 10:00:00,152,92.85481352992194,False,False
baseline_전체 평균,-,keep,2021-09,2021-09-14 11:00:00,170,92.85481352992194,False,False
baseline_전체 평균,-,keep,2021-09,2021-09-14 12:00:00,118,92.85481352992194,False,False
baseline_전체 평균,-,keep,2021-09,2021-09-14 13:00:00,163,92.85481352992194,False,False
baseline_전체 평균,-,keep,2021-09,2021-09-14 14:00:00,158,92.85481352992194,False,False
baseline_전체 평균,-,keep,2021-09,2021-09-14 15:00:00,161,92.85481352992194,False,False
baseline_전체 평균,-,keep,2021-09,2021-09-14 16:00:00,160,92.85481352992194,False,False
baseline_전체 평균,-,keep,2021-09,2021-09-14 17:00:00,123,92.85481352992194,False,False
baseline_전체 평균,-,keep,2021-09,2021-09-14 18:00:00,158,92.85481352992194,False,False
baseline_전체 평균,-,keep,2021-09,2021-09-14 19:00:00,153,92.85481352992194,False,False
baseline_전체 평균,-,keep,2021-09,2021-09-14 20:00:00,128,92.85481352992194,False,False
baseline_전체 평균,-,keep,2021-09,2021-09-14 21:00:00,128,92.85481352992194,False,False
baseline_전체 평균,-,keep,2021-09,2021-09-14 22:00:00,111,92.85481352992194,False,False
baseline_전체 평균,-,keep,2021-09,2021-09-14 23:00:00,110,92.85481352992194,False,False
