idx,fold,y,y15,d7_pt,d7_hi,d1_pt,d1_hi,m15_hi,날짜,hour,temp,prod,is_off,is_weekend,is_holiday,day_prod,day_prod_hours,month
4344,2021-07,68,69,73.3012461419173,76.36646033513502,70.37481705671586,75.30747505472567,78.31991773038575,20210701,0,19.9,76,False,0,0,18353,24,7
4345,2021-07,104,115,110.23185514621196,116.35023922977172,110.14118675688695,115.94068203981305,122.59927865282721,20210701,1,19.6,44,False,0,0,18353,24,7
4346,2021-07,113,116,113.73570115450303,122.25535218356889,115.19154392312855,122.25856127184387,123.47906349584237,20210701,2,19.3,240,False,0,0,18353,24,7
4347,2021-07,107,112,112.99447671634987,118.24757289575506,114.76350295331999,118.47895761803846,124.93610425050883,20210701,3,19.3,402,False,0,0,18353,24,7
4348,2021-07,104,111,112.68734080159811,118.59910773815473,113.82831486738657,118.6059177197185,122.83929458849353,20210701,4,19.5,185,False,0,0,18353,24,7
4349,2021-07,93,114,103.50488281432496,108.74303755597651,102.53048310194049,107.10332245964211,116.57073400846069,20210701,5,20.0,174,False,0,0,18353,24,7
4350,2021-07,110,115,114.35307077388934,123.601588651201,116.0740730602425,122.62063064705079,124.10749214288268,20210701,6,21.1,23,False,0,0,18353,24,7
4351,2021-07,129,148,140.90690579800616,148.5171051509417,140.49489739615535,148.4729968313242,169.00798720346222,20210701,7,22.9,752,False,0,0,18353,24,7
4352,2021-07,182,194,169.45602438699413,179.15271677223458,173.87216168235338,181.98119501808694,188.6176476120537,20210701,8,23.8,676,False,0,0,18353,24,7
4353,2021-07,178,184,167.76856839760447,177.5177049696465,172.46193550852976,180.50002448138488,186.08347913184573,20210701,9,24.4,1028,False,0,0,18353,24,7
4354,2021-07,172,185,165.8065202944052,174.43906764155474,165.0178364023872,172.99299445658016,182.6965987700431,20210701,10,26.0,2373,False,0,0,18353,24,7
4355,2021-07,188,190,169.65528622873776,177.37667783026998,167.28108811307308,175.0004146363641,185.15038653380506,20210701,11,25.8,992,False,0,0,18353,24,7
4356,2021-07,111,115,108.8205474751424,115.67999372603249,111.72301817098736,115.91865338792262,131.8020537585089,20210701,12,27.3,340,False,0,0,18353,24,7
4357,2021-07,190,206,169.66190719315708,177.29947891781242,171.49827378528428,175.4345240942442,186.0927470250817,20210701,13,26.4,474,False,0,0,18353,24,7
4358,2021-07,187,192,164.53354429141052,175.1904204643096,169.90048011163847,173.96106986168994,179.65261767460797,20210701,14,27.1,3036,False,0,0,18353,24,7
4359,2021-07,164,197,155.80918449230094,167.61094849309268,162.3011565463585,166.1125671107175,178.1492113472829,20210701,15,26.4,354,False,0,0,18353,24,7
4360,2021-07,170,188,160.69765630271937,170.31714435596476,163.99771996977825,169.06476987793928,177.03767323979824,20210701,16,25.1,1794,False,0,0,18353,24,7
4361,2021-07,135,160,134.4876773619722,155.22848277578072,138.3634740759587,154.93050723650137,173.27405235811375,20210701,17,24.6,1125,False,0,0,18353,24,7
4362,2021-07,157,164,147.80865992068473,165.59205955669134,152.21544124741823,159.4321413864923,174.28423831152327,20210701,18,23.8,1767,False,0,0,18353,24,7
4363,2021-07,163,171,151.06777632340638,164.56930808817128,152.11852082083976,165.1705304633937,172.26573358738065,20210701,19,22.9,2064,False,0,0,18353,24,7
4364,2021-07,142,147,127.92166846532223,137.70669952454082,127.12177211272721,140.21895294482678,147.41502867347188,20210701,20,22.2,6,False,0,0,18353,24,7
4365,2021-07,140,141,127.07576457822886,135.50992926038262,127.14194808194914,136.31969197066834,140.21036676771385,20210701,21,21.2,66,False,0,0,18353,24,7
4366,2021-07,119,122,118.6113925999105,127.7550362499692,117.82875381145469,127.3861164144888,132.6301895615545,20210701,22,20.8,244,False,0,0,18353,24,7
4367,2021-07,108,124,111.0511544251591,119.05993401055491,110.18744549691469,117.22097128261386,128.05285052782918,20210701,23,20.9,118,False,0,0,18353,24,7
4368,2021-07,68,69,64.5553529196614,76.99136742656104,69.24244557683785,77.47571760283573,79.94739684245654,20210702,0,21.5,0,False,0,0,19849,22,7
4369,2021-07,106,115,112.73322961104564,121.39278681624147,111.96980728513377,121.07335661724407,124.58084010917992,20210702,1,20.8,309,False,0,0,19849,22,7
4370,2021-07,116,121,112.64540723400948,118.32159432337302,115.23351593077837,118.22550791155379,122.9026098838901,20210702,2,19.9,15,False,0,0,19849,22,7
4371,2021-07,108,115,113.34909437955965,121.50655422002473,111.88157246992803,122.38266542771895,125.45149824162796,20210702,3,20.1,101,False,0,0,19849,22,7
4372,2021-07,106,110,114.94844016616258,122.22021674892119,113.10252471611693,121.96602279559853,125.079460801331,20210702,4,19.8,382,False,0,0,19849,22,7
4373,2021-07,96,120,106.52144612348543,116.13727948053857,104.77275275940285,115.7545448704537,130.07959615874455,20210702,5,20.4,698,False,0,0,19849,22,7
4374,2021-07,112,117,114.01168804545428,119.24092271701731,113.79690949078405,119.52950770185288,124.91197641609561,20210702,6,22.0,36,False,0,0,19849,22,7
4375,2021-07,133,143,130.6586192120056,140.3824877646575,129.14023116953683,140.00035555453223,163.23713426053644,20210702,7,22.4,938,False,0,0,19849,22,7
4376,2021-07,161,173,165.18188583509587,175.5342644348439,170.66839865548823,176.10923643328294,185.40449354886243,20210702,8,23.1,813,False,0,0,19849,22,7
4377,2021-07,175,187,165.91840171194303,177.23250788780464,171.03982305405944,179.54817959716797,182.75312890446344,20210702,9,23.4,852,False,0,0,19849,22,7
4378,2021-07,164,179,164.40347514104946,175.10209174753663,169.32515345956264,175.82340883300876,184.1651930905226,20210702,10,23.2,512,False,0,0,19849,22,7
4379,2021-07,179,186,160.1277001701939,175.77917060864607,168.00842765870968,178.79423483829297,181.77732342923355,20210702,11,23.0,1301,False,0,0,19849,22,7
4380,2021-07,108,117,109.94582996172112,123.00950513029159,112.45084459931371,124.97841551894628,141.6325765222752,20210702,12,24.1,0,False,0,0,19849,22,7
4381,2021-07,170,178,170.3174593147729,179.61670247780094,175.32486641463575,182.58114822687511,186.07560612859706,20210702,13,24.1,1376,False,0,0,19849,22,7
4382,2021-07,175,183,165.5436887582367,173.4806798373202,169.92566587778398,175.29643882439723,180.68490672192013,20210702,14,24.5,855,False,0,0,19849,22,7
4383,2021-07,143,160,157.51070205260598,168.19709346445717,162.81869383765914,170.98107725018352,179.00988360041913,20210702,15,24.2,5516,False,0,0,19849,22,7
4384,2021-07,158,164,159.9842928847003,169.50029214316825,163.21028605011088,171.10475341770086,178.2690434176388,20210702,16,23.6,1544,False,0,0,19849,22,7
4385,2021-07,147,175,144.2013862741003,156.0667064099017,142.83649902541583,157.88527479521156,173.6229231361581,20210702,17,23.2,795,False,0,0,19849,22,7
4386,2021-07,160,169,145.31427169349286,155.58184330042536,146.19854164314572,160.41126830358246,169.60903033731634,20210702,18,23.0,972,False,0,0,19849,22,7
4387,2021-07,136,149,128.06713305550153,138.20460479682245,135.8731456145197,153.9890790369911,154.15025074037717,20210702,19,22.7,2548,False,0,0,19849,22,7
4388,2021-07,122,130,111.35381035979856,121.01682362749334,115.95555735717375,129.39932727647272,129.01255026094614,20210702,20,22.6,21,False,0,0,19849,22,7
4389,2021-07,114,121,114.53950331487107,120.06365195086543,117.42530485857691,125.49699131954605,128.05972978684358,20210702,21,23.0,70,False,0,0,19849,22,7
4390,2021-07,111,117,117.65915469568209,127.64910646081091,117.32200895385154,126.28421674044263,134.54025625824713,20210702,22,22.9,119,False,0,0,19849,22,7
4391,2021-07,93,103,105.42811501276826,112.80222749473798,107.14174331768356,114.26673642554458,123.41019847844434,20210702,23,22.9,76,False,0,0,19849,22,7
4392,2021-07,67,76,69.64715522384108,70.59083969083288,68.41134676307469,71.20953019790063,74.18001662994448,20210703,0,22.8,154,False,1,0,1735,6,7
4393,2021-07,104,110,98.2611111416125,113.26227005378355,97.33917713017662,109.48832456963328,118.17504108785464,20210703,1,22.9,270,False,1,0,1735,6,7
4394,2021-07,106,107,99.64915707504075,112.41041779034946,100.24404484045822,111.18522624176511,119.4892621579583,20210703,2,22.4,0,False,1,0,1735,6,7
4395,2021-07,103,108,106.69436653463224,108.43557357839411,106.41069630786315,112.28266953583977,112.96057394251407,20210703,3,22.4,94,False,1,0,1735,6,7
4396,2021-07,104,112,112.80325495844401,120.46065866716357,109.50878060142588,117.8776947736511,125.59777828481532,20210703,4,22.4,36,False,1,0,1735,6,7
4397,2021-07,89,105,89.32218432394309,94.01272640087093,90.41676219881928,96.73849239324018,106.72936556091247,20210703,5,22.5,39,False,1,0,1735,6,7
4398,2021-07,98,105,106.24043300695267,113.90919435489508,103.34229234557667,115.21287749848388,120.98286206414396,20210703,6,22.6,0,False,1,0,1735,6,7
4399,2021-07,53,83,58.760404337303946,76.85505604837743,58.12163483984895,83.61522634446474,98.38655801740356,20210703,7,22.8,1142,False,1,0,1735,6,7
4400,2021-07,22,23,27.637409405323158,46.60000989503831,25.533821989949427,53.16713940162663,59.41890065828699,20210703,8,22.5,0,False,1,0,1735,6,7
4401,2021-07,25,27,24.124881195709673,37.0121743236234,21.605583679931758,55.481154566354775,45.98565870979305,20210703,9,22.9,0,False,1,0,1735,6,7
4402,2021-07,23,23,24.966000806895522,38.22643992327024,21.58380877746284,51.82640692306703,50.51127471110754,20210703,10,23.2,0,False,1,0,1735,6,7
4403,2021-07,23,23,25.546040626843084,37.704584336022265,22.175619984547897,59.099071752411994,50.80158431320132,20210703,11,23.0,0,False,1,0,1735,6,7
4404,2021-07,24,27,24.459246455044568,50.75947686883038,21.138291009018705,59.51476381725479,57.42929196289447,20210703,12,22.6,0,False,1,0,1735,6,7
4405,2021-07,22,22,24.549729201171733,37.71625079035616,21.51564240671605,57.03512652619107,46.78915455349892,20210703,13,22.4,0,False,1,0,1735,6,7
4406,2021-07,22,23,25.086963655874587,39.01825226173751,22.740705020708138,61.470127831200045,48.08346334729959,20210703,14,21.9,0,False,1,0,1735,6,7
4407,2021-07,23,25,23.474645349480326,36.455858181060485,21.279096270725432,48.168136790518695,44.43698283301105,20210703,15,21.5,0,False,1,0,1735,6,7
4408,2021-07,23,26,23.41426841297586,36.39114680219528,20.893153860293886,44.588828415773236,44.710572592605075,20210703,16,21.5,0,False,1,0,1735,6,7
4409,2021-07,22,22,24.254456773893462,36.69060511367973,21.628622502660296,50.16479172059294,47.926532483166206,20210703,17,21.7,0,False,1,0,1735,6,7
4410,2021-07,22,23,24.23294189145781,37.202872243224256,21.77129814397631,47.90565995455171,49.02452541774474,20210703,18,21.8,0,False,1,0,1735,6,7
4411,2021-07,24,27,23.51663898306812,36.81605843531876,21.204449275645928,47.80503855811312,45.829795527372816,20210703,19,21.6,0,False,1,0,1735,6,7
4412,2021-07,22,23,23.89986567829151,48.90016375033834,21.535255877310124,54.71139869061909,55.39718840742329,20210703,20,21.8,0,False,1,0,1735,6,7
4413,2021-07,23,23,24.22543688045163,48.87669703636711,22.147432217280496,58.73514218663979,58.657249716097276,20210703,21,21.8,0,False,1,0,1735,6,7
4414,2021-07,24,27,23.652011279425622,49.00205439977916,21.442442375722507,58.120464900796684,54.81186898690967,20210703,22,21.8,0,False,1,0,1735,6,7
4415,2021-07,22,23,24.47450979524363,50.60024001341876,21.81017290860782,56.53571045624475,57.42395524563241,20210703,23,21.8,0,False,1,0,1735,6,7
4416,2021-07,22,23,23.40234215392277,27.07059092088579,21.73782247791779,29.02731210283602,28.26628147607107,20210704,0,22.4,0,True,1,0,0,0,7
4417,2021-07,25,27,23.784553698091333,28.1056004148527,21.964624921603733,29.90777443129818,32.07339039242351,20210704,1,23.6,0,True,1,0,0,0,7
4418,2021-07,23,24,23.850912659024573,27.660306510504814,21.93873184243596,30.150523265115975,31.414285765914556,20210704,2,24.8,0,True,1,0,0,0,7
4419,2021-07,23,23,23.918229635393885,27.59623900891741,22.016407913075767,30.14115115960134,31.37862217619471,20210704,3,24.9,0,True,1,0,0,0,7
4420,2021-07,23,23,23.552740800779464,27.342501642003555,21.954566602347427,30.468269453230363,31.69343196949019,20210704,4,24.6,0,True,1,0,0,0,7
4421,2021-07,24,27,23.069279689288894,27.009299983410852,21.523520487605328,30.297241212696054,31.795572685603023,20210704,5,24.8,0,True,1,0,0,0,7
4422,2021-07,22,23,23.19516371001661,27.07661044290113,21.562460813638452,28.99997606569553,31.596105971434564,20210704,6,24.8,0,True,1,0,0,0,7
4423,2021-07,22,23,23.10861127473238,26.23875325537294,21.518781212962853,27.210769136401098,29.87185077767708,20210704,7,25.8,0,True,1,0,0,0,7
4424,2021-07,24,28,23.468769615922934,24.989265253390233,21.514741127209117,23.746660520100694,26.708232799329227,20210704,8,27.4,0,True,1,0,0,0,7
4425,2021-07,22,22,23.281178804085712,25.51856230867328,21.681295938364627,23.98360001919598,27.448228282831014,20210704,9,28.7,0,True,1,0,0,0,7
4426,2021-07,23,23,23.455195305870216,24.933115245432333,21.670213778719468,23.749803180534872,27.07882887540765,20210704,10,29.1,0,True,1,0,0,0,7
4427,2021-07,26,28,23.43864005462883,24.858647873165328,21.59771439183993,23.79432036004611,27.04089867040822,20210704,11,29.7,0,True,1,0,0,0,7
4428,2021-07,23,24,22.836538399439153,27.733951615451975,21.559297772114434,28.72949986942612,31.284838525398598,20210704,12,30.6,0,True,1,0,0,0,7
4429,2021-07,23,24,23.096743995539754,24.889347028204067,21.37399466623039,23.997391973080124,26.278389472228508,20210704,13,31.3,0,True,1,0,0,0,7
4430,2021-07,24,27,23.296277763468538,25.032528183454314,21.42923601563707,24.135460650900438,26.866769927682167,20210704,14,29.7,0,True,1,0,0,0,7
4431,2021-07,24,27,23.38106775370105,25.62372517599471,21.679180236697295,24.164930580988994,27.210875361851823,20210704,15,28.1,0,True,1,0,0,0,7
4432,2021-07,24,25,23.38911960742411,25.719862568489148,21.728979892689622,24.21712883446124,27.1968623977659,20210704,16,27.4,0,True,1,0,0,0,7
4433,2021-07,22,22,23.165132114802162,25.826508678994955,21.541785672110706,24.129869594149156,28.309664077409717,20210704,17,27.0,0,True,1,0,0,0,7
4434,2021-07,25,27,23.353968877764824,25.9577819838637,21.564843212833413,23.998497862831652,27.423814397555386,20210704,18,26.4,0,True,1,0,0,0,7
4435,2021-07,23,23,23.22820949669676,25.133582273253396,21.740271948240743,23.571277926683052,26.234773316769875,20210704,19,25.9,0,True,1,0,0,0,7
4436,2021-07,22,23,23.10844002320033,26.654984844551205,21.468952685236086,27.249088926621024,30.650249827819223,20210704,20,25.4,0,True,1,0,0,0,7
4437,2021-07,25,28,23.447774107830934,27.395680783904087,21.958305383037615,26.72431791165179,30.981149260962017,20210704,21,23.6,0,True,1,0,0,0,7
4438,2021-07,23,24,23.33967015383577,26.45610994213567,22.054781739358038,26.489881555664834,29.761999005036444,20210704,22,23.1,0,True,1,0,0,0,7
4439,2021-07,23,23,23.899335036432404,26.389707120818496,22.29797324488008,26.28205750890803,30.203139389211373,20210704,23,22.8,0,True,1,0,0,0,7
4440,2021-07,25,28,23.201592175690994,45.16469300338505,24.928494254036593,46.09983973598323,49.07246559078572,20210705,0,22.6,0,False,0,0,15715,16,7
4441,2021-07,23,23,24.884245849751697,49.608689956143394,24.387534461045814,48.360835903149756,62.015466405396154,20210705,1,23.5,0,False,0,0,15715,16,7
4442,2021-07,23,23,23.198740453270414,48.38591704410829,23.914966768847346,45.105621399536346,55.22104163088577,20210705,2,22.7,0,False,0,0,15715,16,7
4443,2021-07,24,25,23.314340112708624,45.510418107596244,24.067292860751806,44.03277220757409,51.12071779138862,20210705,3,22.7,0,False,0,0,15715,16,7
4444,2021-07,24,27,26.94776900759003,50.203801901612415,26.182458248655383,50.21996420001085,64.74841419295774,20210705,4,22.8,0,False,0,0,15715,16,7
4445,2021-07,23,23,22.749467666302454,47.57933022584669,23.407412555462844,45.1678171493146,55.06464892782779,20210705,5,23.1,0,False,0,0,15715,16,7
4446,2021-07,22,23,23.119230160601347,45.67203860518148,24.214070897268915,43.7164991477192,49.92569027914099,20210705,6,22.7,0,False,0,0,15715,16,7
4447,2021-07,63,104,56.19713637608648,70.60427503128388,55.00021841565973,69.72725230237086,108.73827369828818,20210705,7,22.4,0,False,0,0,15715,16,7
4448,2021-07,168,183,180.90964720203854,191.135914199887,182.83392697119152,191.22283244401228,198.9276757836689,20210705,8,23.4,982,False,0,0,15715,16,7
4449,2021-07,170,175,180.29845098192752,188.54540172198003,181.99614309033709,188.6423305647676,196.3421003271276,20210705,9,24.1,2566,False,0,0,15715,16,7
4450,2021-07,173,185,179.4585600928842,188.0290164788195,181.02039803504422,186.8152154631522,195.86285326552567,20210705,10,24.6,814,False,0,0,15715,16,7
4451,2021-07,172,185,180.23253761248358,187.57055760843116,180.78273966032,188.09900804239965,192.70030973256772,20210705,11,24.9,1097,False,0,0,15715,16,7
4452,2021-07,104,116,124.04139813561308,128.40518267650026,124.20756290698905,129.39439071061426,142.3103338433738,20210705,12,25.8,31,False,0,0,15715,16,7
4453,2021-07,168,181,179.77154585274886,190.66106763680645,182.67350408373792,190.40711857112828,196.9250329126055,20210705,13,26.0,613,False,0,0,15715,16,7
4454,2021-07,169,170,178.46405290738815,187.74900017262414,180.58376155238648,188.23008950733683,192.57019069606167,20210705,14,25.7,2781,False,0,0,15715,16,7
4455,2021-07,160,183,172.80542375827005,182.58457615584203,176.90098997721543,183.3250823034092,192.27821998076857,20210705,15,25.5,711,False,0,0,15715,16,7
4456,2021-07,158,173,170.5043687905659,177.6353211593571,173.65211454744227,180.1393528741962,180.44612071739962,20210705,16,24.9,2870,False,0,0,15715,16,7
4457,2021-07,129,140,148.28255768891003,157.90438495298085,146.6378900122307,153.37702076938365,174.39733214261912,20210705,17,23.9,224,False,0,0,15715,16,7
4458,2021-07,158,163,168.92327060317697,180.17004218002262,172.14476245830792,180.2721448512776,185.95516886067813,20210705,18,22.9,308,False,0,0,15715,16,7
4459,2021-07,139,153,160.3864495350904,168.64104390933645,162.65185129305618,170.50409402896426,175.5655515236274,20210705,19,22.6,1932,False,0,0,15715,16,7
4460,2021-07,120,130,118.40469623775324,123.56682599059532,117.92882116910361,123.83899870295971,134.49670234171631,20210705,20,22.1,9,False,0,0,15715,16,7
4461,2021-07,117,124,119.86644719763216,126.64791421996135,121.60897831037768,126.8491470120428,133.19647224020278,20210705,21,21.5,356,False,0,0,15715,16,7
4462,2021-07,104,115,112.46159282335805,117.31227921890807,112.83435536629315,118.11950661769883,126.62808570018841,20210705,22,21.6,89,False,0,0,15715,16,7
4463,2021-07,102,116,105.4518410721949,114.29607519539871,108.3892067527219,113.39040097410721,126.82884432748604,20210705,23,22.1,332,False,0,0,15715,16,7
4464,2021-07,68,68,74.11043477968376,77.10534052186402,71.54197773034048,73.34446743862755,82.31453019183897,20210706,0,22.8,50,False,0,0,16581,23,7
4465,2021-07,103,111,106.45565065050552,113.99827655572055,103.37374224176335,109.93452412548613,122.24039657665806,20210706,1,23.8,434,False,0,0,16581,23,7
4466,2021-07,105,110,112.00839026331414,118.11523379825087,107.99047812070545,115.25507779287562,123.23994923635435,20210706,2,23.8,246,False,0,0,16581,23,7
4467,2021-07,105,116,108.7732969891252,113.95258874404652,105.23871215659597,111.18015889044152,118.92230023316726,20210706,3,23.8,236,False,0,0,16581,23,7
4468,2021-07,106,112,109.67408611370773,113.9551065675509,105.28501775556828,112.99952753424132,120.0171413749216,20210706,4,23.9,262,False,0,0,16581,23,7
4469,2021-07,98,110,95.1350530162003,102.25074834769215,91.29040605418193,101.25033602384927,115.23722217929412,20210706,5,23.7,2,False,0,0,16581,23,7
4470,2021-07,98,105,110.90675569308631,117.35420269789851,108.093545743642,116.01455664061051,122.78712385886699,20210706,6,23.8,70,False,0,0,16581,23,7
4471,2021-07,119,145,135.2157808382951,140.6676424605549,129.5145120260839,140.03997172076467,165.34709941265112,20210706,7,23.7,2041,False,0,0,16581,23,7
4472,2021-07,180,193,171.75462188880417,183.3349486730425,164.76054923994866,172.07238578411867,192.3502696521773,20210706,8,24.2,313,False,0,0,16581,23,7
4473,2021-07,180,185,169.73270512495844,179.49412472209633,164.37496809010875,172.56674822643677,188.21394570843776,20210706,9,24.6,734,False,0,0,16581,23,7
4474,2021-07,168,176,168.94804960823907,176.51115385262992,167.51457859147757,173.27938628811066,189.0708204443821,20210706,10,23.1,792,False,0,0,16581,23,7
4475,2021-07,176,182,157.8247379591938,178.1219885325493,154.8911994058477,169.32847800699136,186.49192620707615,20210706,11,23.2,568,False,0,0,16581,23,7
4476,2021-07,110,132,103.33350941739805,119.69597119808903,98.89259311607019,119.14673941256224,132.39477457116053,20210706,12,22.5,0,False,0,0,16581,23,7
4477,2021-07,159,170,170.77870424120707,179.69070478150834,166.71023645603375,171.6718065034651,189.5115458575042,20210706,13,22.9,2227,False,0,0,16581,23,7
4478,2021-07,179,185,167.00687166348123,175.04071498473675,163.4717065640851,168.57031387473572,182.38770894729942,20210706,14,23.5,648,False,0,0,16581,23,7
4479,2021-07,158,173,161.6347827617793,169.28007277630414,159.0135474533154,165.77786455172892,182.77459791149286,20210706,15,23.0,1272,False,0,0,16581,23,7
4480,2021-07,171,177,163.43619960357225,170.05225979358067,157.5093327773274,166.04489587702494,176.72574271627084,20210706,16,22.7,985,False,0,0,16581,23,7
4481,2021-07,129,148,126.73926667446999,150.30821094015087,125.63000567316067,137.56413193721275,168.13457584665267,20210706,17,23.2,124,False,0,0,16581,23,7
4482,2021-07,153,161,158.09140072307187,167.45747425255294,154.10055684641998,163.51222309001335,176.7425630822698,20210706,18,23.0,1300,False,0,0,16581,23,7
4483,2021-07,151,157,155.31544497826062,165.5086540266568,151.536781539549,163.93796690683854,173.2966796758204,20210706,19,23.7,3876,False,0,0,16581,23,7
4484,2021-07,134,138,127.94960834275037,136.44706085111582,126.71797756018769,137.19467261098586,146.58106366397666,20210706,20,23.7,10,False,0,0,16581,23,7
4485,2021-07,126,132,120.5051639311467,129.72488365141186,120.4989039793074,129.3866759239496,136.4695469527669,20210706,21,24.1,166,False,0,0,16581,23,7
4486,2021-07,112,115,113.30884303327281,119.89319767921494,110.18104384430818,118.7372344582454,128.83414915130007,20210706,22,24.1,150,False,0,0,16581,23,7
4487,2021-07,106,114,103.6549126393619,113.53952849429372,101.94007331340697,111.14438165447837,123.87234726992398,20210706,23,23.9,75,False,0,0,16581,23,7
4488,2021-07,76,89,76.54797798743753,76.55611574124099,73.2294345386012,75.31666460996189,78.19403332560861,20210707,0,23.6,250,False,0,0,19407,23,7
4489,2021-07,102,112,109.07085083584342,113.37450088227241,109.85990757983092,114.16378937961316,120.28128640892938,20210707,1,23.9,5,False,0,0,19407,23,7
4490,2021-07,106,107,113.37367760486893,116.33972538696396,114.01120610133273,116.7318619483644,118.40262402323265,20210707,2,23.6,42,False,0,0,19407,23,7
4491,2021-07,110,115,112.25706512685518,117.58963329389432,112.48277004392754,117.93430781690614,126.09360180223435,20210707,3,23.8,442,False,0,0,19407,23,7
4492,2021-07,106,108,113.0577311246888,116.29707299575114,113.50912306111898,116.81843029434685,119.59458087433889,20210707,4,23.9,90,False,0,0,19407,23,7
4493,2021-07,94,101,102.91850479088494,107.14640869459883,104.0007279996646,107.04483367238963,117.39287387173108,20210707,5,24.0,387,False,0,0,19407,23,7
4494,2021-07,102,106,115.94370453271686,119.23792242309939,114.13047870166899,116.74171533664419,123.87800251703625,20210707,6,24.2,38,False,0,0,19407,23,7
4495,2021-07,130,145,137.18620585750602,141.52303529960224,137.79050039709153,143.00004895656755,163.17793670302981,20210707,7,25.4,1847,False,0,0,19407,23,7
4496,2021-07,181,203,173.07857729576924,178.6848420196552,174.1909803016009,179.20384599235567,184.11717741818515,20210707,8,25.0,675,False,0,0,19407,23,7
4497,2021-07,178,187,172.6344889342879,178.11062824341332,175.27938464807974,179.03179018154262,182.9299168371385,20210707,9,25.5,1990,False,0,0,19407,23,7
4498,2021-07,174,186,168.48051750965274,176.38866280861032,172.64143854050224,174.22503856391313,184.4621611428129,20210707,10,24.9,3638,False,0,0,19407,23,7
4499,2021-07,178,183,149.27623688509203,165.29085491350642,158.0616684575501,170.9699711220786,175.18466707906154,20210707,11,23.3,954,False,0,0,19407,23,7
4500,2021-07,112,131,100.65822687463502,110.5961878440908,101.87731947909721,112.77487728464966,125.16036170717268,20210707,12,23.8,0,False,0,0,19407,23,7
4501,2021-07,173,185,173.17553584535233,177.82450104467011,171.1326667224005,175.27536292792288,186.3700537079582,20210707,13,23.8,320,False,0,0,19407,23,7
4502,2021-07,175,185,172.07079407219442,174.38915548010564,173.5839323136819,175.72547245973,181.36091186150216,20210707,14,24.2,1323,False,0,0,19407,23,7
4503,2021-07,158,176,166.13931284462512,169.68023572721754,163.9777202124146,168.09613699849845,181.20323927425738,20210707,15,23.4,1208,False,0,0,19407,23,7
4504,2021-07,177,181,165.22149878573478,169.03794395647364,169.90733009005123,171.20111859475205,175.20610122047637,20210707,16,23.6,1579,False,0,0,19407,23,7
4505,2021-07,138,179,149.98889649882506,167.213494173607,144.96707298747938,160.18891900103074,179.4044553354996,20210707,17,23.4,175,False,0,0,19407,23,7
4506,2021-07,169,173,161.6329227532523,169.0844945417468,161.7600320994503,168.25481322386608,176.2740506413834,20210707,18,23.4,1717,False,0,0,19407,23,7
4507,2021-07,157,169,144.12750879784264,157.84362259728212,145.46614056183458,156.8397706417012,166.68750300161832,20210707,19,22.7,2321,False,0,0,19407,23,7
4508,2021-07,117,127,116.25599492150444,123.87518978115988,120.56228051829396,133.14497765395507,131.7283750957529,20210707,20,22.5,162,False,0,0,19407,23,7
4509,2021-07,115,120,116.15144638886221,123.24679587247857,119.03865840013525,124.35114463418283,130.0938540652148,20210707,21,22.4,68,False,0,0,19407,23,7
4510,2021-07,104,113,110.54393520040021,116.41951273154662,114.48956997502017,115.95636677381698,123.94150346644864,20210707,22,22.3,104,False,0,0,19407,23,7
4511,2021-07,105,110,102.7318480193339,114.52776793691574,104.52758735720253,112.95206005433806,123.08510689136513,20210707,23,22.2,72,False,0,0,19407,23,7
4512,2021-07,73,78,78.7368093822652,78.45352482538475,72.99538385487737,78.15447084870102,83.52293615827979,20210708,0,22.0,242,False,0,0,19519,21,7
4513,2021-07,99,104,107.98270354369781,119.71795996300074,107.28014963230896,118.68901821695731,129.31029152074328,20210708,1,21.9,703,False,0,0,19519,21,7
4514,2021-07,104,110,112.88420859807722,118.39301504872189,112.02425292766942,118.85509259290727,123.96040550610375,20210708,2,21.9,192,False,0,0,19519,21,7
4515,2021-07,105,115,111.45999740707491,114.52510511882497,114.484579021625,116.09072078169906,120.28223956039919,20210708,3,21.9,130,False,0,0,19519,21,7
4516,2021-07,106,109,110.10457719026391,114.60779376075777,110.53459724448619,115.73256138975005,121.1358075553225,20210708,4,22.1,208,False,0,0,19519,21,7
4517,2021-07,96,107,103.91117595520011,107.77681340913965,101.50621921050852,108.27346744314315,121.64908849846876,20210708,5,22.3,314,False,0,0,19519,21,7
4518,2021-07,110,115,115.85793731227356,118.43000108957835,113.92687469374596,118.62483183495755,122.09763919621275,20210708,6,22.8,58,False,0,0,19519,21,7
4519,2021-07,133,146,134.12657570151748,141.34760160596616,134.20775866596372,147.3354895176473,161.22557361034933,20210708,7,23.5,436,False,0,0,19519,21,7
4520,2021-07,166,187,172.56980155434744,180.1850510379811,175.0458646308584,184.6458685891421,192.88942099444253,20210708,8,23.7,560,False,0,0,19519,21,7
4521,2021-07,180,186,170.7679201773867,177.4111061377723,173.60104934478042,180.14825122098318,185.5474274987995,20210708,9,24.8,516,False,0,0,19519,21,7
4522,2021-07,184,201,168.6181418042847,173.3465523353875,170.09288344003127,176.14895379637065,184.5785533947868,20210708,10,26.0,112,False,0,0,19519,21,7
4523,2021-07,190,192,159.5574355263967,176.54506502186186,165.24662591304647,176.93742764089916,185.32853500376373,20210708,11,26.8,562,False,0,0,19519,21,7
4524,2021-07,120,131,108.90575140893891,116.65025786596168,109.91373337307344,117.29898370205406,132.69030879170475,20210708,12,25.5,0,False,0,0,19519,21,7
4525,2021-07,186,201,173.31246272275345,181.18584765043747,176.86947890250232,184.196434330437,191.03199235099746,20210708,13,24.1,2140,False,0,0,19519,21,7
4526,2021-07,184,200,169.8425725458982,175.29282795372993,173.5883732557348,177.56529579457276,183.00701352460464,20210708,14,23.4,1434,False,0,0,19519,21,7
4527,2021-07,161,184,164.49679851077653,170.76828212958299,163.18005316367214,169.66401259680075,183.86273033905377,20210708,15,24.6,350,False,0,0,19519,21,7
4528,2021-07,174,186,164.10005079707543,170.70577800040007,169.52168764148232,173.74567652391042,177.30524790098778,20210708,16,24.6,2282,False,0,0,19519,21,7
4529,2021-07,128,155,130.85487961363557,151.89693486703894,134.40898075364487,149.5615754512763,170.33590511361464,20210708,17,23.2,86,False,0,0,19519,21,7
4530,2021-07,147,155,155.05031318050615,167.166651580724,161.01864374032607,168.5817467261537,177.05287177676985,20210708,18,22.7,3577,False,0,0,19519,21,7
4531,2021-07,147,153,152.73997059452776,165.22909339981484,154.60003243165886,167.62143980063152,173.06785224600722,20210708,19,22.2,5585,False,0,0,19519,21,7
4532,2021-07,130,132,134.44703916211498,140.84165431144012,132.24387649598455,142.53432645609317,145.03632536814055,20210708,20,22.2,26,False,0,0,19519,21,7
4533,2021-07,125,128,127.5129381440903,132.00098845663922,126.9994784675019,139.18364105482848,146.37835453005337,20210708,21,22.0,6,False,0,0,19519,21,7
4534,2021-07,111,118,100.14486568891452,121.57914030612874,98.73003716163491,122.50577680696063,130.61674102193322,20210708,22,21.9,0,False,0,0,19519,21,7
4535,2021-07,113,119,90.73528429070963,110.39806253245548,91.86286719595107,112.19636465693695,121.76290241947208,20210708,23,21.9,0,False,0,0,19519,21,7
4536,2021-07,73,78,64.16555426476596,71.16641026786017,68.774047553139,75.67615690085508,74.40418700716467,20210709,0,22.0,0,False,0,0,16527,18,7
4537,2021-07,102,105,107.83019593306187,112.94360551149725,108.43801883487373,112.25183412695192,117.51862504462788,20210709,1,22.1,37,False,0,0,16527,18,7
4538,2021-07,110,114,111.14044181696988,118.64921236934659,111.09875691574545,117.549439974495,122.56914428390418,20210709,2,21.9,12,False,0,0,16527,18,7
4539,2021-07,99,109,102.13965819783577,111.1755088542617,106.32016422228207,114.28220346454873,116.80779562772517,20210709,3,21.9,0,False,0,0,16527,18,7
4540,2021-07,104,106,101.21425278287272,112.35294843156822,105.87713769577744,113.37969441266794,115.86456269125553,20210709,4,21.9,32,False,0,0,16527,18,7
4541,2021-07,98,105,98.55095950758755,106.799872286592,100.89316844896113,108.76583644312166,116.94704386727426,20210709,5,22.0,0,False,0,0,16527,18,7
4542,2021-07,113,125,100.7811110562428,114.99613487024548,107.57151505122879,116.88919382034344,119.03285690170823,20210709,6,22.2,0,False,0,0,16527,18,7
4543,2021-07,137,156,131.77177129028942,138.35204894581022,133.02879122423153,140.48669672729952,159.11056855263618,20210709,7,22.3,536,False,0,0,16527,18,7
4544,2021-07,174,188,166.54182615730636,176.32071142211592,168.61005476304112,175.66797734664075,185.29217699038,20210709,8,22.7,564,False,0,0,16527,18,7
4545,2021-07,166,168,167.34778514206997,178.5150557076499,173.21701320444913,181.13730802631565,183.15868627748125,20210709,9,22.7,565,False,0,0,16527,18,7
4546,2021-07,164,176,170.25238701913997,178.25127551353535,176.8732058296521,180.62330382622358,183.7287707315687,20210709,10,23.3,1753,False,0,0,16527,18,7
4547,2021-07,171,176,157.52911834764436,177.04181708250906,166.46289510302546,179.71234619542147,181.31118811439524,20210709,11,24.7,1082,False,0,0,16527,18,7
4548,2021-07,100,112,101.91751519229207,116.51159636408853,107.58718308570992,118.89922194369517,130.37231886011506,20210709,12,24.7,0,False,0,0,16527,18,7
4549,2021-07,174,186,171.48478279332338,180.254506368189,177.7125121051832,183.65434811258345,185.29895693085336,20210709,13,24.0,1119,False,0,0,16527,18,7
4550,2021-07,181,192,169.09515968342814,177.88743106235415,176.50681184946816,182.11428225910413,182.4861615913554,20210709,14,22.6,2229,False,0,0,16527,18,7
4551,2021-07,167,188,155.24415293487786,167.53372250723876,158.0590154952739,165.5856188191317,178.02575919574474,20210709,15,22.7,774,False,0,0,16527,18,7
4552,2021-07,171,176,161.78702196341786,169.904453999838,169.14478265514992,172.69289654584938,177.1570405863985,20210709,16,22.9,1881,False,0,0,16527,18,7
4553,2021-07,143,165,145.7016665608566,155.3747205125919,143.44330811859692,152.79229304680405,171.63627629855202,20210709,17,23.2,955,False,0,0,16527,18,7
4554,2021-07,170,174,153.8182225233162,167.0632858940437,155.11356558659244,167.41764078400834,174.42618434910517,20210709,18,23.0,1186,False,0,0,16527,18,7
4555,2021-07,134,140,133.69182899614376,144.82739634318057,137.08755803195672,150.4016815973035,159.23103792107437,20210709,19,23.0,3718,False,0,0,16527,18,7
4556,2021-07,104,111,119.99667910645864,131.50627894359317,120.47207320891579,131.57138668494414,136.97164796324864,20210709,20,22.9,36,False,0,0,16527,18,7
4557,2021-07,103,109,114.28806021016105,120.14140487745152,117.78636814339512,121.08708576088405,126.38222519708722,20210709,21,22.9,3,False,0,0,16527,18,7
4558,2021-07,102,111,107.7799279102834,117.68910693987131,111.38310712892498,118.0999133068788,122.30214482989686,20210709,22,22.9,45,False,0,0,16527,18,7
4559,2021-07,96,106,93.27414486039306,103.41974791494393,100.02340649251715,109.15845777073055,120.75629128942525,20210709,23,22.7,0,False,0,0,16527,18,7
4560,2021-07,65,70,58.4705704035837,64.23739308370999,56.9588516386139,67.8097049798668,67.90518312449477,20210710,0,22.3,0,False,1,0,487,5,7
4561,2021-07,97,102,100.35730531612411,108.82014320346478,99.78844829330096,106.54923011288228,113.29754486586386,20210710,1,22.1,6,False,1,0,487,5,7
4562,2021-07,97,100,98.26079581393532,108.39935847918458,100.01270270895259,106.59127963736766,111.52911192787371,20210710,2,22.5,41,False,1,0,487,5,7
4563,2021-07,97,106,103.55952495710807,110.26028063564594,104.26914975322309,108.06099663935031,117.04329412453073,20210710,3,22.2,0,False,1,0,487,5,7
4564,2021-07,100,106,87.24391541338474,105.24249398195114,89.04675133356626,104.1036958007232,109.00270726413312,20210710,4,22.0,30,False,1,0,487,5,7
4565,2021-07,83,97,94.55401111632558,98.7941527833912,93.40736693087797,100.04316942388671,111.72399286216647,20210710,5,21.8,0,False,1,0,487,5,7
4566,2021-07,101,104,102.18702509963244,107.41408720632488,102.12986060236746,111.64323265974917,113.46920752229096,20210710,6,22.4,120,False,1,0,487,5,7
4567,2021-07,75,105,65.92214366283675,72.70663224549591,64.57983515550092,67.90718312647827,88.63378794193939,20210710,7,24.4,290,False,1,0,487,5,7
4568,2021-07,26,27,30.739282433314866,32.98042777752726,26.18629019068939,48.07627782862533,38.00124694124642,20210710,8,26.3,0,False,1,0,487,5,7
4569,2021-07,27,27,22.851581088614818,26.322223919954663,20.487878447155556,41.84300256961958,33.14438257726475,20210710,9,27.1,0,False,1,0,487,5,7
4570,2021-07,30,32,23.746625417049984,26.4723388289344,22.821876615229495,38.909991113751026,35.263942795034716,20210710,10,27.9,0,False,1,0,487,5,7
4571,2021-07,29,31,23.337591649754838,26.224038174700997,21.222607186961664,45.07616676159,34.35226287405249,20210710,11,28.4,0,False,1,0,487,5,7
4572,2021-07,26,26,23.10814680390079,48.07232172940127,21.48393022272437,57.52930122256137,56.336078552259096,20210710,12,29.5,0,False,1,0,487,5,7
4573,2021-07,25,28,23.172567330746777,26.58139158544837,21.491282116874828,50.78667202510129,32.13627912705696,20210710,13,30.0,0,False,1,0,487,5,7
4574,2021-07,23,23,22.931781110651958,26.4652657616851,21.502668986702606,52.012231359798385,32.083087576229865,20210710,14,29.6,0,False,1,0,487,5,7
4575,2021-07,24,25,21.631711519834955,24.556997960711573,19.879676079609283,45.24304855545381,28.261260110602176,20210710,15,28.8,0,False,1,0,487,5,7
4576,2021-07,24,27,21.99840707764011,25.610354021621944,20.12435812123806,47.23496879424183,29.95146778030909,20210710,16,28.9,0,False,1,0,487,5,7
4577,2021-07,23,23,23.543396678427044,26.663922476923876,22.911840787985223,42.303142892143136,33.15282697130265,20210710,17,28.4,0,False,1,0,487,5,7
4578,2021-07,22,22,22.823509731503155,26.427345100078075,21.219177383538987,43.64658057528931,31.844558054764608,20210710,18,27.6,0,False,1,0,487,5,7
4579,2021-07,24,26,23.681559137247607,25.969658143998856,21.68914143350753,43.05559715301837,33.70710695379924,20210710,19,25.7,0,False,1,0,487,5,7
4580,2021-07,22,23,23.745327741502418,46.28039277112081,21.968251195857054,54.69387841887146,53.0178087787718,20210710,20,21.6,0,False,1,0,487,5,7
4581,2021-07,22,23,23.645920397893757,45.33531943330514,21.720046037481115,54.87746284923983,52.16503278319605,20210710,21,21.5,0,False,1,0,487,5,7
4582,2021-07,25,26,23.75388539748505,46.610528325373345,21.82391795298227,54.581454555894425,53.021282651522824,20210710,22,21.6,0,False,1,0,487,5,7
4583,2021-07,22,23,24.220623746437514,47.41114657379256,23.400144651085565,53.190045356261834,54.64613289132459,20210710,23,21.5,0,False,1,0,487,5,7
4584,2021-07,23,23,23.552233566911664,26.981426153320523,22.385130745173612,28.99725997972783,27.161129934439376,20210711,0,21.9,0,True,1,0,0,0,7
4585,2021-07,26,27,23.24751372960931,25.593363970228637,22.098782792370784,28.056955563498747,27.379231657489516,20210711,1,21.6,0,True,1,0,0,0,7
4586,2021-07,23,23,23.302997922590237,25.63462280540331,22.13829274667441,28.853400453390663,27.13816212923194,20210711,2,21.8,0,True,1,0,0,0,7
4587,2021-07,23,24,23.42509413816332,25.704581542923382,22.24282117445864,29.05913766076293,27.49132606947453,20210711,3,21.8,0,True,1,0,0,0,7
4588,2021-07,23,24,23.775717998088258,26.42744403782136,22.438401589395607,29.746575925381062,29.460477623646117,20210711,4,22.2,0,True,1,0,0,0,7
4589,2021-07,24,27,23.14891652528848,25.742382993722018,22.04009090319695,29.049275577038543,27.413848230143497,20210711,5,21.8,0,True,1,0,0,0,7
4590,2021-07,22,22,23.48424235470902,27.53087179301454,22.30396111833147,28.139118133660958,31.630276580680647,20210711,6,23.6,0,True,1,0,0,0,7
4591,2021-07,22,22,23.310933312337696,26.63734868772001,21.982632209489854,26.981109992599155,30.175856206347692,20210711,7,25.8,0,True,1,0,0,0,7
4592,2021-07,24,27,23.09153227185817,24.55655526253106,22.14846358649723,23.345039884821475,26.400948602227405,20210711,8,27.3,0,True,1,0,0,0,7
4593,2021-07,22,22,23.191767020441734,24.99243987643264,22.150996063419182,23.583719032856862,27.139108740422405,20210711,9,29.0,0,True,1,0,0,0,7
4594,2021-07,23,23,23.231138864115604,24.811424666455398,22.169173887953132,23.461409376094124,27.181794136729536,20210711,10,30.4,0,True,1,0,0,0,7
4595,2021-07,25,28,23.621133305579765,25.330340591085644,22.284986868221537,24.02594844078456,27.925904478055557,20210711,11,30.8,0,True,1,0,0,0,7
4596,2021-07,23,24,23.164629250759884,27.921513809468323,22.178486104360072,28.693831297616324,31.703127982749635,20210711,12,31.2,0,True,1,0,0,0,7
4597,2021-07,24,24,23.5281489731956,24.973670483045243,22.46989206140083,24.54517586204426,26.49780725880009,20210711,13,31.8,0,True,1,0,0,0,7
4598,2021-07,26,28,23.45604839977058,25.32457774731871,22.242936350367234,24.972555028152488,27.02777578823741,20210711,14,31.3,0,True,1,0,0,0,7
4599,2021-07,24,24,23.146811131967414,25.106959573747236,22.389281674757765,24.16054667040585,27.04380629977209,20210711,15,28.3,0,True,1,0,0,0,7
4600,2021-07,25,26,23.156126375464055,25.148358715672348,22.37455718222633,24.235973116118227,26.88157251379411,20210711,16,28.6,0,True,1,0,0,0,7
4601,2021-07,24,26,23.171360760514787,25.23167067768129,22.139821340286193,24.162027359282433,26.952753827867223,20210711,17,28.7,0,True,1,0,0,0,7
4602,2021-07,23,26,23.118989439252847,25.12857105382658,21.9835687896875,24.022916781672915,26.903007559460217,20210711,18,27.7,0,True,1,0,0,0,7
4603,2021-07,22,23,23.23729585931893,25.32167044060498,22.61213734569966,23.724626099367967,26.68082432955453,20210711,19,26.6,0,True,1,0,0,0,7
4604,2021-07,23,23,23.239440193113143,27.472202684469153,22.133772081115392,27.501656907409444,31.23492160469952,20210711,20,26.7,0,True,1,0,0,0,7
4605,2021-07,25,28,23.33284901812847,27.728653607988537,22.16571047355019,27.43927856641353,31.281323607169043,20210711,21,26.6,0,True,1,0,0,0,7
4606,2021-07,23,24,23.52758976143851,27.267732255680247,22.378364604595586,27.49039200907329,31.41677666937062,20210711,22,25.2,0,True,1,0,0,0,7
4607,2021-07,23,23,24.197735863152733,27.659928577438222,22.783744109427733,26.937971619847985,32.05291430472649,20210711,23,24.5,0,True,1,0,0,0,7
4608,2021-07,25,26,23.799007612119414,44.692223422569604,25.51905131861236,48.09360855096434,51.0789072201815,20210712,0,23.6,0,False,0,0,17043,16,7
4609,2021-07,23,23,24.876713292225265,48.1503419365402,26.73787551075743,47.266502770389934,60.880772012170404,20210712,1,23.7,0,False,0,0,17043,16,7
4610,2021-07,23,23,23.694182062431207,47.087228947939785,24.92487547399394,48.38957629386746,55.092655691439894,20210712,2,23.5,0,False,0,0,17043,16,7
4611,2021-07,24,27,24.063603281605413,47.70942455177516,24.92531551637718,49.55582677498855,56.82773798694557,20210712,3,23.5,0,False,0,0,17043,16,7
4612,2021-07,22,23,25.328609050602267,48.23029045838759,26.87911696998285,49.289244007159276,63.96361726399149,20210712,4,23.8,0,False,0,0,17043,16,7
4613,2021-07,23,23,23.200919341642884,46.33508058984089,24.447610380217053,47.22600492828173,55.01521564925569,20210712,5,23.8,0,False,0,0,17043,16,7
4614,2021-07,24,25,22.648453215284913,46.261411955655376,23.681946553000486,45.86816329036961,48.07743070194598,20210712,6,25.9,0,False,0,0,17043,16,7
4615,2021-07,65,123,59.2848507475238,72.83718598915141,57.49669961923564,70.86287423211411,104.38573328469214,20210712,7,25.5,0,False,0,0,17043,16,7
4616,2021-07,186,198,179.35427043437448,187.95766255335676,179.82558304713857,187.73000056974988,199.24264462147252,20210712,8,28.4,522,False,0,0,17043,16,7
4617,2021-07,191,195,179.94286700625415,188.17133187393128,181.0649247870415,187.38148469335968,197.79745941802722,20210712,9,30.3,498,False,0,0,17043,16,7
4618,2021-07,175,186,179.7718195563325,187.51117365527114,181.7189349185497,186.13677010216597,193.12728978062887,20210712,10,31.6,1883,False,0,0,17043,16,7
4619,2021-07,186,188,182.14179716209716,187.01757575788608,181.5733137238601,186.8431102981493,194.41162566973347,20210712,11,31.8,1127,False,0,0,17043,16,7
4620,2021-07,115,134,118.62349593485197,119.98467845493029,119.93081574037558,118.60195353338877,135.0227084595895,20210712,12,32.0,194,False,0,0,17043,16,7
4621,2021-07,167,178,179.32409918124404,187.91688579240977,180.950378646556,187.33109898368812,196.31486111537683,20210712,13,31.8,676,False,0,0,17043,16,7
4622,2021-07,184,190,178.48369611122575,186.69618689493313,180.48647198535278,185.69710437309038,192.22912198319378,20210712,14,31.4,5121,False,0,0,17043,16,7
4623,2021-07,164,188,175.38434065465992,183.39894676134455,178.23461663653666,184.14964397433855,194.11160022347948,20210712,15,30.6,1018,False,0,0,17043,16,7
4624,2021-07,174,177,174.2916285700234,179.32520668120614,175.93138198184386,180.2190106402984,185.42092485624266,20210712,16,29.6,1233,False,0,0,17043,16,7
4625,2021-07,138,173,146.24312146302452,158.07713251722936,147.96962215076712,156.77184035433095,177.90183428368707,20210712,17,29.7,509,False,0,0,17043,16,7
4626,2021-07,157,164,171.49298808758832,181.7144829654945,175.9012662779331,182.65456458000827,187.16904988034128,20210712,18,28.0,1047,False,0,0,17043,16,7
4627,2021-07,157,175,153.80320190247218,158.73011472459967,156.47742783682472,159.7633673959663,171.55473276811404,20210712,19,27.0,2885,False,0,0,17043,16,7
4628,2021-07,125,136,123.12726148251282,128.97311897361408,123.18675602493698,129.51619244118933,138.89442813602477,20210712,20,27.0,6,False,0,0,17043,16,7
4629,2021-07,120,133,121.95519015549722,124.86238932280169,123.95858588885369,124.35947859348106,131.87867753654572,20210712,21,26.3,217,False,0,0,17043,16,7
4630,2021-07,116,125,114.3881403833272,118.3368936252284,114.58524459159469,117.93923607590598,127.59188444235788,20210712,22,25.8,28,False,0,0,17043,16,7
4631,2021-07,103,115,109.43810760669442,114.28998898482553,112.45744663502758,114.63623611059994,125.79073880308687,20210712,23,25.3,79,False,0,0,17043,16,7
4656,2021-07,73,75,80.62777862964386,78.47455471887297,77.46377624119928,78.46311879874497,79.79439940485177,20210714,0,26.3,327,False,0,0,17253,23,7
4657,2021-07,102,112,109.25024144999624,114.16312043647652,108.89243386078363,112.93512692726586,118.97721271542684,20210714,1,26.1,166,False,0,0,17253,23,7
4658,2021-07,105,109,111.22622608083513,116.30812999552118,117.51485999783971,115.87531311343044,118.86748158959163,20210714,2,25.7,354,False,0,0,17253,23,7
4659,2021-07,102,114,112.6733614054014,116.11317505151275,116.26096523036084,117.2986002658037,118.90400982173975,20210714,3,25.6,111,False,0,0,17253,23,7
4660,2021-07,105,107,108.30119221180735,114.81187782903942,110.64433372810363,114.69038087862606,118.60733355721464,20210714,4,24.3,66,False,0,0,17253,23,7
4661,2021-07,89,115,101.0371215877221,104.56136514654746,111.29887670614018,125.30247972978329,114.13064262111898,20210714,5,25.3,0,False,0,0,17253,23,7
4662,2021-07,106,112,107.92307630794353,115.91389892096844,115.78247104265525,120.72097282307031,116.98016656055324,20210714,6,27.4,45,False,0,0,17253,23,7
4663,2021-07,132,154,131.5057048257673,139.5034898851239,132.37990956914413,139.5502223920368,155.7006266491999,20210714,7,28.9,582,False,0,0,17253,23,7
4664,2021-07,179,186,172.65451154627956,181.5048987582195,170.3101319838404,179.9851133512559,189.39964234555205,20210714,8,29.4,530,False,0,0,17253,23,7
4665,2021-07,185,195,172.20574396582774,180.0773276061328,171.19951167269528,179.3132589732708,184.10638283394636,20210714,9,30.2,1304,False,0,0,17253,23,7
4666,2021-07,175,185,170.81674669900744,176.92000607323155,169.59062957835184,177.53046882308254,182.7281554619914,20210714,10,30.4,1851,False,0,0,17253,23,7
4667,2021-07,185,193,170.95920426024176,176.30880776980658,170.40485292866336,174.874023651003,180.55266546658115,20210714,11,30.4,1796,False,0,0,17253,23,7
4668,2021-07,99,110,111.70265667002775,118.44169665045727,116.20031013579374,122.78765759327361,131.72242062940248,20210714,12,31.5,88,False,0,0,17253,23,7
4669,2021-07,166,179,171.35589053244374,178.70502800591566,169.42896556803012,177.83617315913366,183.60001938785922,20210714,13,31.4,1564,False,0,0,17253,23,7
4670,2021-07,178,186,168.8014837727021,175.05356796335707,169.3947137587336,177.02535578484063,178.86001151939624,20210714,14,32.1,1154,False,0,0,17253,23,7
4671,2021-07,134,141,161.61010610750165,169.7866464485735,168.7103723209141,173.59554862389498,179.28397829471564,20210714,15,30.9,587,False,0,0,17253,23,7
4672,2021-07,154,156,164.00337540127532,171.43215742763292,170.3861610777857,174.56722213604863,175.5806871898535,20210714,16,30.3,1732,False,0,0,17253,23,7
4673,2021-07,140,179,144.71436089899407,158.60049989085542,146.82677299286033,159.68856292611656,173.7444432085797,20210714,17,29.6,2473,False,0,0,17253,23,7
4674,2021-07,165,169,158.84558740878995,172.19378997202088,160.75816327110593,171.5010290914972,176.53910091344412,20210714,18,28.2,283,False,0,0,17253,23,7
4675,2021-07,138,148,156.56469585105228,167.1600762073591,165.48789823988884,172.82211270309256,173.15650097098452,20210714,19,27.6,1793,False,0,0,17253,23,7
4676,2021-07,112,120,120.1474291606941,125.93833513618357,137.52820783633135,164.08214742735447,133.25179399012015,20210714,20,27.8,268,False,0,0,17253,23,7
4677,2021-07,112,113,119.29052559868255,123.54476723973578,136.5179338590549,162.11126303913127,129.72179859477635,20210714,21,27.2,58,False,0,0,17253,23,7
4678,2021-07,110,115,111.43804750733277,117.0212987214454,131.6979511574235,160.19304557587293,124.36489567320682,20210714,22,27.1,51,False,0,0,17253,23,7
4679,2021-07,104,112,108.14063211670539,115.45747902093274,127.26311870611977,158.19626847133077,124.19137037240161,20210714,23,26.3,70,False,0,0,17253,23,7
4704,2021-07,65,67,74.41844964413814,77.2770010608081,74.4018826077346,77.6223531835483,77.41244322483034,20210716,0,23.9,36,False,0,0,24412,24,7
4705,2021-07,96,100,108.15500235113866,113.56079383098218,108.22735582608418,112.30232789749459,117.58420768940174,20210716,1,24.4,74,False,0,0,24412,24,7
4706,2021-07,101,103,112.64092644816598,117.78731624438821,116.88273173613186,117.46677384810518,117.06114185417032,20210716,2,23.8,37,False,0,0,24412,24,7
4707,2021-07,107,114,107.84271173015338,113.24581097452307,112.26136962405742,114.86313009103958,116.90434867380968,20210716,3,23.4,175,False,0,0,24412,24,7
4708,2021-07,106,109,107.87317209028477,114.20156216153744,113.48374167819527,115.40814708692278,118.00421194310114,20210716,4,23.1,211,False,0,0,24412,24,7
4709,2021-07,88,107,104.04171262253135,105.48836781692587,104.68576420477912,107.11069376345476,113.62885435644887,20210716,5,23.3,92,False,0,0,24412,24,7
4710,2021-07,106,109,115.75398181883514,121.37708144878245,115.47152422840246,119.29016018276432,121.98209734396583,20210716,6,24.9,304,False,0,0,24412,24,7
4711,2021-07,135,157,134.3982657197444,139.28856912611468,132.80536862819034,140.20885650687296,157.57610535641408,20210716,7,27.0,563,False,0,0,24412,24,7
4712,2021-07,187,194,168.41633361203967,176.4526478975204,168.11824961923296,177.4180397419601,180.5123003483965,20210716,8,27.5,555,False,0,0,24412,24,7
4713,2021-07,185,190,169.36624574920342,177.9172115800286,168.6029234368489,178.05162609467695,182.9196843364235,20210716,9,28.4,1863,False,0,0,24412,24,7
4714,2021-07,169,187,166.14632605286155,175.08036083592683,165.4671299307255,176.74610880432593,180.054868286654,20210716,10,29.0,4118,False,0,0,24412,24,7
4715,2021-07,188,197,170.68961807495586,178.17992994019164,168.58868621903392,178.84489907088286,181.86188663561038,20210716,11,28.3,1964,False,0,0,24412,24,7
4716,2021-07,116,128,107.8978240367947,117.5766396300268,113.91430990104827,118.8034451765714,129.1964722559577,20210716,12,29.0,248,False,0,0,24412,24,7
4717,2021-07,172,181,168.82202348190265,177.65137442482157,168.1049110430847,177.91204739417563,181.29417835432582,20210716,13,28.5,2135,False,0,0,24412,24,7
4718,2021-07,166,181,168.22701712261804,177.091182972974,169.28398277019622,178.0883628430095,181.15474985818824,20210716,14,28.3,2010,False,0,0,24412,24,7
4719,2021-07,158,189,161.34321898238312,168.4476242722905,162.92827312266783,171.22767722526487,177.37175635532435,20210716,15,27.4,1731,False,0,0,24412,24,7
4720,2021-07,165,178,162.53613343672467,170.32545710197326,170.29121237761447,174.1459842962131,174.2646243380998,20210716,16,27.0,2823,False,0,0,24412,24,7
4721,2021-07,138,176,146.2337863182773,157.27017467390172,156.42294056145803,170.2060667352598,169.39826099112307,20210716,17,26.9,2670,False,0,0,24412,24,7
4722,2021-07,158,168,157.95385082548066,169.20707465710686,167.1081765580401,173.03184897961924,174.59110783071876,20210716,18,26.0,1066,False,0,0,24412,24,7
4723,2021-07,136,146,136.9848699820653,150.94663990243086,143.30902115875105,153.83484139958583,157.42971227919665,20210716,19,25.4,1287,False,0,0,24412,24,7
4724,2021-07,114,123,113.59146665450682,122.00071826587846,121.89444516367475,127.2074276524927,125.71192203525551,20210716,20,25.1,16,False,0,0,24412,24,7
4725,2021-07,114,120,111.83963529216726,117.32704754386695,130.71904487803857,136.5121533418223,120.22199307452946,20210716,21,25.0,45,False,0,0,24412,24,7
4726,2021-07,102,112,111.48682232661879,117.62160557866589,131.35489104834832,137.3821557176136,120.40208942077753,20210716,22,24.7,59,False,0,0,24412,24,7
4727,2021-07,101,118,101.77269364940172,102.90459000045907,119.46795538648935,128.40557726600875,119.34907409936181,20210716,23,24.8,330,False,0,0,24412,24,7
4728,2021-07,64,66,68.29959412541815,69.314072133624,69.46031435356252,71.82356178086833,70.20628789574003,20210717,0,24.6,21,False,1,0,1867,8,7
4729,2021-07,101,110,110.4518325804866,111.24297788868778,108.78596744896821,109.0340734447479,120.10857594008631,20210717,1,24.6,130,False,1,0,1867,8,7
4730,2021-07,98,105,109.0014705984518,111.51205606502896,108.84307109246583,111.4381154633076,121.77960648247539,20210717,2,24.4,426,False,1,0,1867,8,7
4731,2021-07,94,102,107.9513915089857,109.1339045970255,109.23670302171968,111.1096983895731,119.48388023189186,20210717,3,23.6,108,False,1,0,1867,8,7
4732,2021-07,96,103,111.09067877032503,113.30794731391116,111.28262089773416,111.12765798937801,120.30720099046124,20210717,4,23.9,95,False,1,0,1867,8,7
4733,2021-07,84,108,93.16875699099495,91.49037651794428,93.20712719865624,94.71850963610204,110.49232428750226,20210717,5,24.3,63,False,1,0,1867,8,7
4734,2021-07,85,96,108.24415133867846,106.7890286343204,110.49595019480553,109.86864021109766,116.88006615652957,20210717,6,25.3,30,False,1,0,1867,8,7
4735,2021-07,57,88,65.81703644065243,77.36526520219694,66.94620425218848,75.28418495667027,99.12175811140973,20210717,7,25.5,994,False,1,0,1867,8,7
4736,2021-07,25,27,28.77256816730642,35.00727964545394,36.320845592051704,52.89128999456983,43.93645822590548,20210717,8,25.3,0,False,1,0,1867,8,7
4737,2021-07,23,24,23.630923448288613,26.250304177349793,33.20329628382468,47.451765723887206,33.47529388330175,20210717,9,25.9,0,False,1,0,1867,8,7
4738,2021-07,23,24,23.085668931738272,25.805977891231038,30.388494394814774,45.86482879621536,32.57939890973599,20210717,10,26.4,0,False,1,0,1867,8,7
4739,2021-07,24,27,23.40637839053851,25.77231354311789,32.571776398219164,46.59655068090146,32.487217428015505,20210717,11,26.8,0,False,1,0,1867,8,7
4740,2021-07,24,26,23.45808549334639,48.43092834706797,30.524058048760224,61.34650864803874,56.77804259393677,20210717,12,27.0,0,False,1,0,1867,8,7
4741,2021-07,23,24,22.8250627481024,25.378010732898144,29.804607173634746,42.972674397440834,29.105762485968096,20210717,13,27.3,0,False,1,0,1867,8,7
4742,2021-07,23,24,22.42358621110523,25.423844204586942,29.794379233400292,41.469936775486794,28.655212650355782,20210717,14,26.8,0,False,1,0,1867,8,7
4743,2021-07,25,28,22.447718261697517,25.296661795164898,30.101573304720812,34.494251163258554,28.852308191962393,20210717,15,28.2,0,False,1,0,1867,8,7
4744,2021-07,23,24,22.46695514267634,25.39288439947443,30.289898881454604,43.87527811103067,28.79132013444544,20210717,16,28.4,0,False,1,0,1867,8,7
4745,2021-07,22,23,22.464585926296177,25.128060870983422,30.082758865202706,42.9258861550469,29.0194533216436,20210717,17,26.4,0,False,1,0,1867,8,7
4746,2021-07,24,27,22.613692375449002,25.410649928569047,30.21076330599693,35.93908536213689,28.701479607713193,20210717,18,25.9,0,False,1,0,1867,8,7
4747,2021-07,23,23,23.24767085044236,25.693206593254278,30.393117061037213,43.518725074637125,29.210881948273094,20210717,19,25.3,0,False,1,0,1867,8,7
4748,2021-07,23,23,22.72890720738579,44.43621110485924,30.331589925603897,55.83581285006189,46.11562504952432,20210717,20,25.3,0,False,1,0,1867,8,7
4749,2021-07,24,24,22.63244494813232,45.96004344610782,30.190909553681205,58.05939634629096,48.65500315469611,20210717,21,25.4,0,False,1,0,1867,8,7
4750,2021-07,25,28,23.86061765633597,47.612772266647085,30.795045715176865,58.627184980183834,54.16807316265659,20210717,22,25.3,0,False,1,0,1867,8,7
4751,2021-07,23,24,23.447608186408946,47.483600755805355,30.701190932105394,57.353957467567504,50.10812399559435,20210717,23,25.0,0,False,1,0,1867,8,7
4752,2021-07,23,24,23.513986041298363,28.22256409301058,21.614470053471464,29.457650386868114,30.19911281064083,20210718,0,24.5,0,True,1,0,0,0,7
4753,2021-07,25,28,23.428085750050144,27.778202252359137,21.674725661015803,29.291540682605902,31.901834196404334,20210718,1,24.5,0,True,1,0,0,0,7
4754,2021-07,23,24,23.503827167026916,27.46376885245367,21.532733322098622,29.452081117758883,32.05376158508623,20210718,2,24.2,0,True,1,0,0,0,7
4755,2021-07,23,24,23.539784110520483,27.416204734343278,21.564944963129786,29.475452479504487,32.02501594817621,20210718,3,24.0,0,True,1,0,0,0,7
4756,2021-07,25,28,23.74240157922352,27.51505575721765,21.719967294131067,29.968145938405588,32.13533889572115,20210718,4,23.6,0,True,1,0,0,0,7
4757,2021-07,22,22,23.464847542157205,27.500541268946076,21.457506823567865,29.78872445839221,32.10702230129518,20210718,5,23.5,0,True,1,0,0,0,7
4758,2021-07,23,23,23.417039132810327,27.55572812177918,21.395235889093055,28.24212207080176,32.02817992420913,20210718,6,24.0,0,True,1,0,0,0,7
4759,2021-07,25,28,23.0852234113952,26.52019047443874,21.1581898552832,27.345006736822445,30.050614688056058,20210718,7,26.5,0,True,1,0,0,0,7
4760,2021-07,23,24,23.185171048199923,24.73898709336365,21.423333374215986,23.80821226624535,26.622527239731074,20210718,8,27.2,0,True,1,0,0,0,7
4761,2021-07,23,23,23.434896074145712,25.878099222163794,21.345731788402706,24.155603523852477,28.99633493342523,20210718,9,27.7,0,True,1,0,0,0,7
4762,2021-07,23,23,23.646927444516965,25.63618171294651,21.483431435942194,24.02569914673174,27.967066546369452,20210718,10,28.8,0,True,1,0,0,0,7
4763,2021-07,25,27,23.249420575602016,25.009517536097672,21.566665204161126,23.642453523047454,27.43199924418207,20210718,11,28.1,0,True,1,0,0,0,7
4764,2021-07,23,23,23.214727274561966,27.546014187471954,21.439148769513157,28.541571808723035,32.25338769971763,20210718,12,28.4,0,True,1,0,0,0,7
4765,2021-07,23,23,23.126992838003503,24.90393825753208,21.401640555167322,23.585312535847738,26.97924108518896,20210718,13,28.4,0,True,1,0,0,0,7
4766,2021-07,25,27,23.480864836076492,25.74836217869844,21.38707476598783,24.401962918348797,28.7448784299411,20210718,14,28.7,0,True,1,0,0,0,7
4767,2021-07,24,26,23.64239266255591,26.02415437478436,21.569968280772315,24.453683978749343,27.915445232904926,20210718,15,27.8,0,True,1,0,0,0,7
4768,2021-07,23,23,23.42169674959341,25.966344468663454,21.448082216955115,24.418543837364112,28.283622045825666,20210718,16,27.6,0,True,1,0,0,0,7
4769,2021-07,24,27,23.35265712415141,25.967659893451458,21.30703859315452,24.386914624784282,28.299431055547647,20210718,17,27.7,0,True,1,0,0,0,7
4770,2021-07,24,25,23.29825057146233,25.393022718495384,21.480002399064148,24.025349914133283,27.041494445165593,20210718,18,26.8,0,True,1,0,0,0,7
4771,2021-07,23,23,23.445653465575514,25.318663772554174,21.364615897250957,23.590739575376347,26.702115888954363,20210718,19,25.9,0,True,1,0,0,0,7
4772,2021-07,23,23,23.514374904080785,27.65867456080046,21.49181416557853,27.248066532610512,31.397936727249384,20210718,20,25.3,0,True,1,0,0,0,7
4773,2021-07,25,28,23.726002945439202,27.242362969880457,21.713469397251078,27.20402043665507,31.2539165714236,20210718,21,24.7,0,True,1,0,0,0,7
4774,2021-07,24,24,23.595767406472216,27.46527369905357,21.755270744704607,26.622310782189654,31.201568346672545,20210718,22,24.2,0,True,1,0,0,0,7
4775,2021-07,23,23,24.145843063358758,27.446526506584835,22.268609374278338,26.792357880977352,31.98797093972703,20210718,23,24.6,0,True,1,0,0,0,7
4776,2021-07,26,28,25.604259112876914,47.14597830068666,25.941255421440626,48.02247398628123,54.413254539596615,20210719,0,24.3,0,False,0,0,13584,15,7
4777,2021-07,24,24,23.438896715887306,48.606794944709605,23.01222612879899,46.03029925647007,57.00844390396285,20210719,1,24.1,0,False,0,0,13584,15,7
4778,2021-07,23,24,23.417107941890396,48.365201437334,23.81868317167429,45.508852977673676,53.59608492247537,20210719,2,23.7,0,False,0,0,13584,15,7
4779,2021-07,23,24,24.126321057170387,48.704272155661506,24.233787075516684,47.174262669079006,59.73919183870581,20210719,3,23.6,0,False,0,0,13584,15,7
4780,2021-07,25,27,24.10804931103495,48.53924837426501,24.41361395357716,48.55285496995676,58.855254379317564,20210719,4,23.6,0,False,0,0,13584,15,7
4781,2021-07,23,23,23.092032355889454,47.35192788849927,23.19703300317229,45.55451697301979,53.87868738662362,20210719,5,23.4,0,False,0,0,13584,15,7
4782,2021-07,23,23,23.154653637714542,46.568882600182995,23.463854904739225,45.2838777330119,51.3148405151698,20210719,6,23.8,0,False,0,0,13584,15,7
4783,2021-07,65,119,62.00704631969412,77.89885473629478,62.13898118423642,76.74376519580404,108.8698602866044,20210719,7,25.0,0,False,0,0,13584,15,7
4784,2021-07,188,200,179.41721855462137,189.55738574505526,181.3268249108527,190.05509233030776,201.98585065123814,20210719,8,27.3,604,False,0,0,13584,15,7
4785,2021-07,179,185,180.0785388397306,187.94948913802975,181.24827285395426,188.5570776986042,197.94231128347732,20210719,9,28.3,1431,False,0,0,13584,15,7
4786,2021-07,185,209,180.46125298754086,188.33347090260952,182.68628707325692,188.3223255224103,200.27365782419477,20210719,10,27.9,568,False,0,0,13584,15,7
4787,2021-07,199,222,166.2999913735391,184.57279936680507,169.42256347640355,184.52465008241538,192.4320512369077,20210719,11,28.4,1280,False,0,0,13584,15,7
4788,2021-07,117,134,112.8096595059289,121.14820039781256,113.91365167240725,119.93232354829992,137.2845776507825,20210719,12,29.8,0,False,0,0,13584,15,7
4789,2021-07,178,193,178.1665580686748,187.52814340027518,179.4229496134742,187.57973031965312,197.4341937719737,20210719,13,28.8,645,False,0,0,13584,15,7
4790,2021-07,178,190,177.37575416673053,185.89273354857517,181.0794636556934,186.4474347495884,193.2774523384477,20210719,14,28.5,2075,False,0,0,13584,15,7
4791,2021-07,169,201,172.68213814318452,178.3030069901181,176.28495736326605,180.78453489355343,190.78201342222678,20210719,15,28.9,2253,False,0,0,13584,15,7
4792,2021-07,183,187,173.36776669055087,177.32817874715064,175.52950271899354,181.49591195607718,185.1261034837311,20210719,16,29.5,1495,False,0,0,13584,15,7
4793,2021-07,149,190,142.31412238465575,152.94770427316334,142.66243376536303,147.97125850464775,171.18994336650667,20210719,17,29.0,389,False,0,0,13584,15,7
4794,2021-07,171,188,166.28315583997258,175.83712135592828,170.84946039884287,179.20847865376595,184.1304729149606,20210719,18,28.1,465,False,0,0,13584,15,7
4795,2021-07,151,162,159.69928645424716,170.5045421642886,162.7725847999312,171.21378508022613,177.32197974078812,20210719,19,27.5,1962,False,0,0,13584,15,7
4796,2021-07,127,136,124.37494470589672,132.84345991550708,125.44234816893918,131.8488411920455,139.994566993946,20210719,20,26.3,72,False,0,0,13584,15,7
4797,2021-07,124,129,122.26917450443813,129.69569946454763,123.74282131806427,130.21457029938185,138.70572774898426,20210719,21,25.7,94,False,0,0,13584,15,7
4798,2021-07,106,114,118.6532156731427,121.29694290631807,117.69565226529916,121.0928040852819,133.00523527795914,20210719,22,25.4,70,False,0,0,13584,15,7
4799,2021-07,110,120,108.48688120476591,112.21652599513546,111.63284428303875,111.72220636899472,126.69372922709282,20210719,23,25.7,181,False,0,0,13584,15,7
4800,2021-07,71,76,83.66040263502585,85.30020047408351,81.39032384538832,86.98087749243227,96.10389932023266,20210720,0,26.1,1584,False,0,0,23473,23,7
4801,2021-07,100,112,108.56443013026922,115.32115298197583,108.19437437055359,115.47972642636387,127.89898441980326,20210720,1,25.7,567,False,0,0,23473,23,7
4802,2021-07,103,106,115.92125930947903,120.48226760682259,114.03335670510641,120.77094016734998,129.83233536445366,20210720,2,25.7,591,False,0,0,23473,23,7
4803,2021-07,105,116,114.26944910653121,116.8755404470614,113.73225288951784,117.03342203780983,124.70208675303904,20210720,3,25.2,392,False,0,0,23473,23,7
4804,2021-07,107,110,113.36692179343201,121.30791350465921,111.95942073396076,121.27642096939496,130.43513727962468,20210720,4,25.2,796,False,0,0,23473,23,7
4805,2021-07,91,106,137.7024951649112,140.67078014735114,131.6465149178704,139.44371177859367,143.7309947065903,20210720,5,25.1,388,False,0,0,23473,23,7
4806,2021-07,110,117,120.95989110342941,125.87039845727348,119.27199571658123,125.23827343723553,132.79711311009933,20210720,6,26.7,102,False,0,0,23473,23,7
4807,2021-07,133,148,122.89995687786522,130.75568256481083,120.4472403765195,128.7757986782407,151.07219531374633,20210720,7,28.4,1086,False,0,0,23473,23,7
4808,2021-07,188,201,151.7285924359073,175.17335375494295,160.2179596227671,179.14684146468878,186.32991523986323,20210720,8,29.7,1248,False,0,0,23473,23,7
4809,2021-07,191,200,145.94042662711186,171.27732586375978,154.45562202278475,177.86830716777055,184.24763654730177,20210720,9,30.8,1828,False,0,0,23473,23,7
4810,2021-07,189,197,143.68647567128008,169.21394601333466,154.52776946968513,175.18212403340877,182.00701103670403,20210720,10,31.1,1282,False,0,0,23473,23,7
4811,2021-07,190,192,153.4428367953628,172.01915359812014,162.78769864005343,174.06562394150706,182.112331553251,20210720,11,31.7,1327,False,0,0,23473,23,7
4812,2021-07,121,142,112.03521527564608,127.51304454437302,114.87750391836555,126.20363925703884,140.35401331084142,20210720,12,31.7,0,False,0,0,23473,23,7
4813,2021-07,178,194,144.56665503851335,165.08323790603467,152.0369737269858,177.9588850545581,181.7382342434056,20210720,13,30.1,1234,False,0,0,23473,23,7
4814,2021-07,187,192,166.15744812046412,174.11358366588453,170.11336028569744,178.1909805181898,183.93213819845536,20210720,14,29.9,823,False,0,0,23473,23,7
4815,2021-07,167,199,165.2982587416503,171.71137903936756,166.95878587594078,169.46187995515712,184.80761765855948,20210720,15,30.2,419,False,0,0,23473,23,7
4816,2021-07,185,201,163.59197380698106,171.80682916171963,168.75044092896812,176.34898765471448,178.65921097122532,20210720,16,29.7,2403,False,0,0,23473,23,7
4817,2021-07,132,159,143.17152735374947,156.03024328110652,142.56749253115177,155.01179946274158,172.84308598951193,20210720,17,29.1,881,False,0,0,23473,23,7
4818,2021-07,175,182,160.24467188478158,167.18651869086227,165.05157632850765,168.94951287846297,175.42344770752504,20210720,18,27.5,2031,False,0,0,23473,23,7
4819,2021-07,170,176,160.28519368247163,168.45619547007303,159.73244619455798,167.8601952013248,176.4283753619809,20210720,19,26.5,3506,False,0,0,23473,23,7
4820,2021-07,127,132,151.88599906121792,165.1320938611589,145.8496185638997,158.85745628308607,172.18321659416344,20210720,20,26.0,80,False,0,0,23473,23,7
4821,2021-07,130,137,151.16461110844287,164.48855389403482,145.67665114848842,157.83074383173482,172.56156860204123,20210720,21,26.1,562,False,0,0,23473,23,7
4822,2021-07,112,121,150.95803069413458,164.63861997983852,143.00360197536546,157.90254662826044,167.7376052056345,20210720,22,25.9,235,False,0,0,23473,23,7
4823,2021-07,109,117,143.92926102028835,162.63184962668106,138.2954645105308,156.54115613418062,168.07189434152028,20210720,23,25.3,108,False,0,0,23473,23,7
4824,2021-07,78,85,80.40212030226711,78.3407835789281,77.11081334228639,78.0697550573821,78.94832880702768,20210721,0,24.5,286,False,0,0,19461,23,7
4825,2021-07,107,113,107.6869818013907,111.85465953786951,107.11733112986293,111.7949275319274,119.38210643742273,20210721,1,24.1,270,False,0,0,19461,23,7
4826,2021-07,100,108,111.11991830942993,115.2011949786405,111.10123938745141,115.66672646200111,119.51880761080037,20210721,2,24.3,126,False,0,0,19461,23,7
4827,2021-07,102,111,107.15285441842519,117.72113534207641,109.36235659641387,118.62205375136817,123.51473046995557,20210721,3,23.2,528,False,0,0,19461,23,7
4828,2021-07,107,117,109.99160180489481,115.60357442794002,112.17673109007586,115.91748994435231,121.18441612564511,20210721,4,23.0,158,False,0,0,19461,23,7
4829,2021-07,94,111,98.11215382393156,102.52721630879803,97.63860149645798,103.51964571302021,115.27194125640234,20210721,5,24.0,187,False,0,0,19461,23,7
4830,2021-07,106,110,112.43276437891659,114.49227818241407,114.80227507087325,116.25738912958782,121.15375593651065,20210721,6,24.7,56,False,0,0,19461,23,7
4831,2021-07,128,149,134.53259493524993,140.52514354146956,135.3646036622723,141.95117646239018,163.5825806556142,20210721,7,27.0,842,False,0,0,19461,23,7
4832,2021-07,193,209,175.3387397720783,180.83216345697804,179.64609140991573,183.95419237627007,188.37582512747315,20210721,8,28.3,933,False,0,0,19461,23,7
4833,2021-07,204,214,175.4318867546606,180.4333062607336,179.35405396478288,183.3042908215998,188.40487436822914,20210721,9,29.1,1013,False,0,0,19461,23,7
4834,2021-07,179,197,175.76362098569984,179.11225049588776,178.8296034318632,182.17951826061812,187.44728449199977,20210721,10,29.1,628,False,0,0,19461,23,7
4835,2021-07,197,206,176.54704169149056,179.3664890848347,180.14067398534561,182.4958302027715,185.9558073098669,20210721,11,29.3,1336,False,0,0,19461,23,7
4836,2021-07,128,150,108.20030604928196,116.99893650689273,115.16434686358595,121.66908235926012,129.729318864453,20210721,12,29.7,88,False,0,0,19461,23,7
4837,2021-07,189,204,177.12530769540066,179.2652908899391,179.23622311297973,181.25995897563834,187.5786837160001,20210721,13,29.2,1911,False,0,0,19461,23,7
4838,2021-07,199,203,173.50797930593987,178.09345679328774,177.241998985418,182.01160642595812,185.1530779425194,20210721,14,29.4,972,False,0,0,19461,23,7
4839,2021-07,171,199,149.43859177000073,160.5453842577534,155.850039249179,172.056828625696,176.20498191425273,20210721,15,28.9,4021,False,0,0,19461,23,7
4840,2021-07,182,189,170.06821530816305,174.57326433884626,173.8595856618094,179.01077442379776,181.50707208938562,20210721,16,28.1,865,False,0,0,19461,23,7
4841,2021-07,138,153,144.49476924744218,154.58911140184247,143.51023552475178,150.70784913681547,172.36894890115707,20210721,17,27.3,593,False,0,0,19461,23,7
4842,2021-07,162,168,162.6287592983076,172.01488718712224,167.5757852281853,174.953584924274,177.3787077607186,20210721,18,27.0,972,False,0,0,19461,23,7
4843,2021-07,162,174,142.31206688645463,155.53161345393443,149.31682767551067,167.94982513945817,168.7898145994302,20210721,19,26.6,3122,False,0,0,19461,23,7
4844,2021-07,131,138,111.87039225725066,121.56365959807063,114.9949318340834,123.28066677729065,129.5059515006886,20210721,20,26.3,0,False,0,0,19461,23,7
4845,2021-07,117,118,118.91422072204091,120.69412610707815,121.37425743665966,123.6018295324677,126.82537876276562,20210721,21,26.4,273,False,0,0,19461,23,7
4846,2021-07,104,114,113.57228917689962,117.4205316320327,116.2617342988742,118.14483972848431,125.25612642843994,20210721,22,26.0,275,False,0,0,19461,23,7
4847,2021-07,103,111,108.84310784787185,114.52727264932624,112.93969782488459,114.8592045414136,123.90363630238348,20210721,23,26.1,6,False,0,0,19461,23,7
4848,2021-07,71,73,76.29417523642921,77.49155386351086,73.62186390936083,77.94056183062351,79.34840899746922,20210722,0,25.7,222,False,0,0,15801,22,7
4849,2021-07,99,106,100.7978212779171,104.84618749733086,106.00808146383474,107.93039291075321,116.95116954199854,20210722,1,25.4,150,False,0,0,15801,22,7
4850,2021-07,103,111,112.57320938506523,118.4963051429266,111.29199022964087,117.25742259712639,124.0390167254893,20210722,2,25.2,23,False,0,0,15801,22,7
4851,2021-07,100,105,111.82753920838842,117.03454455790752,111.69547377732351,117.46649938898254,123.62027114075438,20210722,3,25.1,162,False,0,0,15801,22,7
4852,2021-07,105,108,109.52180603743454,116.72017974905204,111.88277464999815,117.24764710341572,121.72891915498339,20210722,4,25.2,82,False,0,0,15801,22,7
4853,2021-07,86,103,98.21829248076496,103.89242685060601,99.5418890870629,104.40266739316405,115.98229897948141,20210722,5,25.2,0,False,0,0,15801,22,7
4854,2021-07,106,109,107.37857803457457,119.95382227399067,109.48178298344801,121.65931939021984,124.73184379109766,20210722,6,25.7,482,False,0,0,15801,22,7
4855,2021-07,122,146,122.14035057736912,134.82543232672688,123.44135300616973,135.6346801792454,154.59652063546216,20210722,7,27.1,1255,False,0,0,15801,22,7
4856,2021-07,197,213,150.6479429216354,172.69431082164556,160.43423836310555,176.10698795497436,183.11664243132998,20210722,8,27.7,709,False,0,0,15801,22,7
4857,2021-07,192,197,141.15671253082397,163.67760707462517,153.46003449699845,177.9074363240785,179.5882609243212,20210722,9,28.1,491,False,0,0,15801,22,7
4858,2021-07,180,192,142.70928255804063,165.49728998574878,152.15478412684732,177.86515411204888,183.1399708913261,20210722,10,28.7,679,False,0,0,15801,22,7
4859,2021-07,186,192,152.5787412594763,171.33866296219057,163.65278223370169,177.67174119997085,181.75181243990846,20210722,11,29.5,691,False,0,0,15801,22,7
4860,2021-07,104,119,115.09439128662352,125.41664389477573,118.13585874001073,128.01730816987427,135.6727260305967,20210722,12,29.2,30,False,0,0,15801,22,7
4861,2021-07,171,177,144.78220938863768,170.43363909740935,155.09045382303688,176.79673448904782,183.28478356056345,20210722,13,28.3,2297,False,0,0,15801,22,7
4862,2021-07,182,189,169.89951444133064,178.97698365474366,174.78141826757314,181.0160704705752,185.83485316858355,20210722,14,28.6,383,False,0,0,15801,22,7
4863,2021-07,164,182,160.96262224597248,169.7465235790418,167.45548366088454,173.39442020609388,182.26127048379814,20210722,15,28.7,727,False,0,0,15801,22,7
4864,2021-07,165,172,165.77697567355986,175.16788398260505,172.2514310470577,180.6680491542785,183.34928106136405,20210722,16,29.3,634,False,0,0,15801,22,7
4865,2021-07,124,155,152.39454451213422,167.25326619709207,151.5097925212049,166.9262866176325,180.82975906209413,20210722,17,27.4,552,False,0,0,15801,22,7
4866,2021-07,164,169,158.74217187072767,170.59287314615565,162.83657240927948,173.69240094813824,178.85419880870097,20210722,18,26.8,992,False,0,0,15801,22,7
4867,2021-07,154,163,155.39827103131393,167.67031082688106,161.51432446654394,171.10974114460316,175.66907021293875,20210722,19,26.0,4520,False,0,0,15801,22,7
4868,2021-07,132,138,142.96320020438478,166.08272946318903,140.2606621149745,161.57996352043884,172.49999105098405,20210722,20,25.5,368,False,0,0,15801,22,7
4869,2021-07,120,123,128.93895694055527,163.5260411656475,130.23274646699736,160.94544410560854,167.32115866505345,20210722,21,25.8,0,False,0,0,15801,22,7
4870,2021-07,115,122,148.9281800340033,166.9901366439197,141.329986721168,162.91957566766496,170.1624697234188,20210722,22,25.3,270,False,0,0,15801,22,7
4871,2021-07,107,114,140.75087572480479,163.34125199099898,135.56089706357864,161.77020777863837,166.6636463752926,20210722,23,25.2,82,False,0,0,15801,22,7
4872,2021-07,78,87,78.35881224527816,77.2228057359431,74.30279144413412,77.47107139621652,79.66272139110038,20210723,0,24.9,200,False,0,0,23560,21,7
4873,2021-07,105,111,110.11232883376113,109.15098457695387,109.97250185729972,110.86772701817006,119.57750552245267,20210723,1,24.5,91,False,0,0,23560,21,7
4874,2021-07,105,110,109.73085439347007,116.27640527853039,110.65929708817536,116.15213834533601,121.7776317224443,20210723,2,24.4,376,False,0,0,23560,21,7
4875,2021-07,102,109,110.79439427198655,109.87007296612346,111.92294015796966,112.3133843964714,117.30576825542977,20210723,3,24.2,102,False,0,0,23560,21,7
4876,2021-07,99,101,108.88209259936502,113.69876369339994,111.57451175982071,114.85528069860486,120.87210549005677,20210723,4,24.1,162,False,0,0,23560,21,7
4877,2021-07,89,99,96.55343442180269,99.6167668154146,99.55807094491529,101.55699545425203,113.16110910830128,20210723,5,24.1,0,False,0,0,23560,21,7
4878,2021-07,103,105,103.30395989234336,113.2251355275784,108.84456886228868,116.2877412122246,118.35589565792124,20210723,6,24.6,0,False,0,0,23560,21,7
4879,2021-07,122,144,138.78281582950243,141.4330352772831,137.71665310100488,143.53944878027346,167.62631801565152,20210723,7,26.2,2387,False,0,0,23560,21,7
4880,2021-07,191,202,172.3656290555459,181.7186740171459,178.7192478680106,183.72459513583576,190.4564926047427,20210723,8,26.8,999,False,0,0,23560,21,7
4881,2021-07,185,190,171.41425148809785,178.41182766392112,177.56633708480004,179.98564121811341,185.512345159995,20210723,9,27.8,1838,False,0,0,23560,21,7
4882,2021-07,179,189,170.74760675121843,177.053885890836,174.2445652992816,178.30272729779756,185.34258360246952,20210723,10,28.9,1231,False,0,0,23560,21,7
4883,2021-07,188,199,163.9887642840255,178.39248029047477,170.97950601275775,180.19929446319475,184.58468116734934,20210723,11,28.9,1813,False,0,0,23560,21,7
4884,2021-07,113,125,111.88918164564556,116.59872052111562,113.43679109379076,120.20538872726304,133.53747019178783,20210723,12,29.2,0,False,0,0,23560,21,7
4885,2021-07,180,192,174.35517452586114,181.08890074287004,177.25155132802192,183.13006116031553,190.4515301619757,20210723,13,29.2,979,False,0,0,23560,21,7
4886,2021-07,184,190,173.59487510959465,178.546556645717,176.86340750442912,182.17149207863835,185.0840378211427,20210723,14,29.3,1335,False,0,0,23560,21,7
4887,2021-07,175,206,164.2635466808274,172.45028531302566,167.7067024204463,174.1132509479371,182.42380883374645,20210723,15,28.4,923,False,0,0,23560,21,7
4888,2021-07,189,197,165.20939174874266,172.05949815194322,171.46169325805673,174.0632675310261,178.36042812016248,20210723,16,28.1,6161,False,0,0,23560,21,7
4889,2021-07,138,178,140.7490709985744,151.44440773407598,139.3933555915166,146.23301032204574,163.54500349770356,20210723,17,27.8,555,False,0,0,23560,21,7
4890,2021-07,175,176,159.29251463640992,170.7446294574021,164.64711666913252,172.82686115183412,176.94378891478223,20210723,18,26.6,1693,False,0,0,23560,21,7
4891,2021-07,145,165,140.32625669500047,152.66362431182267,143.10971339111242,152.36818732417362,165.2815706447532,20210723,19,25.9,2039,False,0,0,23560,21,7
4892,2021-07,111,115,119.41819501568546,123.72711236364405,119.85173266999944,125.91952543678538,132.74592493246857,20210723,20,25.6,113,False,0,0,23560,21,7
4893,2021-07,107,110,119.16994945064708,120.57319777595653,119.04123464553686,121.99300318534898,131.39903690490348,20210723,21,24.9,12,False,0,0,23560,21,7
4894,2021-07,100,107,113.06061341013815,115.41338988518525,115.08731441734204,117.0484232950364,126.96914495508439,20210723,22,25.0,371,False,0,0,23560,21,7
4895,2021-07,102,111,106.78965927039377,107.33026825082015,109.06893399150471,109.80037476183635,122.04569069393887,20210723,23,24.9,180,False,0,0,23560,21,7
4896,2021-07,68,72,60.90731980063418,67.29624264651365,65.97556150953551,71.56656307495119,72.59271933966255,20210724,0,24.7,0,False,1,0,2319,7,7
4897,2021-07,96,101,102.27597457588962,106.7366563047055,101.90860769796048,110.1837960214704,113.4669139841965,20210724,1,24.6,501,False,1,0,2319,7,7
4898,2021-07,95,100,104.76651106574046,106.75854844110086,106.76380206513267,108.65629221430032,115.60702549508649,20210724,2,24.4,51,False,1,0,2319,7,7
4899,2021-07,93,104,102.47560647904204,104.07845164930727,103.43098811243146,107.28227924488438,114.727678488126,20210724,3,24.0,42,False,1,0,2319,7,7
4900,2021-07,97,100,106.64371187279181,108.80668497447762,108.61960532932538,107.60922055072115,116.59957179004135,20210724,4,23.9,262,False,1,0,2319,7,7
4901,2021-07,81,91,94.07758070051938,91.349979710113,92.11145621247574,95.30510848102847,111.31025280295592,20210724,5,23.8,62,False,1,0,2319,7,7
4902,2021-07,95,98,107.30154186271055,110.5766084784409,104.63622552026578,114.1178826142177,127.42755020160193,20210724,6,24.9,919,False,1,0,2319,7,7
4903,2021-07,61,81,70.40781264370513,76.82026705483445,70.71042764827236,86.70145576606592,94.71962783770749,20210724,7,25.8,482,False,1,0,2319,7,7
4904,2021-07,25,28,32.55422784836675,35.49875879675357,41.561304072135165,64.79113875148744,45.03246538611552,20210724,8,26.9,0,False,1,0,2319,7,7
4905,2021-07,24,24,23.350101237910774,26.389726236348608,36.44741368671807,58.477657255604335,33.31154163648531,20210724,9,29.1,0,False,1,0,2319,7,7
4906,2021-07,24,24,23.421028767595427,26.080972577514142,34.511784666184354,59.07546742422236,33.32788519130128,20210724,10,28.8,0,False,1,0,2319,7,7
4907,2021-07,27,29,23.964719420298767,26.46842142527936,36.51156911440328,64.49799506368545,33.19747998981128,20210724,11,28.5,0,False,1,0,2319,7,7
4908,2021-07,23,24,23.583794855907655,48.73314513426647,33.38402778796599,64.70915267786981,57.79406251195306,20210724,12,29.6,0,False,1,0,2319,7,7
4909,2021-07,24,24,23.602269615678665,26.310883192309245,33.21415020384607,63.47432779339772,31.567762547737576,20210724,13,30.0,0,False,1,0,2319,7,7
4910,2021-07,24,24,22.70608432803125,25.76149286093734,33.89743283591179,61.852224348710905,28.835940641259356,20210724,14,29.8,0,False,1,0,2319,7,7
4911,2021-07,26,28,23.45881777212303,25.817227588817133,33.20199444171928,63.08319529162853,31.283433195667744,20210724,15,29.3,0,False,1,0,2319,7,7
4912,2021-07,24,25,22.92759004268528,25.70325386840989,34.69429634391782,57.854151589870206,29.596469887966705,20210724,16,29.2,0,False,1,0,2319,7,7
4913,2021-07,24,24,22.5106568893589,25.800689042658135,32.01302925109292,52.03671393241948,29.55111011491815,20210724,17,28.7,0,False,1,0,2319,7,7
4914,2021-07,25,29,22.71748791428067,25.561798573807522,32.51617879716375,55.244049528335836,29.333851505334597,20210724,18,26.9,0,False,1,0,2319,7,7
4915,2021-07,25,28,23.396816250550156,25.73491793546528,32.686427653316194,52.80103290329814,30.880663366382134,20210724,19,26.3,0,False,1,0,2319,7,7
4916,2021-07,24,25,23.097907028427368,45.88473708499646,32.20741435797115,61.41962942179017,50.1840513453893,20210724,20,26.1,0,False,1,0,2319,7,7
4917,2021-07,25,25,23.55910632800489,47.22604962037868,32.60021905662641,61.460400456316336,50.48814047073747,20210724,21,26.2,0,False,1,0,2319,7,7
4918,2021-07,26,28,24.49864752288344,48.92467556866743,33.14297268722613,60.890761857590356,55.56152845609489,20210724,22,26.1,0,False,1,0,2319,7,7
4919,2021-07,24,24,23.812218107895905,47.45081244020668,33.048997487627304,61.1286205618573,50.91463202178312,20210724,23,26.0,0,False,1,0,2319,7,7
4920,2021-07,24,24,23.413897414266955,28.20217516101675,21.383656646838475,29.705026502970146,30.06815226472912,20210725,0,25.6,0,True,1,0,0,0,7
4921,2021-07,25,26,23.38255514728986,27.82390740363962,21.15378458548817,29.779409388590718,31.971622674632226,20210725,1,24.8,0,True,1,0,0,0,7
4922,2021-07,25,29,23.4922721338986,27.421290676789948,21.20874950766286,29.589869326793707,32.00367858605015,20210725,2,24.9,0,True,1,0,0,0,7
4923,2021-07,24,26,23.52674673282506,27.44017364526476,21.224148288304352,29.566820368989593,32.01403797015131,20210725,3,24.3,0,True,1,0,0,0,7
4924,2021-07,24,24,23.609167157501776,27.246260792631784,21.28941679925313,30.29485792545195,31.93906250826573,20210725,4,24.5,0,True,1,0,0,0,7
4925,2021-07,26,28,23.319180414230033,27.38219792038919,21.05096006479869,30.026036584576744,32.04401956030157,20210725,5,24.7,0,True,1,0,0,0,7
4926,2021-07,24,24,23.345918308172912,27.549372165369494,21.071489474734737,28.57895797409958,31.91638233326346,20210725,6,25.5,0,True,1,0,0,0,7
4927,2021-07,24,24,23.04703623841658,26.529528620878537,20.895779230977357,27.472198520782232,30.061942082793752,20210725,7,27.1,0,True,1,0,0,0,7
4928,2021-07,24,24,23.524765780716862,25.434376658497182,21.17174122599065,24.19753356658161,27.457413162463386,20210725,8,28.4,0,True,1,0,0,0,7
4929,2021-07,26,29,23.34807328432551,25.812400768193054,21.158713143237055,24.151522235424494,28.645709619679895,20210725,9,28.1,0,True,1,0,0,0,7
4930,2021-07,24,24,23.486203421716795,25.67313803698443,21.2417581297782,24.020371608464743,28.956071620148247,20210725,10,28.8,0,True,1,0,0,0,7
4931,2021-07,24,24,23.704348753729448,25.680430089716157,21.169934222997536,23.49939149240944,28.095673099946797,20210725,11,29.0,0,True,1,0,0,0,7
4932,2021-07,26,28,23.12177192296147,28.006688511622013,21.021777272282787,28.654505165582957,31.909778473713192,20210725,12,30.5,0,True,1,0,0,0,7
4933,2021-07,24,24,23.0714467732938,24.704782536674447,21.23789908980079,23.97106982395813,26.23661221781099,20210725,13,31.0,0,True,1,0,0,0,7
4934,2021-07,24,25,23.305516275953817,25.348229877109706,21.253949806456827,24.63045337176932,27.90796891087763,20210725,14,30.5,0,True,1,0,0,0,7
4935,2021-07,25,25,23.102519703938345,25.119074748802962,21.078763356378033,23.781567851483544,26.374928278759807,20210725,15,30.0,0,True,1,0,0,0,7
4936,2021-07,26,29,23.193821744866426,25.185420784905165,21.227837853707324,24.200230562695427,26.74966674983112,20210725,16,29.2,0,True,1,0,0,0,7
4937,2021-07,24,24,23.210479537841604,25.12574281421082,21.223026125433147,24.102486532660276,26.84533106645797,20210725,17,28.0,0,True,1,0,0,0,7
4938,2021-07,23,24,23.183776734239615,25.074075002201464,21.269950990425027,23.99431416303587,26.806660714467025,20210725,18,27.6,0,True,1,0,0,0,7
4939,2021-07,25,28,23.200185582121495,24.920743961655443,21.203713654144636,23.63917401153384,26.453468761201645,20210725,19,26.2,0,True,1,0,0,0,7
4940,2021-07,24,24,23.570088636270196,27.242012994730615,21.432785286098508,27.398030366657935,31.165543534120435,20210725,20,25.9,0,True,1,0,0,0,7
4941,2021-07,24,24,23.599531012287827,27.52986739947089,21.484668663548263,26.942280235972433,31.256904002239157,20210725,21,25.0,0,True,1,0,0,0,7
4942,2021-07,24,24,23.49465989850408,27.52954039470515,21.25299979833299,26.667025702505423,31.16382081937722,20210725,22,25.5,0,True,1,0,0,0,7
4943,2021-07,26,28,24.08882842232688,27.414741060923106,22.21221890774241,27.04644579256996,31.90679718304641,20210725,23,25.3,0,True,1,0,0,0,7
4944,2021-07,24,24,26.043423900176347,48.981988147305024,25.12638420581574,49.044365231118185,56.44892189419892,20210726,0,25.1,0,False,0,0,24022,14,7
4945,2021-07,24,24,22.98269642212333,50.84142636497651,23.655059397469255,47.65532907709485,59.43976983775667,20210726,1,24.8,0,False,0,0,24022,14,7
4946,2021-07,25,27,22.84991814608124,49.7765422763266,23.714394653912006,48.27407581537267,55.14205535147571,20210726,2,24.6,0,False,0,0,24022,14,7
4947,2021-07,25,27,23.600504968151583,49.05230101121734,24.170390338721973,49.65704402816336,59.57986783312098,20210726,3,24.5,0,False,0,0,24022,14,7
4948,2021-07,24,24,22.935377866862336,49.9116287518027,23.56431514766417,47.36286558884337,59.67336809572887,20210726,4,24.4,0,False,0,0,24022,14,7
4949,2021-07,24,24,22.643864172826294,48.97737403548604,23.20644998644951,47.213221307970706,55.06277163884201,20210726,5,24.7,0,False,0,0,24022,14,7
4950,2021-07,26,27,24.037626212153892,50.109218715776315,24.521248979393423,49.83361760605519,57.50772859843866,20210726,6,26.9,0,False,0,0,24022,14,7
4951,2021-07,71,127,61.471058066078086,78.27914601660868,61.14245851728844,79.08917091757586,107.51635547505259,20210726,7,27.9,0,False,0,0,24022,14,7
4952,2021-07,198,217,181.0485477295716,190.0038308183924,182.46551041470698,189.0130397150839,201.6796991716345,20210726,8,29.4,805,False,0,0,24022,14,7
4953,2021-07,184,189,181.86974223268007,186.90045920558103,182.2152792406615,186.3676990411182,195.93945133087308,20210726,9,29.8,1283,False,0,0,24022,14,7
4954,2021-07,185,207,182.23288006079133,186.52633388157005,182.76563722433548,185.84053665611313,197.56695348245114,20210726,10,29.9,1149,False,0,0,24022,14,7
4955,2021-07,190,202,164.58281464517697,184.13614899340072,168.29034156051787,181.90232638892675,193.2870554255161,20210726,11,30.8,3069,False,0,0,24022,14,7
4956,2021-07,113,130,108.83885675085924,118.95201244347807,109.24253776637336,118.306542258997,135.46059759595454,20210726,12,30.7,0,False,0,0,24022,14,7
4957,2021-07,169,180,179.54293302348947,185.32359524201797,179.85825183853908,184.1890269857088,194.53175857228004,20210726,13,31.1,1969,False,0,0,24022,14,7
4958,2021-07,186,199,179.84398228098564,184.8771671241353,181.44500561129732,184.2198940571773,192.7959401401788,20210726,14,30.5,669,False,0,0,24022,14,7
4959,2021-07,158,180,170.67276984346987,176.79806142660723,173.76112149379443,180.24223431296423,188.40399462583164,20210726,15,30.4,2463,False,0,0,24022,14,7
4960,2021-07,169,177,176.4832205046911,179.89159474174184,177.46045522536193,182.17057995755366,189.17576708834818,20210726,16,29.3,1238,False,0,0,24022,14,7
4961,2021-07,136,169,150.7299889728816,158.2170744626903,150.2489158054976,155.69402821702462,177.86276371046256,20210726,17,28.3,6579,False,0,0,24022,14,7
4962,2021-07,175,186,168.84759245052905,175.2495828638271,172.41797876404812,176.2586590392792,180.42892655762822,20210726,18,27.3,1120,False,0,0,24022,14,7
4963,2021-07,157,177,159.9755703908422,167.53303537645525,164.07871647757713,170.42797064326302,178.35391432394803,20210726,19,26.4,3479,False,0,0,24022,14,7
4964,2021-07,102,103,121.81079695518736,130.18610368987584,123.79463075366652,129.58109281796192,137.6092669173734,20210726,20,25.9,19,False,0,0,24022,14,7
4965,2021-07,110,116,111.73242838831402,125.81848670039228,112.03125136658328,125.13409763268096,135.64108214188414,20210726,21,25.6,0,False,0,0,24022,14,7
4966,2021-07,110,116,112.05480295296259,114.51375177409864,114.07994354085162,115.48094708777869,124.98559678477947,20210726,22,24.9,132,False,0,0,24022,14,7
4967,2021-07,95,107,108.85282827654267,112.92191864253353,111.50459297394424,113.00594925938584,126.38994229342194,20210726,23,24.7,48,False,0,0,24022,14,7
4968,2021-07,68,70,77.38782231596143,77.70018412605958,77.96733061132512,77.21286242066473,79.88115381080291,20210727,0,24.8,89,False,0,0,20776,24,7
4969,2021-07,102,110,107.58359334575685,107.81403605767439,108.31255971328089,108.72557054325131,116.52187262515788,20210727,1,24.4,63,False,0,0,20776,24,7
4970,2021-07,115,119,112.4123208660792,115.2167398484333,111.91739587414428,114.84477535670713,120.09790338442114,20210727,2,23.9,4,False,0,0,20776,24,7
4971,2021-07,105,111,111.48546761277369,114.55490064139114,111.54036698539427,113.22813964691458,118.98555989823302,20210727,3,23.5,74,False,0,0,20776,24,7
4972,2021-07,108,114,113.48354938651535,114.99086772321475,112.82141335927547,114.70182568615843,122.1406620427993,20210727,4,23.4,36,False,0,0,20776,24,7
4973,2021-07,89,106,110.59655389799552,113.80666586165978,107.07862717226197,112.36411817602281,123.1866971533971,20210727,5,23.5,2,False,0,0,20776,24,7
4974,2021-07,105,111,115.21276734930329,118.79169751198049,115.03272850811196,118.01823538570294,122.90156699776946,20210727,6,24.9,229,False,0,0,20776,24,7
4975,2021-07,134,161,135.86263897023528,142.56199979398198,131.88074688482152,140.31688461661705,165.480722271043,20210727,7,27.1,1262,False,0,0,20776,24,7
4976,2021-07,194,207,169.3779457212904,180.57022083027118,171.8849646844285,177.46871199968072,186.8553403794143,20210727,8,27.8,1862,False,0,0,20776,24,7
4977,2021-07,181,192,169.47228858776162,180.4996283903191,172.48864820871958,177.27863997983104,189.97001347443157,20210727,9,29.9,593,False,0,0,20776,24,7
4978,2021-07,188,206,168.28588161142088,176.17978082488114,172.7786959375646,177.37561129246544,189.5808113243086,20210727,10,30.0,976,False,0,0,20776,24,7
4979,2021-07,207,211,173.19282420233893,178.95360231790755,176.29586008384445,178.59806928332378,187.91303781011777,20210727,11,30.7,857,False,0,0,20776,24,7
4980,2021-07,110,124,123.9402919279321,128.62388417546467,124.93136661580358,127.5264504600522,143.03749082121416,20210727,12,30.0,184,False,0,0,20776,24,7
4981,2021-07,182,198,165.80236061196732,175.52704025142603,165.89646240543755,172.17219048348818,185.30663484402282,20210727,13,29.7,606,False,0,0,20776,24,7
4982,2021-07,195,199,172.16943486618277,177.05345995901317,174.40655942138082,176.9859382212926,185.40745516250038,20210727,14,29.6,1654,False,0,0,20776,24,7
4983,2021-07,179,201,168.93391664650355,175.76054718597592,168.30805971373937,172.9382622860369,187.06718206865347,20210727,15,29.2,1224,False,0,0,20776,24,7
4984,2021-07,186,187,170.1081765261471,175.59487640322035,172.2880352993351,173.2142976366522,184.27215378036126,20210727,16,28.6,1271,False,0,0,20776,24,7
4985,2021-07,159,184,141.43466080473186,155.28255922020458,143.24064983056462,151.11308922068312,172.17282477197818,20210727,17,28.4,350,False,0,0,20776,24,7
4986,2021-07,169,174,160.7313258802271,169.35240781890295,167.27934148268528,171.092154659873,178.19516990539668,20210727,18,27.1,5796,False,0,0,20776,24,7
4987,2021-07,169,180,161.59980970066584,173.73667881806327,162.90499518323122,171.19652568603286,179.84740865087727,20210727,19,26.4,3392,False,0,0,20776,24,7
4988,2021-07,144,147,126.8959439953224,147.9577973306345,122.99516566647712,140.21258173184512,150.7347860196629,20210727,20,26.0,2,False,0,0,20776,24,7
4989,2021-07,144,148,132.98586270738693,149.67734661816255,134.42651001796267,146.5767821047069,154.13978873310865,20210727,21,25.6,8,False,0,0,20776,24,7
4990,2021-07,129,132,129.28046670724595,142.1436477077979,126.53514000824181,132.09357655356638,146.49652755113695,20210727,22,25.0,41,False,0,0,20776,24,7
4991,2021-07,122,139,123.3389763345185,140.2472116508953,119.759819867639,128.43275627705648,145.18492844004183,20210727,23,24.7,201,False,0,0,20776,24,7
5016,2021-07,68,70,62.329242185280236,74.68753062317207,68.8732415370899,75.5726738975358,75.88285270429883,20210729,0,24.0,0,False,0,0,25698,23,7
5017,2021-07,110,118,98.5510028202571,102.70509339172037,104.67484301941117,109.3373179782124,112.27024357276893,20210729,1,23.5,313,False,0,0,25698,23,7
5018,2021-07,111,118,107.21151592614467,114.02507217516536,114.84698972383315,115.55185527140112,117.16348867892593,20210729,2,23.1,206,False,0,0,25698,23,7
5019,2021-07,110,117,106.77791720783011,113.57660227848426,114.88684741541766,117.58069331932067,116.7327464031368,20210729,3,23.5,49,False,0,0,25698,23,7
5020,2021-07,111,116,107.8304142374655,114.05566847791738,114.92152124803088,115.396290288896,116.60199522775628,20210729,4,23.4,100,False,0,0,25698,23,7
5021,2021-07,94,119,93.93295540288364,101.83858121710385,97.54891913982794,105.2860730424503,112.18030831231152,20210729,5,23.8,156,False,0,0,25698,23,7
5022,2021-07,116,121,111.05907048477047,114.95039723525252,116.16235973415041,119.33485956520902,118.99175069277332,20210729,6,26.0,94,False,0,0,25698,23,7
5023,2021-07,141,159,121.9733978942783,134.57663240677354,129.03355218676464,147.6936682090321,153.34693411217586,20210729,7,27.0,925,False,0,0,25698,23,7
5024,2021-07,192,204,166.77119387140075,177.83133909054746,170.89645080247928,177.74360853715015,185.9573797322204,20210729,8,28.6,909,False,0,0,25698,23,7
5025,2021-07,198,205,166.53106230755216,176.14595198794385,170.35670544288624,176.14523133250452,184.26531992275144,20210729,9,30.1,1181,False,0,0,25698,23,7
5026,2021-07,187,203,161.17990458593485,172.0574156177122,167.10327178201416,175.2924515145431,179.35749178450433,20210729,10,30.5,884,False,0,0,25698,23,7
5027,2021-07,207,211,166.426098797194,174.5218723223869,171.8926044372864,176.94422019335957,181.58664190228924,20210729,11,30.2,1597,False,0,0,25698,23,7
5028,2021-07,112,133,110.89236096215711,119.84365213483595,115.93593095525183,120.50240765533387,128.82873522596591,20210729,12,31.6,200,False,0,0,25698,23,7
5029,2021-07,192,206,164.40996527088157,173.69491205121622,167.86469384128932,175.81224907991717,183.75215364251315,20210729,13,31.6,1480,False,0,0,25698,23,7
5030,2021-07,187,201,165.33498309890084,173.1432104384037,172.31539043711246,175.99848509945983,180.21896109378795,20210729,14,30.7,3092,False,0,0,25698,23,7
5031,2021-07,164,186,159.42924890927267,168.64696807707665,163.45010103457133,171.40693502930353,179.35114144081345,20210729,15,30.3,2184,False,0,0,25698,23,7
5032,2021-07,166,172,161.86134148483487,171.51261383963734,169.3968618477287,176.90082989087765,177.12687125232185,20210729,16,29.7,2656,False,0,0,25698,23,7
5033,2021-07,129,152,131.17292567170668,164.94074393488336,132.99623207816373,161.27974997076524,176.7494485420519,20210729,17,29.9,735,False,0,0,25698,23,7
5034,2021-07,174,180,157.63722811268542,170.1477990840416,168.29602625099776,175.61954177981977,176.20785266718636,20210729,18,28.2,5687,False,0,0,25698,23,7
5035,2021-07,169,181,155.24744703954727,167.82157126708253,156.04893477520156,170.5111703597927,172.6416805673482,20210729,19,27.5,2616,False,0,0,25698,23,7
5036,2021-07,128,134,131.64555973945076,142.63514499459419,130.40495478348797,146.4448130737142,149.7678259285224,20210729,20,26.9,149,False,0,0,25698,23,7
5037,2021-07,126,131,127.70225043426258,144.26375792752762,123.93857155643597,137.114341906085,144.6949343402608,20210729,21,25.8,131,False,0,0,25698,23,7
5038,2021-07,122,130,127.10662638794928,140.68247341849542,121.59817349226802,131.3082053106443,142.8543169731242,20210729,22,25.3,180,False,0,0,25698,23,7
5039,2021-07,114,127,121.26005583693556,137.76855383562398,118.97637320366755,127.26965059054594,138.74528963354487,20210729,23,25.2,174,False,0,0,25698,23,7
5064,2021-07,23,24,24.649436825363065,45.37167138546926,35.44414684500063,42.10086065382104,36.895327157995915,20210731,0,25.1,0,True,1,0,0,0,7
5065,2021-07,21,21,34.31017220279214,48.328597857912676,47.55207906098398,50.617959508663915,42.17611659424198,20210731,1,25.4,0,True,1,0,0,0,7
5066,2021-07,21,21,34.449263721570055,48.16894800185087,47.08408417443377,53.674100056899384,42.07114977831713,20210731,2,24.4,0,True,1,0,0,0,7
5067,2021-07,21,21,31.41073358527019,46.958687206033936,44.296570909027245,49.72695400451206,41.89161376897132,20210731,3,24.0,0,True,1,0,0,0,7
5068,2021-07,23,26,34.80951572187103,48.619807232707196,46.746316167681776,53.97383968661484,41.96307112711628,20210731,4,23.9,0,True,1,0,0,0,7
5069,2021-07,20,21,26.954977110906963,46.27720298216345,37.088216328297726,50.80348486447527,41.317114164349725,20210731,5,23.6,0,True,1,0,0,0,7
5070,2021-07,21,21,31.91966337048325,46.94617872518844,45.77265760075111,47.39356257927434,41.53804229966129,20210731,6,26.4,0,True,1,0,0,0,7
5071,2021-07,22,23,23.072812810167488,41.221142442664224,33.75786236934808,31.935747584771537,34.701006044630894,20210731,7,28.3,0,True,1,0,0,0,7
5072,2021-07,21,21,22.56498384917312,22.661145640604104,33.86289136047458,29.087827394716708,18.2487891064866,20210731,8,29.8,0,True,1,0,0,0,7
5073,2021-07,21,21,21.276516165743796,22.69922101697182,32.71750874734718,29.39430793720757,18.058008294884292,20210731,9,31.3,0,True,1,0,0,0,7
5074,2021-07,22,23,21.43880360764395,22.606864146087087,32.57862458682731,30.689894180562987,18.36120557524224,20210731,10,32.4,0,True,1,0,0,0,7
5075,2021-07,23,26,22.626396945024737,22.794936693263555,33.37214934947355,30.254845671461975,19.069151490011688,20210731,11,32.7,0,True,1,0,0,0,7
5076,2021-07,21,21,22.17859500671956,36.41401413075601,30.737175269246098,30.082957366788083,32.7330644697041,20210731,12,32.8,0,True,1,0,0,0,7
5077,2021-07,21,21,21.432985016423753,22.43030767179317,32.24261892738544,28.33955143048729,16.484206230224764,20210731,13,32.1,0,True,1,0,0,0,7
5078,2021-07,22,25,21.623544053483055,22.446329984345642,32.14353891229041,28.551071508399236,16.43222030002296,20210731,14,30.8,0,True,1,0,0,0,7
5079,2021-07,22,23,22.85327316418203,23.298163945975883,31.075582354763153,20.831983584196266,19.080744859316145,20210731,15,29.5,0,True,1,0,0,0,7
5080,2021-07,21,21,21.887033003736352,22.69933111364867,30.01169389728766,29.298374301123896,16.420709904013915,20210731,16,28.4,0,True,1,0,0,0,7
5081,2021-07,21,21,21.654132499558216,22.367234391469633,30.641926213627944,23.470596855501615,17.27720560519953,20210731,17,28.5,0,True,1,0,0,0,7
5082,2021-07,23,28,22.64648470628251,23.28987804506616,32.926658872736,30.6298026099449,17.599829398047095,20210731,18,28.4,0,True,1,0,0,0,7
5083,2021-07,21,21,22.429931184860365,23.070207871417974,31.064814852807093,23.799614077400832,17.502776886970665,20210731,19,28.0,0,True,1,0,0,0,7
5084,2021-07,21,21,21.936540667072055,37.65050951168986,30.99893971767275,31.918439456665265,31.724113334712754,20210731,20,27.6,0,True,1,0,0,0,7
5085,2021-07,23,25,22.96584271531863,37.19924381562487,31.599068687619223,32.9922302676082,31.695386308841886,20210731,21,27.6,0,True,1,0,0,0,7
5086,2021-07,21,21,23.21465234962281,37.97483717403552,31.751433174474332,33.904531446062386,31.31349677758905,20210731,22,27.6,0,True,1,0,0,0,7
5087,2021-07,21,21,22.469679017196967,37.84389878353578,31.196620898340388,32.618671756404304,31.917724220216456,20210731,23,27.6,0,True,1,0,0,0,7
5088,2021-08,21,21,27.868787250156743,36.73101092356214,24.939366952493007,35.55165520649664,43.36126297019853,20210801,0,27.4,0,True,1,0,0,0,8
5089,2021-08,23,26,27.934041471543626,36.61915484652814,24.475775045203168,32.02441574062817,43.35573786896446,20210801,1,27.2,0,True,1,0,0,0,8
5090,2021-08,21,21,27.974780113904753,35.654557616891516,23.98613776880859,33.07848184588991,41.66865496169283,20210801,2,25.5,0,True,1,0,0,0,8
5091,2021-08,21,21,27.524896693564937,35.58374441736119,23.785375459872412,30.4192685575738,41.409829017638366,20210801,3,25.2,0,True,1,0,0,0,8
5092,2021-08,22,25,27.455507211004942,35.61769559092239,23.624978036792672,33.003546906152295,41.10548505166372,20210801,4,24.9,0,True,1,0,0,0,8
5093,2021-08,22,24,27.153526170426158,35.645284146424906,23.503243302030977,34.264652675786,41.19463593759179,20210801,5,24.8,0,True,1,0,0,0,8
5094,2021-08,20,21,27.5218609488074,34.868871466546146,23.84912433875535,31.219623838803738,41.25562156113531,20210801,6,26.0,0,True,1,0,0,0,8
5095,2021-08,20,21,27.528098973200972,37.70581082668466,24.13448196262367,24.977569260295255,49.050380236787475,20210801,7,27.9,0,True,1,0,0,0,8
5096,2021-08,23,28,27.051749118201787,59.94561096931025,24.181114058602066,36.15234901899813,62.5651978493151,20210801,8,29.2,0,True,1,0,0,0,8
5097,2021-08,22,24,27.436385238236998,60.404145362581396,24.519695835360267,35.99945857543156,61.752810020231074,20210801,9,31.0,0,True,1,0,0,0,8
5098,2021-08,21,21,27.29801706169245,60.3145137031055,24.37033677492626,36.031341061086444,61.52608057612934,20210801,10,31.3,0,True,1,0,0,0,8
5099,2021-08,21,21,27.335006718012963,60.71186269414314,24.31872216716845,36.00698018339964,61.511873042855974,20210801,11,32.6,0,True,1,0,0,0,8
5100,2021-08,23,25,26.864032516594182,39.53429314153265,23.42031222175831,33.631297779785605,48.336112603210125,20210801,12,31.9,0,True,1,0,0,0,8
5101,2021-08,21,21,26.99600952037593,60.71080392611531,24.29707311088103,35.888403826732805,61.16168318202207,20210801,13,30.0,0,True,1,0,0,0,8
5102,2021-08,21,21,27.139743012647482,60.361554924018776,24.1474338358656,35.41438616729437,61.437725259624756,20210801,14,28.7,0,True,1,0,0,0,8
5103,2021-08,22,23,27.16531658606101,58.81072741647366,24.00372862218065,32.94873844333807,61.42322867689808,20210801,15,28.7,0,True,1,0,0,0,8
5104,2021-08,23,25,27.194661710079885,58.72884295050115,23.944402562035616,34.79185067285024,60.76258184284196,20210801,16,28.7,0,True,1,0,0,0,8
5105,2021-08,21,21,27.057204206093758,58.15799604966373,24.00877066925389,32.63650672068341,60.671972094155215,20210801,17,28.5,0,True,1,0,0,0,8
5106,2021-08,20,21,27.36783685400174,58.524433635768126,24.337943652119076,35.18723074808822,60.719676627175595,20210801,18,28.3,0,True,1,0,0,0,8
5107,2021-08,21,22,27.44900832386735,58.10316114529474,24.410932822752986,30.776517529068144,57.805089183951374,20210801,19,27.2,0,True,1,0,0,0,8
5108,2021-08,23,26,27.924730469156078,38.190641982716755,24.359698280235786,35.98092477054811,47.08627632243358,20210801,20,26.7,0,True,1,0,0,0,8
5109,2021-08,22,22,27.936765646506245,37.76614617037126,24.091229206723323,33.67106622178151,45.82510609325319,20210801,21,25.9,0,True,1,0,0,0,8
5110,2021-08,22,23,27.80487483204979,37.68149622455402,23.957025497199727,34.75147050776004,45.52658942190056,20210801,22,26.0,0,True,1,0,0,0,8
5111,2021-08,22,24,28.437036248001377,38.679910403976926,25.20328813578979,35.713593411377566,47.23323632010598,20210801,23,26.3,0,True,1,0,0,0,8
5112,2021-08,21,23,21.072421097631032,25.792758279836892,22.919020162399963,21.155612028093177,24.032893244469335,20210802,0,26.0,0,True,0,0,0,0,8
5113,2021-08,21,21,20.57397065153525,24.167005548352716,21.463955399907217,15.822451793219221,21.264178949729175,20210802,1,25.9,0,True,0,0,0,0,8
5114,2021-08,21,21,19.95481028678945,24.239646149802002,20.64948064987145,17.689372557722383,21.01215818531706,20210802,2,25.5,0,True,0,0,0,0,8
5115,2021-08,23,26,20.250636623450372,23.278197286279404,20.813091781756597,15.799304540606792,19.41775729974566,20210802,3,25.5,0,True,0,0,0,0,8
5116,2021-08,21,21,20.50266289924006,22.32161536191414,21.244404159858437,18.108649330415165,20.225816440545653,20210802,4,25.3,0,True,0,0,0,0,8
5117,2021-08,21,21,19.774643947325703,23.12736813392365,21.114237294541702,18.377075383499065,20.7698099992898,20210802,5,25.4,0,True,0,0,0,0,8
5118,2021-08,22,25,20.836350240960993,24.532073018837863,21.293556450322708,18.384527164842666,21.701983516603946,20210802,6,26.3,0,True,0,0,0,0,8
5119,2021-08,21,24,20.42398976417564,39.168679243102154,21.589530745230707,35.82158338529408,44.82741741412483,20210802,7,26.7,0,True,0,0,0,0,8
5120,2021-08,20,21,21.493038921230447,127.22679589186096,28.975421575899947,120.59302782714325,121.03105942293736,20210802,8,28.4,0,True,0,0,0,0,8
5121,2021-08,21,21,21.255041734331783,124.30741376308025,27.991617653185557,114.02439339776646,116.59987239106938,20210802,9,28.5,0,True,0,0,0,0,8
5122,2021-08,22,25,21.484187055980968,135.96328000915912,29.35455494688271,124.70407427328291,117.63975468784537,20210802,10,31.6,0,True,0,0,0,0,8
5123,2021-08,21,21,21.255348836259646,126.59889947873482,28.307972336128557,119.75277871804376,118.32586098326449,20210802,11,28.8,0,True,0,0,0,0,8
5124,2021-08,21,21,21.756067227106517,48.156195188260654,26.024525275418103,51.87090990012563,46.82790637814488,20210802,12,27.3,0,True,0,0,0,0,8
5125,2021-08,22,23,20.297224060596804,125.62030571144942,26.54358927696435,113.14939146612541,108.35274219685392,20210802,13,29.9,0,True,0,0,0,0,8
5126,2021-08,23,25,22.24886573497078,134.15764885924068,29.52640178933919,122.13232896345214,116.7278518534993,20210802,14,31.3,0,True,0,0,0,0,8
5127,2021-08,21,21,19.409577673800133,116.7639773359263,25.31644563679822,102.58908461411549,106.57768737501664,20210802,15,32.0,0,True,0,0,0,0,8
5128,2021-08,21,21,20.67239411380924,126.29741983939535,26.296321722977535,112.96561410349142,107.84599376459296,20210802,16,31.0,0,True,0,0,0,0,8
5129,2021-08,22,24,18.2670039019929,95.2400350434204,22.90050902448117,78.91820262912313,83.69252016240492,20210802,17,30.1,0,True,0,0,0,0,8
5130,2021-08,22,26,20.73188688260854,121.29488367785738,27.505955727485496,111.75197475521581,110.73206475000836,20210802,18,29.3,0,True,0,0,0,0,8
5131,2021-08,21,21,18.699740658257458,96.08631012350673,24.206574979294675,87.85063358013254,88.50751570015628,20210802,19,28.4,0,True,0,0,0,0,8
5132,2021-08,22,24,34.410612957848464,45.675738870888715,42.443581066139224,52.790170588765015,44.20469131486319,20210802,20,27.6,0,True,0,0,0,0,8
5133,2021-08,22,24,30.925043248683185,40.21668054553319,38.5475315006484,49.28555362950275,41.80750176678475,20210802,21,26.9,0,True,0,0,0,0,8
5134,2021-08,22,24,34.733388773977076,47.96834398655138,41.50780576137162,56.47886516342961,41.736690496355315,20210802,22,26.7,0,True,0,0,0,0,8
5135,2021-08,21,21,33.08326039191834,45.80334122612502,40.02699730143292,52.920282747593056,40.77120655369358,20210802,23,25.6,0,True,0,0,0,0,8
5136,2021-08,21,22,22.095935344459818,41.934421855808075,22.979178739104587,40.63301039890758,39.565953230908036,20210803,0,25.5,0,True,0,0,0,0,8
5137,2021-08,23,26,34.77325085561426,51.01633604987942,43.80814250152088,50.81101893002798,42.580157174410935,20210803,1,24.6,0,True,0,0,0,0,8
5138,2021-08,21,21,23.176235387593504,50.848049191101715,29.423859191606102,57.94433647004351,45.29623591536336,20210803,2,23.9,0,True,0,0,0,0,8
5139,2021-08,21,22,37.980982637679894,48.92098447369364,46.75481622532704,53.44962905943828,42.868143182841926,20210803,3,24.3,0,True,0,0,0,0,8
5140,2021-08,21,21,35.786825674764906,48.77282919863725,44.40945469353078,55.99350212392847,43.35602228620426,20210803,4,23.9,0,True,0,0,0,0,8
5141,2021-08,22,24,30.066086973543822,44.77267877406026,36.10006023912416,50.4602386135731,41.949034079316355,20210803,5,24.1,0,True,0,0,0,0,8
5142,2021-08,21,21,37.25610404176123,47.280052864355646,46.32697069345172,53.129923617572445,41.786583919597035,20210803,6,25.3,0,True,0,0,0,0,8
5143,2021-08,20,21,20.90527470093817,52.89302279382829,24.385313136007472,58.58588334421904,59.95806083102985,20210803,7,25.7,0,True,0,0,0,0,8
5144,2021-08,22,25,24.62843454929234,110.38035425870727,30.675074135039438,115.71852878206037,107.87131147860724,20210803,8,26.7,0,True,0,0,0,0,8
5145,2021-08,21,21,24.356455723440842,113.0227535218501,30.036501826757874,110.99447799538201,107.21891427649358,20210803,9,27.1,0,True,0,0,0,0,8
5146,2021-08,21,21,24.8288037791031,123.04520645300305,31.272206587820957,119.24579858278668,118.28840735572975,20210803,10,27.6,0,True,0,0,0,0,8
5147,2021-08,22,24,24.210073239659284,137.01242038666228,30.298391830699302,124.25758064680171,119.3356565628377,20210803,11,29.5,0,True,0,0,0,0,8
5148,2021-08,23,25,34.71029911251417,54.071140566925465,41.85014804571101,51.29073363656095,47.07084136592471,20210803,12,30.9,0,True,0,0,0,0,8
5149,2021-08,21,21,22.972776273540976,112.89048788614976,28.94754534455383,100.71685212765686,103.01428134701911,20210803,13,29.9,0,True,0,0,0,0,8
5150,2021-08,21,22,23.533386961480744,126.12447985765594,29.780458727998706,117.59262976055277,116.90050715513512,20210803,14,28.4,0,True,0,0,0,0,8
5151,2021-08,23,26,21.610193369284545,125.45805343360688,26.053908618901037,109.72740287962863,110.811865196617,20210803,15,29.5,0,True,0,0,0,0,8
5152,2021-08,22,24,23.99795745553835,132.68563193767582,29.85450425808261,118.28671517940786,116.49601504180212,20210803,16,29.4,0,True,0,0,0,0,8
5153,2021-08,21,21,22.0227395794693,93.23268728566389,25.038275653185877,86.54301925152897,88.78351860445166,20210803,17,29.0,0,True,0,0,0,0,8
5154,2021-08,22,24,23.033924617698812,108.8760722615188,29.236482343373954,100.18490764163573,105.44742140841367,20210803,18,28.1,0,True,0,0,0,0,8
5155,2021-08,23,25,22.475581120092247,111.7407301345071,27.6092219779226,103.98633345330035,108.39480706988807,20210803,19,27.4,0,True,0,0,0,0,8
5156,2021-08,21,22,22.675722002584262,61.80632122702178,26.648192430330425,64.64740985288843,68.91206659562346,20210803,20,27.3,0,True,0,0,0,0,8
5157,2021-08,22,22,22.867333348698992,61.92671096022608,26.26120399523457,63.35533531336032,68.92419264769916,20210803,21,27.3,0,True,0,0,0,0,8
5158,2021-08,21,21,22.236471152669086,51.46920201161375,27.51500213837077,55.145475984013956,52.998734841470316,20210803,22,25.9,0,True,0,0,0,0,8
5159,2021-08,23,26,22.063660245259484,48.51035335114065,27.205215579684037,51.23837406806046,51.61054757726069,20210803,23,25.6,0,True,0,0,0,0,8
5160,2021-08,21,21,29.079995332814775,43.29106504724822,31.391871289937075,46.315477498710834,43.1289694893787,20210804,0,25.9,0,True,0,0,0,0,8
5161,2021-08,21,21,23.85996278510517,50.826624391775375,27.782691943292473,53.15404036266506,46.80438846046883,20210804,1,24.7,0,True,0,0,0,0,8
5162,2021-08,20,21,24.15410742848862,53.270562316322234,30.246169571508187,54.87229265961523,45.54839722315348,20210804,2,24.3,0,True,0,0,0,0,8
5163,2021-08,22,25,23.80256076623897,53.557391307828404,28.001060897295684,55.567417585524026,49.139299516553386,20210804,3,24.4,0,True,0,0,0,0,8
5164,2021-08,21,21,23.801352869716435,49.38558164397019,29.478608788733208,54.65825431727961,45.322966307434456,20210804,4,24.1,0,True,0,0,0,0,8
5165,2021-08,21,21,33.52027325148972,50.394398351503504,42.7618274285374,53.96042139092615,43.271887595452505,20210804,5,24.3,0,True,0,0,0,0,8
5166,2021-08,23,26,26.282293376828274,53.26667254088633,29.301626027181083,56.03905508386328,52.090839487756135,20210804,6,26.6,0,True,0,0,0,0,8
5167,2021-08,20,21,23.27833880123742,77.45704238110149,26.339171979711782,77.01404524788619,82.09195137891602,20210804,7,28.0,0,True,0,0,0,0,8
5168,2021-08,21,23,24.808139894425654,136.5427489582922,30.882758982877533,124.53651011637164,121.43027368281689,20210804,8,29.6,0,True,0,0,0,0,8
5169,2021-08,21,21,24.788451717621836,139.06627687250605,30.974496873810974,125.83770019186723,119.33380518672192,20210804,9,31.3,0,True,0,0,0,0,8
5170,2021-08,22,25,25.412703511107143,138.8833369167794,31.10394215503816,124.6506779221852,119.26296790426518,20210804,10,32.3,0,True,0,0,0,0,8
5171,2021-08,21,21,24.628289232623903,138.82095635621454,30.904118203163847,125.59463746929517,119.17269840295971,20210804,11,32.9,0,True,0,0,0,0,8
5172,2021-08,21,21,22.33430262725612,60.742113428501135,24.42167907360057,56.19166546936384,51.275863243733276,20210804,12,32.0,0,True,0,0,0,0,8
5173,2021-08,22,25,24.264470738901526,136.30896882959766,30.644497591383928,122.99323393771503,117.8781673971763,20210804,13,32.6,0,True,0,0,0,0,8
5174,2021-08,22,24,23.944368852825544,136.07669596766257,30.299938674611994,122.8606160363115,116.80677620196575,20210804,14,31.9,0,True,0,0,0,0,8
5175,2021-08,22,24,22.422457697937073,107.90942515561069,26.93976374161237,97.29921623469801,99.20130708039238,20210804,15,32.0,0,True,0,0,0,0,8
5176,2021-08,21,22,23.33511372513897,128.03620132087863,27.578172139147622,113.28557357937763,108.08435968318372,20210804,16,31.9,0,True,0,0,0,0,8
5177,2021-08,23,26,22.97021596921647,95.11069796135371,25.43797902190372,77.99789672018396,83.42432856502882,20210804,17,30.5,0,True,0,0,0,0,8
5178,2021-08,21,22,22.392252609210214,123.04711726350241,28.184627499904327,111.33748879348907,113.03930427586666,20210804,18,29.5,0,True,0,0,0,0,8
5179,2021-08,21,21,23.378056203474305,95.46176688059883,26.56459536675386,83.78216716013306,89.67465333894319,20210804,19,28.3,0,True,0,0,0,0,8
5180,2021-08,21,21,35.060558271395045,47.55429864304841,42.29772637631016,54.45481807769196,48.109255567237575,20210804,20,27.6,0,True,0,0,0,0,8
5181,2021-08,23,26,34.414590211594074,44.09112489214294,41.286485949408096,53.741073849683886,47.108391391342714,20210804,21,26.6,0,True,0,0,0,0,8
5182,2021-08,21,21,39.407997689852444,49.19084349849089,46.86363375683155,57.06567017028427,42.73870795080003,20210804,22,26.3,0,True,0,0,0,0,8
5183,2021-08,21,22,38.6501235264393,48.94992926185904,47.08530931533415,56.79888254497046,44.07910402284284,20210804,23,25.9,0,True,0,0,0,0,8
5184,2021-08,21,21,22.40179506236602,42.0258631737421,22.706633782396366,40.909204543400385,39.82788963826996,20210805,0,25.7,0,True,0,0,0,0,8
5185,2021-08,22,25,33.66899367792533,51.59943808869434,41.42729103238049,50.76521318667668,44.086146886468704,20210805,1,25.6,0,True,0,0,0,0,8
5186,2021-08,21,21,35.86108167289623,50.07419899154407,43.846970355096914,56.973563926493036,44.08687836581246,20210805,2,25.1,0,True,0,0,0,0,8
5187,2021-08,21,21,36.05521656709934,51.77904263950304,43.73251743769061,52.689046850861,44.0858922246583,20210805,3,24.9,0,True,0,0,0,0,8
5188,2021-08,22,25,35.43024519431645,50.287149950349466,43.677483692975386,56.81975271455563,43.420528723877794,20210805,4,24.4,0,True,0,0,0,0,8
5189,2021-08,21,22,27.795728319764958,45.35427263604671,35.066869585299706,50.28199283967384,42.168931283499425,20210805,5,24.5,0,True,0,0,0,0,8
5190,2021-08,21,22,26.402343343565658,50.627567275279965,30.793612210117715,55.59903551102432,47.753664536919224,20210805,6,27.1,0,True,0,0,0,0,8
5191,2021-08,20,20,23.200045134757108,67.52803824947438,25.852017024343414,65.91238868767219,70.18557074918157,20210805,7,28.4,0,True,0,0,0,0,8
5192,2021-08,22,24,25.040889255754873,137.69286333675598,30.47851700319035,126.09718715248825,121.43213196141579,20210805,8,30.4,0,True,0,0,0,0,8
5193,2021-08,21,21,24.47377242185864,138.1966839585515,30.27525705336608,125.58182096172324,120.03836445310996,20210805,9,31.3,0,True,0,0,0,0,8
5194,2021-08,21,21,25.321810952462567,137.60464980508743,31.134684694473197,124.98882089369867,120.24920512290116,20210805,10,32.3,0,True,0,0,0,0,8
5195,2021-08,22,25,25.017651532708186,139.03791406143162,30.90738760031424,125.78224564798474,119.81664221195528,20210805,11,32.3,0,True,0,0,0,0,8
5196,2021-08,22,24,23.51157100231282,54.592315892322574,28.920652033932015,57.170762860395904,50.060949674994525,20210805,12,32.8,0,True,0,0,0,0,8
5197,2021-08,22,24,23.84779449080246,134.7554526761289,29.60842347779275,122.4798675124858,119.13164430268796,20210805,13,32.3,0,True,0,0,0,0,8
5198,2021-08,21,22,25.124356225453358,136.3448654387572,30.499171135456418,122.06309152988074,117.17594531257912,20210805,14,33.3,0,True,0,0,0,0,8
5199,2021-08,23,25,21.27998663605224,113.73768089268498,25.60203817130187,99.7758162798163,106.42251709439184,20210805,15,32.6,0,True,0,0,0,0,8
5200,2021-08,22,22,21.47252353781671,127.46422425704868,25.19859295314701,112.33099675750724,109.85986911724366,20210805,16,31.8,0,True,0,0,0,0,8
5201,2021-08,22,22,23.663782680059427,91.73647456452011,24.645491072699162,71.12906560331034,77.88919405489759,20210805,17,31.5,0,True,0,0,0,0,8
5202,2021-08,21,21,22.834520360826676,125.24028285924267,27.727416040406283,110.92418336311901,110.25983903985126,20210805,18,30.0,0,True,0,0,0,0,8
5203,2021-08,22,25,22.119600838948255,108.92731994209102,27.02308636387492,93.60808022015367,96.27867863661727,20210805,19,29.5,0,True,0,0,0,0,8
5204,2021-08,21,22,23.880111397067495,56.47364514940631,26.37862370700861,63.15985381957362,66.47024804047936,20210805,20,29.0,0,True,0,0,0,0,8
5205,2021-08,21,22,24.05832393175712,49.48502802843015,26.649188854538163,50.91911805184546,55.02375329370747,20210805,21,27.8,0,True,0,0,0,0,8
5206,2021-08,22,23,23.449853095426352,47.86463840615656,27.73375458372431,51.64766596075055,53.038033907939415,20210805,22,26.8,0,True,0,0,0,0,8
5207,2021-08,23,26,23.66501798587881,45.47120297466057,29.367720590259353,53.96357316086462,51.4995477498548,20210805,23,26.6,0,True,0,0,0,0,8
5208,2021-08,21,21,29.124503901948277,45.531810082615095,30.980921190660965,46.245549694153446,44.180160437867535,20210806,0,25.6,0,True,0,0,0,0,8
5209,2021-08,21,21,24.231799047614743,52.96119459844863,28.10647519097567,53.564142146181894,50.29813063754515,20210806,1,25.6,0,True,0,0,0,0,8
5210,2021-08,20,21,23.961092778569054,51.16413901400452,29.568494280273203,55.25913405444106,48.859691453717716,20210806,2,25.0,0,True,0,0,0,0,8
5211,2021-08,22,25,24.221359436039474,54.759605309642524,28.081595406520123,55.332757527392324,52.7991534551521,20210806,3,25.4,0,True,0,0,0,0,8
5212,2021-08,22,23,24.610147756006672,54.28857625067209,29.936225402208606,54.74764470977451,48.6640109808316,20210806,4,24.8,0,True,0,0,0,0,8
5213,2021-08,21,21,33.616767402119955,50.834780903792854,41.70380153068801,53.865504878381536,47.06518204834302,20210806,5,24.9,0,True,0,0,0,0,8
5214,2021-08,22,25,26.301534308124587,54.80266554434727,29.191860449596373,54.60225598231324,56.50267024174519,20210806,6,26.7,0,True,0,0,0,0,8
5215,2021-08,20,21,22.950177886242276,84.28079289895079,25.79572860238228,78.47635565177497,89.38040319550369,20210806,7,28.5,0,True,0,0,0,0,8
5216,2021-08,20,21,25.514634012059684,141.546634661208,31.024133705859573,126.2536376478922,132.02503490040473,20210806,8,30.7,0,True,0,0,0,0,8
5217,2021-08,21,21,25.425853345983015,142.2473302392158,30.975043163005427,125.50138744291876,130.50109546480167,20210806,9,31.8,0,True,0,0,0,0,8
5218,2021-08,24,25,25.669863376686767,142.24297051851286,30.733791246816946,124.8904006235374,130.14646019540737,20210806,10,32.7,0,True,0,0,0,0,8
5219,2021-08,24,25,25.005605268417003,141.75053981570505,30.61348108454062,125.67220185940546,130.11162076033818,20210806,11,32.7,0,True,0,0,0,0,8
5220,2021-08,24,24,25.942169176797876,61.984784831348726,26.338728528290535,57.58752217494054,55.88431332625828,20210806,12,32.7,0,True,0,0,0,0,8
5221,2021-08,23,24,25.00871041527293,139.35412036843158,30.45049597902339,122.1670725368524,128.51176838432204,20210806,13,32.9,0,True,0,0,0,0,8
5222,2021-08,24,27,25.003739202756435,139.0295939470749,30.468801432067966,122.5977429640456,127.87842406227564,20210806,14,32.2,0,True,0,0,0,0,8
5223,2021-08,22,22,23.247933632491414,128.61569703266497,27.406821414191878,112.00618848511353,118.48560699992561,20210806,15,32.0,0,True,0,0,0,0,8
5224,2021-08,22,22,23.63751390657235,132.63298528107336,27.659648178025847,113.88312794096503,119.54270075527283,20210806,16,31.3,0,True,0,0,0,0,8
5225,2021-08,23,25,22.890427034243658,99.11039397598022,24.699359857290318,79.12989529154544,96.74127008000919,20210806,17,31.4,0,True,0,0,0,0,8
5226,2021-08,22,22,23.02049661009956,129.51982341480837,27.65474046148876,112.67580363072608,124.37995170435995,20210806,18,29.7,0,True,0,0,0,0,8
5227,2021-08,21,21,22.04231759886983,90.6755994061241,25.274902248948592,76.9579108924395,97.94612473976349,20210806,19,28.6,0,True,0,0,0,0,8
5228,2021-08,21,21,39.389708112557145,49.33408882414958,45.1211115011578,57.69955757498727,48.5730758095137,20210806,20,27.9,0,True,0,0,0,0,8
5229,2021-08,23,26,38.257202276498695,50.31872246595413,44.6332908900935,56.63881217766734,49.33171358867644,20210806,21,27.4,0,True,0,0,0,0,8
5230,2021-08,21,21,38.187394362792276,52.716282106022895,45.4277505162242,55.15646473929386,49.29955522221536,20210806,22,27.4,0,True,0,0,0,0,8
5231,2021-08,21,21,40.212569813227454,50.034164707458444,46.19953078731817,56.22100005733679,49.311373755092156,20210806,23,26.7,0,True,0,0,0,0,8
5232,2021-08,22,24,23.53913363949736,42.66761709406103,25.220937593553334,38.71401906093417,42.242782644554644,20210807,0,26.2,0,True,1,0,0,0,8
5233,2021-08,22,25,23.332451796704703,44.75042845727719,29.25621874444127,37.51327433239175,42.70081385869123,20210807,1,25.8,0,True,1,0,0,0,8
5234,2021-08,21,21,21.80682281491974,44.679111739575035,29.215830266992352,40.02966178806261,42.23226213274937,20210807,2,25.9,0,True,1,0,0,0,8
5235,2021-08,21,21,21.443246771277387,44.61238460238425,29.387745112153965,37.497223599764894,42.83609757485096,20210807,3,26.1,0,True,1,0,0,0,8
5236,2021-08,21,21,23.168081335452598,44.85578956460415,29.038721849797344,40.08143083421725,42.54240526438238,20210807,4,25.9,0,True,1,0,0,0,8
5237,2021-08,22,24,22.10074940535814,43.471559569388525,25.623511650804527,40.267428545925675,43.29317876562575,20210807,5,26.1,0,True,1,0,0,0,8
5238,2021-08,21,21,22.3851241142884,43.97349303534361,29.730934035196444,38.26066357668624,43.1252087059672,20210807,6,26.6,0,True,1,0,0,0,8
5239,2021-08,21,21,22.823097294912973,42.36944140947232,24.444151478789063,36.29205404826919,49.76162054638284,20210807,7,28.1,0,True,1,0,0,0,8
5240,2021-08,22,25,22.19620163325979,57.59113326883801,22.968203282723326,38.66574093181874,51.382222319504514,20210807,8,30.2,0,True,1,0,0,0,8
5241,2021-08,22,24,21.90816133105405,57.195881406309034,22.720556655743575,39.03398908745291,50.10321968326232,20210807,9,30.6,0,True,1,0,0,0,8
5242,2021-08,21,21,21.7030546194004,57.613331047195096,22.44747125095265,38.833874776324286,49.97766499054368,20210807,10,31.9,0,True,1,0,0,0,8
5243,2021-08,21,21,21.926411516369768,59.63808959592287,22.528875634717647,39.24550350255722,55.2038098431614,20210807,11,33.4,0,True,1,0,0,0,8
5244,2021-08,23,26,20.914985695391533,30.426074016599358,21.122608835210382,26.55427154871644,34.61755676321493,20210807,12,32.9,0,True,1,0,0,0,8
5245,2021-08,21,21,21.5143497153435,56.681923157075886,22.318405468855094,38.52121404947695,49.89362548463575,20210807,13,32.9,0,True,1,0,0,0,8
5246,2021-08,21,21,21.496188593472638,56.70395252654208,22.236379598473874,38.151461270434396,49.67825586877268,20210807,14,32.3,0,True,1,0,0,0,8
5247,2021-08,21,22,21.80478457450525,55.97365115138046,22.345467938285868,35.42361509784331,51.55881333364803,20210807,15,31.6,0,True,1,0,0,0,8
5248,2021-08,24,25,21.528179080804346,54.87324375745868,22.126543590937498,37.45595902730213,48.80126314111994,20210807,16,31.4,0,True,1,0,0,0,8
5249,2021-08,21,21,21.411494792812267,54.509494056314516,22.248202218621177,33.00602873490869,48.75912716027066,20210807,17,29.7,0,True,1,0,0,0,8
5250,2021-08,21,21,21.83484527426499,55.42319288081842,22.55016325641805,37.33628862093312,48.47431361194534,20210807,18,28.6,0,True,1,0,0,0,8
5251,2021-08,22,24,21.810341576680983,55.058794530846,22.544463823208563,31.986355547438635,48.325220245912476,20210807,19,28.2,0,True,1,0,0,0,8
5252,2021-08,23,26,21.76108422324478,28.954336889744667,22.36216818811327,27.68986988938279,33.895103579333615,20210807,20,28.2,0,True,1,0,0,0,8
5253,2021-08,22,22,22.078632510621233,29.012669671200793,22.30829479142354,26.652563263624263,34.954501942422844,20210807,21,28.0,0,True,1,0,0,0,8
5254,2021-08,21,21,22.413361738095407,30.92911573575853,22.504916737494526,28.456232116077675,36.00831844971565,20210807,22,26.8,0,True,1,0,0,0,8
5255,2021-08,23,25,21.812878867767505,28.388116676716226,22.25289083055173,26.382331733450055,34.59073342639428,20210807,23,26.2,0,True,1,0,0,0,8
5256,2021-08,21,21,26.333426453014113,35.81365274408688,23.87013729140141,34.221292198288864,41.45631614314732,20210808,0,25.1,0,True,1,0,0,0,8
5257,2021-08,21,21,26.071356451326874,35.420532725595265,23.268460356058707,30.185744460234506,40.832259463869796,20210808,1,24.1,0,True,1,0,0,0,8
5258,2021-08,21,21,26.15075543335313,35.44653732640493,23.363570633847292,32.73175121235809,40.41665845097286,20210808,2,23.9,0,True,1,0,0,0,8
5259,2021-08,23,24,26.057887921293787,35.53063801308681,23.273630801156845,30.100938378768674,40.83181573653229,20210808,3,23.5,0,True,1,0,0,0,8
5260,2021-08,21,21,25.998138291611102,35.291665457043315,23.258175091784306,32.7817019389918,40.64168261717948,20210808,4,23.2,0,True,1,0,0,0,8
5261,2021-08,21,21,25.846981776017802,35.530894203650604,23.221044220776744,33.937945055046235,40.94817157862656,20210808,5,23.5,0,True,1,0,0,0,8
5262,2021-08,21,23,26.080326932236062,34.162058024817334,23.364134424140293,30.636765075559026,40.5118619472366,20210808,6,24.6,0,True,1,0,0,0,8
5263,2021-08,22,25,26.5363511884848,37.09708251809331,23.933894668010197,23.53900783136554,47.838682765261616,20210808,7,25.9,0,True,1,0,0,0,8
5264,2021-08,21,21,26.38453457209002,58.96691987242787,24.447599979145338,34.05230450278864,59.33385343637522,20210808,8,26.4,0,True,1,0,0,0,8
5265,2021-08,21,21,26.229529401428067,60.08356158755449,24.503461972196337,34.77344605117535,59.87825716807769,20210808,9,27.6,0,True,1,0,0,0,8
5266,2021-08,23,25,26.61559817515763,60.1026319453712,24.87045346280191,35.0571671419742,59.35906715606956,20210808,10,28.0,0,True,1,0,0,0,8
5267,2021-08,21,21,26.963912415697052,60.32523021652352,24.709059181902017,34.78755265633441,58.87121601198882,20210808,11,27.2,0,True,1,0,0,0,8
5268,2021-08,21,21,25.757858307490604,37.90533386605002,23.12245153502334,31.32766444024242,45.87081651503164,20210808,12,23.1,0,True,1,0,0,0,8
5269,2021-08,21,23,25.897336631814643,58.87319366525288,23.796921958239277,33.30265186429214,56.51359380464954,20210808,13,23.8,0,True,1,0,0,0,8
5270,2021-08,22,25,25.96095633739293,59.04898308545259,23.796733224243102,33.298427094119795,56.67977239855805,20210808,14,23.9,0,True,1,0,0,0,8
5271,2021-08,21,21,25.863098941697917,57.688147245740105,23.52519223824254,30.853091042014892,56.463812255563305,20210808,15,24.1,0,True,1,0,0,0,8
5272,2021-08,21,21,25.976618453430586,57.51979981928116,23.61343902158463,32.6664733509831,55.774137372744285,20210808,16,24.2,0,True,1,0,0,0,8
5273,2021-08,22,25,25.618582425114667,57.103104464077084,23.48460804915199,30.595459850298596,55.98145296536072,20210808,17,24.8,0,True,1,0,0,0,8
5274,2021-08,22,24,26.040053293202316,57.431735894267206,23.841748553842667,33.28696923702342,55.77820765202057,20210808,18,24.4,0,True,1,0,0,0,8
5275,2021-08,21,21,25.899436970432333,57.657286458503854,23.538868010902572,29.58327041997879,55.57096007275123,20210808,19,23.9,0,True,1,0,0,0,8
5276,2021-08,21,22,26.105501803704446,37.53665015012066,23.384780146999642,34.83738971582856,44.97485422933541,20210808,20,23.2,0,True,1,0,0,0,8
5277,2021-08,22,26,26.20485562134432,37.79325177974456,23.488330193051024,33.499905374460866,44.99139506427298,20210808,21,22.7,0,True,1,0,0,0,8
5278,2021-08,21,22,26.600987361617797,37.760866432939046,23.928097393157543,34.8898711477509,44.264636412168194,20210808,22,23.3,0,True,1,0,0,0,8
5279,2021-08,21,21,27.02665803179112,38.199182197023326,24.833618084226345,35.38849967670905,45.787249522067135,20210808,23,23.1,0,True,1,0,0,0,8
5280,2021-08,21,21,24.956694901443996,44.2866753640188,25.088535024734615,48.718958871192,45.66362540857849,20210809,0,23.3,0,False,0,0,20689,15,8
5281,2021-08,23,25,24.778962011027957,42.3739674642232,25.4104977736455,50.42393038336588,41.057250675237064,20210809,1,23.6,0,False,0,0,20689,15,8
5282,2021-08,20,21,24.820002923898922,43.4207512964289,25.465466364697168,50.04663799352655,42.600803227496435,20210809,2,23.4,0,False,0,0,20689,15,8
5283,2021-08,22,23,24.87376609573241,45.076745704069445,25.508973063420427,52.046940806120155,46.16931853451981,20210809,3,22.7,0,False,0,0,20689,15,8
5284,2021-08,21,22,24.924795679065397,42.466818177107065,25.509266021699403,50.03705648275858,41.46849636691007,20210809,4,22.7,0,False,0,0,20689,15,8
5285,2021-08,21,25,24.626550659550144,41.343022988624796,25.046690576291315,47.64904121500992,41.07697881780647,20210809,5,22.7,0,False,0,0,20689,15,8
5286,2021-08,20,20,33.511288818410456,49.87682912452032,34.372694936823144,56.94994271063729,53.304932835114265,20210809,6,22.6,0,False,0,0,20689,15,8
5287,2021-08,70,112,68.88510357366712,85.32057184197681,72.64373328088232,92.10041034557683,121.29087105801489,20210809,7,22.5,10,False,0,0,20689,15,8
5288,2021-08,193,215,175.02149070438114,183.78117986086485,167.2407550348356,177.9514355839764,190.498301568968,20210809,8,23.6,749,False,0,0,20689,15,8
5289,2021-08,191,197,175.61434074071417,184.96500610800084,169.56467940639837,177.65804033086894,195.26584897177756,20210809,9,25.0,773,False,0,0,20689,15,8
5290,2021-08,182,201,172.35168956464187,179.88827637681837,165.48077831564208,177.67017850226412,187.97738090539983,20210809,10,26.5,408,False,0,0,20689,15,8
5291,2021-08,187,192,178.49488803529553,186.814525853296,171.4154859816734,182.2195409159758,188.08209371754253,20210809,11,26.5,1431,False,0,0,20689,15,8
5292,2021-08,129,144,110.30027534617788,123.67227583779118,110.72151391839098,116.8736942553626,136.8191593360443,20210809,12,28.2,120,False,0,0,20689,15,8
5293,2021-08,182,200,172.52365134860634,187.9104503667614,169.16203702209464,185.88799345295993,191.32201244125136,20210809,13,29.2,7569,False,0,0,20689,15,8
5294,2021-08,183,191,177.4825236876685,191.4929189514144,171.70890214819372,185.1616823347803,197.69013586583443,20210809,14,28.2,3753,False,0,0,20689,15,8
5295,2021-08,167,183,169.07217310805956,184.14887598246025,164.64467254023637,181.9719494481403,197.99206760608868,20210809,15,28.7,1087,False,0,0,20689,15,8
5296,2021-08,184,191,170.14886248171635,187.66779930160797,167.85978861826246,185.554331794081,194.8726131056195,20210809,16,28.1,1416,False,0,0,20689,15,8
5297,2021-08,146,169,133.6260305816445,142.82021154215795,130.88284753440226,147.94087487337637,166.8662889021961,20210809,17,27.5,3120,False,0,0,20689,15,8
5298,2021-08,98,103,98.84658999638589,165.60295117855233,87.88705263275419,161.83675638773187,162.17793287321751,20210809,18,26.1,0,False,0,0,20689,15,8
5299,2021-08,93,95,92.4648625724159,140.04539860511494,82.39094373428027,131.62016930514815,145.02652482036035,20210809,19,25.4,0,False,0,0,20689,15,8
5300,2021-08,109,113,100.76641154853371,112.19090385148333,95.7951652774546,110.33193123331466,121.23708639053557,20210809,20,24.8,36,False,0,0,20689,15,8
5301,2021-08,115,119,110.38849765917648,116.98300347420366,106.36887246455838,114.72527143854914,123.16283409456622,20210809,21,23.3,114,False,0,0,20689,15,8
5302,2021-08,109,112,103.79456626114573,111.21852627133099,99.52179189632251,107.46209538855771,119.85686903967569,20210809,22,22.0,63,False,0,0,20689,15,8
5303,2021-08,98,108,92.74216527480905,102.62590780012874,92.72204931083327,100.1148558596567,116.16573704821879,20210809,23,22.0,40,False,0,0,20689,15,8
5304,2021-08,68,71,59.47544598095927,78.5088357982712,67.13679504240592,77.95511470841052,81.82983378511686,20210810,0,22.1,0,False,0,0,17425,21,8
5305,2021-08,99,104,97.8191093520549,107.81726331797846,94.78175532163914,100.84493609083152,114.6311407346039,20210810,1,22.1,30,False,0,0,17425,21,8
5306,2021-08,96,97,103.36698176222103,110.74097430626699,100.61705212794118,107.95386512052669,121.24561740956489,20210810,2,21.9,435,False,0,0,17425,21,8
5307,2021-08,98,104,103.66872253562549,114.48057103250436,101.47764645837383,106.76721949598596,119.33457102410654,20210810,3,22.0,18,False,0,0,17425,21,8
5308,2021-08,101,103,103.54192566093997,111.35777785130392,100.78693427684676,106.75023178225177,114.99960069569083,20210810,4,22.0,88,False,0,0,17425,21,8
5309,2021-08,85,99,94.03907667336686,105.58026392823433,98.40779812543146,101.02132491741476,114.96266978259054,20210810,5,21.9,10,False,0,0,17425,21,8
5310,2021-08,100,105,108.10621823316562,117.70982250066697,104.3378748226633,111.98036195072531,119.67935861113507,20210810,6,21.8,194,False,0,0,17425,21,8
5311,2021-08,128,138,127.8887935548084,134.39486172137796,119.24609523136189,129.02165425470398,151.8173766717854,20210810,7,22.5,1883,False,0,0,17425,21,8
5312,2021-08,183,195,171.97764868347085,181.96469821994808,173.56463671866717,187.6548671368089,193.44914341156672,20210810,8,23.2,503,False,0,0,17425,21,8
5313,2021-08,185,193,174.2843759027968,180.04572077256287,177.6039005623344,191.2754916191706,192.39732561912024,20210810,9,23.9,1091,False,0,0,17425,21,8
5314,2021-08,175,192,177.7321436516648,190.49619226234697,176.97050896835094,193.53472232109775,197.3345178880213,20210810,10,25.0,1629,False,0,0,17425,21,8
5315,2021-08,185,191,171.509521687155,190.45536417034842,170.80505236147636,194.76979308727948,194.9602385069586,20210810,11,26.3,1421,False,0,0,17425,21,8
5316,2021-08,107,119,100.76075530032051,123.31081657875508,106.22267415202253,126.18648689202594,137.4889522168077,20210810,12,26.9,0,False,0,0,17425,21,8
5317,2021-08,181,190,162.71571262923098,176.53531658839384,167.58992739448288,187.56450561069883,192.25632402228516,20210810,13,26.5,1199,False,0,0,17425,21,8
5318,2021-08,170,180,176.60319242979543,187.14262603201632,176.53982291253737,191.85283518266317,194.7003253986155,20210810,14,25.5,1693,False,0,0,17425,21,8
5319,2021-08,155,181,172.480589485879,183.95126281738877,173.15889999387036,185.59279354189687,193.31769346523478,20210810,15,25.4,687,False,0,0,17425,21,8
5320,2021-08,169,182,170.7805315842861,182.01481023505858,171.35420372283514,188.6051604939163,191.17234655453612,20210810,16,25.4,662,False,0,0,17425,21,8
5321,2021-08,126,156,142.86461602254474,157.12424637864572,142.15722502254343,162.06877014926465,174.6338539422279,20210810,17,24.9,518,False,0,0,17425,21,8
5322,2021-08,165,168,162.29464730102424,179.14788170685623,146.49316692375905,170.44202319940254,186.75576335251574,20210810,18,24.5,3333,False,0,0,17425,21,8
5323,2021-08,156,163,166.05444188882862,179.85338390711263,147.867132518975,166.5681262969331,186.072421535261,20210810,19,24.1,1764,False,0,0,17425,21,8
5324,2021-08,129,135,127.54908017825522,132.57576343959573,119.8969042232456,131.72901128177884,139.73944247749873,20210810,20,23.9,113,False,0,0,17425,21,8
5325,2021-08,123,127,126.46877622401644,126.18424067301048,122.05189515024121,127.73754130025382,132.76501424626073,20210810,21,23.9,149,False,0,0,17425,21,8
5326,2021-08,106,114,118.12075476608857,118.22538693323558,110.8495168546251,119.60492232265211,127.65262388028422,20210810,22,24.1,5,False,0,0,17425,21,8
5327,2021-08,99,109,98.59706742783095,115.2602233104535,94.31708201435197,112.06309693084658,123.96890398806518,20210810,23,23.5,0,False,0,0,17425,21,8
5328,2021-08,77,83,71.7788566713998,96.78663027895954,76.13595785938134,86.61632055024795,100.01326141660739,20210811,0,23.2,0,False,0,0,19587,23,8
5329,2021-08,99,108,99.5848685829664,109.88132437481458,93.81455933873718,102.3935625515669,114.9960220145436,20210811,1,23.4,54,False,0,0,19587,23,8
5330,2021-08,109,114,105.20834876086633,110.94036891579776,100.00854867463606,104.47186270883229,116.09413189366995,20210811,2,23.1,55,False,0,0,19587,23,8
5331,2021-08,104,113,107.37519001652895,113.27646812006942,101.49871478860895,107.94495811940122,117.26580329977065,20210811,3,22.7,6,False,0,0,19587,23,8
5332,2021-08,111,116,107.22678086297543,113.10146034652264,99.72659650846153,107.89831215779634,118.78941918812723,20210811,4,22.7,78,False,0,0,19587,23,8
5333,2021-08,92,105,103.99953078181268,119.99981584457585,97.63220886304373,114.59526882056379,129.01767573626913,20210811,5,22.5,900,False,0,0,19587,23,8
5334,2021-08,122,129,110.06791310156147,119.65212677788634,101.92824600462018,108.77075421267217,125.2947667863199,20210811,6,23.3,69,False,0,0,19587,23,8
5335,2021-08,132,150,130.92020905008613,145.5720400938346,126.91332352372255,142.67461811230234,161.65398554736325,20210811,7,26.1,527,False,0,0,19587,23,8
5336,2021-08,203,218,179.57458194066976,191.86843373078534,175.68348531328658,194.69075891728048,200.9615982713483,20210811,8,25.6,783,False,0,0,19587,23,8
5337,2021-08,179,189,180.68545173816906,197.996816271197,178.29574980700696,199.47518639714724,202.42827560033513,20210811,9,27.3,885,False,0,0,19587,23,8
5338,2021-08,183,192,179.83690395949804,197.1396669614247,176.40954042207542,198.58678167060694,203.2641749569187,20210811,10,28.6,4050,False,0,0,19587,23,8
5339,2021-08,184,192,181.31564692345128,198.64173541582582,177.48891925944818,196.7763019181075,201.07248029222458,20210811,11,27.6,1856,False,0,0,19587,23,8
5340,2021-08,113,132,118.34604527700158,124.43277287055442,110.54646998372554,117.20147206513873,136.95456908631124,20210811,12,29.4,187,False,0,0,19587,23,8
5341,2021-08,183,205,176.89918799597356,192.00452452542902,172.64097887327353,193.34629037482844,200.34300060517523,20210811,13,28.7,500,False,0,0,19587,23,8
5342,2021-08,187,207,179.74687200014014,193.72618993779523,175.74840096556264,195.65552426253407,200.36985730029303,20210811,14,28.4,979,False,0,0,19587,23,8
5343,2021-08,153,177,163.97171125386646,179.5317895928846,155.51601047943993,165.2251056345519,194.52948944452245,20210811,15,28.7,1734,False,0,0,19587,23,8
5344,2021-08,182,187,168.2732885889429,180.33941140583545,164.6116615199937,182.731116360163,186.30730295673638,20210811,16,27.0,330,False,0,0,19587,23,8
5345,2021-08,151,177,133.49132651231432,143.38608448111796,126.66384187673422,140.0281064365603,159.85207070816736,20210811,17,25.7,251,False,0,0,19587,23,8
5346,2021-08,180,194,168.32543678579938,182.8977332161236,167.90455082866006,185.6273737717569,191.79152288349553,20210811,18,25.2,2420,False,0,0,19587,23,8
5347,2021-08,150,163,147.82730704979693,156.74530866798383,145.3928927979819,160.60787404084218,165.2088397971713,20210811,19,24.4,3724,False,0,0,19587,23,8
5348,2021-08,125,128,114.63533772442992,127.23563964500907,113.7365739779142,127.70881450010198,130.1601401065408,20210811,20,23.9,6,False,0,0,19587,23,8
5349,2021-08,108,115,111.0921652957641,116.27575268832688,108.02374495923293,120.1819905120861,120.75305886278164,20210811,21,23.1,69,False,0,0,19587,23,8
5350,2021-08,110,116,105.36226049078958,111.80878510257503,98.54990494718352,106.21136665443669,119.79184808350789,20210811,22,23.2,98,False,0,0,19587,23,8
5351,2021-08,99,109,101.58577100526662,111.0947176204344,96.4020596095487,102.94987980481754,118.32356305276353,20210811,23,22.6,26,False,0,0,19587,23,8
5352,2021-08,76,81,59.169848553120374,80.0532037013764,64.73823212449773,79.11429775691832,83.13024699261634,20210812,0,21.9,0,False,0,0,22339,21,8
5353,2021-08,105,115,98.27877306119997,110.01829729318744,89.19462879784497,101.69509825175112,114.62883240385922,20210812,1,21.8,139,False,0,0,22339,21,8
5354,2021-08,108,110,103.83087385678168,112.10955091475388,101.21061777622805,109.05616664405579,116.809794296971,20210812,2,21.4,108,False,0,0,22339,21,8
5355,2021-08,104,110,104.03014624205304,112.27586322675972,98.22820417812228,106.91544660810905,116.16085548798394,20210812,3,20.9,191,False,0,0,22339,21,8
5356,2021-08,107,114,104.65205727406821,112.52904078217365,102.772671032149,110.4333428215523,117.62624730173997,20210812,4,21.4,108,False,0,0,22339,21,8
5357,2021-08,89,103,94.61761086095953,106.1459192318149,93.61270335172236,102.38059594463452,122.45342447968483,20210812,5,21.5,459,False,0,0,22339,21,8
5358,2021-08,114,117,106.19929676900479,115.53179947644672,107.7581720387945,117.91457768366485,120.53371871064748,20210812,6,22.4,300,False,0,0,22339,21,8
5359,2021-08,130,149,127.7201588262886,139.96279781095913,128.55448685875908,137.78748214478463,151.7270979085187,20210812,7,23.6,702,False,0,0,22339,21,8
5360,2021-08,187,196,177.6360123731272,191.54136283672747,174.25214295270544,195.6324321365656,199.34068150485777,20210812,8,25.3,1250,False,0,0,22339,21,8
5361,2021-08,181,189,184.40732932318667,198.74591192462583,180.5494659694524,197.71427339246884,205.80651540859637,20210812,9,28.1,1195,False,0,0,22339,21,8
5362,2021-08,177,186,178.3440051013973,187.8588397560071,177.57209210620832,191.0763319794315,196.94078539857938,20210812,10,28.8,990,False,0,0,22339,21,8
5363,2021-08,188,199,182.90917788945603,199.24499288487573,178.59034455470967,198.8732047073636,204.78551196746568,20210812,11,28.2,1075,False,0,0,22339,21,8
5364,2021-08,120,133,106.27464868079379,121.53915237324418,107.04121157905583,115.26382903123897,134.46841972355276,20210812,12,27.6,85,False,0,0,22339,21,8
5365,2021-08,170,191,181.9935758484913,187.98468919232778,178.91701460307377,191.03546340214584,199.42334200707361,20210812,13,28.2,1315,False,0,0,22339,21,8
5366,2021-08,184,193,182.05825840015552,195.49164851762453,178.34209253368488,196.33987864549965,203.0030124669646,20210812,14,28.0,1222,False,0,0,22339,21,8
5367,2021-08,165,197,163.3912296884432,178.38741131266246,156.33902844207898,173.12924733195564,187.87744648749586,20210812,15,27.1,768,False,0,0,22339,21,8
5368,2021-08,170,176,170.3433729571616,182.8070426157939,167.2594243199626,186.72931589169855,190.31751725515718,20210812,16,26.7,6810,False,0,0,22339,21,8
5369,2021-08,135,160,135.94460148862748,144.3493321655525,135.6230085977932,151.32910054846832,166.68323636971343,20210812,17,26.1,635,False,0,0,22339,21,8
5370,2021-08,172,177,168.99756043408024,184.60658387230657,167.81860126209634,189.7715005947114,189.94195904348132,20210812,18,25.8,1081,False,0,0,22339,21,8
5371,2021-08,161,182,162.81418339769164,172.47727943302831,156.31645891083735,173.03797969481187,185.52640703989013,20210812,19,25.4,3692,False,0,0,22339,21,8
5372,2021-08,125,127,118.71314951558027,123.36848839035639,114.0893038018143,124.73097406488819,132.750950449773,20210812,20,24.3,114,False,0,0,22339,21,8
5373,2021-08,112,114,99.76031322970414,116.78692161229382,96.13458749673721,116.41049428742235,125.01496715664446,20210812,21,24.2,0,False,0,0,22339,21,8
5374,2021-08,116,122,95.46400508817918,117.94285778029577,91.17779545667565,116.59385355327653,127.04580196530902,20210812,22,24.1,0,False,0,0,22339,21,8
5375,2021-08,103,118,101.02796274234545,113.84434638909858,93.7689398985109,108.94410023748488,124.79900770234401,20210812,23,23.9,100,False,0,0,22339,21,8
5376,2021-08,72,79,78.13485433198467,94.23133140843521,76.64775147677243,84.61378541253843,96.71049397886662,20210813,0,23.9,137,False,0,0,17668,22,8
5377,2021-08,100,105,105.6581848128468,110.04681408434699,100.09258082743905,103.24376176921574,115.4802107515897,20210813,1,23.7,45,False,0,0,17668,22,8
5378,2021-08,112,117,104.69714832435318,108.71584766369489,100.85569548174028,106.14475777103637,114.07948699801791,20210813,2,23.7,100,False,0,0,17668,22,8
5379,2021-08,116,120,107.43782459121273,110.53598524840505,100.09974495000692,106.13009415469757,114.75168001239939,20210813,3,23.3,190,False,0,0,17668,22,8
5380,2021-08,110,116,101.39653078121923,107.69854817905842,96.40668243649621,101.93003238980555,114.45545629067276,20210813,4,23.4,97,False,0,0,17668,22,8
5381,2021-08,88,108,83.23189646656705,109.9226796263684,77.34173947085593,100.74684024396281,117.6003036072937,20210813,5,23.1,0,False,0,0,17668,22,8
5382,2021-08,110,116,106.5213925287919,120.3878863261008,102.89107149623719,116.61363973025112,128.31355670042893,20210813,6,23.2,831,False,0,0,17668,22,8
5383,2021-08,136,166,129.53324741183476,139.8687770588648,120.81547131969238,136.85509218621254,157.41610799439331,20210813,7,23.9,352,False,0,0,17668,22,8
5384,2021-08,196,207,175.24798228234127,186.20966352832997,169.6936917332671,189.93721929995183,193.14088394019618,20210813,8,24.9,1107,False,0,0,17668,22,8
5385,2021-08,188,191,177.55476043977956,188.79362417060145,170.99487807452988,191.59755770492234,195.75746040133004,20210813,9,25.7,1246,False,0,0,17668,22,8
5386,2021-08,184,201,172.12530129377595,183.97872046787685,167.1465656395315,186.72135139396957,191.31376330476124,20210813,10,23.6,1023,False,0,0,17668,22,8
5387,2021-08,196,204,173.98495777344007,182.53328227763996,167.41390229689526,187.3601611061399,187.43540603752862,20210813,11,25.1,1809,False,0,0,17668,22,8
5388,2021-08,111,134,111.00246213118051,121.0035448419254,108.19115919231471,119.80383551759864,134.30178104147456,20210813,12,25.7,30,False,0,0,17668,22,8
5389,2021-08,183,195,174.97686276894873,185.27741843338177,168.3179999092847,187.16403403846758,188.9070904066808,20210813,13,25.9,1393,False,0,0,17668,22,8
5390,2021-08,189,200,177.33779505270897,187.09410284334137,171.2892477743862,192.06177888936028,194.5429202815661,20210813,14,26.4,1512,False,0,0,17668,22,8
5391,2021-08,167,195,169.7974532998899,178.61720056466552,164.81183468046765,181.17538771442625,189.3991269123873,20210813,15,26.2,1316,False,0,0,17668,22,8
5392,2021-08,183,186,170.85693757815406,179.42313278282424,166.4588646709815,183.03329704375992,188.99285365681297,20210813,16,25.5,1055,False,0,0,17668,22,8
5393,2021-08,149,176,139.38419175227133,148.5578840709846,133.35029353744477,153.62926838980238,167.66731582563156,20210813,17,25.2,770,False,0,0,17668,22,8
5394,2021-08,174,177,166.56012721210726,180.5422546405483,163.8951832040602,184.7910688896386,186.43909791753708,20210813,18,24.7,1523,False,0,0,17668,22,8
5395,2021-08,146,168,143.14899982696133,141.88931045224166,137.36519767239716,152.9297691717581,157.90273250275428,20210813,19,24.7,2206,False,0,0,17668,22,8
5396,2021-08,117,125,85.70528631090038,116.58366727511384,82.66652783083772,116.39545993490235,123.25062152354708,20210813,20,24.8,0,False,0,0,17668,22,8
5397,2021-08,113,119,98.87475771495379,111.38544994004967,93.50074250061935,107.32190519744745,121.22340241418789,20210813,21,24.6,55,False,0,0,17668,22,8
5398,2021-08,109,118,104.3134741377783,117.3457323460524,100.7317168138756,115.34731274780121,128.35275376519078,20210813,22,24.3,832,False,0,0,17668,22,8
5399,2021-08,97,116,98.89572311060397,110.05940942560596,93.65479790546681,102.12967245684312,120.12430021419122,20210813,23,24.0,39,False,0,0,17668,22,8
5400,2021-08,62,67,43.25136422105009,86.35668106042641,42.2697025068369,81.65415710928288,79.08191748813886,20210814,0,24.0,0,False,1,0,1529,7,8
5401,2021-08,97,106,77.73740421323659,94.20136116971094,71.91264219081329,91.47775989829346,96.64614039495216,20210814,1,24.3,237,False,1,0,1529,7,8
5402,2021-08,107,108,85.55880787586601,98.92735835034433,84.02426285143052,96.86754581983303,102.59440145523733,20210814,2,24.2,61,False,1,0,1529,7,8
5403,2021-08,91,98,85.92610365784488,96.1206141797885,85.05271559379062,96.81591207500959,100.8652802875781,20210814,3,23.3,61,False,1,0,1529,7,8
5404,2021-08,98,100,86.67127281459307,98.76531378152248,86.34635711529633,97.72615493723005,101.19774960839298,20210814,4,23.2,40,False,1,0,1529,7,8
5405,2021-08,83,91,87.64120427980004,100.4658736256901,85.1682689695841,95.2714759072457,102.83830461128734,20210814,5,23.2,198,False,1,0,1529,7,8
5406,2021-08,86,91,90.55596291837423,100.6915303288514,89.13076466731364,98.57231054935009,106.31724234006168,20210814,6,22.6,136,False,1,0,1529,7,8
5407,2021-08,53,75,83.61242532128557,104.2483106679144,86.34528094672187,111.96033156549788,112.06092214107412,20210814,7,22.2,796,False,1,0,1529,7,8
5408,2021-08,23,26,45.86905898842315,72.02311866073761,46.295732431784465,76.7709815836397,77.16203315697884,20210814,8,22.2,0,False,1,0,1529,7,8
5409,2021-08,22,23,29.180344762599713,56.08219444651448,29.729434824130525,69.08325197569737,52.946267865158255,20210814,9,22.1,0,False,1,0,1529,7,8
5410,2021-08,21,21,29.309472137597307,56.03585880241459,29.289877104193,69.11769354899614,53.416967960111315,20210814,10,22.9,0,False,1,0,1529,7,8
5411,2021-08,23,26,29.512961069170142,60.113194315148085,29.29623238516582,71.36606266133839,64.12894309989522,20210814,11,22.9,0,False,1,0,1529,7,8
5412,2021-08,22,23,29.062067408373167,70.71833199502628,28.211764810722826,73.99088021650105,66.25009313799704,20210814,12,22.7,0,False,1,0,1529,7,8
5413,2021-08,21,21,29.191011337051382,55.9764980752278,29.175551461013836,69.1759845777445,52.797974948200725,20210814,13,23.7,0,False,1,0,1529,7,8
5414,2021-08,22,22,29.26321939724447,56.156491967240726,28.65331057257365,69.36757977760999,52.866732277937956,20210814,14,24.2,0,False,1,0,1529,7,8
5415,2021-08,23,26,29.4443958595019,60.239062373069636,29.465824458791662,71.43969190671804,64.09455611450771,20210814,15,24.8,0,False,1,0,1529,7,8
5416,2021-08,22,22,29.380635626828944,56.209465594444204,29.149122696417255,69.84614169124886,52.750846981052575,20210814,16,25.5,0,False,1,0,1529,7,8
5417,2021-08,21,22,28.935207184858303,55.8832201834202,28.897624306702223,73.16516601618811,53.54734639944843,20210814,17,24.5,0,False,1,0,1529,7,8
5418,2021-08,22,24,29.418403956527353,59.390603853389244,29.034692597701937,68.78900687076522,58.3773301049759,20210814,18,24.1,0,False,1,0,1529,7,8
5419,2021-08,23,26,29.452158827388928,59.40664954111907,29.262335192116918,75.18831517318537,57.7094070327293,20210814,19,23.5,0,False,1,0,1529,7,8
5420,2021-08,22,22,29.49332487179362,70.15212766626605,28.58007354318022,73.36903456380038,64.89435438960987,20210814,20,22.6,0,False,1,0,1529,7,8
5421,2021-08,22,23,29.60797366436456,73.99629608140008,28.64187983875854,77.07254867637339,71.41193587164189,20210814,21,22.4,0,False,1,0,1529,7,8
5422,2021-08,23,25,29.359793847234936,75.08823195300006,28.338911436822567,78.17577272168205,76.23189405247909,20210814,22,22.5,0,False,1,0,1529,7,8
5423,2021-08,22,22,29.270007176918124,69.37800027986619,28.10708401142725,70.25589037896889,64.69808630656026,20210814,23,22.3,0,False,1,0,1529,7,8
5424,2021-08,22,22,23.084710311778654,24.772911591032692,22.33476668725488,25.342747380327463,25.545473579815408,20210815,0,22.2,0,True,1,1,0,0,8
5425,2021-08,23,28,23.062743513744664,24.836011683323505,22.39218047769009,25.2812066971925,26.588696582207362,20210815,1,22.3,0,True,1,1,0,0,8
5426,2021-08,22,24,23.113586420847327,24.765621567968548,22.381633264553887,25.461660991351767,26.317850298324725,20210815,2,22.5,0,True,1,1,0,0,8
5427,2021-08,21,22,23.279996230710694,25.127684735245975,22.53959695600643,25.190307519499697,26.518021518769118,20210815,3,22.2,0,True,1,1,0,0,8
5428,2021-08,22,22,23.143865663275175,24.902342171026078,22.372046802461853,25.474003066161412,26.60074338791581,20210815,4,22.0,0,True,1,1,0,0,8
5429,2021-08,23,25,22.799366681423606,24.864817180905547,22.119143355613673,25.281937663967597,26.6078438897262,20210815,5,21.8,0,True,1,1,0,0,8
5430,2021-08,22,22,23.2382130682293,25.071953394358136,22.356319148274196,25.437647797781455,26.75706238366817,20210815,6,22.4,0,True,1,1,0,0,8
5431,2021-08,21,21,22.938706256464304,23.75152809227922,22.220348423013075,25.73741494173939,25.254295912661124,20210815,7,23.9,0,True,1,1,0,0,8
5432,2021-08,23,26,23.552405992220653,23.219289751753944,22.660919264320285,23.587369243343574,24.500833392918082,20210815,8,24.5,0,True,1,1,0,0,8
5433,2021-08,23,24,23.46155022992336,23.879418008480126,22.297915171111985,23.679391473229533,25.103024738278474,20210815,9,25.2,0,True,1,1,0,0,8
5434,2021-08,21,21,23.480842493059033,23.39939894951768,22.319678550854643,23.525330813042896,24.86159920170832,20210815,10,24.9,0,True,1,1,0,0,8
5435,2021-08,22,22,23.177455400685535,22.77528819302232,22.313186376350945,22.585287500796017,23.5975370374512,20210815,11,23.9,0,True,1,1,0,0,8
5436,2021-08,23,26,22.81062086751169,24.68933088957645,21.925858416165298,25.787884184011762,26.50376224204419,20210815,12,23.1,0,True,1,1,0,0,8
5437,2021-08,22,22,23.277584977652953,23.280618741769697,22.22511508197731,23.124434829550967,24.73313430848258,20210815,13,24.6,0,True,1,1,0,0,8
5438,2021-08,22,22,23.29459863126232,23.47485267521598,22.27672912026677,23.164869842848038,24.812560011798254,20210815,14,24.6,0,True,1,1,0,0,8
5439,2021-08,21,21,23.018720163616894,23.301588463449473,22.3871924282017,22.718946069197884,23.922355079179216,20210815,15,23.3,0,True,1,1,0,0,8
5440,2021-08,23,25,22.89558964970475,23.169707803470118,22.01963007708244,22.89677891028481,24.03321703963202,20210815,16,22.9,0,True,1,1,0,0,8
5441,2021-08,22,22,22.560701109836746,22.985341256122595,21.804686908798406,22.646697903796433,24.07685945691358,20210815,17,23.3,0,True,1,1,0,0,8
5442,2021-08,21,21,23.211205778736232,24.107184785550828,22.203127141518063,23.57399123205779,24.76269391788796,20210815,18,23.0,0,True,1,1,0,0,8
5443,2021-08,23,25,23.166242566912164,23.592788011872358,22.383949186234485,22.999685945314678,23.7564026039928,20210815,19,22.0,0,True,1,1,0,0,8
5444,2021-08,22,22,23.145261701040386,23.423346474843097,22.024278784373724,25.377108497527416,24.898679791908744,20210815,20,22.3,0,True,1,1,0,0,8
5445,2021-08,22,22,23.262230905086028,23.36198306516394,22.031940806143506,25.3047340009504,24.82492403926312,20210815,21,22.5,0,True,1,1,0,0,8
5446,2021-08,23,24,23.22680614369877,23.3020528825456,22.23934371547126,25.110731185974018,24.79658519224095,20210815,22,22.6,0,True,1,1,0,0,8
5447,2021-08,23,25,23.38035689279002,23.976921130174627,22.473966016412565,25.309145785025652,25.85073948081359,20210815,23,22.3,0,True,1,1,0,0,8
5448,2021-08,22,22,38.03998381141373,69.10354958586912,34.40792307000906,70.31282272292997,64.42018916992838,20210816,0,22.0,0,False,0,1,10238,15,8
5449,2021-08,21,23,37.367501295628436,68.56215082617598,33.72362633029917,71.64503316324404,65.06965468272774,20210816,1,21.8,0,False,0,1,10238,15,8
5450,2021-08,23,26,37.69330126962594,68.88391223002749,33.70718498392287,69.662251254229,64.11285297306553,20210816,2,21.6,0,False,0,1,10238,15,8
5451,2021-08,21,21,37.46810044169564,67.96840354027826,33.99308151364401,70.56023583981953,64.81869707827717,20210816,3,21.3,0,False,0,1,10238,15,8
5452,2021-08,22,22,37.936602303457754,69.84480274635344,34.24706670454518,70.66425666699206,64.9783551486902,20210816,4,21.3,0,False,0,1,10238,15,8
5453,2021-08,22,22,37.31413788955351,70.08689483532572,33.37466008868163,69.48406898501959,64.52480079261012,20210816,5,21.5,0,False,0,1,10238,15,8
5454,2021-08,23,26,46.278994187556684,73.75391911482103,41.18686591981411,72.54148068773308,68.81724752754495,20210816,6,22.2,0,False,0,1,10238,15,8
5455,2021-08,60,122,75.6125293798661,92.37489049905167,74.87581258903437,95.8836097848638,118.19860478508508,20210816,7,22.6,27,False,0,1,10238,15,8
5456,2021-08,174,183,173.2122397071511,172.0388490750394,173.08687481858476,179.1159037028796,183.5282102027247,20210816,8,23.1,566,False,0,1,10238,15,8
5457,2021-08,183,190,174.505546806859,172.37321111550145,174.49487682382892,181.8612725719496,180.7773148848705,20210816,9,25.4,642,False,0,1,10238,15,8
5458,2021-08,144,157,171.86486849798135,165.7580974914196,171.34033122347884,175.07200208990926,176.27548821992482,20210816,10,25.5,1720,False,0,1,10238,15,8
5459,2021-08,155,157,177.64157984842333,174.10985394422016,174.79182931977152,180.4170731772913,179.984613105883,20210816,11,26.2,1472,False,0,1,10238,15,8
5460,2021-08,97,107,94.8804301614377,117.94454070719507,97.18615105185164,125.56374540830785,138.00935304751826,20210816,12,26.3,0,False,0,1,10238,15,8
5461,2021-08,153,157,171.3524304171772,164.58949287747475,172.2322597931724,175.7502479061378,175.6598650437247,20210816,13,26.1,1404,False,0,1,10238,15,8
5462,2021-08,146,153,172.96376123406733,166.10449668508014,172.53151930258957,175.4525063142013,177.5263168505245,20210816,14,25.9,1828,False,0,1,10238,15,8
5463,2021-08,133,146,167.7886780838398,158.42419539332278,170.5525465180881,171.49763567759592,173.27577879680484,20210816,15,25.0,547,False,0,1,10238,15,8
5464,2021-08,116,125,166.98756300247146,160.78818776350568,165.45370310736442,170.25826625297688,172.90863024353155,20210816,16,24.7,1490,False,0,1,10238,15,8
5465,2021-08,100,105,101.38893323745448,134.70042379378484,103.54448099285746,137.89963144383708,151.34163675999164,20210816,17,24.6,0,False,0,1,10238,15,8
5466,2021-08,92,94,113.38333282372513,115.96646402842403,100.56535597217585,125.72806572512638,121.04113780448462,20210816,18,23.9,22,False,0,1,10238,15,8
5467,2021-08,89,95,118.31244544239246,115.67478890435721,109.04937433676061,122.49898373958865,124.57607463366827,20210816,19,23.5,31,False,0,1,10238,15,8
5468,2021-08,98,102,104.05162396024484,102.92469787428132,101.54322060753249,112.53214945435126,111.77396433032231,20210816,20,23.0,130,False,0,1,10238,15,8
5469,2021-08,112,116,107.23292543171165,107.87785749444517,105.7598295962044,118.54097389026542,115.98123258567635,20210816,21,23.2,138,False,0,1,10238,15,8
5470,2021-08,95,102,98.77663456393509,100.91724731738923,97.80780667013501,109.66892851451786,111.78424963037048,20210816,22,23.0,35,False,0,1,10238,15,8
5471,2021-08,96,102,93.67002814588301,96.8278991495029,95.10364115867485,105.16425540336466,108.79645820911865,20210816,23,23.2,186,False,0,1,10238,15,8
5472,2021-08,70,71,73.7948389591049,89.82390676097721,72.70140343874094,88.01519598766897,96.00964859558557,20210817,0,22.7,141,False,0,0,29279,23,8
5473,2021-08,96,100,101.22423283581004,106.55728161629473,98.46749038907717,105.1621174683534,114.05544023456889,20210817,1,22.9,267,False,0,0,29279,23,8
5474,2021-08,98,101,97.12049406320689,103.71968337767557,96.92117427078576,103.4120372092649,113.63299884771239,20210817,2,22.5,238,False,0,0,29279,23,8
5475,2021-08,92,99,97.12674749866348,104.365575569977,96.11620533167168,105.56475477987117,113.2833085807958,20210817,3,23.1,127,False,0,0,29279,23,8
5476,2021-08,93,98,100.27960572781177,106.56271705047652,98.51488570091438,106.14721375989068,114.6114832630165,20210817,4,23.3,36,False,0,0,29279,23,8
5477,2021-08,86,103,91.86227263072736,102.09056275159878,91.78053784502718,100.79742017853242,114.37746196624414,20210817,5,22.9,86,False,0,0,29279,23,8
5478,2021-08,94,96,101.55304656588964,109.40054063903142,100.41318819434201,108.64774685939771,117.15748895054128,20210817,6,22.1,290,False,0,0,29279,23,8
5479,2021-08,125,146,128.31113793286292,135.59785905340584,127.97657816352377,133.77020319906373,158.69524508693536,20210817,7,21.9,1761,False,0,0,29279,23,8
5480,2021-08,164,171,174.37305696013254,177.48554290876052,177.78343069169102,181.00255521736233,192.05921061567747,20210817,8,22.4,930,False,0,0,29279,23,8
5481,2021-08,163,170,173.60582496763956,180.8557499420816,179.52112039482768,184.1758113075584,190.10263848970348,20210817,9,21.4,1618,False,0,0,29279,23,8
5482,2021-08,153,165,170.436206095392,175.74487966993516,171.8916468972674,174.89780297317566,186.9274682032726,20210817,10,21.4,1182,False,0,0,29279,23,8
5483,2021-08,169,173,176.73875248688307,182.31259092294377,172.01186387574901,176.80504818775887,186.9733742491404,20210817,11,22.3,1144,False,0,0,29279,23,8
5484,2021-08,110,134,105.53464596441961,116.09435953193044,101.35536665282932,114.82949386607686,133.3288920241987,20210817,12,22.1,0,False,0,0,29279,23,8
5485,2021-08,162,164,169.96843888241796,176.4062353613367,170.09596582456268,179.23570600420612,188.3178125310944,20210817,13,22.2,2870,False,0,0,29279,23,8
5486,2021-08,161,164,171.94441991167147,176.77410828634527,171.83767569287764,176.85501324816718,184.90208769258356,20210817,14,22.7,1412,False,0,0,29279,23,8
5487,2021-08,150,168,167.34508472678448,172.89115008569797,165.81650402137373,171.8734246438896,180.8477127935132,20210817,15,23.2,7913,False,0,0,29279,23,8
5488,2021-08,152,158,167.03017686579418,173.29378424360002,165.48795780686956,170.75958505256992,181.6743955291175,20210817,16,23.5,3108,False,0,0,29279,23,8
5489,2021-08,113,135,131.9271635625892,146.75812326251858,130.58612027397234,138.27351702769616,167.12305534334985,20210817,17,23.1,540,False,0,0,29279,23,8
5490,2021-08,149,158,167.08119698003807,174.1794779042789,164.6775560487054,170.27026123757585,180.28358113638092,20210817,18,23.2,1575,False,0,0,29279,23,8
5491,2021-08,138,143,165.3886893512962,171.36048833884865,163.46791176566992,169.7553562205941,179.09516953429684,20210817,19,22.6,3586,False,0,0,29279,23,8
5492,2021-08,120,128,124.45082918360198,131.36151205411224,123.1091779934301,131.6583266792685,141.4867971973388,20210817,20,21.9,116,False,0,0,29279,23,8
5493,2021-08,118,121,120.72699273023595,126.65098267388954,122.7174758650017,129.2414110078192,136.69969386449804,20210817,21,21.6,154,False,0,0,29279,23,8
5494,2021-08,110,118,108.52755286349026,112.99257039330946,103.84525886185247,113.46602325993986,121.46710232571905,20210817,22,21.5,58,False,0,0,29279,23,8
5495,2021-08,104,118,101.39645672139771,108.03925198466324,101.2282482433205,107.96437550318417,116.64501046715456,20210817,23,21.6,127,False,0,0,29279,23,8
5496,2021-08,65,66,75.2842590171435,93.67500667205451,75.45539430409264,88.64747150807459,97.41238333962751,20210818,0,21.4,4,False,0,0,20063,24,8
5497,2021-08,95,105,100.20882765753278,108.99518300677384,98.54671615840395,105.72806205455733,115.23077021643032,20210818,1,21.4,270,False,0,0,20063,24,8
5498,2021-08,103,105,102.80124820541101,110.11363320885441,102.31820071870777,106.45459499361321,117.19326520520487,20210818,2,21.5,344,False,0,0,20063,24,8
5499,2021-08,91,101,100.76450946241299,108.7330987759501,99.67282398133602,105.66060746777701,115.92454048053116,20210818,3,21.8,247,False,0,0,20063,24,8
5500,2021-08,95,99,104.65850821053856,112.53953745459938,104.11160705246196,109.92116260053535,124.0455214710388,20210818,4,21.7,455,False,0,0,20063,24,8
5501,2021-08,83,98,92.06455704153286,104.60491063826258,91.14534227197218,100.70703562997203,115.71880059332788,20210818,5,21.5,105,False,0,0,20063,24,8
5502,2021-08,101,107,110.87373023490512,125.26255455834121,109.83672494837971,120.53967696169241,132.41592033151812,20210818,6,22.2,127,False,0,0,20063,24,8
5503,2021-08,125,146,129.45043600979992,138.93533861356514,130.97726266666564,137.51509920795533,162.44878609529047,20210818,7,22.8,1144,False,0,0,20063,24,8
5504,2021-08,163,174,179.72255609847318,185.1591222913428,171.90606589344608,178.55970574954782,197.33223969437793,20210818,8,23.7,1358,False,0,0,20063,24,8
5505,2021-08,169,172,175.8186613858069,180.40797740834236,169.22348593821366,175.00765673176792,190.11517392380884,20210818,9,24.0,835,False,0,0,20063,24,8
5506,2021-08,159,176,171.49333840118697,177.45203298605796,163.8691944966797,171.9676967613367,189.35151317430083,20210818,10,23.2,1429,False,0,0,20063,24,8
5507,2021-08,173,183,174.41533295317254,178.84791498577178,169.8917290808132,175.65850640121027,191.108494751219,20210818,11,23.3,2090,False,0,0,20063,24,8
5508,2021-08,102,120,117.00737632618939,131.93854997820543,117.84461339008588,128.66471551110587,144.44465606279093,20210818,12,24.2,1015,False,0,0,20063,24,8
5509,2021-08,171,177,173.92149263311708,180.81537054880877,167.94763677021737,174.67162162261548,193.1304672280229,20210818,13,24.3,565,False,0,0,20063,24,8
5510,2021-08,179,185,181.06825383963238,185.00449426617288,170.81219379171694,176.63983318828696,192.81999786098956,20210818,14,24.9,1872,False,0,0,20063,24,8
5511,2021-08,170,184,164.97164346805934,169.40152304431734,159.04546278207184,163.45686278909045,185.66668889021267,20210818,15,24.4,1482,False,0,0,20063,24,8
5512,2021-08,166,188,170.81320638181015,174.41630386997838,163.1527377915355,170.98835568058027,185.90305330666425,20210818,16,23.5,1933,False,0,0,20063,24,8
5513,2021-08,141,186,144.10539998747723,153.1022914721112,141.97545183852276,146.23438978631535,176.0837617748492,20210818,17,23.2,558,False,0,0,20063,24,8
5514,2021-08,164,174,165.97024738199673,174.1251210708729,160.78764587936868,170.31893264545874,181.93655755191378,20210818,18,23.4,1633,False,0,0,20063,24,8
5515,2021-08,143,158,155.09920714797065,156.26900961726793,153.00159197674859,151.99410224261905,171.61367732679733,20210818,19,22.4,2203,False,0,0,20063,24,8
5516,2021-08,120,124,116.43998270609,128.480246606291,118.378566304053,126.3847212290541,133.28019692247122,20210818,20,22.4,100,False,0,0,20063,24,8
5517,2021-08,115,123,106.2248007945157,112.39852974193462,108.15500496392481,114.21373434888913,120.22171550554218,20210818,21,23.1,56,False,0,0,20063,24,8
5518,2021-08,112,125,103.85016675677635,110.92385526240189,105.6560414600148,111.30558716633429,120.30471717020879,20210818,22,22.2,102,False,0,0,20063,24,8
5519,2021-08,105,112,100.78373929900842,108.61976512751733,101.15808214698588,105.91562100407315,118.16748081082221,20210818,23,22.7,136,False,0,0,20063,24,8
5520,2021-08,71,77,76.38055594485058,91.21700261535018,74.14557591928667,87.4003002821555,95.94406189272276,20210819,0,22.7,53,False,0,0,25976,24,8
5521,2021-08,102,114,102.27653899624788,108.80230724532636,99.66860472365194,105.38498454158105,116.3072987576969,20210819,1,22.6,85,False,0,0,25976,24,8
5522,2021-08,109,116,104.46850816147594,109.51038981643603,102.8337898061945,108.2131252636251,116.85431438484216,20210819,2,22.7,173,False,0,0,25976,24,8
5523,2021-08,109,119,102.56410901556309,108.22537046461088,99.01480785364117,105.28126068856085,115.67259625131112,20210819,3,22.7,60,False,0,0,25976,24,8
5524,2021-08,104,108,104.50702811949542,109.30082843921475,102.33620742099889,106.2833602573772,116.86766530366332,20210819,4,22.2,114,False,0,0,25976,24,8
5525,2021-08,88,106,96.92290206118248,103.8273809241468,95.2235341876041,100.2989772364726,121.15713682769662,20210819,5,22.2,399,False,0,0,25976,24,8
5526,2021-08,109,119,111.12546765044664,114.37511703728903,110.0809097866245,112.95337895943005,127.21633289198404,20210819,6,22.4,459,False,0,0,25976,24,8
5527,2021-08,123,143,126.33293443533007,137.6969515479096,129.9935419964106,136.3711859743875,156.22821236951606,20210819,7,23.3,745,False,0,0,25976,24,8
5528,2021-08,174,185,180.53299402186113,185.1656263341596,178.3027727293301,181.79613869016381,197.97519241720292,20210819,8,23.9,670,False,0,0,25976,24,8
5529,2021-08,174,182,175.46251295734726,180.09468011380008,176.85654749874504,180.51204390922302,192.24200636923334,20210819,9,24.6,942,False,0,0,25976,24,8
5530,2021-08,163,177,174.28562510556034,180.15658534121022,173.09678850415253,176.95085000588202,190.84615831574743,20210819,10,24.3,1599,False,0,0,25976,24,8
5531,2021-08,177,188,182.79115379039695,187.79834887210836,181.98616280655028,186.39863004380857,197.6454105658851,20210819,11,25.2,2542,False,0,0,25976,24,8
5532,2021-08,105,120,110.32386921615375,119.63196352617024,110.13876635438434,119.3891888120184,140.59271004092872,20210819,12,25.3,380,False,0,0,25976,24,8
5533,2021-08,168,172,174.32458851608465,179.1118094985235,177.59798723209474,180.1816328691203,191.8572685083125,20210819,13,25.4,2129,False,0,0,25976,24,8
5534,2021-08,175,184,176.08379186784455,181.7156478864562,178.4904098346315,183.44035614721062,192.59461494143468,20210819,14,25.7,2843,False,0,0,25976,24,8
5535,2021-08,170,185,166.9472129945532,174.40121033176464,168.83153706935659,176.3082878181743,191.88854189975135,20210819,15,25.5,349,False,0,0,25976,24,8
5536,2021-08,166,171,169.63298063913138,175.6926666919021,172.44503688600835,178.23069004920475,188.88073542379757,20210819,16,25.8,3020,False,0,0,25976,24,8
5537,2021-08,130,155,133.96833417257855,149.47574492373167,134.6939217132735,154.49645521004865,173.79063589866948,20210819,17,24.1,510,False,0,0,25976,24,8
5538,2021-08,152,161,164.2355195333674,173.62635134965464,167.57061187494978,174.82947870418695,183.6703162573,20210819,18,23.3,3195,False,0,0,25976,24,8
5539,2021-08,147,153,159.32360648444433,165.70917632216455,160.0101635815419,166.277606565234,178.3935889431484,20210819,19,22.4,5336,False,0,0,25976,24,8
5540,2021-08,128,134,118.02265208502511,128.88122140459248,117.99817216269376,130.49470618668838,137.7756106522547,20210819,20,22.0,8,False,0,0,25976,24,8
5541,2021-08,121,123,113.60042975756569,118.5036148771956,112.92125217928678,121.32986098407669,126.5506164564287,20210819,21,21.8,132,False,0,0,25976,24,8
5542,2021-08,116,125,112.25159847334753,118.06335588744999,112.2420615101342,121.26292055861511,127.48511848976746,20210819,22,21.5,28,False,0,0,25976,24,8
5543,2021-08,110,117,104.1271845048063,108.71063444809215,103.20891818470356,107.82858307948345,119.09292907246011,20210819,23,21.6,205,False,0,0,25976,24,8
5544,2021-08,73,80,81.01744344180945,90.14517079541956,75.69237555789759,86.16674978229226,96.08510734565137,20210820,0,21.7,338,False,0,0,25213,24,8
5545,2021-08,101,109,99.7605037070799,106.52066061357324,98.5951813776246,105.88129403528266,113.32391997576308,20210820,1,21.0,47,False,0,0,25213,24,8
5546,2021-08,107,110,105.45135019921814,111.1181139609594,105.77299400717402,111.16752634023693,118.58304471675262,20210820,2,20.8,40,False,0,0,25213,24,8
5547,2021-08,102,107,109.61395477003646,117.94046701817736,110.09136395109931,116.60379024759727,128.02748646882313,20210820,3,20.4,537,False,0,0,25213,24,8
5548,2021-08,99,106,101.16323043897462,107.73880124986573,99.25732029270732,107.66653819747371,116.39107539736351,20210820,4,20.0,216,False,0,0,25213,24,8
5549,2021-08,88,104,92.16574586748241,99.47966767979028,89.49236621894882,97.71052196174895,113.06483627000084,20210820,5,20.2,304,False,0,0,25213,24,8
5550,2021-08,111,115,103.1780945151737,109.51605622064466,102.00084547887555,109.74995737662032,116.60474442172881,20210820,6,21.7,14,False,0,0,25213,24,8
5551,2021-08,127,146,129.7523759619105,137.10520427495808,130.66452848894914,137.77962772031537,157.89840885600344,20210820,7,24.1,793,False,0,0,25213,24,8
5552,2021-08,171,179,181.1500246445053,185.1320879638332,181.102746947671,182.15507276774463,195.9126492592023,20210820,8,25.1,650,False,0,0,25213,24,8
5553,2021-08,165,175,181.39193691807841,184.61661327677064,180.28494553303426,181.48066356094833,192.53272607666293,20210820,9,25.0,881,False,0,0,25213,24,8
5554,2021-08,157,168,176.35425290594762,179.46487611339148,172.80645743317248,175.4159223232101,189.86119389961758,20210820,10,24.5,1450,False,0,0,25213,24,8
5555,2021-08,187,193,179.50367220763823,183.31432200271263,178.05159289028734,181.35603297802962,193.13644411762735,20210820,11,24.9,3707,False,0,0,25213,24,8
5556,2021-08,111,134,108.13658780458013,124.69660919939376,104.27627359439988,123.46741453547178,144.55406868739905,20210820,12,24.3,5245,False,0,0,25213,24,8
5557,2021-08,177,180,176.06467281983112,178.05365200611914,175.18547916654688,177.64741987131546,190.26653626959978,20210820,13,25.6,1382,False,0,0,25213,24,8
5558,2021-08,175,184,185.23597148948943,185.27436868417786,182.0481861795031,183.62742912470966,194.07540549463383,20210820,14,26.7,3002,False,0,0,25213,24,8
5559,2021-08,159,176,171.04069040254822,173.45133295377755,171.8403329501741,176.84966356781447,189.6866557860884,20210820,15,27.0,1383,False,0,0,25213,24,8
5560,2021-08,171,177,178.6138118854959,180.23603618184802,177.14168133363702,178.40592669523542,190.63835195583954,20210820,16,27.2,1774,False,0,0,25213,24,8
5561,2021-08,134,164,137.0729092618201,144.81631068327016,135.55510693900808,142.54302779090463,169.89799829846757,20210820,17,26.2,282,False,0,0,25213,24,8
5562,2021-08,155,158,170.53314253113703,173.8621720853694,169.04732327672798,173.13402873616897,183.44221031258226,20210820,18,25.2,909,False,0,0,25213,24,8
5563,2021-08,125,146,149.95783580363312,151.75220356041032,147.9678890169009,152.2288940025439,167.27556962147014,20210820,19,25.1,1199,False,0,0,25213,24,8
5564,2021-08,114,125,110.81663774683052,115.8798857359315,113.34178079749542,118.63480093254077,132.9650446288462,20210820,20,24.6,465,False,0,0,25213,24,8
5565,2021-08,118,121,107.13832475399624,113.24094173339962,107.9486808499592,115.82742364486505,122.98319407246824,20210820,21,24.3,100,False,0,0,25213,24,8
5566,2021-08,106,113,103.92479517713018,107.69886487234969,103.71394467820886,109.76880397888169,118.68025427754844,20210820,22,23.8,64,False,0,0,25213,24,8
5567,2021-08,98,106,98.8880800968492,102.75041400630981,99.38153715443086,104.52012098295187,121.99354443509048,20210820,23,23.7,431,False,0,0,25213,24,8
5568,2021-08,63,64,74.2465664741087,91.67659234941158,75.7219624166788,89.47480699244005,95.18665866991962,20210821,0,23.9,524,False,1,0,3794,8,8
5569,2021-08,95,99,91.99152284837885,98.43296208311462,90.4836835829344,102.01271922272504,111.30402943553952,20210821,1,23.5,106,False,1,0,3794,8,8
5570,2021-08,104,109,97.74490568539522,105.67817236179026,94.98244693044467,108.32002284644962,114.16676530217865,20210821,2,23.9,38,False,1,0,3794,8,8
5571,2021-08,94,102,95.23460990496557,108.71663651490876,95.36991082551833,107.6699187891316,121.000505708069,20210821,3,23.9,1064,False,1,0,3794,8,8
5572,2021-08,104,107,91.65186188547797,102.04724472352991,90.01026460111613,104.83395923034495,116.1777124924938,20210821,4,24.6,156,False,1,0,3794,8,8
5573,2021-08,95,110,84.40192592515159,98.10671550156293,85.58662343793151,94.21272158555111,112.58117719161191,20210821,5,24.7,30,False,1,0,3794,8,8
5574,2021-08,99,103,93.41175949984165,105.88775741997874,98.14520194181232,107.34506767866647,119.3547327326332,20210821,6,24.6,522,False,1,0,3794,8,8
5575,2021-08,69,94,82.94594921103368,100.01324838711393,83.36285990228346,105.59994097464794,118.52242352841863,20210821,7,24.5,1354,False,1,0,3794,8,8
5576,2021-08,23,26,45.53162964658244,66.33460797000741,42.657315747005285,66.76552639238184,75.5168421015829,20210821,8,23.3,0,False,1,0,3794,8,8
5577,2021-08,21,21,32.6209183755978,51.910588334057955,30.621563937972724,59.14933054635435,56.79507071284252,20210821,9,23.9,0,False,1,0,3794,8,8
5578,2021-08,21,22,32.86776034395729,52.06898101031877,30.335606382021783,60.87195384461997,56.650476583564824,20210821,10,24.1,0,False,1,0,3794,8,8
5579,2021-08,23,26,33.616225967126915,54.273908606945604,31.298187528360362,61.268265509133926,64.4772429615993,20210821,11,24.2,0,False,1,0,3794,8,8
5580,2021-08,22,22,31.76852622771115,64.38124909675564,30.032146879829128,70.16532901926998,68.07033284895725,20210821,12,24.1,0,False,1,0,3794,8,8
5581,2021-08,21,21,33.45113242010087,52.309682595179005,31.11118740451968,59.40736023214176,56.70328419390578,20210821,13,22.9,0,False,1,0,3794,8,8
5582,2021-08,23,26,33.66057769649006,52.258232904106784,31.12718441988683,58.46875790284861,56.881503760815896,20210821,14,22.7,0,False,1,0,3794,8,8
5583,2021-08,22,23,33.26867512692258,54.81967817491107,31.101455640779477,64.84975770597526,59.77256816770756,20210821,15,21.2,0,False,1,0,3794,8,8
5584,2021-08,22,22,33.67371246291438,52.30231556532294,31.202081680203815,57.42061837557312,56.706950346716354,20210821,16,22.1,0,False,1,0,3794,8,8
5585,2021-08,22,22,33.2348512766805,51.995111149440355,30.889665251055888,63.184108583387854,57.459755951503865,20210821,17,21.8,0,False,1,0,3794,8,8
5586,2021-08,25,27,33.52115379275117,52.37760643132797,31.140316766272623,61.65851718230735,56.24495911967318,20210821,18,22.2,0,False,1,0,3794,8,8
5587,2021-08,21,21,33.46236226433912,54.27649071208254,30.909654049917076,66.18113385937473,59.38237558123453,20210821,19,22.2,0,False,1,0,3794,8,8
5588,2021-08,22,22,31.975311989148064,63.77193689493861,30.39818152153701,70.24316902047288,65.19676551959644,20210821,20,23.0,0,False,1,0,3794,8,8
5589,2021-08,23,23,32.33380054746203,64.06002968443899,30.591724607970097,69.46527113334653,66.60139652179161,20210821,21,23.5,0,False,1,0,3794,8,8
5590,2021-08,25,27,32.149269906966566,66.37847008440237,30.441308922473056,71.7835396118174,70.09847823636862,20210821,22,23.9,0,False,1,0,3794,8,8
5591,2021-08,22,23,32.18136773908494,63.57765865132035,30.469568584731274,66.94649871276859,65.61481040934176,20210821,23,24.1,0,False,1,0,3794,8,8
5592,2021-08,22,23,22.945233832182907,24.84948827739605,22.96664797266982,24.94811533562957,26.831436790154864,20210822,0,23.9,0,True,1,0,0,0,8
5593,2021-08,23,26,23.321401628670767,25.117620256089438,23.274891708753234,25.09620586599947,27.412821906407476,20210822,1,24.7,0,True,1,0,0,0,8
5594,2021-08,24,27,22.968089370816173,24.921306175792566,22.883323318762763,25.048694768924545,27.56358289469982,20210822,2,24.8,0,True,1,0,0,0,8
5595,2021-08,23,24,23.27802756233346,25.086856563999913,23.213641089837,25.03741567257444,27.327589125378456,20210822,3,25.0,0,True,1,0,0,0,8
5596,2021-08,22,22,23.140245803627383,24.973152745327127,22.98835998391621,25.205741503009772,27.60207144217394,20210822,4,23.6,0,True,1,0,0,0,8
5597,2021-08,24,26,22.841666867972766,24.954615624272137,22.802033945417367,24.952715692903794,27.35374202968929,20210822,5,22.9,0,True,1,0,0,0,8
5598,2021-08,22,22,22.85905177885394,24.797266803564042,22.826663775991154,25.170967485414394,27.436930067636126,20210822,6,24.9,0,True,1,0,0,0,8
5599,2021-08,22,22,23.111698166301228,24.983742933421464,22.8926144582115,25.14823915040992,28.20028271542302,20210822,7,25.4,0,True,1,0,0,0,8
5600,2021-08,22,22,23.457142176272487,23.869965149354766,23.269334850323727,23.645138632195568,26.70099891720859,20210822,8,26.2,0,True,1,0,0,0,8
5601,2021-08,24,27,23.44905317232661,24.403211017749083,23.041307882549706,24.222892055476223,26.757314607915657,20210822,9,27.6,0,True,1,0,0,0,8
5602,2021-08,22,22,23.557292271998232,24.412331511398165,23.06088528516484,24.925664155982314,27.07352261115078,20210822,10,28.2,0,True,1,0,0,0,8
5603,2021-08,22,23,24.162035906334253,25.1253616680364,23.716587614653974,25.13366457188829,27.811822741689866,20210822,11,28.3,0,True,1,0,0,0,8
5604,2021-08,23,24,22.752039715650294,26.771526066042203,22.298188973595057,27.486360545828195,30.1540157583225,20210822,12,29.1,0,True,1,0,0,0,8
5605,2021-08,24,26,23.99704635156586,25.122746425896988,23.595782865270085,25.34501624194338,27.140552141659356,20210822,13,30.4,0,True,1,0,0,0,8
5606,2021-08,23,23,24.225968907306125,25.285375295057133,23.98462610301736,25.455890014979115,27.031343852929563,20210822,14,30.2,0,True,1,0,0,0,8
5607,2021-08,23,23,24.156374236240836,25.470225421156783,23.782845731314563,25.495486546398126,27.521010757867813,20210822,15,30.1,0,True,1,0,0,0,8
5608,2021-08,25,27,23.848400644314534,25.319051898764297,23.432843431756627,25.248975619822033,27.180872473184383,20210822,16,29.6,0,True,1,0,0,0,8
5609,2021-08,22,22,23.16751744891947,24.715298327085915,22.644697263409853,24.944345929408623,27.440935719057943,20210822,17,28.9,0,True,1,0,0,0,8
5610,2021-08,22,22,23.78715331406309,25.140245942624833,23.772157233822043,24.62911895446363,27.65864888910143,20210822,18,27.7,0,True,1,0,0,0,8
5611,2021-08,22,22,23.669984109930652,24.422152331511512,23.044231184372478,24.52010790333571,27.205892450495856,20210822,19,26.6,0,True,1,0,0,0,8
5612,2021-08,24,26,23.504917309880508,25.18568800974603,22.83987797322639,26.161389252511384,28.206151462015907,20210822,20,26.0,0,True,1,0,0,0,8
5613,2021-08,22,23,23.320297435998523,25.201770786580155,23.045570366908077,25.373490265037134,27.94454438696619,20210822,21,25.2,0,True,1,0,0,0,8
5614,2021-08,23,24,23.447825376485188,25.042327109332646,23.303863285208337,25.103722771347805,27.715368227503248,20210822,22,25.1,0,True,1,0,0,0,8
5615,2021-08,23,26,23.226275383238377,25.528115894757928,22.94583000788799,25.116923774226525,28.00132487064882,20210822,23,24.2,0,True,1,0,0,0,8
5616,2021-08,23,25,22.85552980932359,35.3077646910621,22.538937656816803,35.29893762118381,31.881929494446126,20210823,0,23.8,0,False,0,0,16580,16,8
5617,2021-08,23,23,23.799241947720372,35.49404859372992,22.583230721102478,36.573313529500986,30.19463076242872,20210823,1,24.3,0,False,0,0,16580,16,8
5618,2021-08,23,23,22.50930830890408,34.82970659717021,22.193384731585326,36.494353612983424,29.673891153227476,20210823,2,24.2,0,False,0,0,16580,16,8
5619,2021-08,24,27,22.940963645969514,35.99908535529189,22.129160595125455,36.58364774138477,30.1290274531104,20210823,3,24.0,0,False,0,0,16580,16,8
5620,2021-08,22,22,22.49554214708114,35.71357429884492,21.97397197888876,36.18790011613974,29.50714283201644,20210823,4,23.3,0,False,0,0,16580,16,8
5621,2021-08,22,22,22.261699524791485,34.860115443123995,21.55737946482185,36.24352164008337,29.6028813399959,20210823,5,23.4,0,False,0,0,16580,16,8
5622,2021-08,21,22,22.31333333082266,35.174421569269455,21.72571727933911,37.19526694059267,29.955490448434308,20210823,6,23.6,0,False,0,0,16580,16,8
5623,2021-08,58,92,62.76308792690012,73.16932693068453,62.96628560269486,74.81831468130123,121.27591278264636,20210823,7,23.8,0,False,0,0,16580,16,8
5624,2021-08,167,181,174.53548883726367,180.81835822510016,174.71573598633654,178.35968356582626,194.50399135046825,20210823,8,24.9,759,False,0,0,16580,16,8
5625,2021-08,180,187,176.12587165219887,182.28288253343158,175.01008157163778,179.91297398286352,193.20940476219064,20210823,9,25.6,1105,False,0,0,16580,16,8
5626,2021-08,170,182,174.10008813278208,180.40436423253468,174.94235926429414,180.23946689989123,190.36178108838217,20210823,10,26.0,884,False,0,0,16580,16,8
5627,2021-08,184,191,178.40590621571369,183.7475033060746,177.93658016458787,182.1428043553433,191.44921021855498,20210823,11,26.3,1300,False,0,0,16580,16,8
5628,2021-08,116,136,112.85791569511458,116.89071719399095,110.0544742826334,117.9895971716981,134.65289053776993,20210823,12,24.7,333,False,0,0,16580,16,8
5629,2021-08,184,193,171.45732338192045,173.9541772656152,171.46688011680467,174.06945783880687,183.70996829444462,20210823,13,23.4,1758,False,0,0,16580,16,8
5630,2021-08,184,190,168.3153127615143,170.96823574964932,167.3083186835475,171.90024301101084,182.96666913583485,20210823,14,22.1,4563,False,0,0,16580,16,8
5631,2021-08,180,196,154.0644817915567,162.24036542282286,151.2514905385027,154.97476332298686,179.37130688835657,20210823,15,22.1,674,False,0,0,16580,16,8
5632,2021-08,172,177,156.38043633361636,166.20904544512317,158.22987308532257,152.85574892728982,175.90417384627543,20210823,16,22.0,2742,False,0,0,16580,16,8
5633,2021-08,142,177,131.26167520938864,141.35585061227334,123.6551978892108,135.82570048056627,158.9054378036702,20210823,17,22.3,362,False,0,0,16580,16,8
5634,2021-08,156,179,122.71135453967388,134.34648691236492,115.43022483400433,128.00678170935575,145.7178875761691,20210823,18,21.9,651,False,0,0,16580,16,8
5635,2021-08,129,137,116.71996673670922,129.18015420284135,109.98888197100132,123.56945694269292,145.30742552597357,20210823,19,21.6,1052,False,0,0,16580,16,8
5636,2021-08,112,118,104.2803952906999,113.26843326523885,103.70622785496272,113.84019554689125,123.63898524738686,20210823,20,21.8,8,False,0,0,16580,16,8
5637,2021-08,111,117,109.76139976912775,114.9634501281679,109.53266511038532,114.70230525029272,123.70323388283707,20210823,21,21.8,222,False,0,0,16580,16,8
5638,2021-08,109,113,102.71742080521462,107.94256548653998,102.60233305791057,109.45900743310692,118.90396418526684,20210823,22,21.9,14,False,0,0,16580,16,8
5639,2021-08,96,107,98.51335052609356,102.28780947546153,98.32421581215073,101.24246735939664,115.85137970497512,20210823,23,23.4,153,False,0,0,16580,16,8
5640,2021-08,65,67,68.27189972724466,73.78790531542495,71.66468430524543,74.28377271588063,84.36639544024334,20210824,0,23.8,0,False,0,0,16955,22,8
5641,2021-08,105,111,100.32099884197783,103.66046876340555,100.29323756152344,102.43752232504734,113.83687961053893,20210824,1,24.8,109,False,0,0,16955,22,8
5642,2021-08,110,115,102.0187016696852,103.47962491834755,102.43289450141958,105.23934497508493,115.74084985543429,20210824,2,24.4,127,False,0,0,16955,22,8
5643,2021-08,105,115,97.13686701104041,100.23185587866733,97.40115529993612,100.1203867747394,115.35415612765267,20210824,3,25.1,12,False,0,0,16955,22,8
5644,2021-08,108,113,101.27121326939569,104.19680522742287,101.05190642675585,105.3922079084952,116.63612933072572,20210824,4,24.8,4,False,0,0,16955,22,8
5645,2021-08,88,106,92.89419672386617,98.56226438479435,95.12277619495482,97.35997665626157,114.3993216713476,20210824,5,24.4,38,False,0,0,16955,22,8
5646,2021-08,109,115,100.1768225117197,104.01297123267591,101.04372325358413,104.28170505654487,117.08384425393267,20210824,6,25.8,86,False,0,0,16955,22,8
5647,2021-08,131,145,120.44733187973002,134.1345157406392,121.72331385418623,132.7746139301979,156.1598780545762,20210824,7,24.9,583,False,0,0,16955,22,8
5648,2021-08,187,196,177.16094287593452,182.1651516117314,180.7051476077265,185.954616023898,192.2877665963657,20210824,8,25.0,2623,False,0,0,16955,22,8
5649,2021-08,181,190,178.417185998865,180.04137658841182,181.6113433976644,185.3052081029064,190.63656733920433,20210824,9,24.5,516,False,0,0,16955,22,8
5650,2021-08,171,181,178.9190242591188,181.96285847166249,182.40212313866525,184.65115150533316,190.67107180744492,20210824,10,25.0,1007,False,0,0,16955,22,8
5651,2021-08,183,188,180.18105580816072,186.06914589292793,183.68637504596316,191.48725675755108,192.4465087972319,20210824,11,25.7,901,False,0,0,16955,22,8
5652,2021-08,115,130,110.37274468807048,117.1466399606032,116.31946074896028,118.01711025280237,131.72032056237114,20210824,12,26.6,164,False,0,0,16955,22,8
5653,2021-08,174,180,182.35728378772058,186.27906890730148,186.53299852517156,191.3074754093791,194.32091339594763,20210824,13,27.1,2240,False,0,0,16955,22,8
5654,2021-08,186,190,178.08140127570854,183.55964636914928,182.73983366135215,189.56224521511683,195.9192506645752,20210824,14,27.9,510,False,0,0,16955,22,8
5655,2021-08,175,201,171.8193208149219,173.56207127218792,177.0310398089043,179.18700303198912,190.8866515149505,20210824,15,28.4,1537,False,0,0,16955,22,8
5656,2021-08,184,191,176.5166505551493,182.10577504304948,179.59867811740833,182.07190811922752,193.80999889946125,20210824,16,28.1,2281,False,0,0,16955,22,8
5657,2021-08,139,157,135.2234603172502,150.82675735581793,139.62635759060274,153.09160141161922,172.2073160249498,20210824,17,27.8,797,False,0,0,16955,22,8
5658,2021-08,152,156,168.5111260090119,177.00672152503205,170.7662870874624,170.36987656305766,190.77830673977095,20210824,18,27.6,1411,False,0,0,16955,22,8
5659,2021-08,150,164,163.39817127985995,164.53729293401406,160.24026266170475,156.7477681093426,181.0566697026156,20210824,19,27.0,1762,False,0,0,16955,22,8
5660,2021-08,121,125,118.129935522619,124.00648127928456,121.20413471864704,128.14025281106927,140.9625370394638,20210824,20,26.8,0,False,0,0,16955,22,8
5661,2021-08,121,123,118.9514728278333,122.07168934217871,120.02898583834649,126.0875741374847,133.26323622289556,20210824,21,26.9,135,False,0,0,16955,22,8
5662,2021-08,113,120,113.18125611415405,117.99757401534362,112.80239765275819,117.10384621151191,124.65003912450317,20210824,22,26.9,14,False,0,0,16955,22,8
5663,2021-08,99,107,104.95156500714563,107.47996158491024,104.52746894721285,106.58267658594077,118.07986835907279,20210824,23,26.0,98,False,0,0,16955,22,8
5664,2021-08,77,81,69.36768658475783,79.28834228811353,72.61535949815341,77.1150143038105,85.67543878277279,20210825,0,25.4,0,False,0,0,22076,23,8
5665,2021-08,104,111,98.56748172447824,103.94758996185918,101.02968127968843,103.51626083234964,113.27854253743745,20210825,1,25.4,56,False,0,0,22076,23,8
5666,2021-08,109,115,105.50454548892145,111.70904765499397,107.58342196316403,112.23694822716413,116.84760927957858,20210825,2,25.9,227,False,0,0,22076,23,8
5667,2021-08,99,106,99.06936966272177,106.58460340330065,99.60267714998622,105.59108590981826,116.47734856351947,20210825,3,24.8,28,False,0,0,22076,23,8
5668,2021-08,109,110,102.72340990248078,108.26873106015188,103.7283474885113,109.18104436011807,116.26712235693071,20210825,4,24.3,63,False,0,0,22076,23,8
5669,2021-08,91,107,92.24221954139777,99.38712950388931,92.62816184788407,95.17448557103125,116.69430600382522,20210825,5,24.2,46,False,0,0,22076,23,8
5670,2021-08,104,108,110.19557712651807,115.51297809937454,111.92268650291611,116.88103554098632,122.73786341054951,20210825,6,24.2,323,False,0,0,22076,23,8
5671,2021-08,139,162,125.1306427965413,133.59141476947102,128.97851476003362,134.46964663255588,155.18194280886715,20210825,7,25.2,506,False,0,0,22076,23,8
5672,2021-08,174,182,179.39215026157999,185.5034831181696,181.48694615076678,186.6220568231254,197.47476081298524,20210825,8,25.6,470,False,0,0,22076,23,8
5673,2021-08,171,181,180.25706757409878,184.15291924095717,181.4115607182964,183.03340580639664,192.9124585271854,20210825,9,25.6,2173,False,0,0,22076,23,8
5674,2021-08,177,189,181.60092082865194,185.50836801988376,181.65260080952,185.15391265476055,193.90251562186214,20210825,10,25.8,1134,False,0,0,22076,23,8
5675,2021-08,173,184,185.180087575861,189.6711608443917,185.1565850983401,190.72813235720673,195.1049235235805,20210825,11,26.3,1409,False,0,0,22076,23,8
5676,2021-08,110,121,105.2143401611825,118.23589872744346,109.02975798520424,118.70350413606518,132.9585423582213,20210825,12,25.3,162,False,0,0,22076,23,8
5677,2021-08,174,180,180.32509305684164,184.12990954417054,182.3910322330726,184.78911469370806,193.66828017510935,20210825,13,26.0,1825,False,0,0,22076,23,8
5678,2021-08,177,184,179.68113318613618,183.4014231812669,181.07670574413086,186.1971852249495,190.74540890972764,20210825,14,26.0,2166,False,0,0,22076,23,8
5679,2021-08,169,180,168.37428573632505,171.69001337087104,169.18307479366445,174.3486583782426,186.55766754415004,20210825,15,25.8,1786,False,0,0,22076,23,8
5680,2021-08,162,172,175.48195233094103,178.74147239687136,176.45472648956584,182.98250435080186,188.52643975139983,20210825,16,25.4,1158,False,0,0,22076,23,8
5681,2021-08,146,176,147.7308565121684,157.28807604856095,146.48745329374472,157.62855422898846,175.77284929047673,20210825,17,25.0,5718,False,0,0,22076,23,8
5682,2021-08,167,172,174.245634840701,179.05289559511388,174.0318264752973,180.6237772339995,188.07474023624127,20210825,18,25.8,1184,False,0,0,22076,23,8
5683,2021-08,139,152,153.65247434931246,159.03542792175173,150.90133051781726,159.94651208254004,170.67260838222558,20210825,19,24.5,1345,False,0,0,22076,23,8
5684,2021-08,111,124,113.70857713938038,123.83541387670886,113.29823747409905,127.06212640163649,133.17147628719783,20210825,20,24.7,67,False,0,0,22076,23,8
5685,2021-08,121,131,109.38054178115704,116.30281096981331,109.87332577190107,119.86972947991785,123.96805676303711,20210825,21,25.0,112,False,0,0,22076,23,8
5686,2021-08,110,114,107.31081014215874,114.56766100288884,108.08006393776321,114.36560918202552,122.81888034912076,20210825,22,24.7,102,False,0,0,22076,23,8
5687,2021-08,105,119,102.65124632818585,106.65042598973368,100.47604839492209,105.25217215617413,118.2850401084883,20210825,23,23.9,16,False,0,0,22076,23,8
5688,2021-08,72,73,76.69801146617698,78.23791365060886,74.76507403664037,76.83534444460743,91.31141492302862,20210826,0,23.8,415,False,0,0,20064,24,8
5689,2021-08,103,110,104.78030964069224,111.41578406634328,104.4299751790706,108.98914356771714,119.51298519353645,20210826,1,23.9,24,False,0,0,20064,24,8
5690,2021-08,115,118,105.57308019090681,112.58174156313498,107.02535065104723,111.86787676350208,120.12328307857202,20210826,2,24.0,277,False,0,0,20064,24,8
5691,2021-08,99,104,106.12419603544545,113.6401523259711,104.2791423926023,109.56387251823064,120.00735082675942,20210826,3,23.6,30,False,0,0,20064,24,8
5692,2021-08,110,115,105.53271951419346,112.74816338149132,107.20818720666216,111.96243231288162,119.4143235043294,20210826,4,23.9,96,False,0,0,20064,24,8
5693,2021-08,92,108,93.48012271556765,102.25441704430231,94.53560070228828,97.74960515790302,118.83146712349497,20210826,5,24.2,139,False,0,0,20064,24,8
5694,2021-08,105,111,109.43198814121247,117.3686387825321,108.730162871183,114.25789896821193,126.90165206883957,20210826,6,25.3,393,False,0,0,20064,24,8
5695,2021-08,134,147,127.11449261544418,139.30087233938096,133.89173259552993,146.07957424753135,159.79260734123787,20210826,7,26.3,1981,False,0,0,20064,24,8
5696,2021-08,183,196,186.1179120414754,194.16137313038175,183.71993295260185,188.26379761026968,206.16676199835365,20210826,8,28.1,592,False,0,0,20064,24,8
5697,2021-08,195,199,187.13050481267507,192.66587752540997,183.64230164780918,187.7432557034325,195.98241528764285,20210826,9,27.8,1269,False,0,0,20064,24,8
5698,2021-08,180,193,179.22638475942313,193.28296298908234,176.15905390328751,188.50875630624282,205.49454459038793,20210826,10,29.4,286,False,0,0,20064,24,8
5699,2021-08,188,194,189.4351210968176,195.37899103710365,185.05273979041263,190.432497403351,201.56198533948543,20210826,11,30.2,1425,False,0,0,20064,24,8
5700,2021-08,111,127,115.06922393389272,122.37314905255012,112.85554170997192,120.03118933814915,137.01379929596823,20210826,12,30.6,37,False,0,0,20064,24,8
5701,2021-08,183,199,183.94957715553832,190.39340451283422,181.50560694261125,184.90911604575072,200.2804160437811,20210826,13,31.8,1792,False,0,0,20064,24,8
5702,2021-08,185,190,185.44368774288134,192.0490883610448,183.58282714254153,186.8947079121315,200.05147215821967,20210826,14,31.6,746,False,0,0,20064,24,8
5703,2021-08,188,202,179.4598978948574,187.58160782590133,176.03873557630223,181.75270302230942,199.9257742508579,20210826,15,30.3,2034,False,0,0,20064,24,8
5704,2021-08,173,186,179.2435497911622,188.09952176169236,175.97205986843315,182.93003961025747,199.74005333738236,20210826,16,29.8,645,False,0,0,20064,24,8
5705,2021-08,132,161,138.41453568780886,154.6565891115135,136.58743563156634,153.63733782852242,175.24715890286555,20210826,17,30.3,301,False,0,0,20064,24,8
5706,2021-08,162,167,176.76672409912203,183.65263073727792,176.40652336991437,182.19275967149383,191.6353018453923,20210826,18,28.3,2864,False,0,0,20064,24,8
5707,2021-08,156,170,161.30886819022348,168.19315957870833,160.69272578568095,161.07161178646328,180.2330326093319,20210826,19,26.3,4012,False,0,0,20064,24,8
5708,2021-08,116,121,124.21350180526422,134.7262259141498,124.55532383120116,134.6665661857021,142.85668603461303,20210826,20,26.4,203,False,0,0,20064,24,8
5709,2021-08,125,128,114.46572489070763,127.60209419722248,115.0357137988244,127.16458527856828,133.02330616407423,20210826,21,25.3,10,False,0,0,20064,24,8
5710,2021-08,111,116,113.71449094815328,121.81081058069636,114.12769895627794,122.47796556895314,130.4143355298,20210826,22,25.3,123,False,0,0,20064,24,8
5711,2021-08,105,113,105.16601235251426,111.80504248781794,106.1528936474166,110.3188443753158,125.73853186187154,20210826,23,24.7,370,False,0,0,20064,24,8
5712,2021-08,72,77,69.09314947135593,74.3232203226953,69.64715845238666,74.3466246793966,83.48734136122435,20210827,0,23.2,0,False,0,0,25769,23,8
5713,2021-08,102,111,104.52777455525484,108.40013067410838,101.56492037351086,106.58029154244984,116.14722896119308,20210827,1,22.9,43,False,0,0,25769,23,8
5714,2021-08,111,115,111.63421601406516,121.53450776567786,112.8849524321904,119.65741792927605,128.62971934885175,20210827,2,22.6,1024,False,0,0,25769,23,8
5715,2021-08,102,114,109.78900244578745,116.60525542628433,104.10735331580163,112.3314499391638,124.21829738673277,20210827,3,22.3,334,False,0,0,25769,23,8
5716,2021-08,108,112,106.95290065493134,111.56598086699698,106.97739035711503,111.04126039426795,117.01189031342885,20210827,4,22.2,293,False,0,0,25769,23,8
5717,2021-08,86,104,92.629567224143,98.30813054081376,91.82703499655048,95.22594519555945,114.62356225623084,20210827,5,21.8,73,False,0,0,25769,23,8
5718,2021-08,101,103,110.79556668713559,116.46844139903392,106.37509996792541,113.70487709811628,121.09024910153245,20210827,6,23.2,189,False,0,0,25769,23,8
5719,2021-08,125,135,123.75131283717076,137.2750350312224,126.86102135765994,139.58508969221893,153.5814984455517,20210827,7,25.5,698,False,0,0,25769,23,8
5720,2021-08,181,190,170.48206906234648,182.92118352637522,169.29914595729198,182.65941421945573,196.2771735050247,20210827,8,25.0,263,False,0,0,25769,23,8
5721,2021-08,176,185,179.45115093998166,184.35612419602896,182.04835793234932,190.17905023232865,192.00792911642827,20210827,9,26.0,1321,False,0,0,25769,23,8
5722,2021-08,169,177,182.96074488561862,188.28390013493663,184.4556479978503,188.37849250607474,199.1752464996166,20210827,10,27.8,1056,False,0,0,25769,23,8
5723,2021-08,175,182,191.55387323590583,198.52747537531855,192.9157729990653,199.0873527688375,206.1875823783162,20210827,11,28.0,2214,False,0,0,25769,23,8
5724,2021-08,106,125,117.12768893117853,121.36337472784687,109.9089538670213,120.19016440721991,135.92948178846203,20210827,12,30.0,326,False,0,0,25769,23,8
5725,2021-08,173,179,187.3855223163803,191.07739150021075,189.740859777307,191.29319606627837,200.46543446591855,20210827,13,31.2,1925,False,0,0,25769,23,8
5726,2021-08,165,169,184.8525394183943,189.02011201570983,186.64827125309702,190.87493172271743,198.65411998574982,20210827,14,30.4,3481,False,0,0,25769,23,8
5727,2021-08,162,175,175.48335543275843,181.78897960533334,175.49177464777344,183.93264272957856,196.73787078812776,20210827,15,30.4,4309,False,0,0,25769,23,8
5728,2021-08,156,161,181.42835240237034,186.85258116117643,179.7301784410786,183.39040439850953,199.26112989620245,20210827,16,30.0,3764,False,0,0,25769,23,8
5729,2021-08,142,163,146.041775910172,159.77203559978008,140.66303188680524,152.0084058798814,186.03796356199246,20210827,17,29.1,1054,False,0,0,25769,23,8
5730,2021-08,143,157,174.91925790507878,183.3702990546915,175.01010297544335,180.77679484130465,196.46215028124342,20210827,18,28.1,672,False,0,0,25769,23,8
5731,2021-08,127,138,142.81151803402415,156.01494558362228,141.90671020946397,155.11563517910514,173.51324702654833,20210827,19,27.7,1643,False,0,0,25769,23,8
5732,2021-08,108,111,113.08308250226723,123.3828820916227,111.24564668425724,121.00047334582665,137.14908667550006,20210827,20,23.9,518,False,0,0,25769,23,8
5733,2021-08,107,115,111.69104634738619,119.35591957899005,110.67627731159752,119.81349955281935,127.19643313612566,20210827,21,22.6,238,False,0,0,25769,23,8
5734,2021-08,96,105,106.07444186191219,110.6054680610361,105.09293099131007,110.92197754700344,118.95514026981512,20210827,22,22.5,61,False,0,0,25769,23,8
5735,2021-08,102,113,100.55633449259034,102.36074562742658,97.87477207603779,102.32663375871086,115.99968067882783,20210827,23,22.8,270,False,0,0,25769,23,8
5736,2021-08,72,75,65.49568101037389,69.10072717340165,65.27736683655156,70.61643651688443,70.78730600988389,20210828,0,22.7,174,False,1,0,1799,8,8
5737,2021-08,104,111,97.47319158198279,97.44183188004327,96.44107727969799,97.52863534827004,106.67465847054682,20210828,1,22.4,160,False,1,0,1799,8,8
5738,2021-08,111,119,104.21498277154895,104.31411068753948,105.48903614732912,107.89638587115103,111.2733632409141,20210828,2,22.1,68,False,1,0,1799,8,8
5739,2021-08,102,109,93.12984071490746,95.51700510883825,93.62901392758455,94.95645004553207,108.1081479623133,20210828,3,21.9,54,False,1,0,1799,8,8
5740,2021-08,103,107,100.17327619862492,99.73188926278134,101.99746513415137,100.96603577626989,110.27063647834301,20210828,4,22.4,440,False,1,0,1799,8,8
5741,2021-08,87,107,89.8986530745391,93.41820016294291,89.06640299001322,95.58868283220677,103.69571889125866,20210828,5,22.2,29,False,1,0,1799,8,8
5742,2021-08,98,103,98.4533061356937,99.16377306102386,99.59774508262376,97.89556794348948,106.99142466930505,20210828,6,22.5,332,False,1,0,1799,8,8
5743,2021-08,66,94,69.64521235417601,72.53659625189415,66.13657337579856,75.22013466594778,93.34168897975137,20210828,7,23.0,542,False,1,0,1799,8,8
5744,2021-08,35,36,31.990227865550427,33.316354309616656,29.110309509955595,29.216642205824837,35.09278791257845,20210828,8,24.7,0,False,1,0,1799,8,8
5745,2021-08,36,36,22.249079179263088,23.70318393614295,22.53816365335837,22.798373318018026,25.328447978713484,20210828,9,26.9,0,False,1,0,1799,8,8
5746,2021-08,38,41,22.175305425460866,24.2316176093465,22.465862251975626,20.978568334271014,25.794507650389942,20210828,10,27.8,0,False,1,0,1799,8,8
5747,2021-08,37,39,23.251635691988312,24.276025293622123,23.554225960301782,23.871151684425612,26.899056724383783,20210828,11,28.6,0,False,1,0,1799,8,8
5748,2021-08,38,38,22.07260719386313,39.24877406106602,22.535414642678777,41.826598614601274,37.82411118788979,20210828,12,29.2,0,False,1,0,1799,8,8
5749,2021-08,38,41,23.591136295263727,24.620070372732883,23.49908914556151,22.431561252197834,26.18420212466583,20210828,13,30.3,0,False,1,0,1799,8,8
5750,2021-08,38,41,23.37160698314386,24.615891936757293,23.897411984801565,23.286125242652588,26.947930931907788,20210828,14,29.4,0,False,1,0,1799,8,8
5751,2021-08,38,38,23.037995076566556,24.57419478829736,23.45613180050222,24.067419517063232,26.83862732621667,20210828,15,29.2,0,False,1,0,1799,8,8
5752,2021-08,46,52,23.348730660520136,24.510388234012293,23.586012222142376,24.10807093995921,26.996207467183467,20210828,16,28.2,0,False,1,0,1799,8,8
5772,2021-08,22,23,23.303818780952824,26.077031521753145,23.357779571075657,26.466684558636313,29.78352135358712,20210829,12,24.8,0,True,1,0,0,0,8
5773,2021-08,19,19,23.813216256814258,24.291061394118117,23.8075466264892,24.730217755412628,27.278007610534956,20210829,13,26.5,0,True,1,0,0,0,8
5774,2021-08,22,22,23.80403134998552,24.52996811383926,23.78909408873761,24.644650135361317,27.52903104898435,20210829,14,26.3,0,True,1,0,0,0,8
5775,2021-08,21,21,23.26051395140421,24.525419617084623,23.453186195750146,23.67342685352658,26.941293920680128,20210829,15,25.2,0,True,1,0,0,0,8
5776,2021-08,22,23,23.19093183561631,24.541404465576857,23.316008258405635,23.685493517719024,26.87148204551836,20210829,16,25.3,0,True,1,0,0,0,8
5777,2021-08,26,26,23.08802274489536,24.385159758478906,23.101666124044367,6.969397572346179,27.293035500648894,20210829,17,25.8,0,True,1,0,0,0,8
5778,2021-08,24,25,23.190044538666246,24.57499699837985,23.254528160430777,6.802321641726973,26.505313223395394,20210829,18,24.6,0,True,1,0,0,0,8
5779,2021-08,21,21,23.133616866601287,24.45229925255848,23.180362302777095,19.630114643262385,26.629661137402525,20210829,19,23.9,0,True,1,0,0,0,8
5780,2021-08,20,20,23.03953631925773,24.9580866967123,23.173807058844506,24.327936683193855,27.545958484536598,20210829,20,23.8,0,True,1,0,0,0,8
5781,2021-08,20,21,23.187206194453932,24.92012248258474,23.189928436948275,24.301048044373488,27.792410810893156,20210829,21,24.1,0,True,1,0,0,0,8
5782,2021-08,22,24,23.16588787041265,24.926173163299534,23.178788636000785,23.997452496639102,27.418288433890382,20210829,22,24.0,0,True,1,0,0,0,8
5783,2021-08,20,21,23.195221265470426,25.595932055102505,23.687616238064706,24.265303135171525,28.11740904038736,20210829,23,23.7,0,True,1,0,0,0,8
5784,2021-08,20,20,22.666266210272344,36.337096371056816,22.433200674088155,36.68657879318375,34.19726114989131,20210830,0,23.9,0,False,0,0,10719,16,8
5785,2021-08,21,23,22.364572688722674,36.69106155034165,22.262095412256816,37.56226927481379,32.00420947534048,20210830,1,23.8,0,False,0,0,10719,16,8
5786,2021-08,21,24,22.84732547117149,37.00174993929236,22.88559571772234,38.691806934683484,32.09654155336736,20210830,2,23.6,0,False,0,0,10719,16,8
5787,2021-08,20,21,22.141398205663005,36.895359800937584,22.068047030958002,37.80132091741891,31.53010179690737,20210830,3,23.1,0,False,0,0,10719,16,8
5788,2021-08,20,20,22.4706363968741,36.92342834222257,22.194794578090683,37.785824105243904,31.892335720944004,20210830,4,23.1,0,False,0,0,10719,16,8
5789,2021-08,20,20,22.040094787813384,36.89238289463186,21.610290752389336,37.52079272712613,31.883361304277525,20210830,5,22.8,0,False,0,0,10719,16,8
5790,2021-08,21,24,22.568720994304154,37.865670346255705,21.838897572785992,38.19437806295818,32.047842825508745,20210830,6,23.0,0,False,0,0,10719,16,8
5791,2021-08,52,80,62.19628737303691,66.36423551713595,61.65001797420578,69.8364733435185,121.31173750201646,20210830,7,24.8,0,False,0,0,10719,16,8
5792,2021-08,167,183,173.35900752348866,175.11409211151326,174.9672573757108,180.1004674329839,192.48224346552487,20210830,8,25.5,879,False,0,0,10719,16,8
5793,2021-08,170,180,179.13729600105341,182.24648805304105,179.37278658903156,184.63442830555684,190.84361011840448,20210830,9,26.4,1343,False,0,0,10719,16,8
5794,2021-08,171,186,175.11965673187638,179.41806778394024,175.8939425632495,180.49065063123876,190.17088659925457,20210830,10,27.1,844,False,0,0,10719,16,8
5795,2021-08,171,180,177.7495935817757,183.1196243635234,177.882068888909,185.6330954198089,191.9796298537831,20210830,11,27.3,766,False,0,0,10719,16,8
5796,2021-08,114,134,114.6693956742124,120.17182816511189,114.96400753837854,121.11957298629055,141.66055337047808,20210830,12,28.4,448,False,0,0,10719,16,8
5797,2021-08,172,177,177.23254808701586,182.60048904129462,176.1697977801607,181.1568765707942,194.2556963059811,20210830,13,28.5,383,False,0,0,10719,16,8
5798,2021-08,171,174,176.26298324341676,180.43934340046556,175.24695511173422,180.02029294905563,189.7280442912377,20210830,14,28.1,1151,False,0,0,10719,16,8
5799,2021-08,160,177,163.94193725903514,172.4658300012014,164.34641681466312,168.2430066511357,189.52450765881306,20210830,15,27.5,1585,False,0,0,10719,16,8
5800,2021-08,170,174,162.01303899720307,167.63144609485641,160.2840045397593,162.4140156783453,181.09049792578426,20210830,16,26.5,1095,False,0,0,10719,16,8
5801,2021-08,140,172,126.74163341945935,149.39907352969277,126.57404272054079,147.55127135452668,168.24001720387216,20210830,17,26.0,140,False,0,0,10719,16,8
5802,2021-08,168,172,136.57665341889222,162.32820602902734,131.97640946712397,159.53154168704108,173.96974363521608,20210830,18,25.0,579,False,0,0,10719,16,8
5803,2021-08,144,162,128.22358991521108,146.05527325084975,125.20636842594543,136.33656326987682,156.4312094380356,20210830,19,24.7,827,False,0,0,10719,16,8
5804,2021-08,128,132,107.37414746038702,116.4579706504402,107.2909853295876,116.43645280882843,127.3504181810967,20210830,20,23.8,13,False,0,0,10719,16,8
5805,2021-08,129,135,109.63883715751143,119.56537916217313,108.79020994914288,118.96460652030237,124.71645759277573,20210830,21,23.9,54,False,0,0,10719,16,8
5806,2021-08,116,123,103.78941428728909,113.24444028229033,107.18721582871218,111.57172761265326,127.51314713305398,20210830,22,23.6,461,False,0,0,10719,16,8
5807,2021-08,105,115,96.78931961468443,106.29751746718375,96.28739047991841,104.47425920892358,119.3474271391225,20210830,23,23.3,151,False,0,0,10719,16,8
5808,2021-08,73,76,70.68896736049281,77.518543512537,69.51074345875578,75.39577559867267,88.63422577767896,20210831,0,23.4,204,False,0,0,16443,24,8
5809,2021-08,106,111,104.70684549207262,107.54693775091549,102.00450018885114,105.071368202452,119.60054196669147,20210831,1,22.9,353,False,0,0,16443,24,8
5810,2021-08,108,114,106.23921950018409,108.48341888501123,103.27699849002174,106.172286236413,117.64713118250039,20210831,2,22.9,306,False,0,0,16443,24,8
5811,2021-08,101,107,104.5479752162007,108.10394934805554,101.70869816941315,104.6284070550825,120.3680898454556,20210831,3,22.7,378,False,0,0,16443,24,8
5812,2021-08,110,114,105.13318646395585,108.36532190869455,102.27598935932122,106.19165831295855,117.2386222722575,20210831,4,22.9,248,False,0,0,16443,24,8
5813,2021-08,93,114,94.68057517011232,101.51252287575157,94.04728859228412,98.11924915529188,114.07332349530539,20210831,5,22.5,200,False,0,0,16443,24,8
5814,2021-08,113,114,106.55443173128758,111.01593519986638,103.57036632543725,107.4897121948241,118.79871346151442,20210831,6,22.9,266,False,0,0,16443,24,8
5815,2021-08,123,144,125.75538481369061,138.48274503272185,122.72020883377401,135.97901600473162,155.47064186821657,20210831,7,23.5,919,False,0,0,16443,24,8
5816,2021-08,167,177,181.86175762525704,187.3856154284789,173.20932425215236,181.83377135109376,197.52883666599203,20210831,8,24.1,653,False,0,0,16443,24,8
5817,2021-08,169,185,174.7107413069068,177.3922203470494,168.21960484269817,176.59409456594074,188.99079514563076,20210831,9,22.5,942,False,0,0,16443,24,8
5818,2021-08,176,187,176.25445120847175,178.48506906336073,169.75518759105742,174.98362277109797,189.86515129621327,20210831,10,23.8,1026,False,0,0,16443,24,8
5819,2021-08,165,182,179.08272922227965,183.73631089203127,172.17643738773782,180.0888740549975,191.1902499345132,20210831,11,25.6,1255,False,0,0,16443,24,8
5820,2021-08,112,135,114.94648608644599,120.67057649496898,116.27351965131845,118.52670475803158,133.22380803259944,20210831,12,27.7,194,False,0,0,16443,24,8
5821,2021-08,174,184,177.18620554820868,181.19267166705845,171.44154968192547,177.99997352446488,189.43186960105126,20210831,13,26.1,710,False,0,0,16443,24,8
5822,2021-08,182,187,179.3721918141692,184.4804700108556,172.18047088775742,179.42900280767353,191.3294775076846,20210831,14,25.3,1198,False,0,0,16443,24,8
5823,2021-08,157,170,163.21119257788612,168.59356587531778,157.84571180400675,166.14247849873962,183.28908058587498,20210831,15,25.1,1803,False,0,0,16443,24,8
5824,2021-08,167,180,172.14618288583043,175.00162072202136,166.63875217984437,173.08097156177772,186.23959107040994,20210831,16,24.7,2164,False,0,0,16443,24,8
5825,2021-08,125,139,134.35329581962208,148.76232419320914,133.93817056341905,148.18058307071894,170.4917863667621,20210831,17,24.5,350,False,0,0,16443,24,8
5826,2021-08,156,162,158.83600466057783,165.53769328583272,162.32711899873394,166.76739143758803,176.16409560228053,20210831,18,24.4,1029,False,0,0,16443,24,8
5827,2021-08,148,154,149.92090010476247,154.98374327550422,147.86499735419991,153.0758720509925,169.67775496645484,20210831,19,24.3,1381,False,0,0,16443,24,8
5828,2021-08,147,152,120.5569229712163,127.41089658157377,120.39502268864322,128.7813354475609,135.47689473625942,20210831,20,24.1,179,False,0,0,16443,24,8
5829,2021-08,131,132,118.45528496132316,125.83163311089713,118.34242341122301,127.76349675021031,131.82208734109577,20210831,21,23.7,133,False,0,0,16443,24,8
5830,2021-08,119,127,111.20523201874677,116.00489830137995,113.8001167207478,116.24126577747019,128.11398795778626,20210831,22,23.2,366,False,0,0,16443,24,8
5831,2021-08,112,128,105.81499024234186,110.73430131281752,104.58717969792737,109.35364363498273,119.95841415317295,20210831,23,21.8,186,False,0,0,16443,24,8
5832,2021-09,74,83,75.2824141143671,82.71687380920314,74.49624056848069,89.2771075382705,93.02543951336467,20210901,0,21.8,178,False,0,0,19638,24,9
5833,2021-09,109,117,106.99988598663481,120.48933557264496,106.57515135899932,116.51297983676274,128.06257036105055,20210901,1,21.5,1160,False,0,0,19638,24,9
5834,2021-09,114,121,107.180079631032,117.6320236317125,108.93952231253816,115.84767498012502,128.7679392050933,20210901,2,21.4,414,False,0,0,19638,24,9
5835,2021-09,99,103,101.7758303674201,116.35915172382646,101.7934278847207,113.24881213096616,125.07522490945915,20210901,3,21.3,507,False,0,0,19638,24,9
5836,2021-09,115,119,105.89471969708593,112.62136899499653,109.21186831548759,114.56808065786511,118.66847255564294,20210901,4,20.9,154,False,0,0,19638,24,9
5837,2021-09,92,112,91.67398620057314,98.88208734359989,92.24348797096008,99.59938489539644,115.4594484824694,20210901,5,20.9,248,False,0,0,19638,24,9
5838,2021-09,116,119,107.05221679488962,114.93695947495746,111.5524232266092,116.61165889115331,120.7017621358004,20210901,6,21.1,88,False,0,0,19638,24,9
5839,2021-09,124,139,134.03344803538326,140.69208045024652,133.0471188697377,139.97941205075713,162.76368951509497,20210901,7,21.3,1747,False,0,0,19638,24,9
5840,2021-09,180,198,172.0067722760191,175.66941894767146,172.58247352829582,177.9654849913094,189.4188159243415,20210901,8,21.7,829,False,0,0,19638,24,9
5841,2021-09,182,189,175.88426226072147,177.7920796388655,177.4706186451169,179.22434173541433,187.6593862591865,20210901,9,22.6,1338,False,0,0,19638,24,9
5842,2021-09,185,196,177.05739838930708,179.98928410246052,180.25789157195072,181.35372728882965,191.51282541174,20210901,10,23.8,806,False,0,0,19638,24,9
5843,2021-09,174,180,183.7127087558193,185.89481800361423,181.27689290460717,184.36007681581358,194.13560885025876,20210901,11,25.0,1677,False,0,0,19638,24,9
5844,2021-09,117,138,110.06110006200224,118.82981964854734,110.5881831257766,117.87079913036388,134.94810890254703,20210901,12,26.6,36,False,0,0,19638,24,9
5845,2021-09,182,190,184.28175388420834,187.20037286590733,183.97558176661892,186.95189866172927,198.76713946016767,20210901,13,27.9,1498,False,0,0,19638,24,9
5846,2021-09,184,192,180.68427594915707,183.51304163325767,181.55351746832335,183.4779209053521,192.35445408567912,20210901,14,24.7,2107,False,0,0,19638,24,9
5847,2021-09,173,182,172.8338864001124,176.40569894299156,169.7490287397558,175.76721614672473,188.4724355035205,20210901,15,23.7,1155,False,0,0,19638,24,9
5848,2021-09,176,187,170.80348907453205,175.3068050675935,172.35001241275177,176.55715564789958,184.59555335838675,20210901,16,22.6,1460,False,0,0,19638,24,9
5849,2021-09,139,180,141.77602006223222,150.19866175388628,140.60990466220983,147.23339692011047,178.3526936773809,20210901,17,21.8,437,False,0,0,19638,24,9
5850,2021-09,163,167,164.9074157710464,173.23928435245685,163.27775109942723,174.86834951615984,183.16769147452223,20210901,18,20.7,1288,False,0,0,19638,24,9
5851,2021-09,152,163,147.55164725995303,157.19733013860812,146.32997697055546,157.6173586619288,173.14454209258074,20210901,19,20.6,1332,False,0,0,19638,24,9
5852,2021-09,129,139,119.78096418421786,125.5813429660097,124.19260460466967,136.08996098866405,139.77179462214235,20210901,20,20.8,379,False,0,0,19638,24,9
5853,2021-09,131,133,115.39440491428327,126.26752772936864,119.08599199024701,129.62869980858926,137.22930326464834,20210901,21,21.1,386,False,0,0,19638,24,9
5854,2021-09,119,128,109.80314653581188,116.87216896333898,113.98602292718677,118.3536082639901,123.94569435259523,20210901,22,21.2,120,False,0,0,19638,24,9
5855,2021-09,114,121,106.16328170648877,111.87091591711585,109.1110669476745,112.30832869659206,122.26298520126136,20210901,23,21.2,294,False,0,0,19638,24,9
5856,2021-09,79,87,70.73260975495953,78.95750054542536,71.1536326675864,83.49583462953512,85.00919957927549,20210902,0,21.1,190,False,0,0,19351,24,9
5857,2021-09,112,119,104.84716975943876,111.04643723754413,107.25512885866131,112.50858498354586,118.65935644871132,20210902,1,21.0,216,False,0,0,19351,24,9
5858,2021-09,114,119,106.66361709147635,115.79837370588758,110.89304990091966,118.03360931437244,125.45224238687842,20210902,2,21.2,367,False,0,0,19351,24,9
5859,2021-09,106,118,104.15859555141708,113.32051238795718,102.49437195846345,112.16362687627732,120.0340522753384,20210902,3,21.3,64,False,0,0,19351,24,9
5860,2021-09,114,120,104.39364175681567,113.74211288446742,110.25215854885913,117.1694066635115,120.0571350660404,20210902,4,21.2,310,False,0,0,19351,24,9
5861,2021-09,93,108,92.30621504540666,102.90769020400039,93.59667725708651,101.61322330195738,118.42717686039043,20210902,5,20.9,320,False,0,0,19351,24,9
5862,2021-09,115,117,105.20906727500365,124.83319852798054,112.23860804121779,125.57444737257038,129.24353021210285,20210902,6,20.6,654,False,0,0,19351,24,9
5863,2021-09,141,160,126.39525544958205,136.674672170019,126.28420482459406,138.86246062493967,158.63663074203424,20210902,7,20.9,598,False,0,0,19351,24,9
5864,2021-09,166,171,174.04713661840518,177.94444605705976,176.9430017547028,181.3787127411714,195.09236590406204,20210902,8,20.6,811,False,0,0,19351,24,9
5865,2021-09,184,198,180.2162990817042,188.33636681286148,181.68892661632432,186.73673720403494,200.04489483459133,20210902,9,21.2,990,False,0,0,19351,24,9
5866,2021-09,179,188,170.45716314520038,174.7825881016428,176.34118916482134,181.6281876477167,186.38486639644273,20210902,10,21.0,770,False,0,0,19351,24,9
5867,2021-09,182,188,179.55835836085745,186.37858547831988,181.00310409850377,187.57071962106738,194.40599516637863,20210902,11,22.2,661,False,0,0,19351,24,9
5868,2021-09,112,130,107.59464855770551,119.02309107561364,112.0396646384542,119.76056905378357,132.6453723766277,20210902,12,22.7,73,False,0,0,19351,24,9
5869,2021-09,174,183,170.81049071392218,174.64775390831906,175.97165173207352,179.28580953891029,187.48331461080474,20210902,13,23.3,1379,False,0,0,19351,24,9
5870,2021-09,192,195,175.6410381624471,179.73643742858982,179.90018739887978,184.2737168924933,191.5151199323659,20210902,14,23.0,1151,False,0,0,19351,24,9
5871,2021-09,170,177,172.25633326570278,178.96375243456956,176.28546672856882,181.78039936020318,189.69709495377182,20210902,15,22.4,929,False,0,0,19351,24,9
5872,2021-09,174,181,163.8910580027194,170.8767966263357,170.96207423199527,176.8183917796235,180.8937204889687,20210902,16,22.0,1385,False,0,0,19351,24,9
5873,2021-09,132,153,133.649479768906,152.09800120340984,136.78208876408814,152.94285714619696,171.25972835169307,20210902,17,20.9,1297,False,0,0,19351,24,9
5874,2021-09,159,167,155.18201511174365,166.92656441323928,158.09198519037656,172.02204489935988,180.17997970009245,20210902,18,20.2,4490,False,0,0,19351,24,9
5875,2021-09,161,173,153.17706960444605,165.72591425027147,152.04969970282548,166.10475508355307,177.59126996448208,20210902,19,20.2,1893,False,0,0,19351,24,9
5876,2021-09,132,143,119.3058156940222,128.08969482686737,121.06616043643164,132.10925744628375,140.43663359265886,20210902,20,20.1,82,False,0,0,19351,24,9
5877,2021-09,131,138,121.44413520417618,125.90380840939785,122.75758082860159,129.38952974766752,139.39409720878294,20210902,21,19.8,446,False,0,0,19351,24,9
5878,2021-09,114,129,109.7842244752086,122.46346692319203,112.78980593506685,123.38533918474418,128.69791652817173,20210902,22,19.7,145,False,0,0,19351,24,9
5879,2021-09,119,129,104.86731972098505,111.1227317790774,107.51167683792532,114.0956970889223,123.0538776146148,20210902,23,19.7,130,False,0,0,19351,24,9
5880,2021-09,69,71,67.84078959930385,79.66255443732923,69.16338860676855,79.67297967749325,81.44392327248038,20210903,0,19.7,26,False,0,0,12845,24,9
5881,2021-09,109,119,106.37574656199138,112.97181687522709,110.2512773114912,113.02534730944679,119.84619885132759,20210903,1,19.5,188,False,0,0,12845,24,9
5882,2021-09,112,117,106.28328724087783,117.91865151666825,110.92678503627776,119.61731693937361,127.14575052572239,20210903,2,19.6,402,False,0,0,12845,24,9
5883,2021-09,110,114,103.74688492836522,120.8554277729872,104.84733962965355,118.0697534229689,126.56139310986441,20210903,3,19.8,512,False,0,0,12845,24,9
5884,2021-09,107,113,105.33754559315543,113.34857233273605,109.32837082983274,116.03438551603779,118.35171582853758,20210903,4,19.4,290,False,0,0,12845,24,9
5885,2021-09,93,111,89.85336019693653,99.95061096128791,91.06676795932731,98.51360785285942,115.63158359142581,20210903,5,19.7,122,False,0,0,12845,24,9
5886,2021-09,107,114,106.67334926225158,116.6695782821853,111.27058879055063,118.56791710567843,121.85165776493214,20210903,6,19.4,280,False,0,0,12845,24,9
5887,2021-09,134,147,124.60533135891147,138.83492494166194,130.73982985329255,144.30482562582333,154.89921831658913,20210903,7,19.7,800,False,0,0,12845,24,9
5888,2021-09,170,179,168.65093224235287,176.77397922210528,170.65943799058664,180.0650475879401,191.1608825154893,20210903,8,20.4,706,False,0,0,12845,24,9
5889,2021-09,171,178,167.60590907107584,176.5369067043048,173.6190722807324,180.53505686949924,187.4228995573412,20210903,9,21.0,1005,False,0,0,12845,24,9
5890,2021-09,163,169,168.71169655981137,176.3244053204447,171.95305001787722,180.37943279274884,187.7363885277542,20210903,10,21.3,517,False,0,0,12845,24,9
5891,2021-09,187,190,170.47479574708703,181.57469815301943,173.02772260829775,183.50907406082572,188.5113304931045,20210903,11,21.0,337,False,0,0,12845,24,9
5892,2021-09,108,122,107.57782971242993,118.37882597840841,110.12981298874344,119.7844838988255,134.04014211852385,20210903,12,21.5,372,False,0,0,12845,24,9
5893,2021-09,169,176,170.71393126583078,179.08217361104957,173.42071934484613,179.75008343279487,189.00477961421748,20210903,13,22.2,1240,False,0,0,12845,24,9
5894,2021-09,178,181,167.2686149530656,179.68951081113235,171.88976800305215,183.61595454658485,192.16414162545757,20210903,14,22.2,280,False,0,0,12845,24,9
5895,2021-09,154,162,162.3586098407923,172.7536625169433,167.37849442513885,175.1906188071604,183.3541455230461,20210903,15,21.4,2229,False,0,0,12845,24,9
5896,2021-09,161,165,165.8590622278938,175.71898509067128,167.42142550280997,178.49786433816118,183.5737513821389,20210903,16,21.0,348,False,0,0,12845,24,9
5897,2021-09,147,170,131.96168561417247,152.13066995417483,130.87474684728795,146.2283156216727,167.2665908183682,20210903,17,20.4,51,False,0,0,12845,24,9
5898,2021-09,154,158,155.8172589372954,164.0919245670087,157.7871629464589,169.7553856859577,176.80784313920844,20210903,18,20.2,473,False,0,0,12845,24,9
5899,2021-09,143,156,131.096612247061,147.09300156486455,139.74207477922707,150.9112015830932,160.11034850356143,20210903,19,20.7,1928,False,0,0,12845,24,9
5900,2021-09,115,118,110.79894550579115,122.18753527382749,112.27065439244086,123.98126512534645,129.7797205844512,20210903,20,21.0,75,False,0,0,12845,24,9
5901,2021-09,110,113,111.15374423761769,119.47125496420551,112.89000979373645,120.32309917207901,126.32157162243065,20210903,21,20.4,42,False,0,0,12845,24,9
5902,2021-09,105,119,105.30351336746044,120.93555780597501,106.99283126104797,118.66551461906226,131.06557022677092,20210903,22,20.4,505,False,0,0,12845,24,9
5903,2021-09,101,112,103.61779080286409,110.62398822443289,105.85419314781204,111.71824829929132,121.73130890338922,20210903,23,20.6,117,False,0,0,12845,24,9
5904,2021-09,64,69,70.58753009435053,72.20794856432332,69.427648565943,74.28621188305543,84.13852976474531,20210904,0,20.0,156,False,1,0,3431,8,9
5905,2021-09,106,114,102.21243823940142,116.07140884499495,102.2105569698848,115.85778455409677,121.65095788704487,20210904,1,19.8,740,False,1,0,3431,8,9
5906,2021-09,104,107,106.84248876946799,115.2486981150194,107.76066509779002,116.092995523431,120.5875039049544,20210904,2,19.7,287,False,1,0,3431,8,9
5907,2021-09,98,103,101.89109528524476,111.86609564549376,102.03908227284187,111.47446254765163,119.31278758328853,20210904,3,19.5,509,False,1,0,3431,8,9
5908,2021-09,109,112,105.83241523415717,112.31555059743734,105.63057508988265,111.50376191515433,116.95897748002466,20210904,4,19.4,183,False,1,0,3431,8,9
5909,2021-09,88,105,93.35521948283832,109.88343236135681,91.48700956235079,108.39685769889296,120.14768852307496,20210904,5,19.1,745,False,1,0,3431,8,9
5910,2021-09,111,116,100.8520679996446,108.55864686175387,100.42639665473821,107.99292873706338,116.37204406855221,20210904,6,19.9,118,False,1,0,3431,8,9
5911,2021-09,70,97,69.50071737618961,85.83261048688048,66.44341786038855,93.05970282761844,107.77119764147635,20210904,7,21.1,693,False,1,0,3431,8,9
5912,2021-09,33,37,41.83705026193131,42.925633499486786,40.342479771849774,49.221620387679536,52.507284697394006,20210904,8,22.2,0,False,1,0,3431,8,9
5913,2021-09,32,32,22.513975192786003,28.569127363937927,23.253851638248516,34.321287321245876,37.45061353012593,20210904,9,23.1,0,False,1,0,3431,8,9
5914,2021-09,34,36,22.676601426979,28.822964189650204,23.61146386317189,30.502591348217745,37.291758255900525,20210904,10,24.0,0,False,1,0,3431,8,9
5915,2021-09,32,32,23.2528694821002,29.27660990860082,24.10464395253287,35.12156367455768,36.98470217707628,20210904,11,24.2,0,False,1,0,3431,8,9
5916,2021-09,33,34,22.745698598408197,28.49915352895758,23.907717700207144,33.15599169697902,38.28794112683249,20210904,12,24.2,0,False,1,0,3431,8,9
5917,2021-09,34,37,22.885306795658114,29.805670892115405,23.871989789255903,34.17486707687548,37.51276383005904,20210904,13,23.6,0,False,1,0,3431,8,9
5918,2021-09,34,35,23.194345896202034,29.520470977397878,24.293152923337924,35.371640420862995,37.01122515866458,20210904,14,24.5,0,False,1,0,3431,8,9
5919,2021-09,33,33,22.90455845686868,29.158477209023932,23.90790721922319,28.756327736733766,37.718503324812,20210904,15,23.5,0,False,1,0,3431,8,9
5920,2021-09,36,43,22.95182240185061,29.384674977546496,23.945885889271803,31.285823190498547,37.67454546705209,20210904,16,23.3,0,False,1,0,3431,8,9
5921,2021-09,35,40,22.58576396084423,28.683125563203117,25.809361225010345,31.898238452076004,34.652817562704705,20210904,17,22.7,0,False,1,0,3431,8,9
5922,2021-09,26,29,23.08940219702983,28.22778600726146,26.150910524744585,27.3935943935584,33.75349287396167,20210904,18,21.9,0,False,1,0,3431,8,9
5923,2021-09,23,25,22.859918396222156,28.82861546674727,25.950251154962075,31.197036723063253,34.55258003122136,20210904,19,22.0,0,False,1,0,3431,8,9
5924,2021-09,25,27,22.884132626252054,26.249904308464952,26.17407601569165,30.14136286351322,33.73220799624712,20210904,20,22.0,0,False,1,0,3431,8,9
5925,2021-09,23,23,23.0425786852655,26.184254742382503,26.253380440287415,29.57093836385191,32.8677041753292,20210904,21,21.4,0,False,1,0,3431,8,9
5926,2021-09,23,23,23.178922420368565,27.341414084719332,26.342523908164708,31.58321946887317,34.46852743152587,20210904,22,20.8,0,False,1,0,3431,8,9
5927,2021-09,23,23,23.167547323557272,26.196994534867827,26.150922362135855,31.03924639614542,35.04957415320187,20210904,23,20.6,0,False,1,0,3431,8,9
5928,2021-09,24,26,22.049120107602125,23.90475603471746,22.319218525742997,24.063232467349682,24.907974589475923,20210905,0,20.6,0,True,1,0,0,0,9
5929,2021-09,22,22,22.120280143123207,24.007123201531783,22.626750537556916,24.66173686568726,26.94429859890856,20210905,1,20.6,0,True,1,0,0,0,9
5930,2021-09,22,22,22.11900193016614,23.91680240907333,22.639887090493072,24.637608501127,26.878761821084115,20210905,2,20.5,0,True,1,0,0,0,9
5931,2021-09,22,22,22.120959886682982,23.98613546821149,22.585518682689667,24.52567224779786,26.91017860103034,20210905,3,20.6,0,True,1,0,0,0,9
5932,2021-09,24,27,22.1222138655877,23.92246325172901,22.651961765127634,24.27795971100402,26.668179277710966,20210905,4,20.7,0,True,1,0,0,0,9
5933,2021-09,22,22,21.951451870265217,23.846943743797897,22.37556967824796,24.05550891736355,26.488042187005863,20210905,5,20.6,0,True,1,0,0,0,9
5934,2021-09,22,22,21.995769772676322,23.855935916780325,22.522905489882366,24.62252253909682,27.076400403923746,20210905,6,21.6,0,True,1,0,0,0,9
5935,2021-09,22,22,22.000261795828695,24.502716727440514,22.428587799064818,24.4770131909525,27.071952925283085,20210905,7,22.9,0,True,1,0,0,0,9
5936,2021-09,25,27,22.112676909900202,24.01474380026595,22.41530306513998,24.736414446982405,26.89517096822196,20210905,8,22.8,0,True,1,0,0,0,9
5937,2021-09,22,23,22.221535255971176,25.132661647347778,22.567041533373665,24.672258187274853,27.10976052579557,20210905,9,23.3,0,True,1,0,0,0,9
5938,2021-09,22,22,22.25752732749238,25.674992870059153,22.387076559914366,24.723306667716187,26.914269318124266,20210905,10,24.1,0,True,1,0,0,0,9
5939,2021-09,22,22,22.625820575340526,25.224277437678015,22.704352503349156,24.656085229170046,27.02667094189215,20210905,11,24.6,0,True,1,0,0,0,9
5940,2021-09,24,26,22.16601555061411,24.88552896160232,22.355766175914784,24.603370030679855,28.006288412410285,20210905,12,23.5,0,True,1,0,0,0,9
5941,2021-09,22,23,22.211467698707754,24.578106156158597,22.41713695870058,24.48901008376207,26.654372031851057,20210905,13,23.7,0,True,1,0,0,0,9
5942,2021-09,23,23,22.229566005853183,24.568273315048895,22.423961543669567,24.478021472794268,26.676641088297142,20210905,14,24.1,0,True,1,0,0,0,9
5943,2021-09,24,28,22.169372783444704,24.625421001707807,22.486876972549084,24.679847870467103,27.018503389148908,20210905,15,23.6,0,True,1,0,0,0,9
5944,2021-09,23,25,22.203189716176777,24.304798550491896,22.516457368564257,24.687171068089977,26.883053804714013,20210905,16,23.1,0,True,1,0,0,0,9
5945,2021-09,23,23,22.138329519057134,24.01757614154906,22.40596900188145,24.474996151115647,26.503825586339286,20210905,17,22.6,0,True,1,0,0,0,9
5946,2021-09,22,22,22.217259870872592,24.30721911953242,22.78444368097306,24.725559017775833,26.530077817749742,20210905,18,22.1,0,True,1,0,0,0,9
5947,2021-09,24,27,22.170296877446862,24.13786163282929,22.61460326443603,24.815618913993507,26.34720111887255,20210905,19,21.9,0,True,1,0,0,0,9
5948,2021-09,23,23,22.23200115558922,24.503168657515776,22.871672720284565,25.016048095886728,27.44740205990313,20210905,20,21.6,0,True,1,0,0,0,9
5949,2021-09,23,23,22.307563015095752,24.43553045419584,22.680005933620112,24.77255573891738,27.362210111998426,20210905,21,21.5,0,True,1,0,0,0,9
5950,2021-09,24,27,22.232597059074084,24.05137056229187,22.65589281070906,24.387456923858082,26.62764222902587,20210905,22,21.3,0,True,1,0,0,0,9
5951,2021-09,23,24,22.524215889165742,24.22381160073675,22.90803320254945,24.72944185078508,28.310798342721966,20210905,23,21.4,0,True,1,0,0,0,9
5952,2021-09,22,22,21.665100647790965,26.210592392473142,22.042185904374985,25.742682128156904,30.19627323714433,20210906,0,20.6,0,False,0,0,16628,16,9
5953,2021-09,22,22,21.89888382685658,26.097091920438388,22.513783842150588,25.49817992750206,29.452363267076887,20210906,1,20.7,0,False,0,0,16628,16,9
5954,2021-09,24,27,21.892426153615933,26.141645156153277,22.461747275299057,25.678518253459732,29.483178017238455,20210906,2,20.6,0,False,0,0,16628,16,9
5955,2021-09,22,22,21.992451023412155,26.457427241103293,22.34001892919129,25.858507914596704,29.681532646669424,20210906,3,20.8,0,False,0,0,16628,16,9
5956,2021-09,22,22,21.789872254092884,26.176347298311565,22.267151809998662,26.254179185017744,29.354523752109156,20210906,4,20.9,0,False,0,0,16628,16,9
5957,2021-09,23,24,21.653266293185222,26.288357091941645,21.903598785483172,25.760422722207277,29.744264173858156,20210906,5,21.7,0,False,0,0,16628,16,9
5958,2021-09,24,26,21.395999290014384,26.678429299967267,22.14933857463315,26.960436513337346,29.501435257875453,20210906,6,22.4,0,False,0,0,16628,16,9
5959,2021-09,52,81,57.87253263173611,66.78771724647567,59.08723514169714,69.27157869522914,103.90936739034258,20210906,7,22.3,0,False,0,0,16628,16,9
5960,2021-09,171,180,166.9656301246957,172.97233335881745,162.7110486047787,166.77149260492703,182.43252340734367,20210906,8,23.3,158,False,0,0,16628,16,9
5961,2021-09,157,165,176.14991753920694,180.89829376460125,175.76369823867796,180.92468589795706,189.3038854221277,20210906,9,23.6,976,False,0,0,16628,16,9
5962,2021-09,171,190,174.93399469546634,179.90681053398234,175.10431380122225,180.47580902710925,188.68987466557905,20210906,10,24.6,615,False,0,0,16628,16,9
5963,2021-09,176,180,178.19328872206745,180.97159421593406,178.06295722266756,181.03990726900315,188.2721725918215,20210906,11,23.9,2362,False,0,0,16628,16,9
5964,2021-09,109,124,114.89049097717192,130.3687158160216,115.65485380712069,132.9927386999062,146.1580927705336,20210906,12,24.7,800,False,0,0,16628,16,9
5965,2021-09,160,164,178.3882862350464,181.0939177172082,177.19938710574328,180.24782886745797,188.1535391855707,20210906,13,24.4,1112,False,0,0,16628,16,9
5966,2021-09,160,163,176.39937886131224,179.32382250394366,177.08986964522452,180.35645295971224,187.60038655056835,20210906,14,23.6,3967,False,0,0,16628,16,9
5967,2021-09,158,171,171.75200608773739,174.3330565070252,170.38024892691396,175.36640341801498,187.59228650419175,20210906,15,23.5,1044,False,0,0,16628,16,9
5968,2021-09,146,152,167.90056955299374,172.71732920027102,167.43879207507493,174.331232653576,182.65701614215618,20210906,16,23.2,2139,False,0,0,16628,16,9
5969,2021-09,128,148,139.78194466562863,149.60586308597343,140.33117169323293,149.90831527441887,176.25529205162567,20210906,17,22.7,499,False,0,0,16628,16,9
5970,2021-09,152,154,148.37784676450497,170.33285946258232,145.1719052599489,163.08191958471136,177.81459036669762,20210906,18,22.5,963,False,0,0,16628,16,9
5971,2021-09,135,145,138.93469860721697,153.1847239310007,131.79201302742138,149.9590499951654,167.39710327402565,20210906,19,22.3,1591,False,0,0,16628,16,9
5972,2021-09,121,128,119.83658428085255,130.27587803258663,114.94972684955974,129.68410083618843,138.34675207396322,20210906,20,22.4,120,False,0,0,16628,16,9
5973,2021-09,123,133,118.37204500067219,129.59743615084233,114.83537334887127,130.6144169513523,137.1068053256582,20210906,21,22.4,26,False,0,0,16628,16,9
5974,2021-09,110,114,111.43052665474147,117.88481777049871,109.94279905178092,117.1176351129907,125.33292340103709,20210906,22,22.5,39,False,0,0,16628,16,9
5975,2021-09,104,118,105.58583162040617,106.22652484546101,104.74733349858532,106.82882355905372,118.4970279982805,20210906,23,22.2,217,False,0,0,16628,16,9
5976,2021-09,72,74,66.0476025494733,69.04155101755192,63.752810893759126,70.3062107256867,77.12688809101071,20210907,0,22.2,0,False,0,0,16424,22,9
5977,2021-09,109,121,102.85912935140254,110.94646273673466,102.00838963161483,107.57357440149526,115.53533481109628,20210907,1,21.8,54,False,0,0,16424,22,9
5978,2021-09,111,118,105.35331196518275,111.68157627540567,103.9380479301711,109.98175491851272,116.59756270194606,20210907,2,21.4,258,False,0,0,16424,22,9
5979,2021-09,109,123,103.27096179729138,108.51871406808806,101.54417000219723,105.89742200964895,115.55212712151702,20210907,3,21.0,304,False,0,0,16424,22,9
5980,2021-09,109,120,108.49109075265017,109.42862934654131,104.29941185862782,107.27113651683521,115.6485497650314,20210907,4,20.7,0,False,0,0,16424,22,9
5981,2021-09,96,116,93.42638594959026,100.13500585435979,92.60813869217436,96.87947843531731,112.24183538650853,20210907,5,20.6,150,False,0,0,16424,22,9
5982,2021-09,115,124,109.03127143629378,116.34060051979189,105.91420593560697,112.68548803144726,121.80061956682125,20210907,6,20.7,205,False,0,0,16424,22,9
5983,2021-09,140,160,123.88781678012452,133.77839235753132,125.36685541443103,130.72652740806598,154.81214885587838,20210907,7,21.1,548,False,0,0,16424,22,9
5984,2021-09,173,192,175.672072183109,179.17417044311176,175.79098194506457,176.96318440923105,192.02721119784903,20210907,8,21.7,1236,False,0,0,16424,22,9
5985,2021-09,170,174,175.5611584696046,178.17767875463878,170.35903505550164,175.43881456755048,188.89817809207145,20210907,9,22.1,1727,False,0,0,16424,22,9
5986,2021-09,164,178,175.79730418850082,177.02054835856265,174.82137908791,176.93786899187285,187.0413946112914,20210907,10,23.3,1118,False,0,0,16424,22,9
5987,2021-09,174,183,179.29274615878379,180.45149412575924,179.23893916693086,180.6433013061779,187.48888866053517,20210907,11,24.5,1540,False,0,0,16424,22,9
5988,2021-09,116,140,112.04380695853511,128.10139520723973,110.6446188570672,125.02839083659933,145.06531733189,20210907,12,26.9,1184,False,0,0,16424,22,9
5989,2021-09,181,189,180.4271040410342,184.59127360390002,178.0973285755127,179.78841987590386,192.18727940934238,20210907,13,27.3,1548,False,0,0,16424,22,9
5990,2021-09,182,191,181.71619511605377,184.86206487733423,179.67815418035093,181.8819602296854,191.98202964751204,20210907,14,26.5,1395,False,0,0,16424,22,9
5991,2021-09,166,174,173.98993325996233,174.96691109601716,168.54689609492726,172.68317106558763,190.63097692409943,20210907,15,26.1,751,False,0,0,16424,22,9
5992,2021-09,160,167,180.19564150777873,180.95992349665107,176.62914148531817,179.74967069708364,186.61683259324954,20210907,16,26.3,1375,False,0,0,16424,22,9
5993,2021-09,135,161,133.01862328847776,150.8148447618997,133.815980612424,145.25797279678395,171.09922292132174,20210907,17,26.3,606,False,0,0,16424,22,9
5994,2021-09,156,165,158.88069313822618,169.84908328257535,155.64792426244105,164.89814212908234,179.95011802908894,20210907,18,25.8,685,False,0,0,16424,22,9
5995,2021-09,152,158,146.324020401834,155.7157030493377,143.52959081020387,156.00999587883317,170.04169815698205,20210907,19,25.4,1376,False,0,0,16424,22,9
5996,2021-09,134,141,125.18904224019832,141.31280417083846,123.03190909811251,139.1167523803281,151.42282388072573,20210907,20,25.6,201,False,0,0,16424,22,9
5997,2021-09,131,134,120.24523212064067,133.68954487018456,119.37027558199827,132.8596093113682,135.01716917827423,20210907,21,25.5,78,False,0,0,16424,22,9
5998,2021-09,115,122,111.05913356839072,118.97684597491987,110.77683521055904,117.40110535175783,124.1115689253056,20210907,22,24.9,12,False,0,0,16424,22,9
5999,2021-09,111,126,105.34679988079263,111.46381171534627,105.06805267528885,109.88925686731511,121.46466086275285,20210907,23,25.2,73,False,0,0,16424,22,9
6000,2021-09,72,78,70.88641975900863,76.07719619663169,71.35623393016117,80.51255325879208,90.71359852267727,20210908,0,24.4,0,False,0,0,20831,23,9
6001,2021-09,110,115,104.46307626329991,122.95501639785022,107.39373062384351,119.5480160018307,125.54863316816311,20210908,1,23.2,687,False,0,0,20831,23,9
6002,2021-09,118,126,109.0216871530021,118.34113330516466,112.15513235509809,119.63944025089775,125.6104112372392,20210908,2,22.8,109,False,0,0,20831,23,9
6003,2021-09,112,122,104.352272988882,108.98182877987483,109.10176719642656,111.18724601771787,117.24116822958952,20210908,3,22.7,177,False,0,0,20831,23,9
6004,2021-09,113,116,109.39085022367355,117.1430467637083,111.78283948601972,116.9232804714457,123.07692076495834,20210908,4,22.3,110,False,0,0,20831,23,9
6005,2021-09,97,109,93.87266196660005,104.04135600527313,95.96074735860924,102.79228836191021,116.31794958565393,20210908,5,22.2,120,False,0,0,20831,23,9
6006,2021-09,118,123,109.68358102008118,118.78131747261041,114.1067858254616,120.30340067331888,122.80774386804482,20210908,6,22.3,233,False,0,0,20831,23,9
6007,2021-09,135,154,126.34315895381629,140.1961449083403,131.32552280711525,147.17663373583468,158.21099149659946,20210908,7,22.3,2206,False,0,0,20831,23,9
6008,2021-09,171,181,174.21817783984966,178.3522427716138,176.30820428475408,182.5709815718889,194.24343962591647,20210908,8,23.3,476,False,0,0,20831,23,9
6009,2021-09,160,163,171.93752502000208,175.3209442341013,175.4215032029061,179.81123160139114,186.7544910648983,20210908,9,23.4,1154,False,0,0,20831,23,9
6010,2021-09,152,160,181.17977226364277,185.67475261203586,179.96961307942834,183.63451914142613,195.4364984989943,20210908,10,25.5,1369,False,0,0,20831,23,9
6011,2021-09,156,168,181.59525889590256,185.493049421723,182.28939817653955,187.2176487744217,195.01457248552296,20210908,11,26.5,857,False,0,0,20831,23,9
6013,2021-09,152,165,176.96697672448363,182.49639297794113,178.58734438611805,185.2333628607369,192.8839815564113,20210908,13,25.6,1160,False,0,0,20831,23,9
6014,2021-09,165,178,176.6940107405396,181.600640870344,178.28300680607387,183.67193950979708,191.95503227800907,20210908,14,25.7,6214,False,0,0,20831,23,9
6015,2021-09,165,183,170.20743440091636,176.75731917390988,172.19323729201164,178.6454757796114,188.7519303746743,20210908,15,24.7,1042,False,0,0,20831,23,9
6016,2021-09,166,170,168.0385783807652,172.40594609951518,168.50089194670645,177.06294456130055,184.5726174849941,20210908,16,23.9,513,False,0,0,20831,23,9
6017,2021-09,144,182,142.53659157251874,154.59476375432632,143.3340867619827,156.67956561524534,177.15550770335452,20210908,17,23.4,616,False,0,0,20831,23,9
6018,2021-09,164,170,162.08553974822277,171.67653530007158,163.309486536697,176.00602268058844,181.32169608767163,20210908,18,22.9,737,False,0,0,20831,23,9
6019,2021-09,150,163,145.345895370311,163.32643224317883,144.7542821789531,159.09559911348057,172.87496195857182,20210908,19,22.7,2621,False,0,0,20831,23,9
6020,2021-09,103,111,123.33013272127046,133.45433963743588,123.8650274420694,138.85218570179356,140.89294563334417,20210908,20,22.0,175,False,0,0,20831,23,9
6021,2021-09,122,127,120.66692557596565,134.8545395937435,120.44419060655112,136.61735182429163,136.6402992413583,20210908,21,21.3,17,False,0,0,20831,23,9
6022,2021-09,106,116,113.62445063155815,121.62134355296216,115.19994924385345,123.2572798967393,128.95831223687995,20210908,22,21.9,144,False,0,0,20831,23,9
6023,2021-09,101,111,107.67521917067593,115.22112554530072,109.89835776249095,117.67230803289154,127.78321437127245,20210908,23,21.3,91,False,0,0,20831,23,9
6024,2021-09,72,79,69.68259129065747,75.89818996661438,68.1434888351241,78.89837505363437,86.75190211958358,20210909,0,20.7,0,False,0,0,17162,23,9
6025,2021-09,97,99,107.41702182696129,116.5912966395445,109.24819235855416,113.40966822891879,122.81870121788677,20210909,1,19.6,222,False,0,0,17162,23,9
6026,2021-09,110,114,108.83391057628825,113.67282796533159,112.02089854847465,115.95244561392138,120.88538223730961,20210909,2,19.7,72,False,0,0,17162,23,9
6027,2021-09,109,116,107.3792599667617,109.91078881663212,110.9339675078748,112.89757167981735,118.42700340073401,20210909,3,19.3,2,False,0,0,17162,23,9
6028,2021-09,107,114,108.84737536726847,116.70285216770428,112.33189849189928,117.23617704419893,120.86403868909186,20210909,4,19.3,69,False,0,0,17162,23,9
6029,2021-09,92,109,97.11392373526161,103.71545751766389,97.03552828872962,102.75776369835768,117.20468676002191,20210909,5,19.2,26,False,0,0,17162,23,9
6030,2021-09,119,121,108.19869692916139,117.0970444958596,114.20352135255744,118.33917949231916,124.0840269088519,20210909,6,20.1,346,False,0,0,17162,23,9
6031,2021-09,139,152,132.04243609832147,141.86738605241058,132.24650513038458,146.5096770985973,162.65392968905348,20210909,7,20.9,2056,False,0,0,17162,23,9
6032,2021-09,172,187,174.11493784774052,180.14941187873742,171.32267097473604,178.5187219309133,193.95092166471977,20210909,8,22.4,434,False,0,0,17162,23,9
6033,2021-09,170,176,175.6903614168268,178.6007832467241,169.17043239117547,177.78512905989078,190.41540774163107,20210909,9,23.5,1125,False,0,0,17162,23,9
6034,2021-09,155,169,180.09413167520958,183.06574634688025,171.53604644355195,179.35237523279397,190.4619788677716,20210909,10,24.8,1248,False,0,0,17162,23,9
6035,2021-09,174,190,180.2050623841944,184.18206011265306,173.49363690297568,182.84408841582584,194.41302857826204,20210909,11,26.3,688,False,0,0,17162,23,9
6036,2021-09,111,129,110.62469289252637,118.09830379881964,114.10879949708509,119.4035599632182,132.74535320909936,20210909,12,26.7,194,False,0,0,17162,23,9
6037,2021-09,171,176,182.41833368138904,184.09691539264426,175.56808696149622,181.90961731897156,193.3494779043851,20210909,13,26.4,1542,False,0,0,17162,23,9
6038,2021-09,165,168,185.13103323149417,191.7621680978798,180.18496231678432,187.54941806938132,198.15792405134297,20210909,14,26.8,2666,False,0,0,17162,23,9
6039,2021-09,173,185,175.73542910452582,181.61199110885477,173.94638255822557,179.86740212056202,192.79003111388556,20210909,15,26.7,888,False,0,0,17162,23,9
6040,2021-09,160,168,175.74325127456265,180.22721645623372,172.033377365441,176.76572929498943,189.4323442613069,20210909,16,25.2,950,False,0,0,17162,23,9
6041,2021-09,140,168,135.38908030691493,146.17183840642176,138.05714142563377,148.11822142376462,169.9930994349556,20210909,17,24.4,494,False,0,0,17162,23,9
6042,2021-09,162,172,161.30059698697622,169.36315193336497,160.72987814909106,170.42982802485736,181.82426357364497,20210909,18,23.4,1136,False,0,0,17162,23,9
6043,2021-09,142,158,156.59193587924537,163.71743037915743,153.83942592619255,163.85296069480492,174.7410358779325,20210909,19,23.1,2702,False,0,0,17162,23,9
6044,2021-09,128,134,121.39925272725202,137.13130312401142,117.61198527028849,134.0607146181547,141.22046996538828,20210909,20,22.9,2,False,0,0,17162,23,9
6045,2021-09,128,134,122.82983959429167,135.1544991543798,123.08024006853618,134.44209573044193,136.23097279312685,20210909,21,22.5,84,False,0,0,17162,23,9
6046,2021-09,109,118,112.90434429093801,121.56632178826978,111.05752109053385,118.03200968443055,127.73558511667734,20210909,22,22.8,30,False,0,0,17162,23,9
6047,2021-09,109,116,110.24870383194532,114.97056731448141,109.08250232623385,115.36301429043215,127.14781593462949,20210909,23,22.0,186,False,0,0,17162,23,9
6048,2021-09,77,83,67.69060473380677,74.88972404628534,66.41068626600214,74.8442871542111,80.52910820793976,20210910,0,21.6,0,False,0,0,18789,23,9
6049,2021-09,102,109,105.523559239007,111.04086107039149,103.02349131132944,107.36010558514245,117.24438569941317,20210910,1,20.9,270,False,0,0,18789,23,9
6050,2021-09,112,118,107.8606023871573,115.12740164313453,109.33057388487975,114.86957845239347,120.63046541726794,20210910,2,21.1,143,False,0,0,18789,23,9
6051,2021-09,106,116,107.16652693361358,111.98170530160765,108.60052929386104,111.92126818504266,118.45675639869863,20210910,3,20.5,144,False,0,0,18789,23,9
6052,2021-09,108,117,106.3616579231112,111.30916117045939,106.61209137689325,109.90524967828763,117.58616900880268,20210910,4,20.4,125,False,0,0,18789,23,9
6053,2021-09,92,107,94.56853618683904,102.39210532898858,93.79625608105714,100.49168599712353,114.72665770821,20210910,5,20.3,13,False,0,0,18789,23,9
6054,2021-09,111,118,106.99695654661502,114.12319226901106,111.39687672331873,116.20951381048637,120.07971022568545,20210910,6,20.7,54,False,0,0,18789,23,9
6055,2021-09,132,150,130.0063682437779,138.15839329976896,129.24569283696476,142.14652712319457,155.05017117591862,20210910,7,21.0,1777,False,0,0,18789,23,9
6056,2021-09,180,192,169.2949453555468,174.9210136971675,166.4753192167743,177.81487581807838,187.54382772958732,20210910,8,21.9,196,False,0,0,18789,23,9
6057,2021-09,184,204,174.18829010899506,177.79951666174796,173.24080342780326,176.32136882080863,189.33604232998957,20210910,9,21.8,1038,False,0,0,18789,23,9
6058,2021-09,168,181,171.13521478150162,174.34254441782062,166.04230638341278,171.89869143335014,183.52474774762368,20210910,10,21.9,1409,False,0,0,18789,23,9
6059,2021-09,181,188,180.12837682928281,185.36572346489785,180.17555270361208,183.72052516414067,193.91472426518803,20210910,11,23.2,1647,False,0,0,18789,23,9
6060,2021-09,116,128,107.53871025378949,122.90161679031068,107.33327534264926,121.50414496057108,140.79041866901733,20210910,12,24.2,480,False,0,0,18789,23,9
6061,2021-09,180,191,178.74313510637657,181.3686106000492,177.21335021525638,180.0489985971319,191.04345343416261,20210910,13,24.9,838,False,0,0,18789,23,9
6062,2021-09,178,190,173.0064491008085,178.2046773862361,171.10004574229433,176.08504168407137,187.00875483054395,20210910,14,25.5,968,False,0,0,18789,23,9
6063,2021-09,171,191,165.27157359556693,173.46310260545593,167.14969284473614,176.23238315004878,186.57733257772415,20210910,15,25.3,1214,False,0,0,18789,23,9
6064,2021-09,164,171,165.0471073802164,171.9743465602356,163.05715790106117,172.47492012363125,180.63230599744762,20210910,16,24.7,5858,False,0,0,18789,23,9
6065,2021-09,138,157,136.24627962746675,151.16989092464186,135.51200978648782,148.56169181722285,178.08906436856992,20210910,17,24.0,261,False,0,0,18789,23,9
6066,2021-09,155,162,154.97497267835413,167.62824197697998,157.85641652945276,163.86399518740467,178.4636550208281,20210910,18,23.4,774,False,0,0,18789,23,9
6067,2021-09,142,148,139.369372070935,149.47745391296024,138.9659853277532,151.39246649489635,160.33574417908628,20210910,19,22.2,1387,False,0,0,18789,23,9
6068,2021-09,116,121,113.10577107096942,120.78057819451192,113.72094981541186,122.25985556700921,131.51756207556642,20210910,20,22.1,3,False,0,0,18789,23,9
6069,2021-09,117,126,110.61131545674084,115.9621407045593,112.51453866979533,117.54610707142706,119.81947425668898,20210910,21,22.0,9,False,0,0,18789,23,9
6070,2021-09,102,109,107.39436637317071,110.4559133659548,108.0755581058968,111.59656611635442,119.23872266144728,20210910,22,21.6,157,False,0,0,18789,23,9
6071,2021-09,88,105,103.58485243635671,108.26062466060085,104.75390215998357,107.15317255234646,120.61971075096339,20210910,23,21.5,24,False,0,0,18789,23,9
6072,2021-09,61,69,54.10030446644125,62.22185254367761,52.65083107892695,63.96945357316806,69.09926262475717,20210911,0,21.2,0,False,1,0,2173,6,9
6073,2021-09,97,105,96.98807458317388,105.52600975076605,95.33315932719417,105.6480228577118,110.32872035140632,20210911,1,20.3,4,False,1,0,2173,6,9
6074,2021-09,95,99,94.278966500267,105.1857070472117,92.28765075830444,107.53602853367254,109.95378900572295,20210911,2,20.5,155,False,1,0,2173,6,9
6075,2021-09,94,107,94.27020951892905,102.69175416621925,93.75623233817633,102.31059459330909,109.9349334459511,20210911,3,19.3,0,False,1,0,2173,6,9
6076,2021-09,89,93,103.6080091084242,106.9468035759163,103.88068226275514,106.59858725739849,111.77481543635126,20210911,4,20.1,144,False,1,0,2173,6,9
6077,2021-09,82,98,87.71591715601842,95.14596491055408,87.38289715190244,95.02236605055582,107.95471703208295,20210911,5,20.1,48,False,1,0,2173,6,9
6078,2021-09,86,97,103.2794958594062,110.01277874720427,104.76739783666868,109.66861081566219,115.0376408691714,20210911,6,21.3,104,False,1,0,2173,6,9
6079,2021-09,51,73,67.04367103629069,83.88125640470277,65.33618341540199,86.8279760638286,105.38154333538449,20210911,7,23.7,1718,False,1,0,2173,6,9
6080,2021-09,23,23,42.11521436735012,44.54285963705265,39.38350439679281,45.078610578144406,49.75986423611257,20210911,8,24.3,0,False,1,0,2173,6,9
6081,2021-09,23,23,23.902556589505178,29.86904174715902,23.368325485683496,27.685181412244436,33.338282327531005,20210911,9,25.6,0,False,1,0,2173,6,9
6082,2021-09,22,23,24.387379020332542,31.59712094876731,24.456825734313217,27.338305454374602,34.57020043740123,20210911,10,26.7,0,False,1,0,2173,6,9
6083,2021-09,23,23,25.77388172735253,39.04418149706306,25.035775832213346,33.48621429513736,42.40402579352615,20210911,11,28.3,0,False,1,0,2173,6,9
6084,2021-09,25,28,25.138478118006073,36.782276040352734,25.17076199148551,36.43278376129306,44.6849014410681,20210911,12,27.9,0,False,1,0,2173,6,9
6085,2021-09,23,25,25.418325912275893,38.673990747662266,24.520541874209652,32.2256103302116,41.75212294978284,20210911,13,28.7,0,False,1,0,2173,6,9
6086,2021-09,23,24,25.527939545227525,36.52200075093389,25.238706682932648,31.717276685773257,41.121829956716745,20210911,14,27.9,0,False,1,0,2173,6,9
6087,2021-09,24,24,25.021541402205617,35.52803780166723,25.111729943738467,30.03652475056968,38.222674740838166,20210911,15,27.5,0,False,1,0,2173,6,9
6088,2021-09,24,24,24.513344106265805,30.788429599404434,24.535673673173935,29.63295496362866,34.21355629347525,20210911,16,26.5,0,False,1,0,2173,6,9
6089,2021-09,23,24,28.51794889275376,33.31583190080847,30.030223636698164,36.151863247696646,37.818617883448724,20210911,17,25.7,0,False,1,0,2173,6,9
6090,2021-09,23,24,28.090525769314038,32.68736608477687,29.99770630355259,32.48582263786002,34.434300428189836,20210911,18,23.9,0,False,1,0,2173,6,9
6091,2021-09,25,28,27.855529147064555,31.383115829209007,29.76932546992259,34.14965475953191,32.633397198675155,20210911,19,23.5,0,False,1,0,2173,6,9
6092,2021-09,23,24,27.965106855923125,29.651224354262578,29.89017729458965,34.13168131837917,37.166346673917275,20210911,20,22.4,0,False,1,0,2173,6,9
6093,2021-09,23,24,27.81908785972792,29.19329058513742,29.880912872668755,34.07659610082366,35.302336839293694,20210911,21,22.1,0,False,1,0,2173,6,9
6094,2021-09,23,24,28.249490436578863,29.399752233930325,30.26648623600696,33.745408339390444,35.36896918500549,20210911,22,21.0,0,False,1,0,2173,6,9
6095,2021-09,23,23,28.19822442045317,29.394742318882365,30.00591009910021,34.44212537541738,36.67100174361652,20210911,23,21.0,0,False,1,0,2173,6,9
6096,2021-09,23,23,22.014815760281767,23.8015310605926,22.156351417048835,23.620619060644927,24.801872214864222,20210912,0,20.9,0,True,1,0,0,0,9
6097,2021-09,23,24,22.098514142246373,24.08200875939278,22.37333624615174,23.948050273668148,26.456839380108978,20210912,1,20.2,0,True,1,0,0,0,9
6098,2021-09,24,27,21.97561168394019,23.885545476074274,22.228633216976107,23.832116755630924,26.25323009748504,20210912,2,19.8,0,True,1,0,0,0,9
6099,2021-09,23,23,22.132527143622898,24.142191444809527,22.332368209000474,24.375154347590264,26.75301650807248,20210912,3,19.5,0,True,1,0,0,0,9
6100,2021-09,23,23,22.145496203308,24.13204637187251,22.335196694681446,24.3165463127128,26.78323983429834,20210912,4,19.5,0,True,1,0,0,0,9
6101,2021-09,23,23,21.93572488188094,23.95217760407765,22.224331931349848,24.005435576264727,26.74554774894519,20210912,5,20.2,0,True,1,0,0,0,9
6102,2021-09,23,23,21.96703976852487,23.938245091763008,22.234172536689897,24.04467916102998,26.713993869554958,20210912,6,20.7,0,True,1,0,0,0,9
6103,2021-09,23,23,21.988785449127317,24.031195699752562,22.1432435644396,23.886613679094335,27.076292964398718,20210912,7,22.9,0,True,1,0,0,0,9
6104,2021-09,25,28,22.299041644291606,24.142029120480156,22.45724364156885,23.908993095153175,26.579670087600686,20210912,8,24.3,0,True,1,0,0,0,9
6105,2021-09,23,24,22.475506792000086,24.865417328557896,22.350942600925652,23.960731959744663,26.565769711668835,20210912,9,25.9,0,True,1,0,0,0,9
6106,2021-09,23,24,22.68350624238182,25.27707890876771,22.43333288526414,24.054168549787263,27.191907109253012,20210912,10,27.3,0,True,1,0,0,0,9
6107,2021-09,23,23,23.053745884877518,26.0048512936791,22.852789373221622,24.526978075912847,27.824548932436755,20210912,11,28.1,0,True,1,0,0,0,9
6108,2021-09,23,23,22.414787922536902,25.94885918193336,22.441404130846763,25.265793588019566,28.55369408299394,20210912,12,27.5,0,True,1,0,0,0,9
6109,2021-09,23,23,22.627318636462068,25.54303931441517,22.469589264123442,24.439007589707547,27.07802811779439,20210912,13,27.3,0,True,1,0,0,0,9
6110,2021-09,25,28,22.628122300373963,25.301366116858247,22.473918889505313,24.136756415187207,27.032818791867168,20210912,14,26.8,0,True,1,0,0,0,9
6111,2021-09,23,24,22.51406767117682,24.32803370596984,22.721013808662736,23.981198522833097,26.34712233095637,20210912,15,25.9,0,True,1,0,0,0,9
6112,2021-09,24,24,22.373936073284227,24.569597940456507,22.745244440373842,24.075282159765717,26.588429287404537,20210912,16,25.1,0,True,1,0,0,0,9
6113,2021-09,23,23,22.08616284693294,24.063909080410152,22.333960149312322,23.4964028746077,26.191008087830657,20210912,17,24.1,0,True,1,0,0,0,9
6114,2021-09,23,24,22.160093977457706,24.119642165072946,22.42966869576077,23.679234335862358,26.18251000012624,20210912,18,23.7,0,True,1,0,0,0,9
6115,2021-09,23,24,22.22347834043927,24.349664843178534,22.662120602497282,24.116335420274766,26.654735868515644,20210912,19,23.2,0,True,1,0,0,0,9
6116,2021-09,23,24,22.285862108427903,24.505437267907364,22.512408536074002,24.62381036541217,27.526361477027137,20210912,20,22.6,0,True,1,0,0,0,9
6117,2021-09,25,28,22.352421876687316,24.47032654313273,22.552143310309905,24.61158792983984,27.37307023268527,20210912,21,22.5,0,True,1,0,0,0,9
6118,2021-09,23,24,22.29711580630962,24.104050331438856,22.58110517413189,24.624532030684794,26.750065628116616,20210912,22,22.3,0,True,1,0,0,0,9
6119,2021-09,23,24,22.56954901639575,24.186603019074113,22.80917703582441,24.917875355188443,28.415408321334997,20210912,23,22.3,0,True,1,0,0,0,9
6120,2021-09,23,23,24.237944904873842,27.330473104839044,23.342429041674006,26.169942771597036,30.258555422601006,20210913,0,22.2,0,False,0,0,14174,17,9
6121,2021-09,23,23,24.368600504146702,26.95634657888262,23.41418259500485,25.949748132084945,29.537110302514964,20210913,1,22.3,0,False,0,0,14174,17,9
6122,2021-09,23,23,24.533871549948767,27.169558313102268,23.60237144678482,26.056519526230655,30.566732139909632,20210913,2,22.2,0,False,0,0,14174,17,9
6123,2021-09,24,25,24.291615340711616,27.002243461888884,23.246695352046554,26.212286929699236,29.61255291705521,20210913,3,22.4,0,False,0,0,14174,17,9
6124,2021-09,24,28,24.290747431525705,27.621424738928777,23.25694789630191,26.513249575760124,29.948503376315074,20210913,4,22.6,0,False,0,0,14174,17,9
6125,2021-09,23,23,24.19273870097388,27.234763180869024,23.073311155297763,26.447590070113502,29.778831239445122,20210913,5,22.5,0,False,0,0,14174,17,9
6126,2021-09,23,24,43.84785679000172,36.57558202981699,43.46098118305767,34.44988070186641,41.24827451071554,20210913,6,22.6,0,False,0,0,14174,17,9
6127,2021-09,63,111,79.63343373758791,69.87980816549211,80.75941175213599,71.65506207542303,114.9239053650524,20210913,7,23.3,196,False,0,0,14174,17,9
6128,2021-09,185,196,173.2017297253602,178.40705734016856,172.52156093476128,180.4536050727027,189.1150999178934,20210913,8,23.6,630,False,0,0,14174,17,9
6129,2021-09,183,188,171.40051613416026,177.04778378628225,172.25615038213985,178.08182028588408,185.40256099832914,20210913,9,24.4,1043,False,0,0,14174,17,9
6130,2021-09,177,189,172.3406735157996,176.4529408879831,172.21000923011283,178.16448930581066,185.60452219719696,20210913,10,23.9,1924,False,0,0,14174,17,9
6131,2021-09,182,191,174.86519171626887,177.71035649687886,172.774220956603,178.9367706780608,184.1899572279356,20210913,11,24.3,946,False,0,0,14174,17,9
6132,2021-09,117,130,107.04045441262058,118.34462444931273,108.40894821397343,118.57608692416801,131.41314349336758,20210913,12,24.3,20,False,0,0,14174,17,9
6133,2021-09,184,191,173.441543492129,177.465147239993,173.88336370110628,178.30952875588665,186.69161014261974,20210913,13,24.6,1996,False,0,0,14174,17,9
6134,2021-09,180,182,172.7971571921436,175.43139351541393,172.46184839582773,177.83898321495167,184.14206346076557,20210913,14,24.2,1018,False,0,0,14174,17,9
6135,2021-09,168,177,163.40310996601158,170.69496445322753,163.82702774579943,169.97079729788192,182.25443920790667,20210913,15,23.7,1138,False,0,0,14174,17,9
6136,2021-09,175,182,161.24353170019026,172.66678240810765,158.48226306998978,166.47506838391186,184.98138675387804,20210913,16,23.4,982,False,0,0,14174,17,9
6137,2021-09,132,160,132.92123119589172,144.12204367302772,134.19179808916815,142.64680855786187,168.39065557339143,20210913,17,22.7,435,False,0,0,14174,17,9
6138,2021-09,145,162,154.14977021466225,171.36052572861794,150.91963771047222,167.082847122845,182.2442996224914,20210913,18,22.4,584,False,0,0,14174,17,9
6139,2021-09,148,162,137.1516803906445,150.23459931909096,136.73587930317873,150.2793207805887,165.9250078512525,20210913,19,22.3,2820,False,0,0,14174,17,9
6140,2021-09,121,126,118.66867587250731,128.6832628780592,116.3874885334353,127.400256521251,136.49598824979105,20210913,20,22.2,14,False,0,0,14174,17,9
6141,2021-09,123,131,118.26964599803307,126.09588860466737,116.48502198700372,125.7612974948238,134.8790403718997,20210913,21,21.9,72,False,0,0,14174,17,9
6142,2021-09,110,122,108.98347203514008,114.13219042729095,109.11675124405618,113.98604362655549,122.01573541759215,20210913,22,21.7,11,False,0,0,14174,17,9
6143,2021-09,108,123,104.20058070061292,110.02798359775734,104.33416775577182,110.19346723614115,122.74849763167761,20210913,23,21.4,345,False,0,0,14174,17,9
6144,2021-09,70,72,71.4709486045872,73.54631045751465,72.58855813460148,75.85584460758162,81.98952594820737,20210914,0,21.9,128,False,0,0,19318,24,9
6145,2021-09,110,116,107.44748163963989,113.2983247132358,106.74680589464089,112.05408816479512,118.56133965644666,20210914,1,21.8,45,False,0,0,19318,24,9
6146,2021-09,112,115,105.42975241894233,120.51158646882048,104.96617448230107,117.04976704249724,124.07846764868926,20210914,2,22.2,479,False,0,0,19318,24,9
6147,2021-09,105,114,107.07727273665965,113.39965451568874,106.06520304972825,111.5639924146444,118.30582167809708,20210914,3,22.5,93,False,0,0,19318,24,9
6148,2021-09,111,115,106.79088971049543,112.57442301393547,105.78549452957343,111.98696060182493,117.08604148352258,20210914,4,21.1,255,False,0,0,19318,24,9
6149,2021-09,93,115,100.16427947022424,107.33581856279322,100.61542912492064,107.43517231750302,118.40356001957623,20210914,5,21.5,76,False,0,0,19318,24,9
6150,2021-09,108,112,111.58376702092418,126.50985967378203,108.37678396834953,122.89455106433657,130.91431386598848,20210914,6,21.3,1228,False,0,0,19318,24,9
6151,2021-09,140,156,130.20020856828975,140.29658990350666,125.26159140750428,139.85061048669527,161.83052921023838,20210914,7,21.7,1110,False,0,0,19318,24,9
6152,2021-09,174,184,167.54990368883887,175.5582526621073,171.86245999991183,180.0322915768818,189.3180099372471,20210914,8,21.8,432,False,0,0,19318,24,9
6153,2021-09,166,178,170.0833523711716,173.57552033410835,173.48116452454883,178.5396515690911,186.81386603328835,20210914,9,21.3,1672,False,0,0,19318,24,9
6154,2021-09,152,161,174.1501139833567,177.58732724755643,176.3281251655595,178.74065579617073,193.21887697505863,20210914,10,21.2,840,False,0,0,19318,24,9
6155,2021-09,170,180,168.2304510905359,172.78915066688583,171.60521911809482,175.96478008598044,185.60155646001556,20210914,11,21.5,2099,False,0,0,19318,24,9
6156,2021-09,118,135,113.05776665674671,127.87807669953759,115.39376580756743,127.66148477608044,147.19868516141102,20210914,12,21.0,2791,False,0,0,19318,24,9
6157,2021-09,163,173,175.58080144815094,178.22282165774732,175.76849955456328,180.00712686886945,191.48420063315493,20210914,13,21.3,1109,False,0,0,19318,24,9
6158,2021-09,158,162,174.15267270065374,178.26789074161832,176.42603515909602,179.25687586261748,189.55352091914938,20210914,14,21.5,1023,False,0,0,19318,24,9
6159,2021-09,161,175,165.3830811945525,169.80736429315974,169.12948736289692,171.617865239108,182.82707178851447,20210914,15,20.6,1178,False,0,0,19318,24,9
6160,2021-09,160,165,168.8428726684565,172.2110305771703,172.08906734898991,175.15615095136232,182.4527617554214,20210914,16,21.7,1395,False,0,0,19318,24,9
6161,2021-09,123,146,130.8508125990344,145.46496768934819,129.0243834964967,142.38520602076434,172.69539451792662,20210914,17,21.8,230,False,0,0,19318,24,9
6162,2021-09,158,164,156.87556379156226,169.06606592724833,154.09038023072,163.5108464083198,179.2198174100795,20210914,18,20.9,973,False,0,0,19318,24,9
6163,2021-09,153,171,148.6256900394395,162.374170974939,145.31550269805578,159.48742014349662,172.13833771080274,20210914,19,21.7,1497,False,0,0,19318,24,9
6164,2021-09,128,130,128.39871119864273,144.12719946245983,125.72439346659473,144.74761060032708,148.3056640069779,20210914,20,22.2,45,False,0,0,19318,24,9
6165,2021-09,128,134,128.03664538661494,137.44612532121764,127.38978981643488,136.840306722896,141.3676233211201,20210914,21,22.2,149,False,0,0,19318,24,9
6166,2021-09,111,120,114.37854247226177,123.2531640981875,114.53762024245792,122.27974338536178,129.22643674104464,20210914,22,22.0,66,False,0,0,19318,24,9
6167,2021-09,110,119,106.9097203235745,114.23069417768863,108.60317962617228,114.55406399469324,129.87863525963445,20210914,23,22.0,405,False,0,0,19318,24,9
