dt,날짜,hour,dow,is_off,is_holiday,day_prod,lag168,fold,y,peak,pred,pred_hi,pred_base
2021-05-05 00:00:00,20210505,0,3,False,1,2190,61.0,2021-05,65,False,68.05220147621147,77.8080383334234,61.97665422371882
2021-05-05 01:00:00,20210505,1,3,False,1,2190,100.0,2021-05,105,False,106.53508143154652,108.89220302209397,101.7259990616272
2021-05-05 02:00:00,20210505,2,3,False,1,2190,102.0,2021-05,110,False,105.41078097841137,109.29551178950489,101.55999702779691
2021-05-05 03:00:00,20210505,3,3,False,1,2190,99.0,2021-05,103,False,105.13460546555228,106.35212184306486,101.6594562117836
2021-05-05 04:00:00,20210505,4,3,False,1,2190,105.0,2021-05,112,False,105.34499264880594,110.85187617024201,102.96819124848344
2021-05-05 05:00:00,20210505,5,3,False,1,2190,92.0,2021-05,88,False,98.08984636485394,100.42094833312741,95.02820724571745
2021-05-05 06:00:00,20210505,6,3,False,1,2190,109.0,2021-05,103,False,107.35525271530854,112.18011039367612,105.30789016585186
2021-05-05 07:00:00,20210505,7,3,False,1,2190,115.0,2021-05,63,False,111.47791038460922,121.57589938329033,113.68005058555066
2021-05-05 08:00:00,20210505,8,3,False,1,2190,164.0,2021-05,21,False,140.2767509144535,163.27776993481675,135.4322391745816
2021-05-05 09:00:00,20210505,9,3,False,1,2190,160.0,2021-05,21,False,141.40778723963282,162.42896748570334,133.03080858008548
2021-05-05 10:00:00,20210505,10,3,False,1,2190,151.0,2021-05,23,False,133.97101203399532,156.6683076621215,125.40170978830254
2021-05-05 11:00:00,20210505,11,3,False,1,2190,167.0,2021-05,21,False,139.58473488538039,159.37173668042317,130.79819627332688
2021-05-05 12:00:00,20210505,12,3,False,1,2190,98.0,2021-05,20,False,99.82882658139052,109.579581143492,97.02446338178407
2021-05-05 13:00:00,20210505,13,3,False,1,2190,162.0,2021-05,24,False,139.05125356432416,158.86996544011052,129.25761573669755
2021-05-05 14:00:00,20210505,14,3,False,1,2190,151.0,2021-05,21,False,135.46944889043502,156.0398124021689,127.90266766413056
2021-05-05 15:00:00,20210505,15,3,False,1,2190,140.0,2021-05,21,False,127.33334181253116,148.55877388145015,121.18563298617492
2021-05-05 16:00:00,20210505,16,3,False,1,2190,137.0,2021-05,23,False,122.70445177958582,148.7363141025739,121.04869218374775
2021-05-05 17:00:00,20210505,17,3,False,1,2190,125.0,2021-05,22,False,115.53423078388646,144.4237060809152,113.00257380801504
2021-05-05 18:00:00,20210505,18,3,False,1,2190,148.0,2021-05,21,False,124.86831963276212,148.32189719447732,117.58569390286529
2021-05-05 19:00:00,20210505,19,3,False,1,2190,117.0,2021-05,21,False,119.27564565611807,144.10682674310462,113.85939150430033
2021-05-05 20:00:00,20210505,20,3,False,1,2190,105.0,2021-05,24,False,114.87802129798807,113.56358493762689,110.33788509690726
2021-05-05 21:00:00,20210505,21,3,False,1,2190,111.0,2021-05,21,False,113.48733120429229,113.11286220511109,109.82410371505456
2021-05-05 22:00:00,20210505,22,3,False,1,2190,103.0,2021-05,22,False,107.13706925215035,107.66774615866738,104.65426172175957
2021-05-05 23:00:00,20210505,23,3,False,1,2190,95.0,2021-05,24,False,104.00076633643114,102.39298779123084,97.83410698450321
2021-05-11 00:00:00,20210511,0,2,False,0,22088,65.0,2021-05,64,False,64.17314212411814,71.87267549011291,61.68419431407366
2021-05-11 01:00:00,20210511,1,2,False,0,22088,108.0,2021-05,98,False,102.75586117831489,108.7204760919264,102.45648436667405
2021-05-11 02:00:00,20210511,2,2,False,0,22088,116.0,2021-05,104,False,108.10783841480618,118.44129309138417,107.54516528845566
2021-05-11 03:00:00,20210511,3,2,False,0,22088,104.0,2021-05,101,False,100.55783279572275,109.67604300646735,100.81582889350494
2021-05-11 04:00:00,20210511,4,2,False,0,22088,101.0,2021-05,105,False,101.08009973706832,108.32560742015953,100.23262432892462
2021-05-11 05:00:00,20210511,5,2,False,0,22088,85.0,2021-05,97,False,84.01373131594548,95.26186157368626,80.11590023443922
2021-05-11 06:00:00,20210511,6,2,False,0,22088,111.0,2021-05,107,False,102.79827446692575,112.02842567528546,102.78735274316807
2021-05-11 07:00:00,20210511,7,2,False,0,22088,126.0,2021-05,124,False,113.50139300313145,126.32436032377375,114.55024034714518
2021-05-11 08:00:00,20210511,8,2,False,0,22088,171.0,2021-05,171,False,164.77162116883017,175.2766508255279,163.48022565104873
2021-05-11 09:00:00,20210511,9,2,False,0,22088,168.0,2021-05,173,True,167.06612628275874,173.92198270333006,166.47469900718707
2021-05-11 10:00:00,20210511,10,2,False,0,22088,161.0,2021-05,160,False,158.63442811842322,168.30560426421647,156.43489348608276
2021-05-11 11:00:00,20210511,11,2,False,0,22088,173.0,2021-05,169,False,168.221417242554,171.3743246518172,166.24668412697852
2021-05-11 12:00:00,20210511,12,2,False,0,22088,104.0,2021-05,100,False,98.38431409613447,108.40539523018315,99.37376484673007
2021-05-11 13:00:00,20210511,13,2,False,0,22088,165.0,2021-05,176,True,167.34279453284918,174.07566782451715,162.47904653615078
2021-05-11 14:00:00,20210511,14,2,False,0,22088,166.0,2021-05,155,False,163.7687367580592,168.50374329075066,163.10391369091596
2021-05-11 15:00:00,20210511,15,2,False,0,22088,159.0,2021-05,151,False,151.05209232737866,164.8017380037947,151.76433373446332
2021-05-11 16:00:00,20210511,16,2,False,0,22088,161.0,2021-05,144,False,152.21387197652354,161.62127930607426,153.82583647405983
2021-05-11 17:00:00,20210511,17,2,False,0,22088,123.0,2021-05,118,False,116.45361124511818,136.14213037467263,117.46868514948166
2021-05-11 18:00:00,20210511,18,2,False,0,22088,163.0,2021-05,138,False,145.75978949251467,162.36738225131614,144.24071654732901
2021-05-11 19:00:00,20210511,19,2,False,0,22088,158.0,2021-05,132,False,143.43760037654357,160.55112109302675,142.3693155887404
2021-05-11 20:00:00,20210511,20,2,False,0,22088,124.0,2021-05,128,False,114.27972252879044,126.09116673695672,114.39948927874381
2021-05-11 21:00:00,20210511,21,2,False,0,22088,125.0,2021-05,125,False,115.15164003366066,124.30568108456015,114.20144895416911
2021-05-11 22:00:00,20210511,22,2,False,0,22088,105.0,2021-05,107,False,102.36319591688199,109.9300151228432,103.26048379516779
2021-05-11 23:00:00,20210511,23,2,False,0,22088,95.0,2021-05,107,False,98.12917363054417,102.94642647054953,95.72145876276566
2021-05-12 00:00:00,20210512,0,3,False,0,20189,65.0,2021-05,67,False,55.38424831181165,66.59549657836934,58.5860831852434
2021-05-12 01:00:00,20210512,1,3,False,0,20189,105.0,2021-05,98,False,100.28895836760387,107.58220002715065,101.89737880624598
2021-05-12 02:00:00,20210512,2,3,False,0,20189,110.0,2021-05,110,False,103.88207335467895,112.13298377004027,102.0510125906943
2021-05-12 03:00:00,20210512,3,3,False,0,20189,103.0,2021-05,96,False,102.14983186756795,104.0093790828077,102.22692882781236
2021-05-12 04:00:00,20210512,4,3,False,0,20189,112.0,2021-05,107,False,105.49870651305464,112.64599581869196,104.00572346858674
2021-05-12 05:00:00,20210512,5,3,False,0,20189,88.0,2021-05,92,False,89.76099986137162,92.44895568257459,90.70509608199374
2021-05-12 06:00:00,20210512,6,3,False,0,20189,103.0,2021-05,104,False,101.94405566638981,113.376536524431,102.69757912328255
2021-05-12 07:00:00,20210512,7,3,False,0,20189,63.0,2021-05,126,False,91.92598199998764,106.9755352945495,93.09229602509798
2021-05-12 08:00:00,20210512,8,3,False,0,20189,21.0,2021-05,169,False,107.21007940805673,92.40966002992707,106.72971138273988
2021-05-12 09:00:00,20210512,9,3,False,0,20189,21.0,2021-05,160,False,105.64141469048222,90.57909943464496,106.64972904228114
2021-05-12 10:00:00,20210512,10,3,False,0,20189,23.0,2021-05,149,False,104.3081964768506,92.36371479957118,106.71460243765794
2021-05-12 11:00:00,20210512,11,3,False,0,20189,21.0,2021-05,168,False,103.8325686352387,87.36828766633799,106.4056243975333
2021-05-12 12:00:00,20210512,12,3,False,0,20189,20.0,2021-05,94,False,70.88289343294916,80.07122976109969,74.86993376558013
2021-05-12 13:00:00,20210512,13,3,False,0,20189,24.0,2021-05,178,True,104.47532068042358,94.9255955958164,104.83076616909584
2021-05-12 14:00:00,20210512,14,3,False,0,20189,21.0,2021-05,164,False,102.7498679535763,90.55565934411491,105.1140754195079
2021-05-12 15:00:00,20210512,15,3,False,0,20189,21.0,2021-05,153,False,101.87458725923427,85.49852694159033,104.08159655796156
2021-05-12 16:00:00,20210512,16,3,False,0,20189,23.0,2021-05,159,False,101.32295354495587,88.68293573258268,103.18098949045692
2021-05-12 17:00:00,20210512,17,3,False,0,20189,22.0,2021-05,131,False,90.43832072983905,82.83909041078118,95.15666972040083
2021-05-12 18:00:00,20210512,18,3,False,0,20189,21.0,2021-05,157,False,101.60283359652938,89.31452994957574,103.75112554059848
2021-05-12 19:00:00,20210512,19,3,False,0,20189,21.0,2021-05,125,False,90.03530932985909,79.52196683658643,91.70396345583829
2021-05-12 20:00:00,20210512,20,3,False,0,20189,24.0,2021-05,105,False,79.10991265460319,89.58345882620405,82.54333723583227
2021-05-12 21:00:00,20210512,21,3,False,0,20189,21.0,2021-05,110,False,78.97140971720766,88.02561516579912,82.41045950470755
2021-05-12 22:00:00,20210512,22,3,False,0,20189,22.0,2021-05,102,False,78.86720335515703,86.99481972939485,78.77087017577632
2021-05-12 23:00:00,20210512,23,3,False,0,20189,24.0,2021-05,102,False,70.96589879282887,81.16705527058242,72.32783369236569
2021-05-13 00:00:00,20210513,0,4,False,0,17668,21.0,2021-05,70,False,62.122865772820056,74.11126647496057,59.011398598507505
2021-05-13 01:00:00,20210513,1,4,False,0,17668,21.0,2021-05,98,False,92.66534173369719,100.0081801876503,88.74544206749466
2021-05-13 02:00:00,20210513,2,4,False,0,17668,23.0,2021-05,103,False,92.73352451315823,101.94910350905928,89.80450069189658
2021-05-13 03:00:00,20210513,3,4,False,0,17668,22.0,2021-05,100,False,92.30680111158706,99.04148578517429,88.01037982610234
2021-05-13 04:00:00,20210513,4,4,False,0,17668,21.0,2021-05,105,False,91.79680574482835,101.56729310899208,88.48499771362185
2021-05-13 05:00:00,20210513,5,4,False,0,17668,22.0,2021-05,89,False,85.55015592614211,96.10506739943214,85.02592707721512
2021-05-13 06:00:00,20210513,6,4,False,0,17668,23.0,2021-05,101,False,92.56781964187037,103.81572033754247,91.28009971105394
2021-05-13 07:00:00,20210513,7,4,False,0,17668,56.0,2021-05,117,False,100.98014132946314,115.5672957045415,100.32419082773971
2021-05-13 08:00:00,20210513,8,4,False,0,17668,185.0,2021-05,165,False,169.78262519272138,175.2958929196624,167.34359546212295
2021-05-13 09:00:00,20210513,9,4,False,0,17668,186.0,2021-05,163,False,167.36298674331604,172.087081732362,163.20178400390031
2021-05-13 10:00:00,20210513,10,4,False,0,17668,165.0,2021-05,158,False,160.9593690320659,167.37305689429618,157.7889780935259
2021-05-13 11:00:00,20210513,11,4,False,0,17668,171.0,2021-05,164,False,163.47524573407964,170.19161268114394,162.00897176465898
2021-05-13 12:00:00,20210513,12,4,False,0,17668,101.0,2021-05,96,False,99.9381672044638,109.13985612057668,100.95495623952426
2021-05-13 13:00:00,20210513,13,4,False,0,17668,166.0,2021-05,168,False,165.69825345880415,170.72328789818167,162.05373200881365
2021-05-13 14:00:00,20210513,14,4,False,0,17668,160.0,2021-05,163,False,160.71593398917545,164.53753783103474,159.42575944297147
2021-05-13 15:00:00,20210513,15,4,False,0,17668,155.0,2021-05,139,False,152.17216417168186,162.1791977787077,150.6689722005584
2021-05-13 16:00:00,20210513,16,4,False,0,17668,159.0,2021-05,150,False,150.6236206691268,159.22380306189658,151.0992018669384
2021-05-13 17:00:00,20210513,17,4,False,0,17668,125.0,2021-05,101,False,117.94360044298804,133.30930538397945,117.51367808146763
2021-05-13 18:00:00,20210513,18,4,False,0,17668,125.0,2021-05,102,False,124.0636722328863,142.86160548715628,124.01952909070296
2021-05-13 19:00:00,20210513,19,4,False,0,17668,115.0,2021-05,101,False,119.70574604257143,131.17853432404527,118.93670202061118
2021-05-13 20:00:00,20210513,20,4,False,0,17668,128.0,2021-05,133,False,116.92603526849818,128.5415677833369,115.76189847411926
2021-05-13 21:00:00,20210513,21,4,False,0,17668,121.0,2021-05,127,False,113.69889342752913,123.73109067572891,113.08779120466136
2021-05-13 22:00:00,20210513,22,4,False,0,17668,114.0,2021-05,114,False,107.48035304412791,114.92095555075609,106.19095306745037
2021-05-13 23:00:00,20210513,23,4,False,0,17668,101.0,2021-05,104,False,98.91896303964201,104.77448953765236,98.53097070268204
2021-05-14 00:00:00,20210514,0,5,False,0,17374,67.0,2021-05,67,False,70.28919027600413,75.06821445888404,66.88542562242185
2021-05-14 01:00:00,20210514,1,5,False,0,17374,104.0,2021-05,100,False,103.68820763136307,108.51720131067448,102.2451927628458
2021-05-14 02:00:00,20210514,2,5,False,0,17374,102.0,2021-05,107,False,106.45735508027241,111.21646847645324,103.63285468298862
2021-05-14 03:00:00,20210514,3,5,False,0,17374,105.0,2021-05,97,False,102.36762445098746,107.60284032763296,102.39145312644978
2021-05-14 04:00:00,20210514,4,5,False,0,17374,98.0,2021-05,106,False,103.69024434095206,109.71661450659319,100.43122969521698
2021-05-14 05:00:00,20210514,5,5,False,0,17374,89.0,2021-05,93,False,96.62472422961984,100.19654142599309,94.49790889052515
2021-05-14 06:00:00,20210514,6,5,False,0,17374,107.0,2021-05,100,False,108.0796809702253,116.5105202824421,106.98992584545675
2021-05-14 07:00:00,20210514,7,5,False,0,17374,118.0,2021-05,115,False,119.52436868361913,130.05635831024486,119.60940135333539
2021-05-14 08:00:00,20210514,8,5,False,0,17374,172.0,2021-05,147,False,170.40296925076947,175.23280543728086,168.16220696722326
2021-05-14 09:00:00,20210514,9,5,False,0,17374,170.0,2021-05,140,False,165.10159073452033,168.32851440404204,164.67490260211756
2021-05-14 10:00:00,20210514,10,5,False,0,17374,158.0,2021-05,143,False,161.9093334391031,165.25578604948066,161.3573918844103
2021-05-14 11:00:00,20210514,11,5,False,0,17374,164.0,2021-05,149,False,165.93950266788548,167.02758836739528,162.2295349979702
2021-05-14 12:00:00,20210514,12,5,False,0,17374,106.0,2021-05,91,False,103.48546360382913,106.28633199817186,104.56432851667996
2021-05-14 13:00:00,20210514,13,5,False,0,17374,167.0,2021-05,150,False,157.2347894267089,167.42911792319765,156.91672744543334
2021-05-14 14:00:00,20210514,14,5,False,0,17374,153.0,2021-05,143,False,166.81929703640532,168.54424001383921,164.06609667418283
2021-05-14 15:00:00,20210514,15,5,False,0,17374,133.0,2021-05,137,False,133.57785834417425,142.34299718703696,135.38920197910286
2021-05-14 16:00:00,20210514,16,5,False,0,17374,145.0,2021-05,135,False,149.48241126873907,153.51980696245758,150.9109995953958
2021-05-14 17:00:00,20210514,17,5,False,0,17374,120.0,2021-05,109,False,121.02711108255112,128.26259088085268,122.11907088160116
2021-05-14 18:00:00,20210514,18,5,False,0,17374,108.0,2021-05,146,False,132.396228018454,129.1273732064239,124.78185459653538
2021-05-14 19:00:00,20210514,19,5,False,0,17374,100.0,2021-05,129,False,128.72034379639732,126.23803105319367,120.4921464622563
2021-05-14 20:00:00,20210514,20,5,False,0,17374,103.0,2021-05,106,False,113.84554126293006,117.85018119308575,112.57237805436766
2021-05-14 21:00:00,20210514,21,5,False,0,17374,102.0,2021-05,110,False,109.67053600559781,113.94647547585724,110.07393254722795
2021-05-14 22:00:00,20210514,22,5,False,0,17374,100.0,2021-05,103,False,105.62196012247487,109.71968873437675,105.50209063523715
2021-05-14 23:00:00,20210514,23,5,False,0,17374,85.0,2021-05,89,False,92.62631140838931,98.25451997273179,90.71627907225036
2021-05-15 00:00:00,20210515,0,6,False,0,742,61.0,2021-05,54,False,53.49522785902936,66.99339489287435,55.76597132039765
2021-05-15 01:00:00,20210515,1,6,False,0,742,104.0,2021-05,96,False,102.75980906016497,105.68418135080928,102.56699405110885
2021-05-15 02:00:00,20210515,2,6,False,0,742,103.0,2021-05,98,False,101.27579782311265,106.73393378617776,99.80816482682012
2021-05-15 03:00:00,20210515,3,6,False,0,742,103.0,2021-05,93,False,98.45812457605386,101.83981865346493,99.78488366353231
2021-05-15 04:00:00,20210515,4,6,False,0,742,106.0,2021-05,101,False,99.46564151908926,104.68723179699566,98.98633972936595
2021-05-15 05:00:00,20210515,5,6,False,0,742,87.0,2021-05,80,False,80.49989643924793,84.5076680623477,79.81107394274237
2021-05-15 06:00:00,20210515,6,6,False,0,742,104.0,2021-05,98,False,101.82225914611278,102.07615739965767,101.93200149165274
2021-05-15 07:00:00,20210515,7,6,False,0,742,63.0,2021-05,69,False,61.059446585656325,78.2055489755067,61.46333742761586
2021-05-15 08:00:00,20210515,8,6,False,0,742,24.0,2021-05,22,False,22.037069665785697,36.3214789720918,20.719420447947435
2021-05-15 09:00:00,20210515,9,6,False,0,742,22.0,2021-05,20,False,18.88019864209657,17.148368513315354,18.644495758134603
2021-05-15 10:00:00,20210515,10,6,False,0,742,22.0,2021-05,20,False,18.62571236736863,16.50792474662722,18.65598813285038
2021-05-15 11:00:00,20210515,11,6,False,0,742,25.0,2021-05,22,False,20.831374381363926,18.042999454193133,19.94652260529114
2021-05-15 12:00:00,20210515,12,6,False,0,742,23.0,2021-05,20,False,18.87329261103538,50.964717544494476,18.866243839253453
2021-05-15 13:00:00,20210515,13,6,False,0,742,22.0,2021-05,19,False,18.664953359623595,16.282127349298246,18.81590993763917
2021-05-15 14:00:00,20210515,14,6,False,0,742,23.0,2021-05,21,False,18.716560387856187,18.433157855991574,19.15083595964308
2021-05-15 15:00:00,20210515,15,6,False,0,742,24.0,2021-05,20,False,19.8578468127245,24.6149171790356,19.136875799081256
2021-05-15 16:00:00,20210515,16,6,False,0,742,23.0,2021-05,20,False,18.641200187405744,27.424668078449145,18.740177812250714
2021-05-15 17:00:00,20210515,17,6,False,0,742,22.0,2021-05,20,False,18.70029736321698,26.55178297306161,18.880613433574215
2021-05-15 18:00:00,20210515,18,6,False,0,742,24.0,2021-05,22,False,19.922607841601337,26.97241056909219,19.06870241376807
2021-05-15 19:00:00,20210515,19,6,False,0,742,22.0,2021-05,20,False,18.7186606836984,26.318884315058174,18.73247363223367
2021-05-15 20:00:00,20210515,20,6,False,0,742,22.0,2021-05,20,False,19.084624565374693,46.11237530944312,18.879871954513977
2021-05-15 21:00:00,20210515,21,6,False,0,742,25.0,2021-05,23,False,21.82541634982232,48.3094933198862,20.44885692751946
2021-05-15 22:00:00,20210515,22,6,False,0,742,23.0,2021-05,21,False,19.033466715331105,50.81283687981971,18.66549279544985
2021-05-15 23:00:00,20210515,23,6,False,0,742,23.0,2021-05,20,False,20.312376069995835,51.39451681656186,19.75612252328971
2021-05-17 00:00:00,20210517,0,1,False,0,13391,23.0,2021-05,22,False,44.72099783522189,67.70233313028946,49.11606211437413
2021-05-17 01:00:00,20210517,1,1,False,0,13391,23.0,2021-05,20,False,50.203028677864104,83.93283686335273,51.100868536328456
2021-05-17 02:00:00,20210517,2,1,False,0,13391,25.0,2021-05,20,False,50.95955735204324,84.19922543143421,50.710545178144685
2021-05-17 03:00:00,20210517,3,1,False,0,13391,23.0,2021-05,22,False,50.733672662699746,84.30852159221331,52.74026397798237
2021-05-17 04:00:00,20210517,4,1,False,0,13391,23.0,2021-05,20,False,50.163590311728875,84.35735655192276,51.39620475778084
2021-05-17 05:00:00,20210517,5,1,False,0,13391,24.0,2021-05,20,False,50.85292701239579,84.23623654512325,52.06093040486919
2021-05-17 06:00:00,20210517,6,1,False,0,13391,24.0,2021-05,22,False,55.60572134409006,85.29913237599875,57.69481671853334
2021-05-17 07:00:00,20210517,7,1,False,0,13391,64.0,2021-05,50,False,78.68756066870306,106.71331534516328,79.67965437017318
2021-05-17 08:00:00,20210517,8,1,False,0,13391,177.0,2021-05,174,True,167.45780047201814,172.39441627565637,167.3722604735418
2021-05-17 09:00:00,20210517,9,1,False,0,13391,158.0,2021-05,160,False,162.3361112179857,166.89296388059662,163.59492974414988
2021-05-17 10:00:00,20210517,10,1,False,0,13391,157.0,2021-05,164,False,151.41444510544198,160.80307596156425,152.04721188434715
2021-05-17 11:00:00,20210517,11,1,False,0,13391,164.0,2021-05,169,False,164.94981603531173,167.94394400688273,165.38258997482748
2021-05-17 12:00:00,20210517,12,1,False,0,13391,106.0,2021-05,104,False,99.74509067142793,112.37757294218414,99.90265949214408
2021-05-17 13:00:00,20210517,13,1,False,0,13391,158.0,2021-05,170,False,165.45554466142895,167.89455840841967,165.52423432467404
2021-05-17 14:00:00,20210517,14,1,False,0,13391,154.0,2021-05,163,False,160.25594390424885,161.5837749643554,158.68145056648484
2021-05-17 15:00:00,20210517,15,1,False,0,13391,141.0,2021-05,157,False,142.65039147548794,154.01842908221093,143.16620781801524
2021-05-17 16:00:00,20210517,16,1,False,0,13391,153.0,2021-05,161,False,147.7780539502387,158.6349055154375,148.1758436199539
2021-05-17 17:00:00,20210517,17,1,False,0,13391,128.0,2021-05,138,False,117.48615962635522,143.1381732764407,119.74751805484902
2021-05-17 18:00:00,20210517,18,1,False,0,13391,159.0,2021-05,152,False,142.9891631174176,157.638312266408,143.74296889847352
2021-05-17 19:00:00,20210517,19,1,False,0,13391,142.0,2021-05,128,False,131.56604951250793,145.34161203942736,134.03846427592177
2021-05-17 20:00:00,20210517,20,1,False,0,13391,111.0,2021-05,96,False,103.60189623654476,115.58173400428382,103.26785618721493
2021-05-17 21:00:00,20210517,21,1,False,0,13391,120.0,2021-05,89,False,107.92510954927542,119.27020766940738,108.65467549040106
2021-05-17 22:00:00,20210517,22,1,False,0,13391,112.0,2021-05,93,False,103.75387088805866,112.8255366060165,103.84341019361266
2021-05-17 23:00:00,20210517,23,1,False,0,13391,101.0,2021-05,87,False,100.13318925321538,104.23287254864086,98.90919994931365
2021-05-19 00:00:00,20210519,0,3,False,1,2990,67.0,2021-05,62,False,68.74019115721882,75.85619253773855,64.46924950791227
2021-05-19 01:00:00,20210519,1,3,False,1,2990,98.0,2021-05,89,False,99.54075793394304,108.48898615411876,97.24879969061492
2021-05-19 02:00:00,20210519,2,3,False,1,2990,110.0,2021-05,97,False,100.8505485133803,109.03788644577496,98.11423768666589
2021-05-19 03:00:00,20210519,3,3,False,1,2990,96.0,2021-05,96,False,97.62745894678817,105.97240270729337,94.71609869714747
2021-05-19 04:00:00,20210519,4,3,False,1,2990,107.0,2021-05,94,False,101.08685605758109,106.58798199181552,98.9667395734952
2021-05-19 05:00:00,20210519,5,3,False,1,2990,92.0,2021-05,79,False,90.18956825069836,99.48714709842791,90.27656284390373
2021-05-19 06:00:00,20210519,6,3,False,1,2990,104.0,2021-05,95,False,101.00787160726124,108.94987453163519,98.1665556473219
2021-05-19 07:00:00,20210519,7,3,False,1,2990,126.0,2021-05,54,False,108.06499802136155,122.42042548819423,106.50388795770785
2021-05-19 08:00:00,20210519,8,3,False,1,2990,169.0,2021-05,21,False,137.9314663993404,156.0315383624314,119.23647158232309
2021-05-19 09:00:00,20210519,9,3,False,1,2990,160.0,2021-05,23,False,124.83288470556299,150.45772001093238,102.48973101683121
2021-05-19 10:00:00,20210519,10,3,False,1,2990,149.0,2021-05,21,False,112.29669735903171,142.11733973816172,96.08503774995206
2021-05-19 11:00:00,20210519,11,3,False,1,2990,168.0,2021-05,21,False,115.85347228450901,148.61161986919663,95.28296527160994
2021-05-19 12:00:00,20210519,12,3,False,1,2990,94.0,2021-05,22,False,79.04586945123332,99.64325273174717,73.05476240680365
2021-05-19 13:00:00,20210519,13,3,False,1,2990,178.0,2021-05,21,False,116.51366277227028,149.04409189416324,97.70423757226916
2021-05-19 14:00:00,20210519,14,3,False,1,2990,164.0,2021-05,20,False,116.0277398522963,147.41537779487828,95.46353449631022
2021-05-19 15:00:00,20210519,15,3,False,1,2990,153.0,2021-05,20,False,111.45667945912287,148.05291615245912,94.40868401123383
2021-05-19 16:00:00,20210519,16,3,False,1,2990,159.0,2021-05,23,False,111.08343481112728,147.18279362615002,95.215591819262
2021-05-19 17:00:00,20210519,17,3,False,1,2990,131.0,2021-05,21,False,96.45175754483579,132.3847261026545,86.21104147856128
2021-05-19 18:00:00,20210519,18,3,False,1,2990,157.0,2021-05,21,False,111.26601143147299,147.7411331109495,95.35124011811315
2021-05-19 19:00:00,20210519,19,3,False,1,2990,125.0,2021-05,23,False,95.6406910699345,133.28500703020237,87.01129444709345
2021-05-19 20:00:00,20210519,20,3,False,1,2990,105.0,2021-05,21,False,83.9183965863562,101.84976090406832,82.90590130461804
2021-05-19 21:00:00,20210519,21,3,False,1,2990,110.0,2021-05,22,False,85.42591650603474,103.73294227910269,82.5925531098448
2021-05-19 22:00:00,20210519,22,3,False,1,2990,102.0,2021-05,23,False,84.17487504267426,100.25768427562308,80.14756079346688
2021-05-19 23:00:00,20210519,23,3,False,1,2990,102.0,2021-05,21,False,85.69096665411787,99.3989439315705,82.7011389900466
2021-05-20 00:00:00,20210520,0,4,False,0,15890,70.0,2021-05,20,False,57.85765438249418,72.18259864297954,59.351518166974294
2021-05-20 01:00:00,20210520,1,4,False,0,15890,98.0,2021-05,21,False,86.53564843077173,101.92970053755319,90.55296713956731
2021-05-20 02:00:00,20210520,2,4,False,0,15890,103.0,2021-05,22,False,87.88808350587654,104.75542226020234,95.91783692590009
2021-05-20 03:00:00,20210520,3,4,False,0,15890,100.0,2021-05,20,False,88.5577676784671,104.45753424775707,95.25911930780997
2021-05-20 04:00:00,20210520,4,4,False,0,15890,105.0,2021-05,20,False,87.6444260227991,104.78269251471333,95.35011335775421
2021-05-20 05:00:00,20210520,5,4,False,0,15890,89.0,2021-05,23,False,80.90832734341545,97.06099223534183,84.37651595913309
2021-05-20 06:00:00,20210520,6,4,False,0,15890,101.0,2021-05,20,False,88.84957554945863,106.43437719007026,94.77261835655945
2021-05-20 07:00:00,20210520,7,4,False,0,15890,117.0,2021-05,64,False,102.8362078624629,116.2854204427836,105.03946728521981
2021-05-20 08:00:00,20210520,8,4,False,0,15890,165.0,2021-05,170,False,167.2703398058228,175.20675295520974,162.76086316501684
2021-05-20 09:00:00,20210520,9,4,False,0,15890,163.0,2021-05,162,False,171.23872448576114,174.12061426845335,168.48178356999884
2021-05-20 10:00:00,20210520,10,4,False,0,15890,158.0,2021-05,157,False,162.1482410639504,167.0338175726889,160.8283269573692
2021-05-20 11:00:00,20210520,11,4,False,0,15890,164.0,2021-05,172,True,167.1008398671369,169.47923674492606,166.29560427615044
2021-05-20 12:00:00,20210520,12,4,False,0,15890,96.0,2021-05,106,False,102.92036839651742,110.95940794062751,101.72901675754234
2021-05-20 13:00:00,20210520,13,4,False,0,15890,168.0,2021-05,166,False,166.2361803938572,169.59804175872043,164.77673279344194
2021-05-20 14:00:00,20210520,14,4,False,0,15890,163.0,2021-05,163,False,161.4751882126442,165.0479524746826,160.40888489649515
2021-05-20 15:00:00,20210520,15,4,False,0,15890,139.0,2021-05,150,False,146.88528608665027,158.74342223728334,145.57365912994638
2021-05-20 16:00:00,20210520,16,4,False,0,15890,150.0,2021-05,152,False,148.71915682974387,158.0249877425935,148.35110189255784
2021-05-20 17:00:00,20210520,17,4,False,0,15890,101.0,2021-05,101,False,126.71220427632495,146.55288904641384,117.6545424714429
2021-05-20 18:00:00,20210520,18,4,False,0,15890,102.0,2021-05,106,False,129.6367489623168,148.8357070783834,120.9087213101537
2021-05-20 19:00:00,20210520,19,4,False,0,15890,101.0,2021-05,109,False,128.15307167504986,147.31644154898368,118.6511110619394
2021-05-20 20:00:00,20210520,20,4,False,0,15890,133.0,2021-05,110,False,124.28803577719763,132.87971959715233,124.96697477709164
2021-05-20 21:00:00,20210520,21,4,False,0,15890,127.0,2021-05,103,False,120.68121705648669,123.23357845041369,119.5682456544905
2021-05-20 22:00:00,20210520,22,4,False,0,15890,114.0,2021-05,101,False,109.75017932741382,115.61481002472651,109.51920869173999
2021-05-20 23:00:00,20210520,23,4,False,0,15890,104.0,2021-05,93,False,104.97357380186337,108.32724817415776,103.71392895372303
2021-05-21 00:00:00,20210521,0,5,False,0,24516,67.0,2021-05,61,False,68.90717638507192,74.8060552744242,65.10939618099002
2021-05-21 01:00:00,20210521,1,5,False,0,24516,100.0,2021-05,94,False,105.44220879347374,113.1757249162413,102.88496544605839
2021-05-21 02:00:00,20210521,2,5,False,0,24516,107.0,2021-05,107,False,103.90923279598154,115.20115182332154,103.69180852188593
2021-05-21 03:00:00,20210521,3,5,False,0,24516,97.0,2021-05,98,False,103.85467672878201,111.78666600820326,99.42296503464422
2021-05-21 04:00:00,20210521,4,5,False,0,24516,106.0,2021-05,95,False,103.37004181954772,107.97315473365995,102.79885016745732
2021-05-21 05:00:00,20210521,5,5,False,0,24516,93.0,2021-05,82,False,94.62301934598379,100.06738485994153,94.55442685679573
2021-05-21 06:00:00,20210521,6,5,False,0,24516,100.0,2021-05,102,False,104.99264800850398,112.70341217023672,103.67393414365192
2021-05-21 07:00:00,20210521,7,5,False,0,24516,115.0,2021-05,121,False,116.69688287712817,124.39604217969232,116.86725741752753
2021-05-21 08:00:00,20210521,8,5,False,0,24516,147.0,2021-05,153,False,153.39672863975298,150.6424328359282,153.7264105195936
2021-05-21 09:00:00,20210521,9,5,False,0,24516,140.0,2021-05,144,False,149.4739593117117,145.1475379829411,148.7456792935276
2021-05-21 10:00:00,20210521,10,5,False,0,24516,143.0,2021-05,140,False,149.67818372765393,148.7369637149069,149.16631377782107
2021-05-21 11:00:00,20210521,11,5,False,0,24516,149.0,2021-05,156,False,149.98666416865385,150.37457859407033,150.08555309875828
2021-05-21 12:00:00,20210521,12,5,False,0,24516,91.0,2021-05,93,False,100.12554260189758,108.9732706722164,97.72454234043266
2021-05-21 13:00:00,20210521,13,5,False,0,24516,150.0,2021-05,149,False,150.9054384529485,153.95549324425144,150.31056744638025
2021-05-21 14:00:00,20210521,14,5,False,0,24516,143.0,2021-05,153,False,149.43596455891466,147.51202744853853,148.8334302881905
2021-05-21 15:00:00,20210521,15,5,False,0,24516,137.0,2021-05,132,False,129.0115600282634,136.849009305325,131.16468867863566
2021-05-21 16:00:00,20210521,16,5,False,0,24516,135.0,2021-05,144,False,128.3635227427891,137.26318657003898,129.3372273272237
2021-05-21 17:00:00,20210521,17,5,False,0,24516,109.0,2021-05,121,False,122.75417789611932,112.35553906671089,110.84595263994375
2021-05-21 18:00:00,20210521,18,5,False,0,24516,146.0,2021-05,132,False,138.72541563824285,144.53873467568826,137.83493849242834
2021-05-21 19:00:00,20210521,19,5,False,0,24516,129.0,2021-05,124,False,119.56207359250482,129.45091936817812,121.51170309688187
2021-05-21 20:00:00,20210521,20,5,False,0,24516,106.0,2021-05,103,False,106.23336437416496,113.67041604614428,106.32974575766382
2021-05-21 21:00:00,20210521,21,5,False,0,24516,110.0,2021-05,105,False,106.5472817522426,113.49100007299694,105.82630331979658
2021-05-21 22:00:00,20210521,22,5,False,0,24516,103.0,2021-05,101,False,103.27086602231476,105.31341419152511,102.45454028261669
2021-05-21 23:00:00,20210521,23,5,False,0,24516,89.0,2021-05,93,False,87.04782707279885,94.96621011289886,87.38976004967361
2021-05-23 00:00:00,20210523,0,7,True,0,0,,2021-05,21,False,20.718499633844285,26.74732841062637,20.101080778853646
2021-05-23 01:00:00,20210523,1,7,True,0,0,,2021-05,21,False,20.372088027091987,26.194688859085673,20.074475965630892
2021-05-23 02:00:00,20210523,2,7,True,0,0,,2021-05,23,False,22.086559817990903,26.989737982318776,21.99378246772227
2021-05-23 03:00:00,20210523,3,7,True,0,0,,2021-05,21,False,20.5201912486806,25.70445323259065,20.20514590045467
2021-05-23 04:00:00,20210523,4,7,True,0,0,,2021-05,21,False,20.573630796647915,25.69073033580295,20.308890499191364
2021-05-23 05:00:00,20210523,5,7,True,0,0,,2021-05,22,False,20.72130652325101,26.08636762523389,20.62554775432258
2021-05-23 06:00:00,20210523,6,7,True,0,0,,2021-05,22,False,20.8178374895647,26.365827741758753,20.585102818728206
2021-05-23 07:00:00,20210523,7,7,True,0,0,,2021-05,20,False,22.554482802417002,28.29422798463285,22.870732090891142
2021-05-23 08:00:00,20210523,8,7,True,0,0,,2021-05,20,False,20.392293358900734,23.474530195336655,20.435936476661116
2021-05-23 09:00:00,20210523,9,7,True,0,0,,2021-05,23,False,20.889953570956028,17.671239900890864,20.61332566235848
2021-05-23 10:00:00,20210523,10,7,True,0,0,,2021-05,20,False,20.920191308268205,18.147247539155828,20.77026925906036
2021-05-23 11:00:00,20210523,11,7,True,0,0,,2021-05,21,False,20.686789602138393,24.410559281841472,20.646509736236357
2021-05-23 12:00:00,20210523,12,7,True,0,0,,2021-05,23,False,20.601691630742085,29.53914737592736,20.31198392094756
2021-05-23 13:00:00,20210523,13,7,True,0,0,,2021-05,21,False,20.77266119070796,17.768914083223166,20.39463494908218
2021-05-23 14:00:00,20210523,14,7,True,0,0,,2021-05,20,False,21.001286164818996,18.695608938232994,21.247160126622457
2021-05-23 15:00:00,20210523,15,7,True,0,0,,2021-05,21,False,21.06283818504007,26.277132791205474,20.943958900559753
2021-05-23 16:00:00,20210523,16,7,True,0,0,,2021-05,22,False,21.058978774843297,26.340052058221982,20.800927418845145
2021-05-23 17:00:00,20210523,17,7,True,0,0,,2021-05,20,False,21.466441371874236,27.070963490311016,20.96693037448239
2021-05-23 18:00:00,20210523,18,7,True,0,0,,2021-05,21,False,20.88716098895596,27.47408532303287,20.31903758272709
2021-05-23 19:00:00,20210523,19,7,True,0,0,,2021-05,22,False,20.62885423539974,25.327949883625603,20.258750034865965
2021-05-23 20:00:00,20210523,20,7,True,0,0,,2021-05,20,False,20.613319450584843,26.90275858468615,20.38593391072253
2021-05-23 21:00:00,20210523,21,7,True,0,0,,2021-05,21,False,21.044956205065173,27.646038644421186,20.87136953306268
2021-05-23 22:00:00,20210523,22,7,True,0,0,,2021-05,23,False,20.716104753758273,27.343636041698904,20.530498841050797
2021-05-23 23:00:00,20210523,23,7,True,0,0,,2021-05,21,False,21.790302252331497,28.74500869775781,21.494492532275363
2021-05-26 00:00:00,20210526,0,3,False,0,19944,62.0,2021-05,58,False,55.44279124966323,66.72236595924572,60.37982719669875
2021-05-26 01:00:00,20210526,1,3,False,0,19944,89.0,2021-05,98,False,94.57847240040367,95.76840334511876,91.26864365988898
2021-05-26 02:00:00,20210526,2,3,False,0,19944,97.0,2021-05,101,False,102.20373731188414,108.18811511858694,99.23978021181678
2021-05-26 03:00:00,20210526,3,3,False,0,19944,96.0,2021-05,103,False,99.91823352488628,102.47726840543221,96.06804522411473
2021-05-26 04:00:00,20210526,4,3,False,0,19944,94.0,2021-05,100,False,98.87069721568048,105.56276960409588,97.5001244673707
2021-05-26 05:00:00,20210526,5,3,False,0,19944,79.0,2021-05,94,False,81.59805692021321,92.4430430005677,86.60353291108596
2021-05-26 06:00:00,20210526,6,3,False,0,19944,95.0,2021-05,100,False,100.68248341315416,111.25673897536404,99.89967736144929
2021-05-26 07:00:00,20210526,7,3,False,0,19944,54.0,2021-05,121,False,91.10788149889557,110.86077250673206,99.97349479515431
2021-05-26 08:00:00,20210526,8,3,False,0,19944,21.0,2021-05,155,False,94.78692592653208,121.23026985193472,103.61465659671107
2021-05-26 09:00:00,20210526,9,3,False,0,19944,23.0,2021-05,154,False,96.30326660680561,118.5748172928303,104.83092636103625
2021-05-26 10:00:00,20210526,10,3,False,0,19944,21.0,2021-05,147,False,96.76433799260168,113.48784235429541,105.15914966380357
2021-05-26 11:00:00,20210526,11,3,False,0,19944,21.0,2021-05,157,False,96.59577186795597,116.13986318575643,103.70318110541267
2021-05-26 12:00:00,20210526,12,3,False,0,19944,22.0,2021-05,91,False,71.36479534850685,80.65676755310237,81.2481110168472
2021-05-26 13:00:00,20210526,13,3,False,0,19944,21.0,2021-05,157,False,99.9409867481332,127.39740429898507,101.72070741676389
2021-05-26 14:00:00,20210526,14,3,False,0,19944,20.0,2021-05,157,False,97.22148214669251,119.79618895673241,106.33085941533572
2021-05-26 15:00:00,20210526,15,3,False,0,19944,20.0,2021-05,145,False,95.20601545461784,117.82846351488708,105.7859787952658
2021-05-26 16:00:00,20210526,16,3,False,0,19944,23.0,2021-05,137,False,94.78402888465098,117.16414127386197,104.82095675170815
2021-05-26 17:00:00,20210526,17,3,False,0,19944,21.0,2021-05,117,False,91.35179215421097,106.3076732588144,98.96335768354326
2021-05-26 18:00:00,20210526,18,3,False,0,19944,21.0,2021-05,133,False,96.04235506404852,120.21951885815817,103.7133427914069
2021-05-26 19:00:00,20210526,19,3,False,0,19944,23.0,2021-05,131,False,93.50570967775063,109.75662970264709,102.22929246980061
2021-05-26 20:00:00,20210526,20,3,False,0,19944,21.0,2021-05,115,False,77.56756813484164,88.21758000198163,83.81684538123507
2021-05-26 21:00:00,20210526,21,3,False,0,19944,22.0,2021-05,104,False,78.1877375574136,88.61026916103931,83.65076027782264
2021-05-26 22:00:00,20210526,22,3,False,0,19944,23.0,2021-05,97,False,77.69686508017007,89.24791528735095,80.44936408340676
2021-05-26 23:00:00,20210526,23,3,False,0,19944,21.0,2021-05,98,False,73.79888273251687,85.54875806085575,76.67598585142555
2021-05-29 00:00:00,20210529,0,6,False,0,3071,59.0,2021-05,61,False,53.69605373113016,67.13499701623117,54.1460713487578
2021-05-29 01:00:00,20210529,1,6,False,0,3071,101.0,2021-05,99,False,100.25428352087032,105.93396161545344,102.03239827006706
2021-05-29 02:00:00,20210529,2,6,False,0,3071,96.0,2021-05,95,False,100.71669445488817,102.81540926466964,96.0363243890777
2021-05-29 03:00:00,20210529,3,6,False,0,3071,99.0,2021-05,96,False,95.65161735032855,100.99792557723366,99.78033638479081
2021-05-29 04:00:00,20210529,4,6,False,0,3071,101.0,2021-05,102,False,103.27814858200111,106.09669716838381,102.85118228445901
2021-05-29 05:00:00,20210529,5,6,False,0,3071,84.0,2021-05,88,False,67.57518204242994,85.06804102981182,77.56580517620445
2021-05-29 06:00:00,20210529,6,6,False,0,3071,102.0,2021-05,100,False,99.56332630716558,102.04317509338439,102.22789574837041
2021-05-29 07:00:00,20210529,7,6,False,0,3071,56.0,2021-05,65,False,61.94840941781399,77.37047146408771,62.0500009360587
2021-05-29 08:00:00,20210529,8,6,False,0,3071,20.0,2021-05,23,False,22.44526205286,34.71836743643481,23.236042499653607
2021-05-29 09:00:00,20210529,9,6,False,0,3071,20.0,2021-05,21,False,22.136976480657285,25.421944681419262,21.92966113354754
2021-05-29 10:00:00,20210529,10,6,False,0,3071,23.0,2021-05,21,False,21.989462020671695,27.31007589932591,21.718334871684174
2021-05-29 11:00:00,20210529,11,6,False,0,3071,21.0,2021-05,23,False,22.667793442648648,24.517064708326842,23.389775363843142
2021-05-29 12:00:00,20210529,12,6,False,0,3071,20.0,2021-05,21,False,23.808892343647504,53.4068351313223,26.462306348976426
2021-05-29 13:00:00,20210529,13,6,False,0,3071,22.0,2021-05,21,False,23.737887874462515,27.713783672084574,25.49201331909819
2021-05-29 14:00:00,20210529,14,6,False,0,3071,21.0,2021-05,23,False,24.030230280773292,27.03764897613799,25.308670546486905
2021-05-29 15:00:00,20210529,15,6,False,0,3071,20.0,2021-05,22,False,24.269864994921946,32.06800925975126,25.814081884028223
2021-05-29 16:00:00,20210529,16,6,False,0,3071,21.0,2021-05,21,False,22.459873778076656,31.535488267329715,22.349606899675237
2021-05-29 17:00:00,20210529,17,6,False,0,3071,22.0,2021-05,22,False,21.73575216255738,31.043090679858082,21.434587016134255
2021-05-29 18:00:00,20210529,18,6,False,0,3071,20.0,2021-05,23,False,22.070229667846416,28.88117638168698,22.43282344468035
2021-05-29 19:00:00,20210529,19,6,False,0,3071,20.0,2021-05,21,False,22.07118927510818,31.68679225420078,22.426602446074565
2021-05-29 20:00:00,20210529,20,6,False,0,3071,23.0,2021-05,21,False,22.423581989211964,48.77035890136424,22.298181340822463
2021-05-29 21:00:00,20210529,21,6,False,0,3071,21.0,2021-05,23,False,22.71459055283277,46.86887298703633,22.719884676997484
2021-05-29 22:00:00,20210529,22,6,False,0,3071,20.0,2021-05,21,False,22.256697881191556,49.81815358780372,22.176192569844176
2021-05-29 23:00:00,20210529,23,6,False,0,3071,23.0,2021-05,21,False,22.337834348659555,51.446045647792516,22.046495600108567
2021-05-31 00:00:00,20210531,0,1,False,0,17276,20.0,2021-05,21,False,39.640184212466224,66.90369403536236,42.894103950608574
2021-05-31 01:00:00,20210531,1,1,False,0,17276,23.0,2021-05,21,False,45.5411611786058,82.48299838417529,46.55740661297309
2021-05-31 02:00:00,20210531,2,1,False,0,17276,20.0,2021-05,21,False,45.57194825122716,82.16996628929921,46.54072095357852
2021-05-31 03:00:00,20210531,3,1,False,0,17276,20.0,2021-05,23,False,45.18939303485738,82.52452255659522,45.749182586608555
2021-05-31 04:00:00,20210531,4,1,False,0,17276,23.0,2021-05,21,False,45.06721823316648,82.97159766415926,45.7550308954195
2021-05-31 05:00:00,20210531,5,1,False,0,17276,20.0,2021-05,21,False,44.95033708604044,82.24871284585957,45.60479709007611
2021-05-31 06:00:00,20210531,6,1,False,0,17276,20.0,2021-05,24,False,48.31453381021185,83.74916769631632,48.2990229064584
2021-05-31 07:00:00,20210531,7,1,False,0,17276,54.0,2021-05,49,False,66.01458616925008,98.63316854125094,66.48383691956296
2021-05-31 08:00:00,20210531,8,1,False,0,17276,160.0,2021-05,160,False,173.32129589428322,178.42211450399915,167.92006942661712
2021-05-31 09:00:00,20210531,9,1,False,0,17276,163.0,2021-05,169,False,163.99585011502364,169.44192348884434,161.692003929575
2021-05-31 10:00:00,20210531,10,1,False,0,17276,155.0,2021-05,160,False,158.78780130542987,164.44284181268713,156.38971734058796
2021-05-31 11:00:00,20210531,11,1,False,0,17276,164.0,2021-05,167,False,165.85484093289145,168.5555708334039,165.62188319072098
2021-05-31 12:00:00,20210531,12,1,False,0,17276,104.0,2021-05,104,False,102.51617382443987,111.98986827993879,100.0924665517659
2021-05-31 13:00:00,20210531,13,1,False,0,17276,155.0,2021-05,159,False,166.3276120215025,171.34080805594155,162.23053527816117
2021-05-31 14:00:00,20210531,14,1,False,0,17276,159.0,2021-05,156,False,161.1050622074321,166.5851539617821,159.41604144992493
2021-05-31 15:00:00,20210531,15,1,False,0,17276,154.0,2021-05,142,False,149.56538623580505,160.75263651441142,149.92522534817758
2021-05-31 16:00:00,20210531,16,1,False,0,17276,147.0,2021-05,147,False,144.44427271724877,154.4841399011468,145.56141027322454
2021-05-31 17:00:00,20210531,17,1,False,0,17276,129.0,2021-05,125,False,117.84978558462744,145.88113530290858,118.66294559187196
2021-05-31 18:00:00,20210531,18,1,False,0,17276,147.0,2021-05,157,False,139.69580060313524,154.59144103731882,139.63835758131995
2021-05-31 19:00:00,20210531,19,1,False,0,17276,130.0,2021-05,146,False,121.2243091028874,146.72162329328697,121.13099639835566
2021-05-31 20:00:00,20210531,20,1,False,0,17276,106.0,2021-05,113,False,104.57244930101156,110.29588570115384,104.98564091285164
2021-05-31 21:00:00,20210531,21,1,False,0,17276,106.0,2021-05,113,False,100.4829857119703,106.62367846145783,102.96508031722381
2021-05-31 22:00:00,20210531,22,1,False,0,17276,105.0,2021-05,103,False,97.28443685324204,105.4609698965606,101.00078862424841
2021-05-31 23:00:00,20210531,23,1,False,0,17276,98.0,2021-05,99,False,94.44013875606817,101.87097679019756,94.30329549769404
2021-06-20 00:00:00,20210620,0,7,True,0,0,,2021-06,22,False,23.61290478846924,28.69651738048473,23.243115805025038
2021-06-20 01:00:00,20210620,1,7,True,0,0,,2021-06,24,False,22.704047915487706,29.30110029571313,22.559248117362063
2021-06-20 02:00:00,20210620,2,7,True,0,0,,2021-06,22,False,22.854613633801772,29.61546381976469,22.836283899625368
2021-06-20 03:00:00,20210620,3,7,True,0,0,,2021-06,22,False,22.95717090680127,29.723273149211114,23.077761524687617
2021-06-20 04:00:00,20210620,4,7,True,0,0,,2021-06,24,False,22.683392990579488,29.74489578810426,22.77500237630977
2021-06-20 05:00:00,20210620,5,7,True,0,0,,2021-06,23,False,22.52162116134131,29.809893886486446,22.41425719564982
2021-06-20 06:00:00,20210620,6,7,True,0,0,,2021-06,22,False,22.529391581182143,29.405606114062678,22.31733598569524
2021-06-20 07:00:00,20210620,7,7,True,0,0,,2021-06,22,False,22.549379584293202,26.171638269172973,22.65552246767527
2021-06-20 08:00:00,20210620,8,7,True,0,0,,2021-06,24,False,22.187385584827712,23.126104424564357,22.25607102129334
2021-06-20 09:00:00,20210620,9,7,True,0,0,,2021-06,22,False,22.2430577144878,23.811938389784817,22.29555786053602
2021-06-20 10:00:00,20210620,10,7,True,0,0,,2021-06,22,False,22.268440927170175,23.553672528170107,22.39280047495355
2021-06-20 11:00:00,20210620,11,7,True,0,0,,2021-06,24,False,22.257561449675325,23.486030857638667,22.286041050657683
2021-06-20 12:00:00,20210620,12,7,True,0,0,,2021-06,22,False,22.236404361879266,29.272265796215937,22.37687186328434
2021-06-20 13:00:00,20210620,13,7,True,0,0,,2021-06,22,False,22.15932761564258,23.45254743154298,22.22931412924153
2021-06-20 14:00:00,20210620,14,7,True,0,0,,2021-06,23,False,22.187516416657658,23.61221893338592,22.299800734225823
2021-06-20 15:00:00,20210620,15,7,True,0,0,,2021-06,25,False,22.115683400690283,25.5566752460897,22.167734909618606
2021-06-20 16:00:00,20210620,16,7,True,0,0,,2021-06,23,False,22.180519910932357,25.2836623124397,22.19751868221096
2021-06-20 17:00:00,20210620,17,7,True,0,0,,2021-06,23,False,22.298487701250576,24.750579530173017,22.433774571731956
2021-06-20 18:00:00,20210620,18,7,True,0,0,,2021-06,24,False,22.204669684654903,25.166037663834317,22.280952350201943
2021-06-20 19:00:00,20210620,19,7,True,0,0,,2021-06,23,False,22.20957246155758,24.799013951912134,22.36049694901715
2021-06-20 20:00:00,20210620,20,7,True,0,0,,2021-06,22,False,22.58684817686652,27.17061676422928,22.56242569822983
2021-06-20 21:00:00,20210620,21,7,True,0,0,,2021-06,25,False,22.554959710767346,26.883488228581445,22.43671637408943
2021-06-20 22:00:00,20210620,22,7,True,0,0,,2021-06,23,False,22.52097897038445,26.52914263281866,22.37571757851452
2021-06-20 23:00:00,20210620,23,7,True,0,0,,2021-06,23,False,23.711464627867397,27.613814887308937,24.13045977139774
2021-06-27 00:00:00,20210627,0,7,True,0,0,,2021-06,23,False,23.54347185908685,28.96747688068113,23.285968784556847
2021-06-27 01:00:00,20210627,1,7,True,0,0,,2021-06,23,False,22.636599046221068,29.125409233162404,22.46041550718969
2021-06-27 02:00:00,20210627,2,7,True,0,0,,2021-06,24,False,22.850725473166545,29.53814294610375,22.80398505258711
2021-06-27 03:00:00,20210627,3,7,True,0,0,,2021-06,25,False,22.89612602013317,29.64163505722023,23.019881302344007
2021-06-27 04:00:00,20210627,4,7,True,0,0,,2021-06,23,False,23.000417537387918,30.047675704411205,23.168960879593243
2021-06-27 05:00:00,20210627,5,7,True,0,0,,2021-06,23,False,22.401870565862186,30.01413288050121,22.298917347737717
2021-06-27 06:00:00,20210627,6,7,True,0,0,,2021-06,25,False,22.692210067264785,29.956848391620074,22.637495978810687
2021-06-27 07:00:00,20210627,7,7,True,0,0,,2021-06,23,False,22.6316648340769,26.107554385184585,22.679079851670107
2021-06-27 08:00:00,20210627,8,7,True,0,0,,2021-06,24,False,22.225016610723543,23.666481342198555,22.284072939722183
2021-06-27 09:00:00,20210627,9,7,True,0,0,,2021-06,26,False,22.202560772396925,23.82157871348402,22.31295765630799
2021-06-27 10:00:00,20210627,10,7,True,0,0,,2021-06,24,False,22.23531216771283,23.40074746714102,22.381020526018393
2021-06-27 11:00:00,20210627,11,7,True,0,0,,2021-06,24,False,22.351799200007548,23.514638138682297,22.430152629234723
2021-06-27 12:00:00,20210627,12,7,True,0,0,,2021-06,26,False,22.258394526689273,29.26352628963707,22.364202989932085
2021-06-27 13:00:00,20210627,13,7,True,0,0,,2021-06,24,False,22.18335439911522,23.56483870518511,22.2858156507293
2021-06-27 14:00:00,20210627,14,7,True,0,0,,2021-06,24,False,22.309590203493514,23.7679387937393,22.432279565066604
2021-06-27 15:00:00,20210627,15,7,True,0,0,,2021-06,26,False,22.261972928483306,25.850787412185756,22.425905178774737
2021-06-27 16:00:00,20210627,16,7,True,0,0,,2021-06,24,False,22.292785449014318,25.616016904951834,22.450932520992826
2021-06-27 17:00:00,20210627,17,7,True,0,0,,2021-06,24,False,22.349864128497316,25.250142113531368,22.570581216781623
2021-06-27 18:00:00,20210627,18,7,True,0,0,,2021-06,26,False,22.298871244652727,24.672018947585443,22.4124066473164
2021-06-27 19:00:00,20210627,19,7,True,0,0,,2021-06,24,False,22.48890893583338,24.93580687841499,22.4195007941927
2021-06-27 20:00:00,20210627,20,7,True,0,0,,2021-06,24,False,22.565393785634843,27.119123591646098,22.492148363923615
2021-06-27 21:00:00,20210627,21,7,True,0,0,,2021-06,24,False,22.67934561232207,27.201208493848835,22.510768762321163
2021-06-27 22:00:00,20210627,22,7,True,0,0,,2021-06,26,False,22.693423467603495,26.948844628578048,22.53506095628653
2021-06-27 23:00:00,20210627,23,7,True,0,0,,2021-06,24,False,23.535458413038043,27.495262167809724,23.87290452173904
2021-07-01 00:00:00,20210701,0,4,False,0,18353,70.0,2021-07,68,False,73.3012461419173,76.36646033513502,70.08437714045522
2021-07-01 01:00:00,20210701,1,4,False,0,18353,111.0,2021-07,104,False,110.23185514621196,116.35023922977172,109.69325104390619
2021-07-01 02:00:00,20210701,2,4,False,0,18353,118.0,2021-07,113,False,113.73570115450303,122.25535218356889,114.26130998863569
2021-07-01 03:00:00,20210701,3,4,False,0,18353,117.0,2021-07,107,False,112.99447671634987,118.24757289575506,111.53476662817309
2021-07-01 04:00:00,20210701,4,4,False,0,18353,116.0,2021-07,104,False,112.68734080159811,118.59910773815473,112.31929596321307
2021-07-01 05:00:00,20210701,5,4,False,0,18353,101.0,2021-07,93,False,103.50488281432496,108.74303755597651,101.8834914217574
2021-07-01 06:00:00,20210701,6,4,False,0,18353,118.0,2021-07,110,False,114.35307077388934,123.601588651201,113.9693915129405
2021-07-01 07:00:00,20210701,7,4,False,0,18353,149.0,2021-07,129,False,140.90690579800616,148.5171051509417,140.6534842908715
2021-07-01 08:00:00,20210701,8,4,False,0,18353,182.0,2021-07,182,True,169.45602438699413,179.15271677223458,168.78370464291802
2021-07-01 09:00:00,20210701,9,4,False,0,18353,162.0,2021-07,178,True,167.76856839760447,177.5177049696465,165.7907286871849
2021-07-01 10:00:00,20210701,10,4,False,0,18353,154.0,2021-07,172,True,165.8065202944052,174.43906764155474,163.8227819486786
2021-07-01 11:00:00,20210701,11,4,False,0,18353,164.0,2021-07,188,True,169.65528622873776,177.37667783026998,167.7756329464772
2021-07-01 12:00:00,20210701,12,4,False,0,18353,105.0,2021-07,111,False,108.8205474751424,115.67999372603249,109.51281520794454
2021-07-01 13:00:00,20210701,13,4,False,0,18353,171.0,2021-07,190,True,169.66190719315708,177.29947891781242,168.03678640594595
2021-07-01 14:00:00,20210701,14,4,False,0,18353,163.0,2021-07,187,True,164.53354429141052,175.1904204643096,165.72458353074265
2021-07-01 15:00:00,20210701,15,4,False,0,18353,150.0,2021-07,164,False,155.80918449230094,167.61094849309268,155.10459927891125
2021-07-01 16:00:00,20210701,16,4,False,0,18353,162.0,2021-07,170,False,160.69765630271937,170.31714435596476,162.2649976298751
2021-07-01 17:00:00,20210701,17,4,False,0,18353,135.0,2021-07,135,False,134.4876773619722,155.22848277578072,134.84839397896175
2021-07-01 18:00:00,20210701,18,4,False,0,18353,150.0,2021-07,157,False,147.80865992068473,165.59205955669134,148.95946050816983
2021-07-01 19:00:00,20210701,19,4,False,0,18353,159.0,2021-07,163,False,151.06777632340638,164.56930808817128,150.36031505219498
2021-07-01 20:00:00,20210701,20,4,False,0,18353,136.0,2021-07,142,False,127.92166846532223,137.70669952454082,129.94527745632578
2021-07-01 21:00:00,20210701,21,4,False,0,18353,131.0,2021-07,140,False,127.07576457822886,135.50992926038262,128.51374914464088
2021-07-01 22:00:00,20210701,22,4,False,0,18353,121.0,2021-07,119,False,118.6113925999105,127.7550362499692,119.27719625993217
2021-07-01 23:00:00,20210701,23,4,False,0,18353,115.0,2021-07,108,False,111.0511544251591,119.05993401055491,108.74965780591486
2021-07-02 00:00:00,20210702,0,5,False,0,19849,71.0,2021-07,68,False,64.5553529196614,76.99136742656104,64.36861229139328
2021-07-02 01:00:00,20210702,1,5,False,0,19849,119.0,2021-07,106,False,112.73322961104564,121.39278681624147,111.26343798452238
2021-07-02 02:00:00,20210702,2,5,False,0,19849,117.0,2021-07,116,False,112.64540723400948,118.32159432337302,112.88141752896705
2021-07-02 03:00:00,20210702,3,5,False,0,19849,119.0,2021-07,108,False,113.34909437955965,121.50655422002473,112.98851929005995
2021-07-02 04:00:00,20210702,4,5,False,0,19849,118.0,2021-07,106,False,114.94844016616258,122.22021674892119,115.72732316952958
2021-07-02 05:00:00,20210702,5,5,False,0,19849,106.0,2021-07,96,False,106.52144612348543,116.13727948053857,105.40445859690863
2021-07-02 06:00:00,20210702,6,5,False,0,19849,114.0,2021-07,112,False,114.01168804545428,119.24092271701731,114.71332467693297
2021-07-02 07:00:00,20210702,7,5,False,0,19849,135.0,2021-07,133,False,130.6586192120056,140.3824877646575,132.530886219974
2021-07-02 08:00:00,20210702,8,5,False,0,19849,156.0,2021-07,161,False,165.18188583509587,175.5342644348439,161.11280797573772
2021-07-02 09:00:00,20210702,9,5,False,0,19849,170.0,2021-07,175,True,165.91840171194303,177.23250788780464,163.63251808920782
2021-07-02 10:00:00,20210702,10,5,False,0,19849,172.0,2021-07,164,False,164.40347514104946,175.10209174753663,163.49534010670905
2021-07-02 11:00:00,20210702,11,5,False,0,19849,180.0,2021-07,179,True,160.1277001701939,175.77917060864607,150.88136892002635
2021-07-02 12:00:00,20210702,12,5,False,0,19849,122.0,2021-07,108,False,109.94582996172112,123.00950513029159,112.2973745813714
2021-07-02 13:00:00,20210702,13,5,False,0,19849,179.0,2021-07,170,False,170.3174593147729,179.61670247780094,159.19451942772727
2021-07-02 14:00:00,20210702,14,5,False,0,19849,177.0,2021-07,175,True,165.5436887582367,173.4806798373202,162.2367388818503
2021-07-02 15:00:00,20210702,15,5,False,0,19849,175.0,2021-07,143,False,157.51070205260598,168.19709346445717,158.12891156315598
2021-07-02 16:00:00,20210702,16,5,False,0,19849,166.0,2021-07,158,False,159.9842928847003,169.50029214316825,159.75565802452243
2021-07-02 17:00:00,20210702,17,5,False,0,19849,141.0,2021-07,147,False,144.2013862741003,156.0667064099017,144.3453282448452
2021-07-02 18:00:00,20210702,18,5,False,0,19849,142.0,2021-07,160,False,145.31427169349286,155.58184330042536,146.33203394159446
2021-07-02 19:00:00,20210702,19,5,False,0,19849,110.0,2021-07,136,False,128.06713305550153,138.20460479682245,125.67297368002619
2021-07-02 20:00:00,20210702,20,5,False,0,19849,109.0,2021-07,122,False,111.35381035979856,121.01682362749334,111.96221111296984
2021-07-02 21:00:00,20210702,21,5,False,0,19849,116.0,2021-07,114,False,114.53950331487107,120.06365195086543,116.15837818307038
2021-07-02 22:00:00,20210702,22,5,False,0,19849,123.0,2021-07,111,False,117.65915469568209,127.64910646081091,119.4664425891974
2021-07-02 23:00:00,20210702,23,5,False,0,19849,102.0,2021-07,93,False,105.42811501276826,112.80222749473798,104.16118691740878
2021-07-03 00:00:00,20210703,0,6,False,0,1735,71.0,2021-07,67,False,69.64715522384108,70.59083969083288,68.39039895554187
2021-07-03 01:00:00,20210703,1,6,False,0,1735,116.0,2021-07,104,False,98.2611111416125,113.26227005378355,97.06050763354659
2021-07-03 02:00:00,20210703,2,6,False,0,1735,111.0,2021-07,106,False,99.64915707504075,112.41041779034946,99.17886151502601
2021-07-03 03:00:00,20210703,3,6,False,0,1735,109.0,2021-07,103,False,106.69436653463224,108.43557357839411,106.64469125862907
2021-07-03 04:00:00,20210703,4,6,False,0,1735,125.0,2021-07,104,False,112.80325495844401,120.46065866716357,117.97116804312407
2021-07-03 05:00:00,20210703,5,6,False,0,1735,97.0,2021-07,89,False,89.32218432394309,94.01272640087093,87.41366736177463
2021-07-03 06:00:00,20210703,6,6,False,0,1735,118.0,2021-07,98,False,106.24043300695267,113.90919435489508,108.21746174818826
2021-07-03 07:00:00,20210703,7,6,False,0,1735,71.0,2021-07,53,False,58.760404337303946,76.85505604837743,59.14512916321423
2021-07-03 08:00:00,20210703,8,6,False,0,1735,23.0,2021-07,22,False,27.637409405323158,46.60000989503831,26.565601131424177
2021-07-03 09:00:00,20210703,9,6,False,0,1735,23.0,2021-07,25,False,24.124881195709673,37.0121743236234,22.899162962904697
2021-07-03 10:00:00,20210703,10,6,False,0,1735,26.0,2021-07,23,False,24.966000806895522,38.22643992327024,23.588701062338327
2021-07-03 11:00:00,20210703,11,6,False,0,1735,24.0,2021-07,23,False,25.546040626843084,37.704584336022265,23.847332473994186
2021-07-03 12:00:00,20210703,12,6,False,0,1735,24.0,2021-07,24,False,24.459246455044568,50.75947686883038,23.357666066479563
2021-07-03 13:00:00,20210703,13,6,False,0,1735,25.0,2021-07,22,False,24.549729201171733,37.71625079035616,23.89613686627767
2021-07-03 14:00:00,20210703,14,6,False,0,1735,24.0,2021-07,22,False,25.086963655874587,39.01825226173751,24.737289209791783
2021-07-03 15:00:00,20210703,15,6,False,0,1735,23.0,2021-07,23,False,23.474645349480326,36.455858181060485,23.396333095891254
2021-07-03 16:00:00,20210703,16,6,False,0,1735,23.0,2021-07,23,False,23.41426841297586,36.39114680219528,23.26524041372099
2021-07-03 17:00:00,20210703,17,6,False,0,1735,26.0,2021-07,22,False,24.254456773893462,36.69060511367973,23.896911597025042
2021-07-03 18:00:00,20210703,18,6,False,0,1735,24.0,2021-07,22,False,24.23294189145781,37.202872243224256,23.658542923946502
2021-07-03 19:00:00,20210703,19,6,False,0,1735,24.0,2021-07,24,False,23.51663898306812,36.81605843531876,23.199663017899763
2021-07-03 20:00:00,20210703,20,6,False,0,1735,25.0,2021-07,22,False,23.89986567829151,48.90016375033834,23.57715578730287
2021-07-03 21:00:00,20210703,21,6,False,0,1735,24.0,2021-07,23,False,24.22543688045163,48.87669703636711,23.65529780232613
2021-07-03 22:00:00,20210703,22,6,False,0,1735,24.0,2021-07,24,False,23.652011279425622,49.00205439977916,23.347790492205643
2021-07-03 23:00:00,20210703,23,6,False,0,1735,26.0,2021-07,22,False,24.47450979524363,50.60024001341876,24.468029794915974
2021-07-04 00:00:00,20210704,0,7,True,0,0,,2021-07,22,False,23.40234215392277,27.07059092088579,23.52104345641322
2021-07-04 01:00:00,20210704,1,7,True,0,0,,2021-07,25,False,23.784553698091333,28.1056004148527,23.851114175847513
2021-07-04 02:00:00,20210704,2,7,True,0,0,,2021-07,23,False,23.850912659024573,27.660306510504814,24.017022908702064
2021-07-04 03:00:00,20210704,3,7,True,0,0,,2021-07,23,False,23.918229635393885,27.59623900891741,24.128990817116712
2021-07-04 04:00:00,20210704,4,7,True,0,0,,2021-07,23,False,23.552740800779464,27.342501642003555,23.586288341898165
2021-07-04 05:00:00,20210704,5,7,True,0,0,,2021-07,24,False,23.069279689288894,27.009299983410852,22.96142435873202
2021-07-04 06:00:00,20210704,6,7,True,0,0,,2021-07,22,False,23.19516371001661,27.07661044290113,23.122172762013808
2021-07-04 07:00:00,20210704,7,7,True,0,0,,2021-07,22,False,23.10861127473238,26.23875325537294,23.083484513940473
2021-07-04 08:00:00,20210704,8,7,True,0,0,,2021-07,24,False,23.468769615922934,24.989265253390233,23.50184868371625
2021-07-04 09:00:00,20210704,9,7,True,0,0,,2021-07,22,False,23.281178804085712,25.51856230867328,23.36543813981318
2021-07-04 10:00:00,20210704,10,7,True,0,0,,2021-07,23,False,23.455195305870216,24.933115245432333,23.461309238543706
2021-07-04 11:00:00,20210704,11,7,True,0,0,,2021-07,26,False,23.43864005462883,24.858647873165328,23.524213816723726
2021-07-04 12:00:00,20210704,12,7,True,0,0,,2021-07,23,False,22.836538399439153,27.733951615451975,22.994161112281486
2021-07-04 13:00:00,20210704,13,7,True,0,0,,2021-07,23,False,23.096743995539754,24.889347028204067,23.078599975077157
2021-07-04 14:00:00,20210704,14,7,True,0,0,,2021-07,24,False,23.296277763468538,25.032528183454314,23.350566856517403
2021-07-04 15:00:00,20210704,15,7,True,0,0,,2021-07,24,False,23.38106775370105,25.62372517599471,23.42295231824556
2021-07-04 16:00:00,20210704,16,7,True,0,0,,2021-07,24,False,23.38911960742411,25.719862568489148,23.428062290973145
2021-07-04 17:00:00,20210704,17,7,True,0,0,,2021-07,22,False,23.165132114802162,25.826508678994955,23.313131706497334
2021-07-04 18:00:00,20210704,18,7,True,0,0,,2021-07,25,False,23.353968877764824,25.9577819838637,23.579327858981326
2021-07-04 19:00:00,20210704,19,7,True,0,0,,2021-07,23,False,23.22820949669676,25.133582273253396,23.266666964866545
2021-07-04 20:00:00,20210704,20,7,True,0,0,,2021-07,22,False,23.10844002320033,26.654984844551205,23.27866867987871
2021-07-04 21:00:00,20210704,21,7,True,0,0,,2021-07,25,False,23.447774107830934,27.395680783904087,23.522364380664786
2021-07-04 22:00:00,20210704,22,7,True,0,0,,2021-07,23,False,23.33967015383577,26.45610994213567,23.410401566859274
2021-07-04 23:00:00,20210704,23,7,True,0,0,,2021-07,23,False,23.899335036432404,26.389707120818496,24.169639868749286
2021-07-05 00:00:00,20210705,0,1,False,0,15715,24.0,2021-07,25,False,23.201592175690994,45.16469300338505,23.57560847577288
2021-07-05 01:00:00,20210705,1,1,False,0,15715,26.0,2021-07,23,False,24.884245849751697,49.608689956143394,24.421281574914
2021-07-05 02:00:00,20210705,2,1,False,0,15715,24.0,2021-07,23,False,23.198740453270414,48.38591704410829,23.197655481727807
2021-07-05 03:00:00,20210705,3,1,False,0,15715,24.0,2021-07,24,False,23.314340112708624,45.510418107596244,23.305111066335787
2021-07-05 04:00:00,20210705,4,1,False,0,15715,26.0,2021-07,24,False,26.94776900759003,50.203801901612415,25.61194865209646
2021-07-05 05:00:00,20210705,5,1,False,0,15715,24.0,2021-07,23,False,22.749467666302454,47.57933022584669,22.26560809481424
2021-07-05 06:00:00,20210705,6,1,False,0,15715,23.0,2021-07,22,False,23.119230160601347,45.67203860518148,22.752653790222457
2021-07-05 07:00:00,20210705,7,1,False,0,15715,57.0,2021-07,63,False,56.19713637608648,70.60427503128388,56.540015779829524
2021-07-05 08:00:00,20210705,8,1,False,0,15715,175.0,2021-07,168,False,180.90964720203854,191.135914199887,168.83816557370145
2021-07-05 09:00:00,20210705,9,1,False,0,15715,178.0,2021-07,170,False,180.29845098192752,188.54540172198003,177.31110616983582
2021-07-05 10:00:00,20210705,10,1,False,0,15715,167.0,2021-07,173,True,179.4585600928842,188.0290164788195,175.33579032881994
2021-07-05 11:00:00,20210705,11,1,False,0,15715,183.0,2021-07,172,True,180.23253761248358,187.57055760843116,177.218441274327
2021-07-05 12:00:00,20210705,12,1,False,0,15715,121.0,2021-07,104,False,124.04139813561308,128.40518267650026,125.53228166330308
2021-07-05 13:00:00,20210705,13,1,False,0,15715,185.0,2021-07,168,False,179.77154585274886,190.66106763680645,178.0110786883026
2021-07-05 14:00:00,20210705,14,1,False,0,15715,180.0,2021-07,169,False,178.46405290738815,187.74900017262414,177.17561932570834
2021-07-05 15:00:00,20210705,15,1,False,0,15715,182.0,2021-07,160,False,172.80542375827005,182.58457615584203,172.2876049875334
2021-07-05 16:00:00,20210705,16,1,False,0,15715,168.0,2021-07,158,False,170.5043687905659,177.6353211593571,167.2906993320763
2021-07-05 17:00:00,20210705,17,1,False,0,15715,150.0,2021-07,129,False,148.28255768891003,157.90438495298085,149.12989596317237
2021-07-05 18:00:00,20210705,18,1,False,0,15715,177.0,2021-07,158,False,168.92327060317697,180.17004218002262,167.95917445073755
2021-07-05 19:00:00,20210705,19,1,False,0,15715,153.0,2021-07,139,False,160.3864495350904,168.64104390933645,157.09473132176504
2021-07-05 20:00:00,20210705,20,1,False,0,15715,112.0,2021-07,120,False,118.40469623775324,123.56682599059532,119.59476386995537
2021-07-05 21:00:00,20210705,21,1,False,0,15715,118.0,2021-07,117,False,119.86644719763216,126.64791421996135,119.36141682304121
2021-07-05 22:00:00,20210705,22,1,False,0,15715,109.0,2021-07,104,False,112.46159282335805,117.31227921890807,112.34612066682955
2021-07-05 23:00:00,20210705,23,1,False,0,15715,107.0,2021-07,102,False,105.4518410721949,114.29607519539871,104.92698531672045
2021-07-06 00:00:00,20210706,0,2,False,0,16581,66.0,2021-07,68,False,74.11043477968376,77.10534052186402,68.99378315729656
2021-07-06 01:00:00,20210706,1,2,False,0,16581,104.0,2021-07,103,False,106.45565065050552,113.99827655572055,105.20661265124438
2021-07-06 02:00:00,20210706,2,2,False,0,16581,113.0,2021-07,105,False,112.00839026331414,118.11523379825087,110.71825932777767
2021-07-06 03:00:00,20210706,3,2,False,0,16581,104.0,2021-07,105,False,108.7732969891252,113.95258874404652,106.36106405113253
2021-07-06 04:00:00,20210706,4,2,False,0,16581,110.0,2021-07,106,False,109.67408611370773,113.9551065675509,107.0713099484475
2021-07-06 05:00:00,20210706,5,2,False,0,16581,90.0,2021-07,98,False,95.1350530162003,102.25074834769215,94.6818948269909
2021-07-06 06:00:00,20210706,6,2,False,0,16581,113.0,2021-07,98,False,110.90675569308631,117.35420269789851,110.406807085889
2021-07-06 07:00:00,20210706,7,2,False,0,16581,137.0,2021-07,119,False,135.2157808382951,140.6676424605549,131.57354367536405
2021-07-06 08:00:00,20210706,8,2,False,0,16581,202.0,2021-07,180,True,171.75462188880417,183.3349486730425,168.7187006273219
2021-07-06 09:00:00,20210706,9,2,False,0,16581,179.0,2021-07,180,True,169.73270512495844,179.49412472209633,165.71849130892588
2021-07-06 10:00:00,20210706,10,2,False,0,16581,163.0,2021-07,168,False,168.94804960823907,176.51115385262992,162.23248433169462
2021-07-06 11:00:00,20210706,11,2,False,0,16581,193.0,2021-07,176,True,157.8247379591938,178.1219885325493,150.87349196216863
2021-07-06 12:00:00,20210706,12,2,False,0,16581,118.0,2021-07,110,False,103.33350941739805,119.69597119808903,104.89015993159546
2021-07-06 13:00:00,20210706,13,2,False,0,16581,187.0,2021-07,159,False,170.77870424120707,179.69070478150834,160.0779889095154
2021-07-06 14:00:00,20210706,14,2,False,0,16581,177.0,2021-07,179,True,167.00687166348123,175.04071498473675,163.63830944069352
2021-07-06 15:00:00,20210706,15,2,False,0,16581,163.0,2021-07,158,False,161.6347827617793,169.28007277630414,160.60467865284215
2021-07-06 16:00:00,20210706,16,2,False,0,16581,164.0,2021-07,171,False,163.43619960357225,170.05225979358067,161.14891955709098
2021-07-06 17:00:00,20210706,17,2,False,0,16581,128.0,2021-07,129,False,126.73926667446999,150.30821094015087,128.71386432378932
2021-07-06 18:00:00,20210706,18,2,False,0,16581,166.0,2021-07,153,False,158.09140072307187,167.45747425255294,157.8301366438205
2021-07-06 19:00:00,20210706,19,2,False,0,16581,160.0,2021-07,151,False,155.31544497826062,165.5086540266568,154.59486365644213
2021-07-06 20:00:00,20210706,20,2,False,0,16581,135.0,2021-07,134,False,127.94960834275037,136.44706085111582,127.1047305583259
2021-07-06 21:00:00,20210706,21,2,False,0,16581,124.0,2021-07,126,False,120.5051639311467,129.72488365141186,119.80741908316439
2021-07-06 22:00:00,20210706,22,2,False,0,16581,113.0,2021-07,112,False,113.30884303327281,119.89319767921494,113.00921911181509
2021-07-06 23:00:00,20210706,23,2,False,0,16581,104.0,2021-07,106,False,103.6549126393619,113.53952849429372,103.02544480036129
2021-07-07 00:00:00,20210707,0,3,False,0,19407,67.0,2021-07,76,False,76.54797798743753,76.55611574124099,71.8920786406927
2021-07-07 01:00:00,20210707,1,3,False,0,19407,104.0,2021-07,102,False,109.07085083584342,113.37450088227241,108.44914534516181
2021-07-07 02:00:00,20210707,2,3,False,0,19407,110.0,2021-07,106,False,113.37367760486893,116.33972538696396,113.86717728784556
2021-07-07 03:00:00,20210707,3,3,False,0,19407,112.0,2021-07,110,False,112.25706512685518,117.58963329389432,112.14509386152979
2021-07-07 04:00:00,20210707,4,3,False,0,19407,109.0,2021-07,106,False,113.0577311246888,116.29707299575114,112.55165783458985
2021-07-07 05:00:00,20210707,5,3,False,0,19407,98.0,2021-07,94,False,102.91850479088494,107.14640869459883,102.47502396509425
2021-07-07 06:00:00,20210707,6,3,False,0,19407,114.0,2021-07,102,False,115.94370453271686,119.23792242309939,117.34745222383727
2021-07-07 07:00:00,20210707,7,3,False,0,19407,132.0,2021-07,130,False,137.18620585750602,141.52303529960224,138.1982867382549
2021-07-07 08:00:00,20210707,8,3,False,0,19407,180.0,2021-07,181,True,173.07857729576924,178.6848420196552,171.25639428532028
2021-07-07 09:00:00,20210707,9,3,False,0,19407,179.0,2021-07,178,True,172.6344889342879,178.11062824341332,171.79707266682865
2021-07-07 10:00:00,20210707,10,3,False,0,19407,159.0,2021-07,174,True,168.48051750965274,176.38866280861032,167.15819077633515
2021-07-07 11:00:00,20210707,11,3,False,0,19407,144.0,2021-07,178,True,149.27623688509203,165.29085491350642,145.20344964249026
2021-07-07 12:00:00,20210707,12,3,False,0,19407,108.0,2021-07,112,False,100.65822687463502,110.5961878440908,104.36150691122161
2021-07-07 13:00:00,20210707,13,3,False,0,19407,167.0,2021-07,173,True,173.17553584535233,177.82450104467011,161.68353059944732
2021-07-07 14:00:00,20210707,14,3,False,0,19407,166.0,2021-07,175,True,172.07079407219442,174.38915548010564,170.92775721475516
2021-07-07 15:00:00,20210707,15,3,False,0,19407,164.0,2021-07,158,False,166.13931284462512,169.68023572721754,165.4627522893984
2021-07-07 16:00:00,20210707,16,3,False,0,19407,161.0,2021-07,177,True,165.22149878573478,169.03794395647364,163.94373754790027
2021-07-07 17:00:00,20210707,17,3,False,0,19407,156.0,2021-07,138,False,149.98889649882506,167.213494173607,149.8867623966777
2021-07-07 18:00:00,20210707,18,3,False,0,19407,160.0,2021-07,169,False,161.6329227532523,169.0844945417468,163.41276083296734
2021-07-07 19:00:00,20210707,19,3,False,0,19407,141.0,2021-07,157,False,144.12750879784264,157.84362259728212,144.47347831120123
2021-07-07 20:00:00,20210707,20,3,False,0,19407,109.0,2021-07,117,False,116.25599492150444,123.87518978115988,116.54710932512255
2021-07-07 21:00:00,20210707,21,3,False,0,19407,113.0,2021-07,115,False,116.15144638886221,123.24679587247857,116.63443107989
2021-07-07 22:00:00,20210707,22,3,False,0,19407,106.0,2021-07,104,False,110.54393520040021,116.41951273154662,109.56490995219632
2021-07-07 23:00:00,20210707,23,3,False,0,19407,104.0,2021-07,105,False,102.7318480193339,114.52776793691574,103.20849514897827
2021-07-08 00:00:00,20210708,0,4,False,0,19519,68.0,2021-07,73,False,78.7368093822652,78.45352482538475,73.72068492567254
2021-07-08 01:00:00,20210708,1,4,False,0,19519,104.0,2021-07,99,False,107.98270354369781,119.71795996300074,108.5830779911547
2021-07-08 02:00:00,20210708,2,4,False,0,19519,113.0,2021-07,104,False,112.88420859807722,118.39301504872189,114.05214501798658
2021-07-08 03:00:00,20210708,3,4,False,0,19519,107.0,2021-07,105,False,111.45999740707491,114.52510511882497,110.73577193239976
2021-07-08 04:00:00,20210708,4,4,False,0,19519,104.0,2021-07,106,False,110.10457719026391,114.60779376075777,110.40382894670249
2021-07-08 05:00:00,20210708,5,4,False,0,19519,93.0,2021-07,96,False,103.91117595520011,107.77681340913965,103.9263969381086
2021-07-08 06:00:00,20210708,6,4,False,0,19519,110.0,2021-07,110,False,115.85793731227356,118.43000108957835,116.51959343184994
2021-07-08 07:00:00,20210708,7,4,False,0,19519,129.0,2021-07,133,False,134.12657570151748,141.34760160596616,134.73341933484258
2021-07-08 08:00:00,20210708,8,4,False,0,19519,182.0,2021-07,166,False,172.56980155434744,180.1850510379811,171.33272390341494
2021-07-08 09:00:00,20210708,9,4,False,0,19519,178.0,2021-07,180,True,170.7679201773867,177.4111061377723,168.00168697583987
2021-07-08 10:00:00,20210708,10,4,False,0,19519,172.0,2021-07,184,True,168.6181418042847,173.3465523353875,169.77341201129875
2021-07-08 11:00:00,20210708,11,4,False,0,19519,188.0,2021-07,190,True,159.5574355263967,176.54506502186186,154.44313465398952
2021-07-08 12:00:00,20210708,12,4,False,0,19519,111.0,2021-07,120,False,108.90575140893891,116.65025786596168,110.72864657791247
2021-07-08 13:00:00,20210708,13,4,False,0,19519,190.0,2021-07,186,True,173.31246272275345,181.18584765043747,164.41791638917698
2021-07-08 14:00:00,20210708,14,4,False,0,19519,187.0,2021-07,184,True,169.8425725458982,175.29282795372993,169.6752861826637
2021-07-08 15:00:00,20210708,15,4,False,0,19519,164.0,2021-07,161,False,164.49679851077653,170.76828212958299,161.77796373162343
2021-07-08 16:00:00,20210708,16,4,False,0,19519,170.0,2021-07,174,True,164.10005079707543,170.70577800040007,165.12586741109476
2021-07-08 17:00:00,20210708,17,4,False,0,19519,135.0,2021-07,128,False,130.85487961363557,151.89693486703894,134.1988716414009
2021-07-08 18:00:00,20210708,18,4,False,0,19519,157.0,2021-07,147,False,155.05031318050615,167.166651580724,157.0821669006583
2021-07-08 19:00:00,20210708,19,4,False,0,19519,163.0,2021-07,147,False,152.73997059452776,165.22909339981484,154.57043414076955
2021-07-08 20:00:00,20210708,20,4,False,0,19519,142.0,2021-07,130,False,134.44703916211498,140.84165431144012,136.30564002218918
2021-07-08 21:00:00,20210708,21,4,False,0,19519,140.0,2021-07,125,False,127.5129381440903,132.00098845663922,129.33333451265966
2021-07-08 22:00:00,20210708,22,4,False,0,19519,119.0,2021-07,111,False,100.14486568891452,121.57914030612874,101.51236317737255
2021-07-08 23:00:00,20210708,23,4,False,0,19519,108.0,2021-07,113,False,90.73528429070963,110.39806253245548,88.419748161462
2021-07-09 00:00:00,20210709,0,5,False,0,16527,68.0,2021-07,73,False,64.16555426476596,71.16641026786017,64.00659210552101
2021-07-09 01:00:00,20210709,1,5,False,0,16527,106.0,2021-07,102,False,107.83019593306187,112.94360551149725,104.03590360313935
2021-07-09 02:00:00,20210709,2,5,False,0,16527,116.0,2021-07,110,False,111.14044181696988,118.64921236934659,109.12231939693788
2021-07-09 03:00:00,20210709,3,5,False,0,16527,108.0,2021-07,99,False,102.13965819783577,111.1755088542617,101.61849882471023
2021-07-09 04:00:00,20210709,4,5,False,0,16527,106.0,2021-07,104,False,101.21425278287272,112.35294843156822,98.83865250644249
2021-07-09 05:00:00,20210709,5,5,False,0,16527,96.0,2021-07,98,False,98.55095950758755,106.799872286592,95.217672696965
2021-07-09 06:00:00,20210709,6,5,False,0,16527,112.0,2021-07,113,False,100.7811110562428,114.99613487024548,97.499722515182
2021-07-09 07:00:00,20210709,7,5,False,0,16527,133.0,2021-07,137,False,131.77177129028942,138.35204894581022,127.21656811617594
2021-07-09 08:00:00,20210709,8,5,False,0,16527,161.0,2021-07,174,True,166.54182615730636,176.32071142211592,162.9800928684656
2021-07-09 09:00:00,20210709,9,5,False,0,16527,175.0,2021-07,166,False,167.34778514206997,178.5150557076499,163.93027768944782
2021-07-09 10:00:00,20210709,10,5,False,0,16527,164.0,2021-07,164,False,170.25238701913997,178.25127551353535,165.7841522495641
2021-07-09 11:00:00,20210709,11,5,False,0,16527,179.0,2021-07,171,False,157.52911834764436,177.04181708250906,148.4921881654868
2021-07-09 12:00:00,20210709,12,5,False,0,16527,108.0,2021-07,100,False,101.91751519229207,116.51159636408853,102.54719761300078
2021-07-09 13:00:00,20210709,13,5,False,0,16527,170.0,2021-07,174,True,171.48478279332338,180.254506368189,157.57415938632883
2021-07-09 14:00:00,20210709,14,5,False,0,16527,175.0,2021-07,181,True,169.09515968342814,177.88743106235415,167.09060458455576
2021-07-09 15:00:00,20210709,15,5,False,0,16527,143.0,2021-07,167,False,155.24415293487786,167.53372250723876,151.71885535343316
2021-07-09 16:00:00,20210709,16,5,False,0,16527,158.0,2021-07,171,False,161.78702196341786,169.904453999838,161.17539879255207
2021-07-09 17:00:00,20210709,17,5,False,0,16527,147.0,2021-07,143,False,145.7016665608566,155.3747205125919,146.11195034776952
2021-07-09 18:00:00,20210709,18,5,False,0,16527,160.0,2021-07,170,False,153.8182225233162,167.0632858940437,155.25440219004304
2021-07-09 19:00:00,20210709,19,5,False,0,16527,136.0,2021-07,134,False,133.69182899614376,144.82739634318057,134.30036550706726
2021-07-09 20:00:00,20210709,20,5,False,0,16527,122.0,2021-07,104,False,119.99667910645864,131.50627894359317,119.4788773188126
2021-07-09 21:00:00,20210709,21,5,False,0,16527,114.0,2021-07,103,False,114.28806021016105,120.14140487745152,115.75883681137441
2021-07-09 22:00:00,20210709,22,5,False,0,16527,111.0,2021-07,102,False,107.7799279102834,117.68910693987131,107.4580498690187
2021-07-09 23:00:00,20210709,23,5,False,0,16527,93.0,2021-07,96,False,93.27414486039306,103.41974791494393,95.5987794221921
2021-07-10 00:00:00,20210710,0,6,False,0,487,67.0,2021-07,65,False,58.4705704035837,64.23739308370999,60.52911864951605
2021-07-10 01:00:00,20210710,1,6,False,0,487,104.0,2021-07,97,False,100.35730531612411,108.82014320346478,101.03641712113499
2021-07-10 02:00:00,20210710,2,6,False,0,487,106.0,2021-07,97,False,98.26079581393532,108.39935847918458,96.11355199788329
2021-07-10 03:00:00,20210710,3,6,False,0,487,103.0,2021-07,97,False,103.55952495710807,110.26028063564594,104.15692006900458
2021-07-10 04:00:00,20210710,4,6,False,0,487,104.0,2021-07,100,False,87.24391541338474,105.24249398195114,87.44454006987274
2021-07-10 05:00:00,20210710,5,6,False,0,487,89.0,2021-07,83,False,94.55401111632558,98.7941527833912,91.67197622014811
2021-07-10 06:00:00,20210710,6,6,False,0,487,98.0,2021-07,101,False,102.18702509963244,107.41408720632488,101.28580967536597
2021-07-10 07:00:00,20210710,7,6,False,0,487,53.0,2021-07,75,False,65.92214366283675,72.70663224549591,64.47424886416951
2021-07-10 08:00:00,20210710,8,6,False,0,487,22.0,2021-07,26,False,30.739282433314866,32.98042777752726,30.633471381623583
2021-07-10 09:00:00,20210710,9,6,False,0,487,25.0,2021-07,27,False,22.851581088614818,26.322223919954663,21.496720760328603
2021-07-10 10:00:00,20210710,10,6,False,0,487,23.0,2021-07,30,False,23.746625417049984,26.4723388289344,22.892437205015156
2021-07-10 11:00:00,20210710,11,6,False,0,487,23.0,2021-07,29,False,23.337591649754838,26.224038174700997,22.28150995866169
2021-07-10 12:00:00,20210710,12,6,False,0,487,24.0,2021-07,26,False,23.10814680390079,48.07232172940127,22.017418978362645
2021-07-10 13:00:00,20210710,13,6,False,0,487,22.0,2021-07,25,False,23.172567330746777,26.58139158544837,22.23121205462772
2021-07-10 14:00:00,20210710,14,6,False,0,487,22.0,2021-07,23,False,22.931781110651958,26.4652657616851,22.010066525401285
2021-07-10 15:00:00,20210710,15,6,False,0,487,23.0,2021-07,24,False,21.631711519834955,24.556997960711573,21.10468210659784
2021-07-10 16:00:00,20210710,16,6,False,0,487,23.0,2021-07,24,False,21.99840707764011,25.610354021621944,21.567347709394657
2021-07-10 17:00:00,20210710,17,6,False,0,487,22.0,2021-07,23,False,23.543396678427044,26.663922476923876,22.876971334666294
2021-07-10 18:00:00,20210710,18,6,False,0,487,22.0,2021-07,22,False,22.823509731503155,26.427345100078075,21.856088098613554
2021-07-10 19:00:00,20210710,19,6,False,0,487,24.0,2021-07,24,False,23.681559137247607,25.969658143998856,22.501408169707457
2021-07-10 20:00:00,20210710,20,6,False,0,487,22.0,2021-07,22,False,23.745327741502418,46.28039277112081,22.994979930330405
2021-07-10 21:00:00,20210710,21,6,False,0,487,23.0,2021-07,22,False,23.645920397893757,45.33531943330514,22.60700048496858
2021-07-10 22:00:00,20210710,22,6,False,0,487,24.0,2021-07,25,False,23.75388539748505,46.610528325373345,22.758764129059546
2021-07-10 23:00:00,20210710,23,6,False,0,487,22.0,2021-07,22,False,24.220623746437514,47.41114657379256,23.48500481075526
2021-07-11 00:00:00,20210711,0,7,True,0,0,,2021-07,23,False,23.552233566911664,26.981426153320523,23.609897498471767
2021-07-11 01:00:00,20210711,1,7,True,0,0,,2021-07,26,False,23.24751372960931,25.593363970228637,23.175562274659455
2021-07-11 02:00:00,20210711,2,7,True,0,0,,2021-07,23,False,23.302997922590237,25.63462280540331,23.27086156256693
2021-07-11 03:00:00,20210711,3,7,True,0,0,,2021-07,23,False,23.42509413816332,25.704581542923382,23.42033117696747
2021-07-11 04:00:00,20210711,4,7,True,0,0,,2021-07,23,False,23.775717998088258,26.42744403782136,23.8158277236443
2021-07-11 05:00:00,20210711,5,7,True,0,0,,2021-07,24,False,23.14891652528848,25.742382993722018,22.96580498832601
2021-07-11 06:00:00,20210711,6,7,True,0,0,,2021-07,22,False,23.48424235470902,27.53087179301454,23.398852977382642
2021-07-11 07:00:00,20210711,7,7,True,0,0,,2021-07,22,False,23.310933312337696,26.63734868772001,23.397420296636145
2021-07-11 08:00:00,20210711,8,7,True,0,0,,2021-07,24,False,23.09153227185817,24.55655526253106,23.056639693092993
2021-07-11 09:00:00,20210711,9,7,True,0,0,,2021-07,22,False,23.191767020441734,24.99243987643264,23.100218418317066
2021-07-11 10:00:00,20210711,10,7,True,0,0,,2021-07,23,False,23.231138864115604,24.811424666455398,23.14503892041513
2021-07-11 11:00:00,20210711,11,7,True,0,0,,2021-07,25,False,23.621133305579765,25.330340591085644,23.568891805270283
2021-07-11 12:00:00,20210711,12,7,True,0,0,,2021-07,23,False,23.164629250759884,27.921513809468323,23.121487983684627
2021-07-11 13:00:00,20210711,13,7,True,0,0,,2021-07,24,False,23.5281489731956,24.973670483045243,23.383770336333015
2021-07-11 14:00:00,20210711,14,7,True,0,0,,2021-07,26,False,23.45604839977058,25.32457774731871,23.345562251828216
2021-07-11 15:00:00,20210711,15,7,True,0,0,,2021-07,24,False,23.146811131967414,25.106959573747236,23.11320076294841
2021-07-11 16:00:00,20210711,16,7,True,0,0,,2021-07,25,False,23.156126375464055,25.148358715672348,23.15571313489419
2021-07-11 17:00:00,20210711,17,7,True,0,0,,2021-07,24,False,23.171360760514787,25.23167067768129,23.246335258738252
2021-07-11 18:00:00,20210711,18,7,True,0,0,,2021-07,23,False,23.118989439252847,25.12857105382658,23.22242676881757
2021-07-11 19:00:00,20210711,19,7,True,0,0,,2021-07,22,False,23.23729585931893,25.32167044060498,23.45016893950435
2021-07-11 20:00:00,20210711,20,7,True,0,0,,2021-07,23,False,23.239440193113143,27.472202684469153,23.48761444514165
2021-07-11 21:00:00,20210711,21,7,True,0,0,,2021-07,25,False,23.33284901812847,27.728653607988537,23.57751405509069
2021-07-11 22:00:00,20210711,22,7,True,0,0,,2021-07,23,False,23.52758976143851,27.267732255680247,23.60588559976412
2021-07-11 23:00:00,20210711,23,7,True,0,0,,2021-07,23,False,24.197735863152733,27.659928577438222,24.359697745506498
2021-07-12 00:00:00,20210712,0,1,False,0,17043,25.0,2021-07,25,False,23.799007612119414,44.692223422569604,23.937740877260698
2021-07-12 01:00:00,20210712,1,1,False,0,17043,23.0,2021-07,23,False,24.876713292225265,48.1503419365402,24.576489846704387
2021-07-12 02:00:00,20210712,2,1,False,0,17043,23.0,2021-07,23,False,23.694182062431207,47.087228947939785,23.645393607497795
2021-07-12 03:00:00,20210712,3,1,False,0,17043,24.0,2021-07,24,False,24.063603281605413,47.70942455177516,23.65123394218134
2021-07-12 04:00:00,20210712,4,1,False,0,17043,24.0,2021-07,22,False,25.328609050602267,48.23029045838759,24.661468558193302
2021-07-12 05:00:00,20210712,5,1,False,0,17043,23.0,2021-07,23,False,23.200919341642884,46.33508058984089,22.68550351913045
2021-07-12 06:00:00,20210712,6,1,False,0,17043,22.0,2021-07,24,False,22.648453215284913,46.261411955655376,22.44452371090962
2021-07-12 07:00:00,20210712,7,1,False,0,17043,63.0,2021-07,65,False,59.2848507475238,72.83718598915141,59.49965055555922
2021-07-12 08:00:00,20210712,8,1,False,0,17043,168.0,2021-07,186,True,179.35427043437448,187.95766255335676,168.41073321247927
2021-07-12 09:00:00,20210712,9,1,False,0,17043,170.0,2021-07,191,True,179.94286700625415,188.17133187393128,175.87250298152728
2021-07-12 10:00:00,20210712,10,1,False,0,17043,173.0,2021-07,175,True,179.7718195563325,187.51117365527114,174.55912514709703
2021-07-12 11:00:00,20210712,11,1,False,0,17043,172.0,2021-07,186,True,182.14179716209716,187.01757575788608,176.2179582015494
2021-07-12 12:00:00,20210712,12,1,False,0,17043,104.0,2021-07,115,False,118.62349593485197,119.98467845493029,118.43143481895954
2021-07-12 13:00:00,20210712,13,1,False,0,17043,168.0,2021-07,167,False,179.32409918124404,187.91688579240977,175.69007540464585
2021-07-12 14:00:00,20210712,14,1,False,0,17043,169.0,2021-07,184,True,178.48369611122575,186.69618689493313,176.15082887860504
2021-07-12 15:00:00,20210712,15,1,False,0,17043,160.0,2021-07,164,False,175.38434065465992,183.39894676134455,174.49989326768085
2021-07-12 16:00:00,20210712,16,1,False,0,17043,158.0,2021-07,174,True,174.2916285700234,179.32520668120614,172.6831309769475
2021-07-12 17:00:00,20210712,17,1,False,0,17043,129.0,2021-07,138,False,146.24312146302452,158.07713251722936,145.13825381638847
2021-07-12 18:00:00,20210712,18,1,False,0,17043,158.0,2021-07,157,False,171.49298808758832,181.7144829654945,171.55851322156482
2021-07-12 19:00:00,20210712,19,1,False,0,17043,139.0,2021-07,157,False,153.80320190247218,158.73011472459967,153.46675606752999
2021-07-12 20:00:00,20210712,20,1,False,0,17043,120.0,2021-07,125,False,123.12726148251282,128.97311897361408,122.75736724660811
2021-07-12 21:00:00,20210712,21,1,False,0,17043,117.0,2021-07,120,False,121.95519015549722,124.86238932280169,121.93386140382665
2021-07-12 22:00:00,20210712,22,1,False,0,17043,104.0,2021-07,116,False,114.3881403833272,118.3368936252284,113.90862797912727
2021-07-12 23:00:00,20210712,23,1,False,0,17043,102.0,2021-07,103,False,109.43810760669442,114.28998898482553,109.32089165920725
2021-07-14 00:00:00,20210714,0,3,False,0,17253,76.0,2021-07,73,False,80.62777862964386,78.47455471887297,75.07613003643205
2021-07-14 01:00:00,20210714,1,3,False,0,17253,102.0,2021-07,102,False,109.25024144999624,114.16312043647652,109.26662256517388
2021-07-14 02:00:00,20210714,2,3,False,0,17253,106.0,2021-07,105,False,111.22622608083513,116.30812999552118,111.86176398317782
2021-07-14 03:00:00,20210714,3,3,False,0,17253,110.0,2021-07,102,False,112.6733614054014,116.11317505151275,111.86800099398454
2021-07-14 04:00:00,20210714,4,3,False,0,17253,106.0,2021-07,105,False,108.30119221180735,114.81187782903942,106.56840745214531
2021-07-14 05:00:00,20210714,5,3,False,0,17253,94.0,2021-07,89,False,101.0371215877221,104.56136514654746,100.23488668825114
2021-07-14 06:00:00,20210714,6,3,False,0,17253,102.0,2021-07,106,False,107.92307630794353,115.91389892096844,108.44729626564636
2021-07-14 07:00:00,20210714,7,3,False,0,17253,130.0,2021-07,132,False,131.5057048257673,139.5034898851239,131.2874043560896
2021-07-14 08:00:00,20210714,8,3,False,0,17253,181.0,2021-07,179,True,172.65451154627956,181.5048987582195,172.34164313744554
2021-07-14 09:00:00,20210714,9,3,False,0,17253,178.0,2021-07,185,True,172.20574396582774,180.0773276061328,169.4144382538077
2021-07-14 10:00:00,20210714,10,3,False,0,17253,174.0,2021-07,175,True,170.81674669900744,176.92000607323155,167.25575307657155
2021-07-14 11:00:00,20210714,11,3,False,0,17253,178.0,2021-07,185,True,170.95920426024176,176.30880776980658,167.12792437136804
2021-07-14 12:00:00,20210714,12,3,False,0,17253,112.0,2021-07,99,False,111.70265667002775,118.44169665045727,111.75160751274318
2021-07-14 13:00:00,20210714,13,3,False,0,17253,173.0,2021-07,166,False,171.35589053244374,178.70502800591566,169.0340151390897
2021-07-14 14:00:00,20210714,14,3,False,0,17253,175.0,2021-07,178,True,168.8014837727021,175.05356796335707,167.89692296609772
2021-07-14 15:00:00,20210714,15,3,False,0,17253,158.0,2021-07,134,False,161.61010610750165,169.7866464485735,161.16547275524488
2021-07-14 16:00:00,20210714,16,3,False,0,17253,177.0,2021-07,154,False,164.00337540127532,171.43215742763292,164.28098511732557
2021-07-14 17:00:00,20210714,17,3,False,0,17253,138.0,2021-07,140,False,144.71436089899407,158.60049989085542,143.01442273806808
2021-07-14 18:00:00,20210714,18,3,False,0,17253,169.0,2021-07,165,False,158.84558740878995,172.19378997202088,162.06339034236538
2021-07-14 19:00:00,20210714,19,3,False,0,17253,157.0,2021-07,138,False,156.56469585105228,167.1600762073591,155.7289737170614
2021-07-14 20:00:00,20210714,20,3,False,0,17253,117.0,2021-07,112,False,120.1474291606941,125.93833513618357,119.31409463659868
2021-07-14 21:00:00,20210714,21,3,False,0,17253,115.0,2021-07,112,False,119.29052559868255,123.54476723973578,119.57256073728944
2021-07-14 22:00:00,20210714,22,3,False,0,17253,104.0,2021-07,110,False,111.43804750733277,117.0212987214454,111.15832359684828
2021-07-14 23:00:00,20210714,23,3,False,0,17253,105.0,2021-07,104,False,108.14063211670539,115.45747902093274,107.14011056018728
2021-07-16 00:00:00,20210716,0,5,False,0,24412,73.0,2021-07,65,False,74.41844964413814,77.2770010608081,71.47896084545704
2021-07-16 01:00:00,20210716,1,5,False,0,24412,102.0,2021-07,96,False,108.15500235113866,113.56079383098218,107.77435763643992
2021-07-16 02:00:00,20210716,2,5,False,0,24412,110.0,2021-07,101,False,112.64092644816598,117.78731624438821,111.77002453743815
2021-07-16 03:00:00,20210716,3,5,False,0,24412,99.0,2021-07,107,False,107.84271173015338,113.24581097452307,106.98783520242182
2021-07-16 04:00:00,20210716,4,5,False,0,24412,104.0,2021-07,106,False,107.87317209028477,114.20156216153744,108.32155679919948
2021-07-16 05:00:00,20210716,5,5,False,0,24412,98.0,2021-07,88,False,104.04171262253135,105.48836781692587,101.11732797194996
2021-07-16 06:00:00,20210716,6,5,False,0,24412,113.0,2021-07,106,False,115.75398181883514,121.37708144878245,115.85396132683206
2021-07-16 07:00:00,20210716,7,5,False,0,24412,137.0,2021-07,135,False,134.3982657197444,139.28856912611468,134.8409459486161
2021-07-16 08:00:00,20210716,8,5,False,0,24412,174.0,2021-07,187,True,168.41633361203967,176.4526478975204,165.8080128061472
2021-07-16 09:00:00,20210716,9,5,False,0,24412,166.0,2021-07,185,True,169.36624574920342,177.9172115800286,166.85947106959256
2021-07-16 10:00:00,20210716,10,5,False,0,24412,164.0,2021-07,169,False,166.14632605286155,175.08036083592683,163.49618733181373
2021-07-16 11:00:00,20210716,11,5,False,0,24412,171.0,2021-07,188,True,170.68961807495586,178.17992994019164,166.14045370378497
2021-07-16 12:00:00,20210716,12,5,False,0,24412,100.0,2021-07,116,False,107.8978240367947,117.5766396300268,107.95898449321146
2021-07-16 13:00:00,20210716,13,5,False,0,24412,174.0,2021-07,172,True,168.82202348190265,177.65137442482157,165.71680731323696
2021-07-16 14:00:00,20210716,14,5,False,0,24412,181.0,2021-07,166,False,168.22701712261804,177.091182972974,167.0576487238355
2021-07-16 15:00:00,20210716,15,5,False,0,24412,167.0,2021-07,158,False,161.34321898238312,168.4476242722905,159.93893113986908
2021-07-16 16:00:00,20210716,16,5,False,0,24412,171.0,2021-07,165,False,162.53613343672467,170.32545710197326,162.17770491180207
2021-07-16 17:00:00,20210716,17,5,False,0,24412,143.0,2021-07,138,False,146.2337863182773,157.27017467390172,147.19997771404076
2021-07-16 18:00:00,20210716,18,5,False,0,24412,170.0,2021-07,158,False,157.95385082548066,169.20707465710686,159.87464253469213
2021-07-16 19:00:00,20210716,19,5,False,0,24412,134.0,2021-07,136,False,136.9848699820653,150.94663990243086,136.76278790353803
2021-07-16 20:00:00,20210716,20,5,False,0,24412,104.0,2021-07,114,False,113.59146665450682,122.00071826587846,113.17998232483046
2021-07-16 21:00:00,20210716,21,5,False,0,24412,103.0,2021-07,114,False,111.83963529216726,117.32704754386695,111.86015581972428
2021-07-16 22:00:00,20210716,22,5,False,0,24412,102.0,2021-07,102,False,111.48682232661879,117.62160557866589,111.26620449897932
2021-07-16 23:00:00,20210716,23,5,False,0,24412,96.0,2021-07,101,False,101.77269364940172,102.90459000045907,98.67674670139938
2021-07-17 00:00:00,20210717,0,6,False,0,1867,65.0,2021-07,64,False,68.29959412541815,69.314072133624,68.45982986442094
2021-07-17 01:00:00,20210717,1,6,False,0,1867,97.0,2021-07,101,False,110.4518325804866,111.24297788868778,109.83033241427368
2021-07-17 02:00:00,20210717,2,6,False,0,1867,97.0,2021-07,98,False,109.0014705984518,111.51205606502896,107.74025099122639
2021-07-17 03:00:00,20210717,3,6,False,0,1867,97.0,2021-07,94,False,107.9513915089857,109.1339045970255,106.78228533316592
2021-07-17 04:00:00,20210717,4,6,False,0,1867,100.0,2021-07,96,False,111.09067877032503,113.30794731391116,111.10501702927654
2021-07-17 05:00:00,20210717,5,6,False,0,1867,83.0,2021-07,84,False,93.16875699099495,91.49037651794428,91.38581227417244
2021-07-17 06:00:00,20210717,6,6,False,0,1867,101.0,2021-07,85,False,108.24415133867846,106.7890286343204,107.47480845773991
2021-07-17 07:00:00,20210717,7,6,False,0,1867,75.0,2021-07,57,False,65.81703644065243,77.36526520219694,64.36951592083808
2021-07-17 08:00:00,20210717,8,6,False,0,1867,26.0,2021-07,25,False,28.77256816730642,35.00727964545394,28.066396878687637
2021-07-17 09:00:00,20210717,9,6,False,0,1867,27.0,2021-07,23,False,23.630923448288613,26.250304177349793,23.33719705280093
2021-07-17 10:00:00,20210717,10,6,False,0,1867,30.0,2021-07,23,False,23.085668931738272,25.805977891231038,23.16808095288609
2021-07-17 11:00:00,20210717,11,6,False,0,1867,29.0,2021-07,24,False,23.40637839053851,25.77231354311789,23.291671833969023
2021-07-17 12:00:00,20210717,12,6,False,0,1867,26.0,2021-07,24,False,23.45808549334639,48.43092834706797,23.30493046831346
2021-07-17 13:00:00,20210717,13,6,False,0,1867,25.0,2021-07,23,False,22.8250627481024,25.378010732898144,23.02040791853045
2021-07-17 14:00:00,20210717,14,6,False,0,1867,23.0,2021-07,23,False,22.42358621110523,25.423844204586942,22.878155364644385
2021-07-17 15:00:00,20210717,15,6,False,0,1867,24.0,2021-07,25,False,22.447718261697517,25.296661795164898,22.795993942166906
2021-07-17 16:00:00,20210717,16,6,False,0,1867,24.0,2021-07,23,False,22.46695514267634,25.39288439947443,22.812070643214195
2021-07-17 17:00:00,20210717,17,6,False,0,1867,23.0,2021-07,22,False,22.464585926296177,25.128060870983422,22.946788918695564
2021-07-17 18:00:00,20210717,18,6,False,0,1867,22.0,2021-07,24,False,22.613692375449002,25.410649928569047,23.020314335446553
2021-07-17 19:00:00,20210717,19,6,False,0,1867,24.0,2021-07,23,False,23.24767085044236,25.693206593254278,23.207665529380893
2021-07-17 20:00:00,20210717,20,6,False,0,1867,22.0,2021-07,23,False,22.72890720738579,44.43621110485924,22.9647932442892
2021-07-17 21:00:00,20210717,21,6,False,0,1867,22.0,2021-07,24,False,22.63244494813232,45.96004344610782,22.96007210460736
2021-07-17 22:00:00,20210717,22,6,False,0,1867,25.0,2021-07,25,False,23.86061765633597,47.612772266647085,23.799026816436793
2021-07-17 23:00:00,20210717,23,6,False,0,1867,22.0,2021-07,23,False,23.447608186408946,47.483600755805355,24.146834015613
2021-07-18 00:00:00,20210718,0,7,True,0,0,,2021-07,23,False,23.513986041298363,28.22256409301058,23.69407208720312
2021-07-18 01:00:00,20210718,1,7,True,0,0,,2021-07,25,False,23.428085750050144,27.778202252359137,23.406183768247917
2021-07-18 02:00:00,20210718,2,7,True,0,0,,2021-07,23,False,23.503827167026916,27.46376885245367,23.553412955446017
2021-07-18 03:00:00,20210718,3,7,True,0,0,,2021-07,23,False,23.539784110520483,27.416204734343278,23.64936901005945
2021-07-18 04:00:00,20210718,4,7,True,0,0,,2021-07,25,False,23.74240157922352,27.51505575721765,23.768231865791737
2021-07-18 05:00:00,20210718,5,7,True,0,0,,2021-07,22,False,23.464847542157205,27.500541268946076,23.2835189050508
2021-07-18 06:00:00,20210718,6,7,True,0,0,,2021-07,23,False,23.417039132810327,27.55572812177918,23.388091098665864
2021-07-18 07:00:00,20210718,7,7,True,0,0,,2021-07,25,False,23.0852234113952,26.52019047443874,23.186291959692593
2021-07-18 08:00:00,20210718,8,7,True,0,0,,2021-07,23,False,23.185171048199923,24.73898709336365,23.082664683938606
2021-07-18 09:00:00,20210718,9,7,True,0,0,,2021-07,23,False,23.434896074145712,25.878099222163794,23.457749063596
2021-07-18 10:00:00,20210718,10,7,True,0,0,,2021-07,23,False,23.646927444516965,25.63618171294651,23.58743204542392
2021-07-18 11:00:00,20210718,11,7,True,0,0,,2021-07,25,False,23.249420575602016,25.009517536097672,23.18398727016876
2021-07-18 12:00:00,20210718,12,7,True,0,0,,2021-07,23,False,23.214727274561966,27.546014187471954,23.157209987960755
2021-07-18 13:00:00,20210718,13,7,True,0,0,,2021-07,23,False,23.126992838003503,24.90393825753208,23.040774342910026
2021-07-18 14:00:00,20210718,14,7,True,0,0,,2021-07,25,False,23.480864836076492,25.74836217869844,23.539949765831654
2021-07-18 15:00:00,20210718,15,7,True,0,0,,2021-07,24,False,23.64239266255591,26.02415437478436,23.583348325908037
2021-07-18 16:00:00,20210718,16,7,True,0,0,,2021-07,23,False,23.42169674959341,25.966344468663454,23.344091727436744
2021-07-18 17:00:00,20210718,17,7,True,0,0,,2021-07,24,False,23.35265712415141,25.967659893451458,23.30745112518862
2021-07-18 18:00:00,20210718,18,7,True,0,0,,2021-07,24,False,23.29825057146233,25.393022718495384,23.272935403201615
2021-07-18 19:00:00,20210718,19,7,True,0,0,,2021-07,23,False,23.445653465575514,25.318663772554174,23.503995152745375
2021-07-18 20:00:00,20210718,20,7,True,0,0,,2021-07,23,False,23.514374904080785,27.65867456080046,23.646487203100403
2021-07-18 21:00:00,20210718,21,7,True,0,0,,2021-07,25,False,23.726002945439202,27.242362969880457,23.646383128560924
2021-07-18 22:00:00,20210718,22,7,True,0,0,,2021-07,24,False,23.595767406472216,27.46527369905357,23.657006106332435
2021-07-18 23:00:00,20210718,23,7,True,0,0,,2021-07,23,False,24.145843063358758,27.446526506584835,24.291395544508443
2021-07-19 00:00:00,20210719,0,1,False,0,13584,25.0,2021-07,26,False,25.604259112876914,47.14597830068666,26.561926036221852
2021-07-19 01:00:00,20210719,1,1,False,0,13584,23.0,2021-07,24,False,23.438896715887306,48.606794944709605,24.570543464156014
2021-07-19 02:00:00,20210719,2,1,False,0,13584,23.0,2021-07,23,False,23.417107941890396,48.365201437334,24.681678178165512
2021-07-19 03:00:00,20210719,3,1,False,0,13584,24.0,2021-07,23,False,24.126321057170387,48.704272155661506,24.98675103915181
2021-07-19 04:00:00,20210719,4,1,False,0,13584,22.0,2021-07,25,False,24.10804931103495,48.53924837426501,25.180684863994657
2021-07-19 05:00:00,20210719,5,1,False,0,13584,23.0,2021-07,23,False,23.092032355889454,47.35192788849927,23.83186250249346
2021-07-19 06:00:00,20210719,6,1,False,0,13584,24.0,2021-07,23,False,23.154653637714542,46.568882600182995,23.94000794864313
2021-07-19 07:00:00,20210719,7,1,False,0,13584,65.0,2021-07,65,False,62.00704631969412,77.89885473629478,65.11164520702071
2021-07-19 08:00:00,20210719,8,1,False,0,13584,186.0,2021-07,188,True,179.41721855462137,189.55738574505526,170.65913671293288
2021-07-19 09:00:00,20210719,9,1,False,0,13584,191.0,2021-07,179,True,180.0785388397306,187.94948913802975,178.87938666846898
2021-07-19 10:00:00,20210719,10,1,False,0,13584,175.0,2021-07,185,True,180.46125298754086,188.33347090260952,177.2395981247698
2021-07-19 11:00:00,20210719,11,1,False,0,13584,186.0,2021-07,199,True,166.2999913735391,184.57279936680507,158.6088763782109
2021-07-19 12:00:00,20210719,12,1,False,0,13584,115.0,2021-07,117,False,112.8096595059289,121.14820039781256,115.5255309919908
2021-07-19 13:00:00,20210719,13,1,False,0,13584,167.0,2021-07,178,True,178.1665580686748,187.52814340027518,165.66181223317326
2021-07-19 14:00:00,20210719,14,1,False,0,13584,184.0,2021-07,178,True,177.37575416673053,185.89273354857517,176.03517971189137
2021-07-19 15:00:00,20210719,15,1,False,0,13584,164.0,2021-07,169,False,172.68213814318452,178.3030069901181,171.44172483991372
2021-07-19 16:00:00,20210719,16,1,False,0,13584,174.0,2021-07,183,True,173.36776669055087,177.32817874715064,171.8812289394573
2021-07-19 17:00:00,20210719,17,1,False,0,13584,138.0,2021-07,149,False,142.31412238465575,152.94770427316334,142.00514308244922
2021-07-19 18:00:00,20210719,18,1,False,0,13584,157.0,2021-07,171,False,166.28315583997258,175.83712135592828,166.5761774527638
2021-07-19 19:00:00,20210719,19,1,False,0,13584,157.0,2021-07,151,False,159.69928645424716,170.5045421642886,159.43592592764293
2021-07-19 20:00:00,20210719,20,1,False,0,13584,125.0,2021-07,127,False,124.37494470589672,132.84345991550708,126.3187101713714
2021-07-19 21:00:00,20210719,21,1,False,0,13584,120.0,2021-07,124,False,122.26917450443813,129.69569946454763,123.0830590499387
2021-07-19 22:00:00,20210719,22,1,False,0,13584,116.0,2021-07,106,False,118.6532156731427,121.29694290631807,119.30302064339624
2021-07-19 23:00:00,20210719,23,1,False,0,13584,103.0,2021-07,110,False,108.48688120476591,112.21652599513546,109.71608989406668
2021-07-20 00:00:00,20210720,0,2,False,0,23473,69.0,2021-07,71,False,83.66040263502585,85.30020047408351,77.12816742386472
2021-07-20 01:00:00,20210720,1,2,False,0,23473,96.0,2021-07,100,False,108.56443013026922,115.32115298197583,108.73069810394331
2021-07-20 02:00:00,20210720,2,2,False,0,23473,112.0,2021-07,103,False,115.92125930947903,120.48226760682259,116.31054575758452
2021-07-20 03:00:00,20210720,3,2,False,0,23473,110.0,2021-07,105,False,114.26944910653121,116.8755404470614,115.37281594941435
2021-07-20 04:00:00,20210720,4,2,False,0,23473,106.0,2021-07,107,False,113.36692179343201,121.30791350465921,114.65652941877327
2021-07-20 05:00:00,20210720,5,2,False,0,23473,143.0,2021-07,91,False,137.7024951649112,140.67078014735114,135.76772484747755
2021-07-20 06:00:00,20210720,6,2,False,0,23473,123.0,2021-07,110,False,120.95989110342941,125.87039845727348,122.94451568901142
2021-07-20 07:00:00,20210720,7,2,False,0,23473,111.0,2021-07,133,False,122.89995687786522,130.75568256481083,121.59880152833688
2021-07-20 08:00:00,20210720,8,2,False,0,23473,102.0,2021-07,188,True,151.7285924359073,175.17335375494295,144.98045764042763
2021-07-20 09:00:00,20210720,9,2,False,0,23473,112.0,2021-07,191,True,145.94042662711186,171.27732586375978,143.97561280023092
2021-07-20 10:00:00,20210720,10,2,False,0,23473,124.0,2021-07,189,True,143.68647567128008,169.21394601333466,144.5937656709257
2021-07-20 11:00:00,20210720,11,2,False,0,23473,139.0,2021-07,190,True,153.4428367953628,172.01915359812014,148.9141647734896
2021-07-20 12:00:00,20210720,12,2,False,0,23473,123.0,2021-07,121,False,112.03521527564608,127.51304454437302,115.61323870610123
2021-07-20 13:00:00,20210720,13,2,False,0,23473,107.0,2021-07,178,True,144.56665503851335,165.08323790603467,134.1565340002694
2021-07-20 14:00:00,20210720,14,2,False,0,23473,150.0,2021-07,187,True,166.15744812046412,174.11358366588453,164.84341477549825
2021-07-20 15:00:00,20210720,15,2,False,0,23473,181.0,2021-07,167,False,165.2982587416503,171.71137903936756,165.32220598614433
2021-07-20 16:00:00,20210720,16,2,False,0,23473,174.0,2021-07,185,True,163.59197380698106,171.80682916171963,164.63148552942485
2021-07-20 17:00:00,20210720,17,2,False,0,23473,143.0,2021-07,132,False,143.17152735374947,156.03024328110652,142.01975417798755
2021-07-20 18:00:00,20210720,18,2,False,0,23473,152.0,2021-07,175,True,160.24467188478158,167.18651869086227,160.8289849298583
2021-07-20 19:00:00,20210720,19,2,False,0,23473,174.0,2021-07,170,False,160.28519368247163,168.45619547007303,162.0979456567981
2021-07-20 20:00:00,20210720,20,2,False,0,23473,175.0,2021-07,127,False,151.88599906121792,165.1320938611589,151.96108030133084
2021-07-20 21:00:00,20210720,21,2,False,0,23473,174.0,2021-07,130,False,151.16461110844287,164.48855389403482,149.16985503571036
2021-07-20 22:00:00,20210720,22,2,False,0,23473,178.0,2021-07,112,False,150.95803069413458,164.63861997983852,148.4756591108526
2021-07-20 23:00:00,20210720,23,2,False,0,23473,188.0,2021-07,109,False,143.92926102028835,162.63184962668106,138.28989029581058
2021-07-21 00:00:00,20210721,0,3,False,0,19461,73.0,2021-07,78,False,80.40212030226711,78.3407835789281,74.21101547436147
2021-07-21 01:00:00,20210721,1,3,False,0,19461,102.0,2021-07,107,False,107.6869818013907,111.85465953786951,107.57217897599719
2021-07-21 02:00:00,20210721,2,3,False,0,19461,105.0,2021-07,100,False,111.11991830942993,115.2011949786405,110.92837753177072
2021-07-21 03:00:00,20210721,3,3,False,0,19461,102.0,2021-07,102,False,107.15285441842519,117.72113534207641,108.09014870468252
2021-07-21 04:00:00,20210721,4,3,False,0,19461,105.0,2021-07,107,False,109.99160180489481,115.60357442794002,110.17345087753154
2021-07-21 05:00:00,20210721,5,3,False,0,19461,89.0,2021-07,94,False,98.11215382393156,102.52721630879803,96.37663571557262
2021-07-21 06:00:00,20210721,6,3,False,0,19461,106.0,2021-07,106,False,112.43276437891659,114.49227818241407,111.45150022124794
2021-07-21 07:00:00,20210721,7,3,False,0,19461,132.0,2021-07,128,False,134.53259493524993,140.52514354146956,135.76465052032688
2021-07-21 08:00:00,20210721,8,3,False,0,19461,179.0,2021-07,193,True,175.3387397720783,180.83216345697804,174.3336944130432
2021-07-21 09:00:00,20210721,9,3,False,0,19461,185.0,2021-07,204,True,175.4318867546606,180.4333062607336,176.11932246779074
2021-07-21 10:00:00,20210721,10,3,False,0,19461,175.0,2021-07,179,True,175.76362098569984,179.11225049588776,173.88208522489853
2021-07-21 11:00:00,20210721,11,3,False,0,19461,185.0,2021-07,197,True,176.54704169149056,179.3664890848347,174.63382371156914
2021-07-21 12:00:00,20210721,12,3,False,0,19461,99.0,2021-07,128,False,108.20030604928196,116.99893650689273,108.72496161130145
2021-07-21 13:00:00,20210721,13,3,False,0,19461,166.0,2021-07,189,True,177.12530769540066,179.2652908899391,174.24609113347097
2021-07-21 14:00:00,20210721,14,3,False,0,19461,178.0,2021-07,199,True,173.50797930593987,178.09345679328774,172.33345050652062
2021-07-21 15:00:00,20210721,15,3,False,0,19461,134.0,2021-07,171,False,149.43859177000073,160.5453842577534,149.61697752584328
2021-07-21 16:00:00,20210721,16,3,False,0,19461,154.0,2021-07,182,True,170.06821530816305,174.57326433884626,168.5849172546227
2021-07-21 17:00:00,20210721,17,3,False,0,19461,140.0,2021-07,138,False,144.49476924744218,154.58911140184247,145.41164770897248
2021-07-21 18:00:00,20210721,18,3,False,0,19461,165.0,2021-07,162,False,162.6287592983076,172.01488718712224,165.8052232460595
2021-07-21 19:00:00,20210721,19,3,False,0,19461,138.0,2021-07,162,False,142.31206688645463,155.53161345393443,137.12425804644067
2021-07-21 20:00:00,20210721,20,3,False,0,19461,112.0,2021-07,131,False,111.87039225725066,121.56365959807063,113.55717836192044
2021-07-21 21:00:00,20210721,21,3,False,0,19461,112.0,2021-07,117,False,118.91422072204091,120.69412610707815,118.69910415218543
2021-07-21 22:00:00,20210721,22,3,False,0,19461,110.0,2021-07,104,False,113.57228917689962,117.4205316320327,114.10755262723133
2021-07-21 23:00:00,20210721,23,3,False,0,19461,104.0,2021-07,103,False,108.84310784787185,114.52727264932624,107.95870522329689
2021-07-22 00:00:00,20210722,0,4,False,0,15801,67.0,2021-07,71,False,76.29417523642921,77.49155386351086,70.30754660521616
2021-07-22 01:00:00,20210722,1,4,False,0,15801,90.0,2021-07,99,False,100.7978212779171,104.84618749733086,99.53881790327392
2021-07-22 02:00:00,20210722,2,4,False,0,15801,111.0,2021-07,103,False,112.57320938506523,118.4963051429266,110.76042441308074
2021-07-22 03:00:00,20210722,3,4,False,0,15801,109.0,2021-07,100,False,111.82753920838842,117.03454455790752,110.47693030072303
2021-07-22 04:00:00,20210722,4,4,False,0,15801,110.0,2021-07,105,False,109.52180603743454,116.72017974905204,108.04716874126672
2021-07-22 05:00:00,20210722,5,4,False,0,15801,88.0,2021-07,86,False,98.21829248076496,103.89242685060601,97.89159323230895
2021-07-22 06:00:00,20210722,6,4,False,0,15801,103.0,2021-07,106,False,107.37857803457457,119.95382227399067,109.81814250969983
2021-07-22 07:00:00,20210722,7,4,False,0,15801,107.0,2021-07,122,False,122.14035057736912,134.82543232672688,119.36025064324667
2021-07-22 08:00:00,20210722,8,4,False,0,15801,134.0,2021-07,197,True,150.6479429216354,172.69431082164556,148.85866745595047
2021-07-22 09:00:00,20210722,9,4,False,0,15801,113.0,2021-07,192,True,141.15671253082397,163.67760707462517,138.11990005566932
2021-07-22 10:00:00,20210722,10,4,False,0,15801,108.0,2021-07,180,True,142.70928255804063,165.49728998574878,136.81202085039112
2021-07-22 11:00:00,20210722,11,4,False,0,15801,134.0,2021-07,186,True,152.5787412594763,171.33866296219057,151.48002379631112
2021-07-22 12:00:00,20210722,12,4,False,0,15801,118.0,2021-07,104,False,115.09439128662352,125.41664389477573,113.95523413774339
2021-07-22 13:00:00,20210722,13,4,False,0,15801,122.0,2021-07,171,False,144.78220938863768,170.43363909740935,144.07720035876264
2021-07-22 14:00:00,20210722,14,4,False,0,15801,155.0,2021-07,182,True,169.89951444133064,178.97698365474366,165.17122352316923
2021-07-22 15:00:00,20210722,15,4,False,0,15801,152.0,2021-07,164,False,160.96262224597248,169.7465235790418,159.20575186137538
2021-07-22 16:00:00,20210722,16,4,False,0,15801,184.0,2021-07,165,False,165.77697567355986,175.16788398260505,165.96951426590417
2021-07-22 17:00:00,20210722,17,4,False,0,15801,172.0,2021-07,124,False,152.39454451213422,167.25326619709207,149.14304374117634
2021-07-22 18:00:00,20210722,18,4,False,0,15801,192.0,2021-07,164,False,158.74217187072767,170.59287314615565,161.01531705716138
2021-07-22 19:00:00,20210722,19,4,False,0,15801,160.0,2021-07,154,False,155.39827103131393,167.67031082688106,157.3244125930208
2021-07-22 20:00:00,20210722,20,4,False,0,15801,155.0,2021-07,132,False,142.96320020438478,166.08272946318903,133.98980860184258
2021-07-22 21:00:00,20210722,21,4,False,0,15801,187.0,2021-07,120,False,128.93895694055527,163.5260411656475,132.95714023280652
2021-07-22 22:00:00,20210722,22,4,False,0,15801,198.0,2021-07,115,False,148.9281800340033,166.9901366439197,141.08254347356933
2021-07-22 23:00:00,20210722,23,4,False,0,15801,187.0,2021-07,107,False,140.75087572480479,163.34125199099898,134.6675372708652
2021-07-23 00:00:00,20210723,0,5,False,0,23560,65.0,2021-07,78,False,78.35881224527816,77.2228057359431,71.27528247619055
2021-07-23 01:00:00,20210723,1,5,False,0,23560,96.0,2021-07,105,False,110.11232883376113,109.15098457695387,109.41081696288121
2021-07-23 02:00:00,20210723,2,5,False,0,23560,101.0,2021-07,105,False,109.73085439347007,116.27640527853039,109.58643476418246
2021-07-23 03:00:00,20210723,3,5,False,0,23560,107.0,2021-07,102,False,110.79439427198655,109.87007296612346,109.78935779806682
2021-07-23 04:00:00,20210723,4,5,False,0,23560,106.0,2021-07,99,False,108.88209259936502,113.69876369339994,108.67077094564998
2021-07-23 05:00:00,20210723,5,5,False,0,23560,88.0,2021-07,89,False,96.55343442180269,99.6167668154146,95.12358797452235
2021-07-23 06:00:00,20210723,6,5,False,0,23560,106.0,2021-07,103,False,103.30395989234336,113.2251355275784,99.55768349143902
2021-07-23 07:00:00,20210723,7,5,False,0,23560,135.0,2021-07,122,False,138.78281582950243,141.4330352772831,136.0559767314148
2021-07-23 08:00:00,20210723,8,5,False,0,23560,187.0,2021-07,191,True,172.3656290555459,181.7186740171459,170.1664772980157
2021-07-23 09:00:00,20210723,9,5,False,0,23560,185.0,2021-07,185,True,171.41425148809785,178.41182766392112,171.64390234484208
2021-07-23 10:00:00,20210723,10,5,False,0,23560,169.0,2021-07,179,True,170.74760675121843,177.053885890836,167.08078773826585
2021-07-23 11:00:00,20210723,11,5,False,0,23560,188.0,2021-07,188,True,163.9887642840255,178.39248029047477,155.00376374701477
2021-07-23 12:00:00,20210723,12,5,False,0,23560,116.0,2021-07,113,False,111.88918164564556,116.59872052111562,114.85218828109943
2021-07-23 13:00:00,20210723,13,5,False,0,23560,172.0,2021-07,180,True,174.35517452586114,181.08890074287004,163.68341250366976
2021-07-23 14:00:00,20210723,14,5,False,0,23560,166.0,2021-07,184,True,173.59487510959465,178.546556645717,171.31240735869028
2021-07-23 15:00:00,20210723,15,5,False,0,23560,158.0,2021-07,175,True,164.2635466808274,172.45028531302566,162.89613006411355
2021-07-23 16:00:00,20210723,16,5,False,0,23560,165.0,2021-07,189,True,165.20939174874266,172.05949815194322,165.43636050789326
2021-07-23 17:00:00,20210723,17,5,False,0,23560,138.0,2021-07,138,False,140.7490709985744,151.44440773407598,140.1282730838889
2021-07-23 18:00:00,20210723,18,5,False,0,23560,158.0,2021-07,175,True,159.29251463640992,170.7446294574021,161.2663593325527
2021-07-23 19:00:00,20210723,19,5,False,0,23560,136.0,2021-07,145,False,140.32625669500047,152.66362431182267,140.8185474851434
2021-07-23 20:00:00,20210723,20,5,False,0,23560,114.0,2021-07,111,False,119.41819501568546,123.72711236364405,120.42261393301094
2021-07-23 21:00:00,20210723,21,5,False,0,23560,114.0,2021-07,107,False,119.16994945064708,120.57319777595653,120.22935491127402
2021-07-23 22:00:00,20210723,22,5,False,0,23560,102.0,2021-07,100,False,113.06061341013815,115.41338988518525,114.46287710864245
2021-07-23 23:00:00,20210723,23,5,False,0,23560,101.0,2021-07,102,False,106.78965927039377,107.33026825082015,106.24883763201088
2021-07-24 00:00:00,20210724,0,6,False,0,2319,64.0,2021-07,68,False,60.90731980063418,67.29624264651365,63.224942367460216
2021-07-24 01:00:00,20210724,1,6,False,0,2319,101.0,2021-07,96,False,102.27597457588962,106.7366563047055,102.24368270763439
2021-07-24 02:00:00,20210724,2,6,False,0,2319,98.0,2021-07,95,False,104.76651106574046,106.75854844110086,102.32500205587132
2021-07-24 03:00:00,20210724,3,6,False,0,2319,94.0,2021-07,93,False,102.47560647904204,104.07845164930727,100.6880652774711
2021-07-24 04:00:00,20210724,4,6,False,0,2319,96.0,2021-07,97,False,106.64371187279181,108.80668497447762,105.34274823162262
2021-07-24 05:00:00,20210724,5,6,False,0,2319,84.0,2021-07,81,False,94.07758070051938,91.349979710113,92.70774758209734
2021-07-24 06:00:00,20210724,6,6,False,0,2319,85.0,2021-07,95,False,107.30154186271055,110.5766084784409,106.84508326417091
2021-07-24 07:00:00,20210724,7,6,False,0,2319,57.0,2021-07,61,False,70.40781264370513,76.82026705483445,67.01142695944715
2021-07-24 08:00:00,20210724,8,6,False,0,2319,25.0,2021-07,25,False,32.55422784836675,35.49875879675357,30.40958815238552
2021-07-24 09:00:00,20210724,9,6,False,0,2319,23.0,2021-07,24,False,23.350101237910774,26.389726236348608,23.03249190660847
2021-07-24 10:00:00,20210724,10,6,False,0,2319,23.0,2021-07,24,False,23.421028767595427,26.080972577514142,23.22201048291232
2021-07-24 11:00:00,20210724,11,6,False,0,2319,24.0,2021-07,27,False,23.964719420298767,26.46842142527936,23.6694479785626
2021-07-24 12:00:00,20210724,12,6,False,0,2319,24.0,2021-07,23,False,23.583794855907655,48.73314513426647,23.303438952039784
2021-07-24 13:00:00,20210724,13,6,False,0,2319,23.0,2021-07,24,False,23.602269615678665,26.310883192309245,23.22477072816562
2021-07-24 14:00:00,20210724,14,6,False,0,2319,23.0,2021-07,24,False,22.70608432803125,25.76149286093734,22.758388355054162
2021-07-24 15:00:00,20210724,15,6,False,0,2319,25.0,2021-07,26,False,23.45881777212303,25.817227588817133,23.052629662864238
2021-07-24 16:00:00,20210724,16,6,False,0,2319,23.0,2021-07,24,False,22.92759004268528,25.70325386840989,22.764409540792006
2021-07-24 17:00:00,20210724,17,6,False,0,2319,22.0,2021-07,24,False,22.5106568893589,25.800689042658135,22.55046201391473
2021-07-24 18:00:00,20210724,18,6,False,0,2319,24.0,2021-07,25,False,22.71748791428067,25.561798573807522,22.655720747542407
2021-07-24 19:00:00,20210724,19,6,False,0,2319,23.0,2021-07,25,False,23.396816250550156,25.73491793546528,22.984573289272543
2021-07-24 20:00:00,20210724,20,6,False,0,2319,23.0,2021-07,24,False,23.097907028427368,45.88473708499646,23.09639543881205
2021-07-24 21:00:00,20210724,21,6,False,0,2319,24.0,2021-07,25,False,23.55910632800489,47.22604962037868,23.50026773131307
2021-07-24 22:00:00,20210724,22,6,False,0,2319,25.0,2021-07,26,False,24.49864752288344,48.92467556866743,24.192098179614224
2021-07-24 23:00:00,20210724,23,6,False,0,2319,23.0,2021-07,24,False,23.812218107895905,47.45081244020668,24.270175912249016
2021-07-25 00:00:00,20210725,0,7,True,0,0,,2021-07,24,False,23.413897414266955,28.20217516101675,23.6448129708583
2021-07-25 01:00:00,20210725,1,7,True,0,0,,2021-07,25,False,23.38255514728986,27.82390740363962,23.419734913090053
2021-07-25 02:00:00,20210725,2,7,True,0,0,,2021-07,25,False,23.4922721338986,27.421290676789948,23.617275606508414
2021-07-25 03:00:00,20210725,3,7,True,0,0,,2021-07,24,False,23.52674673282506,27.44017364526476,23.608923600314473
2021-07-25 04:00:00,20210725,4,7,True,0,0,,2021-07,24,False,23.609167157501776,27.246260792631784,23.645808245334493
2021-07-25 05:00:00,20210725,5,7,True,0,0,,2021-07,26,False,23.319180414230033,27.38219792038919,23.161504642564164
2021-07-25 06:00:00,20210725,6,7,True,0,0,,2021-07,24,False,23.345918308172912,27.549372165369494,23.396170888753574
2021-07-25 07:00:00,20210725,7,7,True,0,0,,2021-07,24,False,23.04703623841658,26.529528620878537,23.022911203304584
2021-07-25 08:00:00,20210725,8,7,True,0,0,,2021-07,24,False,23.524765780716862,25.434376658497182,23.45375743746196
2021-07-25 09:00:00,20210725,9,7,True,0,0,,2021-07,26,False,23.34807328432551,25.812400768193054,23.257163670163962
2021-07-25 10:00:00,20210725,10,7,True,0,0,,2021-07,24,False,23.486203421716795,25.67313803698443,23.484602907283044
2021-07-25 11:00:00,20210725,11,7,True,0,0,,2021-07,24,False,23.704348753729448,25.680430089716157,23.616111257298112
2021-07-25 12:00:00,20210725,12,7,True,0,0,,2021-07,26,False,23.12177192296147,28.006688511622013,23.1258777041847
2021-07-25 13:00:00,20210725,13,7,True,0,0,,2021-07,24,False,23.0714467732938,24.704782536674447,22.908598957930327
2021-07-25 14:00:00,20210725,14,7,True,0,0,,2021-07,24,False,23.305516275953817,25.348229877109706,23.30496661450054
2021-07-25 15:00:00,20210725,15,7,True,0,0,,2021-07,25,False,23.102519703938345,25.119074748802962,22.995249375474447
2021-07-25 16:00:00,20210725,16,7,True,0,0,,2021-07,26,False,23.193821744866426,25.185420784905165,23.16843416703199
2021-07-25 17:00:00,20210725,17,7,True,0,0,,2021-07,24,False,23.210479537841604,25.12574281421082,23.171500468040232
2021-07-25 18:00:00,20210725,18,7,True,0,0,,2021-07,23,False,23.183776734239615,25.074075002201464,23.19613198641784
2021-07-25 19:00:00,20210725,19,7,True,0,0,,2021-07,25,False,23.200185582121495,24.920743961655443,23.372851790115533
2021-07-25 20:00:00,20210725,20,7,True,0,0,,2021-07,24,False,23.570088636270196,27.242012994730615,23.573074257211005
2021-07-25 21:00:00,20210725,21,7,True,0,0,,2021-07,24,False,23.599531012287827,27.52986739947089,23.72722555175802
2021-07-25 22:00:00,20210725,22,7,True,0,0,,2021-07,24,False,23.49465989850408,27.52954039470515,23.616284450851264
2021-07-25 23:00:00,20210725,23,7,True,0,0,,2021-07,26,False,24.08882842232688,27.414741060923106,24.552824350270853
2021-07-26 00:00:00,20210726,0,1,False,0,24022,26.0,2021-07,24,False,26.043423900176347,48.981988147305024,25.896096294195615
2021-07-26 01:00:00,20210726,1,1,False,0,24022,24.0,2021-07,24,False,22.98269642212333,50.84142636497651,22.747008410067508
2021-07-26 02:00:00,20210726,2,1,False,0,24022,23.0,2021-07,25,False,22.84991814608124,49.7765422763266,22.464775672751255
2021-07-26 03:00:00,20210726,3,1,False,0,24022,23.0,2021-07,25,False,23.600504968151583,49.05230101121734,22.931287291548085
2021-07-26 04:00:00,20210726,4,1,False,0,24022,25.0,2021-07,24,False,22.935377866862336,49.9116287518027,22.309775786220982
2021-07-26 05:00:00,20210726,5,1,False,0,24022,23.0,2021-07,24,False,22.643864172826294,48.97737403548604,22.138495110478587
2021-07-26 06:00:00,20210726,6,1,False,0,24022,23.0,2021-07,26,False,24.037626212153892,50.109218715776315,23.329017221654578
2021-07-26 07:00:00,20210726,7,1,False,0,24022,65.0,2021-07,71,False,61.471058066078086,78.27914601660868,64.33148919897455
2021-07-26 08:00:00,20210726,8,1,False,0,24022,188.0,2021-07,198,True,181.0485477295716,190.0038308183924,172.55484711760053
2021-07-26 09:00:00,20210726,9,1,False,0,24022,179.0,2021-07,184,True,181.86974223268007,186.90045920558103,175.8902885375734
2021-07-26 10:00:00,20210726,10,1,False,0,24022,185.0,2021-07,185,True,182.23288006079133,186.52633388157005,176.01335468088823
2021-07-26 11:00:00,20210726,11,1,False,0,24022,199.0,2021-07,190,True,164.58281464517697,184.13614899340072,156.10673682137903
2021-07-26 12:00:00,20210726,12,1,False,0,24022,117.0,2021-07,113,False,108.83885675085924,118.95201244347807,109.03649289978729
2021-07-26 13:00:00,20210726,13,1,False,0,24022,178.0,2021-07,169,False,179.54293302348947,185.32359524201797,164.8695124196469
2021-07-26 14:00:00,20210726,14,1,False,0,24022,178.0,2021-07,186,True,179.84398228098564,184.8771671241353,173.20911849736805
2021-07-26 15:00:00,20210726,15,1,False,0,24022,169.0,2021-07,158,False,170.67276984346987,176.79806142660723,168.29073367009286
2021-07-26 16:00:00,20210726,16,1,False,0,24022,183.0,2021-07,169,False,176.4832205046911,179.89159474174184,172.14390018287085
2021-07-26 17:00:00,20210726,17,1,False,0,24022,149.0,2021-07,136,False,150.7299889728816,158.2170744626903,149.45783510439512
2021-07-26 18:00:00,20210726,18,1,False,0,24022,171.0,2021-07,175,True,168.84759245052905,175.2495828638271,167.02903852056562
2021-07-26 19:00:00,20210726,19,1,False,0,24022,151.0,2021-07,157,False,159.9755703908422,167.53303537645525,159.48038258577807
2021-07-26 20:00:00,20210726,20,1,False,0,24022,127.0,2021-07,102,False,121.81079695518736,130.18610368987584,120.78636014376212
2021-07-26 21:00:00,20210726,21,1,False,0,24022,124.0,2021-07,110,False,111.73242838831402,125.81848670039228,112.84533474434818
2021-07-26 22:00:00,20210726,22,1,False,0,24022,106.0,2021-07,110,False,112.05480295296259,114.51375177409864,111.19760290050202
2021-07-26 23:00:00,20210726,23,1,False,0,24022,110.0,2021-07,95,False,108.85282827654267,112.92191864253353,108.12926933944478
2021-07-27 00:00:00,20210727,0,2,False,0,20776,71.0,2021-07,68,False,77.38782231596143,77.70018412605958,73.01858570831664
2021-07-27 01:00:00,20210727,1,2,False,0,20776,100.0,2021-07,102,False,107.58359334575685,107.81403605767439,106.18567473066395
2021-07-27 02:00:00,20210727,2,2,False,0,20776,103.0,2021-07,115,False,112.4123208660792,115.2167398484333,111.27024145249491
2021-07-27 03:00:00,20210727,3,2,False,0,20776,105.0,2021-07,105,False,111.48546761277369,114.55490064139114,110.658152280263
2021-07-27 04:00:00,20210727,4,2,False,0,20776,107.0,2021-07,108,False,113.48354938651535,114.99086772321475,112.33350389431585
2021-07-27 05:00:00,20210727,5,2,False,0,20776,91.0,2021-07,89,False,110.59655389799552,113.80666586165978,112.04812703221091
2021-07-27 06:00:00,20210727,6,2,False,0,20776,110.0,2021-07,105,False,115.21276734930329,118.79169751198049,114.3604655611526
2021-07-27 07:00:00,20210727,7,2,False,0,20776,133.0,2021-07,134,False,135.86263897023528,142.56199979398198,134.51151867093316
2021-07-27 08:00:00,20210727,8,2,False,0,20776,188.0,2021-07,194,True,169.3779457212904,180.57022083027118,169.06614367580906
2021-07-27 09:00:00,20210727,9,2,False,0,20776,191.0,2021-07,181,True,169.47228858776162,180.4996283903191,167.7911298610944
2021-07-27 10:00:00,20210727,10,2,False,0,20776,189.0,2021-07,188,True,168.28588161142088,176.17978082488114,166.25496363500136
2021-07-27 11:00:00,20210727,11,2,False,0,20776,190.0,2021-07,207,True,173.19282420233893,178.95360231790755,170.0367865061958
2021-07-27 12:00:00,20210727,12,2,False,0,20776,121.0,2021-07,110,False,123.9402919279321,128.62388417546467,123.82093569850565
2021-07-27 13:00:00,20210727,13,2,False,0,20776,178.0,2021-07,182,True,165.80236061196732,175.52704025142603,163.10219568288696
2021-07-27 14:00:00,20210727,14,2,False,0,20776,187.0,2021-07,195,True,172.16943486618277,177.05345995901317,173.1246546579323
2021-07-27 15:00:00,20210727,15,2,False,0,20776,167.0,2021-07,179,True,168.93391664650355,175.76054718597592,169.37597160778748
2021-07-27 16:00:00,20210727,16,2,False,0,20776,185.0,2021-07,186,True,170.1081765261471,175.59487640322035,171.85069370666838
2021-07-27 17:00:00,20210727,17,2,False,0,20776,132.0,2021-07,159,False,141.43466080473186,155.28255922020458,139.87536949095534
2021-07-27 18:00:00,20210727,18,2,False,0,20776,175.0,2021-07,169,False,160.7313258802271,169.35240781890295,161.75234663097916
2021-07-27 19:00:00,20210727,19,2,False,0,20776,170.0,2021-07,169,False,161.59980970066584,173.73667881806327,164.38019363545422
2021-07-27 20:00:00,20210727,20,2,False,0,20776,127.0,2021-07,144,False,126.8959439953224,147.9577973306345,130.9682280911286
2021-07-27 21:00:00,20210727,21,2,False,0,20776,130.0,2021-07,144,False,132.98586270738693,149.67734661816255,138.69876440680542
2021-07-27 22:00:00,20210727,22,2,False,0,20776,112.0,2021-07,129,False,129.28046670724595,142.1436477077979,131.39105213124972
2021-07-27 23:00:00,20210727,23,2,False,0,20776,109.0,2021-07,122,False,123.3389763345185,140.2472116508953,121.8591867869177
2021-07-29 00:00:00,20210729,0,4,False,0,25698,71.0,2021-07,68,False,62.329242185280236,74.68753062317207,63.08374855162476
2021-07-29 01:00:00,20210729,1,4,False,0,25698,99.0,2021-07,110,False,98.5510028202571,102.70509339172037,97.621084504677
2021-07-29 02:00:00,20210729,2,4,False,0,25698,103.0,2021-07,111,False,107.21151592614467,114.02507217516536,105.92183275425049
2021-07-29 03:00:00,20210729,3,4,False,0,25698,100.0,2021-07,110,False,106.77791720783011,113.57660227848426,104.15527064016851
2021-07-29 04:00:00,20210729,4,4,False,0,25698,105.0,2021-07,111,False,107.8304142374655,114.05566847791738,105.50462833027403
2021-07-29 05:00:00,20210729,5,4,False,0,25698,86.0,2021-07,94,False,93.93295540288364,101.83858121710385,91.62051313116518
2021-07-29 06:00:00,20210729,6,4,False,0,25698,106.0,2021-07,116,False,111.05907048477047,114.95039723525252,109.67838068607364
2021-07-29 07:00:00,20210729,7,4,False,0,25698,122.0,2021-07,141,False,121.9733978942783,134.57663240677354,122.00600995959019
2021-07-29 08:00:00,20210729,8,4,False,0,25698,197.0,2021-07,192,True,166.77119387140075,177.83133909054746,164.87051933760375
2021-07-29 09:00:00,20210729,9,4,False,0,25698,192.0,2021-07,198,True,166.53106230755216,176.14595198794385,163.42407852878864
2021-07-29 10:00:00,20210729,10,4,False,0,25698,180.0,2021-07,187,True,161.17990458593485,172.0574156177122,157.51157688787006
2021-07-29 11:00:00,20210729,11,4,False,0,25698,186.0,2021-07,207,True,166.426098797194,174.5218723223869,162.94875038279952
2021-07-29 12:00:00,20210729,12,4,False,0,25698,104.0,2021-07,112,False,110.89236096215711,119.84365213483595,109.23872792306156
2021-07-29 13:00:00,20210729,13,4,False,0,25698,171.0,2021-07,192,True,164.40996527088157,173.69491205121622,158.79458563080593
2021-07-29 14:00:00,20210729,14,4,False,0,25698,182.0,2021-07,187,True,165.33498309890084,173.1432104384037,163.64561157399513
2021-07-29 15:00:00,20210729,15,4,False,0,25698,164.0,2021-07,164,False,159.42924890927267,168.64696807707665,155.5019471245402
2021-07-29 16:00:00,20210729,16,4,False,0,25698,165.0,2021-07,166,False,161.86134148483487,171.51261383963734,159.97672019644236
2021-07-29 17:00:00,20210729,17,4,False,0,25698,124.0,2021-07,129,False,131.17292567170668,164.94074393488336,128.86064006702838
2021-07-29 18:00:00,20210729,18,4,False,0,25698,164.0,2021-07,174,True,157.63722811268542,170.1477990840416,156.90768151346637
2021-07-29 19:00:00,20210729,19,4,False,0,25698,154.0,2021-07,169,False,155.24744703954727,167.82157126708253,154.02153134159056
2021-07-29 20:00:00,20210729,20,4,False,0,25698,132.0,2021-07,128,False,131.64555973945076,142.63514499459419,133.260617583216
2021-07-29 21:00:00,20210729,21,4,False,0,25698,120.0,2021-07,126,False,127.70225043426258,144.26375792752762,127.38143044906678
2021-07-29 22:00:00,20210729,22,4,False,0,25698,115.0,2021-07,122,False,127.10662638794928,140.68247341849542,126.91142623968125
2021-07-29 23:00:00,20210729,23,4,False,0,25698,107.0,2021-07,114,False,121.26005583693556,137.76855383562398,118.56913465373513
2021-07-31 00:00:00,20210731,0,6,True,0,0,68.0,2021-07,23,False,24.649436825363065,45.37167138546926,25.70113857975721
2021-07-31 01:00:00,20210731,1,6,True,0,0,96.0,2021-07,21,False,34.31017220279214,48.328597857912676,33.71619715321015
2021-07-31 02:00:00,20210731,2,6,True,0,0,95.0,2021-07,21,False,34.449263721570055,48.16894800185087,33.776422003223665
2021-07-31 03:00:00,20210731,3,6,True,0,0,93.0,2021-07,21,False,31.41073358527019,46.958687206033936,32.630485825886105
2021-07-31 04:00:00,20210731,4,6,True,0,0,97.0,2021-07,23,False,34.80951572187103,48.619807232707196,33.894769217006456
2021-07-31 05:00:00,20210731,5,6,True,0,0,81.0,2021-07,20,False,26.954977110906963,46.27720298216345,27.527136282761756
2021-07-31 06:00:00,20210731,6,6,True,0,0,95.0,2021-07,21,False,31.91966337048325,46.94617872518844,32.76160448527923
2021-07-31 07:00:00,20210731,7,6,True,0,0,61.0,2021-07,22,False,23.072812810167488,41.221142442664224,23.684778092877053
2021-07-31 08:00:00,20210731,8,6,True,0,0,25.0,2021-07,21,False,22.56498384917312,22.661145640604104,22.52661009482071
2021-07-31 09:00:00,20210731,9,6,True,0,0,24.0,2021-07,21,False,21.276516165743796,22.69922101697182,21.412305273038324
2021-07-31 10:00:00,20210731,10,6,True,0,0,24.0,2021-07,22,False,21.43880360764395,22.606864146087087,21.777792753961663
2021-07-31 11:00:00,20210731,11,6,True,0,0,27.0,2021-07,23,False,22.626396945024737,22.794936693263555,22.49284709502012
2021-07-31 12:00:00,20210731,12,6,True,0,0,23.0,2021-07,21,False,22.17859500671956,36.41401413075601,22.10414122945265
2021-07-31 13:00:00,20210731,13,6,True,0,0,24.0,2021-07,21,False,21.432985016423753,22.43030767179317,21.873039446429498
2021-07-31 14:00:00,20210731,14,6,True,0,0,24.0,2021-07,22,False,21.623544053483055,22.446329984345642,21.830482133928097
2021-07-31 15:00:00,20210731,15,6,True,0,0,26.0,2021-07,22,False,22.85327316418203,23.298163945975883,22.819124519285438
2021-07-31 16:00:00,20210731,16,6,True,0,0,24.0,2021-07,21,False,21.887033003736352,22.69933111364867,21.86066650484501
2021-07-31 17:00:00,20210731,17,6,True,0,0,24.0,2021-07,21,False,21.654132499558216,22.367234391469633,21.72813989880481
2021-07-31 18:00:00,20210731,18,6,True,0,0,25.0,2021-07,23,False,22.64648470628251,23.28987804506616,22.51291422580159
2021-07-31 19:00:00,20210731,19,6,True,0,0,25.0,2021-07,21,False,22.429931184860365,23.070207871417974,22.341232088138216
2021-07-31 20:00:00,20210731,20,6,True,0,0,24.0,2021-07,21,False,21.936540667072055,37.65050951168986,21.931226411952455
2021-07-31 21:00:00,20210731,21,6,True,0,0,25.0,2021-07,23,False,22.96584271531863,37.19924381562487,22.869327888133895
2021-07-31 22:00:00,20210731,22,6,True,0,0,26.0,2021-07,21,False,23.21465234962281,37.97483717403552,23.103982478492146
2021-07-31 23:00:00,20210731,23,6,True,0,0,24.0,2021-07,21,False,22.469679017196967,37.84389878353578,23.007755552035267
2021-08-01 00:00:00,20210801,0,7,True,0,0,,2021-08,21,False,27.868787250156743,36.73101092356214,26.62374166267588
2021-08-01 01:00:00,20210801,1,7,True,0,0,,2021-08,23,False,27.934041471543626,36.61915484652814,26.568213940967016
2021-08-01 02:00:00,20210801,2,7,True,0,0,,2021-08,21,False,27.974780113904753,35.654557616891516,26.489241564760306
2021-08-01 03:00:00,20210801,3,7,True,0,0,,2021-08,21,False,27.524896693564937,35.58374441736119,25.890982340683
2021-08-01 04:00:00,20210801,4,7,True,0,0,,2021-08,22,False,27.455507211004942,35.61769559092239,25.98653556846944
2021-08-01 05:00:00,20210801,5,7,True,0,0,,2021-08,22,False,27.153526170426158,35.645284146424906,25.734778637819705
2021-08-01 06:00:00,20210801,6,7,True,0,0,,2021-08,20,False,27.5218609488074,34.868871466546146,26.03710382119643
2021-08-01 07:00:00,20210801,7,7,True,0,0,,2021-08,20,False,27.528098973200972,37.70581082668466,26.332000918599363
2021-08-01 08:00:00,20210801,8,7,True,0,0,,2021-08,23,False,27.051749118201787,59.94561096931025,25.983614702695494
2021-08-01 09:00:00,20210801,9,7,True,0,0,,2021-08,22,False,27.436385238236998,60.404145362581396,25.909008870841475
2021-08-01 10:00:00,20210801,10,7,True,0,0,,2021-08,21,False,27.29801706169245,60.3145137031055,26.08169226618875
2021-08-01 11:00:00,20210801,11,7,True,0,0,,2021-08,21,False,27.335006718012963,60.71186269414314,26.186683230974925
2021-08-01 12:00:00,20210801,12,7,True,0,0,,2021-08,23,False,26.864032516594182,39.53429314153265,25.288062881701062
2021-08-01 13:00:00,20210801,13,7,True,0,0,,2021-08,21,False,26.99600952037593,60.71080392611531,25.45415862223157
2021-08-01 14:00:00,20210801,14,7,True,0,0,,2021-08,21,False,27.139743012647482,60.361554924018776,26.194516747766865
2021-08-01 15:00:00,20210801,15,7,True,0,0,,2021-08,22,False,27.16531658606101,58.81072741647366,26.268881730356366
2021-08-01 16:00:00,20210801,16,7,True,0,0,,2021-08,23,False,27.194661710079885,58.72884295050115,26.27339602355019
2021-08-01 17:00:00,20210801,17,7,True,0,0,,2021-08,21,False,27.057204206093758,58.15799604966373,26.217565944618084
2021-08-01 18:00:00,20210801,18,7,True,0,0,,2021-08,20,False,27.36783685400174,58.524433635768126,26.345185121357584
2021-08-01 19:00:00,20210801,19,7,True,0,0,,2021-08,21,False,27.44900832386735,58.10316114529474,25.879641133072
2021-08-01 20:00:00,20210801,20,7,True,0,0,,2021-08,23,False,27.924730469156078,38.190641982716755,25.938762732686794
2021-08-01 21:00:00,20210801,21,7,True,0,0,,2021-08,22,False,27.936765646506245,37.76614617037126,26.174010035244635
2021-08-01 22:00:00,20210801,22,7,True,0,0,,2021-08,22,False,27.80487483204979,37.68149622455402,26.0620268740055
2021-08-01 23:00:00,20210801,23,7,True,0,0,,2021-08,22,False,28.437036248001377,38.679910403976926,26.63917225118291
2021-08-02 00:00:00,20210802,0,1,True,0,0,24.0,2021-08,21,False,21.072421097631032,25.792758279836892,21.948272942516592
2021-08-02 01:00:00,20210802,1,1,True,0,0,24.0,2021-08,21,False,20.57397065153525,24.167005548352716,21.22014093073446
2021-08-02 02:00:00,20210802,2,1,True,0,0,25.0,2021-08,21,False,19.95481028678945,24.239646149802002,20.24971029926382
2021-08-02 03:00:00,20210802,3,1,True,0,0,25.0,2021-08,23,False,20.250636623450372,23.278197286279404,20.696453150900847
2021-08-02 04:00:00,20210802,4,1,True,0,0,24.0,2021-08,21,False,20.50266289924006,22.32161536191414,20.794978639752568
2021-08-02 05:00:00,20210802,5,1,True,0,0,24.0,2021-08,21,False,19.774643947325703,23.12736813392365,20.105115106207545
2021-08-02 06:00:00,20210802,6,1,True,0,0,26.0,2021-08,22,False,20.836350240960993,24.532073018837863,20.817303294235373
2021-08-02 07:00:00,20210802,7,1,True,0,0,71.0,2021-08,21,False,20.42398976417564,39.168679243102154,20.692337072466028
2021-08-02 08:00:00,20210802,8,1,True,0,0,198.0,2021-08,20,False,21.493038921230447,127.22679589186096,24.852356567918225
2021-08-02 09:00:00,20210802,9,1,True,0,0,184.0,2021-08,21,False,21.255041734331783,124.30741376308025,22.531008140810115
2021-08-02 10:00:00,20210802,10,1,True,0,0,185.0,2021-08,22,False,21.484187055980968,135.96328000915912,23.2516388712672
2021-08-02 11:00:00,20210802,11,1,True,0,0,190.0,2021-08,21,False,21.255348836259646,126.59889947873482,24.638233254463717
2021-08-02 12:00:00,20210802,12,1,True,0,0,113.0,2021-08,21,False,21.756067227106517,48.156195188260654,21.353335509044967
2021-08-02 13:00:00,20210802,13,1,True,0,0,169.0,2021-08,22,False,20.297224060596804,125.62030571144942,21.17992083694863
2021-08-02 14:00:00,20210802,14,1,True,0,0,186.0,2021-08,23,False,22.24886573497078,134.15764885924068,23.465513283829704
2021-08-02 15:00:00,20210802,15,1,True,0,0,158.0,2021-08,21,False,19.409577673800133,116.7639773359263,20.738015260225296
2021-08-02 16:00:00,20210802,16,1,True,0,0,169.0,2021-08,21,False,20.67239411380924,126.29741983939535,21.22398177337136
2021-08-02 17:00:00,20210802,17,1,True,0,0,136.0,2021-08,22,False,18.2670039019929,95.2400350434204,19.3425959485211
2021-08-02 18:00:00,20210802,18,1,True,0,0,175.0,2021-08,22,False,20.73188688260854,121.29488367785738,19.519338420260368
2021-08-02 19:00:00,20210802,19,1,True,0,0,157.0,2021-08,21,False,18.699740658257458,96.08631012350673,20.401551095565974
2021-08-02 20:00:00,20210802,20,1,True,0,0,102.0,2021-08,22,False,34.410612957848464,45.675738870888715,22.35907775927349
2021-08-02 21:00:00,20210802,21,1,True,0,0,110.0,2021-08,22,False,30.925043248683185,40.21668054553319,21.229965115684415
2021-08-02 22:00:00,20210802,22,1,True,0,0,110.0,2021-08,22,False,34.733388773977076,47.96834398655138,23.5484154429806
2021-08-02 23:00:00,20210802,23,1,True,0,0,95.0,2021-08,21,False,33.08326039191834,45.80334122612502,25.17513842599981
2021-08-03 00:00:00,20210803,0,2,True,0,0,68.0,2021-08,21,False,22.095935344459818,41.934421855808075,22.695519245483737
2021-08-03 01:00:00,20210803,1,2,True,0,0,102.0,2021-08,23,False,34.77325085561426,51.01633604987942,26.679767034167867
2021-08-03 02:00:00,20210803,2,2,True,0,0,115.0,2021-08,21,False,23.176235387593504,50.848049191101715,27.60049702247917
2021-08-03 03:00:00,20210803,3,2,True,0,0,105.0,2021-08,21,False,37.980982637679894,48.92098447369364,28.39847770064919
2021-08-03 04:00:00,20210803,4,2,True,0,0,108.0,2021-08,21,False,35.786825674764906,48.77282919863725,28.159663377432196
2021-08-03 05:00:00,20210803,5,2,True,0,0,89.0,2021-08,22,False,30.066086973543822,44.77267877406026,26.958720233613366
2021-08-03 06:00:00,20210803,6,2,True,0,0,105.0,2021-08,21,False,37.25610404176123,47.280052864355646,25.170260019626358
2021-08-03 07:00:00,20210803,7,2,True,0,0,134.0,2021-08,20,False,20.90527470093817,52.89302279382829,22.179946063823365
2021-08-03 08:00:00,20210803,8,2,True,0,0,194.0,2021-08,22,False,24.62843454929234,110.38035425870727,26.961736103995502
2021-08-03 09:00:00,20210803,9,2,True,0,0,181.0,2021-08,21,False,24.356455723440842,113.0227535218501,25.07158278223965
2021-08-03 10:00:00,20210803,10,2,True,0,0,188.0,2021-08,21,False,24.8288037791031,123.04520645300305,27.48148279274335
2021-08-03 11:00:00,20210803,11,2,True,0,0,207.0,2021-08,22,False,24.210073239659284,137.01242038666228,27.98231198500558
2021-08-03 12:00:00,20210803,12,2,True,0,0,110.0,2021-08,23,False,34.71029911251417,54.071140566925465,24.429862500834464
2021-08-03 13:00:00,20210803,13,2,True,0,0,182.0,2021-08,21,False,22.972776273540976,112.89048788614976,23.928202070365646
2021-08-03 14:00:00,20210803,14,2,True,0,0,195.0,2021-08,21,False,23.533386961480744,126.12447985765594,26.76001061059991
2021-08-03 15:00:00,20210803,15,2,True,0,0,179.0,2021-08,23,False,21.610193369284545,125.45805343360688,21.79219592468043
2021-08-03 16:00:00,20210803,16,2,True,0,0,186.0,2021-08,22,False,23.99795745553835,132.68563193767582,25.209963359725858
2021-08-03 17:00:00,20210803,17,2,True,0,0,159.0,2021-08,21,False,22.0227395794693,93.23268728566389,20.886837280094387
2021-08-03 18:00:00,20210803,18,2,True,0,0,169.0,2021-08,22,False,23.033924617698812,108.8760722615188,23.790883712816335
2021-08-03 19:00:00,20210803,19,2,True,0,0,169.0,2021-08,23,False,22.475581120092247,111.7407301345071,21.816690225057773
2021-08-03 20:00:00,20210803,20,2,True,0,0,144.0,2021-08,21,False,22.675722002584262,61.80632122702178,22.216345281399228
2021-08-03 21:00:00,20210803,21,2,True,0,0,144.0,2021-08,22,False,22.867333348698992,61.92671096022608,22.24557206663783
2021-08-03 22:00:00,20210803,22,2,True,0,0,129.0,2021-08,21,False,22.236471152669086,51.46920201161375,21.951270858984476
2021-08-03 23:00:00,20210803,23,2,True,0,0,122.0,2021-08,23,False,22.063660245259484,48.51035335114065,23.187892987339833
2021-08-04 00:00:00,20210804,0,3,True,0,0,88.0,2021-08,21,False,29.079995332814775,43.29106504724822,26.116864835533928
2021-08-04 01:00:00,20210804,1,3,True,0,0,121.0,2021-08,21,False,23.85996278510517,50.826624391775375,28.113799362236875
2021-08-04 02:00:00,20210804,2,3,True,0,0,119.0,2021-08,20,False,24.15410742848862,53.270562316322234,27.646676381742292
2021-08-04 03:00:00,20210804,3,3,True,0,0,122.0,2021-08,22,False,23.80256076623897,53.557391307828404,28.241381550426812
2021-08-04 04:00:00,20210804,4,3,True,0,0,119.0,2021-08,21,False,23.801352869716435,49.38558164397019,27.93776209076756
2021-08-04 05:00:00,20210804,5,3,True,0,0,105.0,2021-08,21,False,33.52027325148972,50.394398351503504,23.862712634971967
2021-08-04 06:00:00,20210804,6,3,True,0,0,124.0,2021-08,23,False,26.282293376828274,53.26667254088633,29.537122266983975
2021-08-04 07:00:00,20210804,7,3,True,0,0,156.0,2021-08,20,False,23.27833880123742,77.45704238110149,22.268923847043506
2021-08-04 08:00:00,20210804,8,3,True,0,0,198.0,2021-08,21,False,24.808139894425654,136.5427489582922,28.187901383649102
2021-08-04 09:00:00,20210804,9,3,True,0,0,198.0,2021-08,21,False,24.788451717621836,139.06627687250605,28.307542435806557
2021-08-04 10:00:00,20210804,10,3,True,0,0,188.0,2021-08,22,False,25.412703511107143,138.8833369167794,28.54732516858383
2021-08-04 11:00:00,20210804,11,3,True,0,0,208.0,2021-08,21,False,24.628289232623903,138.82095635621454,28.604722138551978
2021-08-04 12:00:00,20210804,12,3,True,0,0,121.0,2021-08,21,False,22.33430262725612,60.742113428501135,24.054772122503454
2021-08-04 13:00:00,20210804,13,3,True,0,0,194.0,2021-08,22,False,24.264470738901526,136.30896882959766,27.447613262612816
2021-08-04 14:00:00,20210804,14,3,True,0,0,196.0,2021-08,22,False,23.944368852825544,136.07669596766257,26.85966690851679
2021-08-04 15:00:00,20210804,15,3,True,0,0,161.0,2021-08,22,False,22.422457697937073,107.90942515561069,22.976333184532024
2021-08-04 16:00:00,20210804,16,3,True,0,0,174.0,2021-08,21,False,23.33511372513897,128.03620132087863,23.740069010234652
2021-08-04 17:00:00,20210804,17,3,True,0,0,147.0,2021-08,23,False,22.97021596921647,95.11069796135371,21.405468601291588
2021-08-04 18:00:00,20210804,18,3,True,0,0,183.0,2021-08,21,False,22.392252609210214,123.04711726350241,22.28389037745082
2021-08-04 19:00:00,20210804,19,3,True,0,0,151.0,2021-08,21,False,23.378056203474305,95.46176688059883,23.576649270313293
2021-08-04 20:00:00,20210804,20,3,True,0,0,107.0,2021-08,21,False,35.060558271395045,47.55429864304841,24.168388537892827
2021-08-04 21:00:00,20210804,21,3,True,0,0,110.0,2021-08,23,False,34.414590211594074,44.09112489214294,23.58749103218966
2021-08-04 22:00:00,20210804,22,3,True,0,0,103.0,2021-08,21,False,39.407997689852444,49.19084349849089,25.83757370804388
2021-08-04 23:00:00,20210804,23,3,True,0,0,103.0,2021-08,21,False,38.6501235264393,48.94992926185904,26.320716709509856
2021-08-05 00:00:00,20210805,0,4,True,0,0,68.0,2021-08,21,False,22.40179506236602,42.0258631737421,23.15550647077144
2021-08-05 01:00:00,20210805,1,4,True,0,0,110.0,2021-08,22,False,33.66899367792533,51.59943808869434,26.539435133462757
2021-08-05 02:00:00,20210805,2,4,True,0,0,111.0,2021-08,21,False,35.86108167289623,50.07419899154407,28.84718421953073
2021-08-05 03:00:00,20210805,3,4,True,0,0,110.0,2021-08,21,False,36.05521656709934,51.77904263950304,27.76721154193721
2021-08-05 04:00:00,20210805,4,4,True,0,0,111.0,2021-08,22,False,35.43024519431645,50.287149950349466,28.04750833117032
2021-08-05 05:00:00,20210805,5,4,True,0,0,94.0,2021-08,21,False,27.795728319764958,45.35427263604671,24.781473143444813
2021-08-05 06:00:00,20210805,6,4,True,0,0,116.0,2021-08,21,False,26.402343343565658,50.627567275279965,29.708743118385872
2021-08-05 07:00:00,20210805,7,4,True,0,0,141.0,2021-08,20,False,23.200045134757108,67.52803824947438,24.58522891439797
2021-08-05 08:00:00,20210805,8,4,True,0,0,192.0,2021-08,22,False,25.040889255754873,137.69286333675598,28.13836674335803
2021-08-05 09:00:00,20210805,9,4,True,0,0,198.0,2021-08,21,False,24.47377242185864,138.1966839585515,27.87491647302143
2021-08-05 10:00:00,20210805,10,4,True,0,0,187.0,2021-08,21,False,25.321810952462567,137.60464980508743,28.101831145390417
2021-08-05 11:00:00,20210805,11,4,True,0,0,207.0,2021-08,22,False,25.017651532708186,139.03791406143162,28.653203430409206
2021-08-05 12:00:00,20210805,12,4,True,0,0,112.0,2021-08,22,False,23.51157100231282,54.592315892322574,26.423404699191366
2021-08-05 13:00:00,20210805,13,4,True,0,0,192.0,2021-08,22,False,23.84779449080246,134.7554526761289,25.340727739937744
2021-08-05 14:00:00,20210805,14,4,True,0,0,187.0,2021-08,21,False,25.124356225453358,136.3448654387572,26.623082643097877
2021-08-05 15:00:00,20210805,15,4,True,0,0,164.0,2021-08,23,False,21.27998663605224,113.73768089268498,22.274415911891335
2021-08-05 16:00:00,20210805,16,4,True,0,0,166.0,2021-08,22,False,21.47252353781671,127.46422425704868,22.153916728282315
2021-08-05 17:00:00,20210805,17,4,True,0,0,129.0,2021-08,22,False,23.663782680059427,91.73647456452011,22.888379719986574
2021-08-05 18:00:00,20210805,18,4,True,0,0,174.0,2021-08,21,False,22.834520360826676,125.24028285924267,22.560725214799145
2021-08-05 19:00:00,20210805,19,4,True,0,0,169.0,2021-08,22,False,22.119600838948255,108.92731994209102,22.407204239451076
2021-08-05 20:00:00,20210805,20,4,True,0,0,128.0,2021-08,21,False,23.880111397067495,56.47364514940631,22.980736338332534
2021-08-05 21:00:00,20210805,21,4,True,0,0,126.0,2021-08,21,False,24.05832393175712,49.48502802843015,22.687341605768353
2021-08-05 22:00:00,20210805,22,4,True,0,0,122.0,2021-08,22,False,23.449853095426352,47.86463840615656,21.947886856735394
2021-08-05 23:00:00,20210805,23,4,True,0,0,114.0,2021-08,23,False,23.66501798587881,45.47120297466057,25.257184508572227
2021-08-06 00:00:00,20210806,0,5,True,0,0,88.0,2021-08,21,False,29.124503901948277,45.531810082615095,25.825472239726196
2021-08-06 01:00:00,20210806,1,5,True,0,0,121.0,2021-08,21,False,24.231799047614743,52.96119459844863,29.334929759903
2021-08-06 02:00:00,20210806,2,5,True,0,0,119.0,2021-08,20,False,23.961092778569054,51.16413901400452,29.073946835212862
2021-08-06 03:00:00,20210806,3,5,True,0,0,122.0,2021-08,22,False,24.221359436039474,54.759605309642524,29.675654654282468
2021-08-06 04:00:00,20210806,4,5,True,0,0,119.0,2021-08,22,False,24.610147756006672,54.28857625067209,28.366792372985078
2021-08-06 05:00:00,20210806,5,5,True,0,0,105.0,2021-08,21,False,33.616767402119955,50.834780903792854,24.696316796721018
2021-08-06 06:00:00,20210806,6,5,True,0,0,124.0,2021-08,22,False,26.301534308124587,54.80266554434727,30.495391552108885
2021-08-06 07:00:00,20210806,7,5,True,0,0,156.0,2021-08,20,False,22.950177886242276,84.28079289895079,23.305114497537897
2021-08-06 08:00:00,20210806,8,5,True,0,0,198.0,2021-08,20,False,25.514634012059684,141.546634661208,29.285591475597798
2021-08-06 09:00:00,20210806,9,5,True,0,0,198.0,2021-08,21,False,25.425853345983015,142.2473302392158,29.00151615886149
2021-08-06 10:00:00,20210806,10,5,True,0,0,188.0,2021-08,24,False,25.669863376686767,142.24297051851286,28.881675360653364
2021-08-06 11:00:00,20210806,11,5,True,0,0,208.0,2021-08,24,False,25.005605268417003,141.75053981570505,29.03270027461694
2021-08-06 12:00:00,20210806,12,5,True,0,0,121.0,2021-08,24,False,25.942169176797876,61.984784831348726,24.626432178712026
2021-08-06 13:00:00,20210806,13,5,True,0,0,194.0,2021-08,23,False,25.00871041527293,139.35412036843158,27.864692624510525
2021-08-06 14:00:00,20210806,14,5,True,0,0,196.0,2021-08,24,False,25.003739202756435,139.0295939470749,27.730926685647635
2021-08-06 15:00:00,20210806,15,5,True,0,0,161.0,2021-08,22,False,23.247933632491414,128.61569703266497,24.966125630810833
2021-08-06 16:00:00,20210806,16,5,True,0,0,174.0,2021-08,22,False,23.63751390657235,132.63298528107336,24.862091291766394
2021-08-06 17:00:00,20210806,17,5,True,0,0,147.0,2021-08,23,False,22.890427034243658,99.11039397598022,22.19033017986861
2021-08-06 18:00:00,20210806,18,5,True,0,0,183.0,2021-08,22,False,23.02049661009956,129.51982341480837,23.6815230856372
2021-08-06 19:00:00,20210806,19,5,True,0,0,151.0,2021-08,21,False,22.04231759886983,90.6755994061241,22.649302193329348
2021-08-06 20:00:00,20210806,20,5,True,0,0,107.0,2021-08,21,False,39.389708112557145,49.33408882414958,24.993721181190427
2021-08-06 21:00:00,20210806,21,5,True,0,0,110.0,2021-08,23,False,38.257202276498695,50.31872246595413,27.26596658530444
2021-08-06 22:00:00,20210806,22,5,True,0,0,103.0,2021-08,21,False,38.187394362792276,52.716282106022895,27.146046742184623
2021-08-06 23:00:00,20210806,23,5,True,0,0,103.0,2021-08,21,False,40.212569813227454,50.034164707458444,28.122527883247653
2021-08-07 00:00:00,20210807,0,6,True,0,0,,2021-08,22,False,23.53913363949736,42.66761709406103,23.568249939494407
2021-08-07 01:00:00,20210807,1,6,True,0,0,,2021-08,22,False,23.332451796704703,44.75042845727719,23.18313834117613
2021-08-07 02:00:00,20210807,2,6,True,0,0,,2021-08,21,False,21.80682281491974,44.679111739575035,22.9625028673741
2021-08-07 03:00:00,20210807,3,6,True,0,0,,2021-08,21,False,21.443246771277387,44.61238460238425,22.279151932594996
2021-08-07 04:00:00,20210807,4,6,True,0,0,,2021-08,21,False,23.168081335452598,44.85578956460415,22.89109723903395
2021-08-07 05:00:00,20210807,5,6,True,0,0,,2021-08,22,False,22.10074940535814,43.471559569388525,21.594597656253416
2021-08-07 06:00:00,20210807,6,6,True,0,0,,2021-08,21,False,22.3851241142884,43.97349303534361,22.998060310777902
2021-08-07 07:00:00,20210807,7,6,True,0,0,,2021-08,21,False,22.823097294912973,42.36944140947232,22.328469067106596
2021-08-07 08:00:00,20210807,8,6,True,0,0,,2021-08,22,False,22.19620163325979,57.59113326883801,22.125801106994672
2021-08-07 09:00:00,20210807,9,6,True,0,0,,2021-08,22,False,21.90816133105405,57.195881406309034,21.69579667321389
2021-08-07 10:00:00,20210807,10,6,True,0,0,,2021-08,21,False,21.7030546194004,57.613331047195096,21.9762755286754
2021-08-07 11:00:00,20210807,11,6,True,0,0,,2021-08,21,False,21.926411516369768,59.63808959592287,22.57607369891615
2021-08-07 12:00:00,20210807,12,6,True,0,0,,2021-08,23,False,20.914985695391533,30.426074016599358,20.631255722776935
2021-08-07 13:00:00,20210807,13,6,True,0,0,,2021-08,21,False,21.5143497153435,56.681923157075886,21.758326571638893
2021-08-07 14:00:00,20210807,14,6,True,0,0,,2021-08,21,False,21.496188593472638,56.70395252654208,21.6748759514934
2021-08-07 15:00:00,20210807,15,6,True,0,0,,2021-08,21,False,21.80478457450525,55.97365115138046,22.089065268040684
2021-08-07 16:00:00,20210807,16,6,True,0,0,,2021-08,24,False,21.528179080804346,54.87324375745868,21.758966218872086
2021-08-07 17:00:00,20210807,17,6,True,0,0,,2021-08,21,False,21.411494792812267,54.509494056314516,21.218824076814908
2021-08-07 18:00:00,20210807,18,6,True,0,0,,2021-08,21,False,21.83484527426499,55.42319288081842,22.218484547526685
2021-08-07 19:00:00,20210807,19,6,True,0,0,,2021-08,22,False,21.810341576680983,55.058794530846,22.22459743288884
2021-08-07 20:00:00,20210807,20,6,True,0,0,,2021-08,23,False,21.76108422324478,28.954336889744667,21.648545243648684
2021-08-07 21:00:00,20210807,21,6,True,0,0,,2021-08,22,False,22.078632510621233,29.012669671200793,22.052969217591095
2021-08-07 22:00:00,20210807,22,6,True,0,0,,2021-08,21,False,22.413361738095407,30.92911573575853,22.27361439262542
2021-08-07 23:00:00,20210807,23,6,True,0,0,,2021-08,23,False,21.812878867767505,28.388116676716226,21.210125260468814
2021-08-08 00:00:00,20210808,0,7,True,0,0,,2021-08,21,False,26.333426453014113,35.81365274408688,24.57370934655422
2021-08-08 01:00:00,20210808,1,7,True,0,0,,2021-08,21,False,26.071356451326874,35.420532725595265,24.386870200836437
2021-08-08 02:00:00,20210808,2,7,True,0,0,,2021-08,21,False,26.15075543335313,35.44653732640493,24.601727916821826
2021-08-08 03:00:00,20210808,3,7,True,0,0,,2021-08,23,False,26.057887921293787,35.53063801308681,24.46450191795508
2021-08-08 04:00:00,20210808,4,7,True,0,0,,2021-08,21,False,25.998138291611102,35.291665457043315,24.27374036685661
2021-08-08 05:00:00,20210808,5,7,True,0,0,,2021-08,21,False,25.846981776017802,35.530894203650604,24.27752666307825
2021-08-08 06:00:00,20210808,6,7,True,0,0,,2021-08,21,False,26.080326932236062,34.162058024817334,24.507593752342903
2021-08-08 07:00:00,20210808,7,7,True,0,0,,2021-08,22,False,26.5363511884848,37.09708251809331,25.079081777126117
2021-08-08 08:00:00,20210808,8,7,True,0,0,,2021-08,21,False,26.38453457209002,58.96691987242787,25.259334884006552
2021-08-08 09:00:00,20210808,9,7,True,0,0,,2021-08,21,False,26.229529401428067,60.08356158755449,25.096884075704754
2021-08-08 10:00:00,20210808,10,7,True,0,0,,2021-08,23,False,26.61559817515763,60.1026319453712,25.4299820661586
2021-08-08 11:00:00,20210808,11,7,True,0,0,,2021-08,21,False,26.963912415697052,60.32523021652352,25.743891894376077
2021-08-08 12:00:00,20210808,12,7,True,0,0,,2021-08,21,False,25.757858307490604,37.90533386605002,24.22544716004285
2021-08-08 13:00:00,20210808,13,7,True,0,0,,2021-08,21,False,25.897336631814643,58.87319366525288,24.600712586029996
2021-08-08 14:00:00,20210808,14,7,True,0,0,,2021-08,22,False,25.96095633739293,59.04898308545259,24.71690874649813
2021-08-08 15:00:00,20210808,15,7,True,0,0,,2021-08,21,False,25.863098941697917,57.688147245740105,24.679299310500124
2021-08-08 16:00:00,20210808,16,7,True,0,0,,2021-08,21,False,25.976618453430586,57.51979981928116,24.736531248426036
2021-08-08 17:00:00,20210808,17,7,True,0,0,,2021-08,22,False,25.618582425114667,57.103104464077084,24.502762596688928
2021-08-08 18:00:00,20210808,18,7,True,0,0,,2021-08,22,False,26.040053293202316,57.431735894267206,24.825645021573333
2021-08-08 19:00:00,20210808,19,7,True,0,0,,2021-08,21,False,25.899436970432333,57.657286458503854,24.664642428350067
2021-08-08 20:00:00,20210808,20,7,True,0,0,,2021-08,21,False,26.105501803704446,37.53665015012066,24.534002805626116
2021-08-08 21:00:00,20210808,21,7,True,0,0,,2021-08,22,False,26.20485562134432,37.79325177974456,24.66844081574277
2021-08-08 22:00:00,20210808,22,7,True,0,0,,2021-08,21,False,26.600987361617797,37.760866432939046,25.056756340634724
2021-08-08 23:00:00,20210808,23,7,True,0,0,,2021-08,21,False,27.02665803179112,38.199182197023326,25.892627584049478
2021-08-09 00:00:00,20210809,0,1,False,0,20689,,2021-08,21,False,24.956694901443996,44.2866753640188,24.427479653143724
2021-08-09 01:00:00,20210809,1,1,False,0,20689,,2021-08,23,False,24.778962011027957,42.3739674642232,24.265390089093625
2021-08-09 02:00:00,20210809,2,1,False,0,20689,,2021-08,20,False,24.820002923898922,43.4207512964289,24.660772139666545
2021-08-09 03:00:00,20210809,3,1,False,0,20689,,2021-08,22,False,24.87376609573241,45.076745704069445,24.616036224126276
2021-08-09 04:00:00,20210809,4,1,False,0,20689,,2021-08,21,False,24.924795679065397,42.466818177107065,24.39112219965092
2021-08-09 05:00:00,20210809,5,1,False,0,20689,,2021-08,21,False,24.626550659550144,41.343022988624796,24.16259384794142
2021-08-09 06:00:00,20210809,6,1,False,0,20689,,2021-08,20,False,33.511288818410456,49.87682912452032,42.04330840807842
2021-08-09 07:00:00,20210809,7,1,False,0,20689,,2021-08,70,False,68.88510357366712,85.32057184197681,78.1663635094756
2021-08-09 08:00:00,20210809,8,1,False,0,20689,,2021-08,193,True,175.02149070438114,183.78117986086485,175.74623661497643
2021-08-09 09:00:00,20210809,9,1,False,0,20689,,2021-08,191,True,175.61434074071417,184.96500610800084,176.19723469265827
2021-08-09 10:00:00,20210809,10,1,False,0,20689,,2021-08,182,True,172.35168956464187,179.88827637681837,172.23122252418202
2021-08-09 11:00:00,20210809,11,1,False,0,20689,,2021-08,187,True,178.49488803529553,186.814525853296,182.29065921505287
2021-08-09 12:00:00,20210809,12,1,False,0,20689,,2021-08,129,False,110.30027534617788,123.67227583779118,111.526307527178
2021-08-09 13:00:00,20210809,13,1,False,0,20689,,2021-08,182,True,172.52365134860634,187.9104503667614,172.5419518317166
2021-08-09 14:00:00,20210809,14,1,False,0,20689,,2021-08,183,True,177.4825236876685,191.4929189514144,178.71004041791
2021-08-09 15:00:00,20210809,15,1,False,0,20689,,2021-08,167,False,169.07217310805956,184.14887598246025,169.31324111908586
2021-08-09 16:00:00,20210809,16,1,False,0,20689,,2021-08,184,True,170.14886248171635,187.66779930160797,169.60053708524666
2021-08-09 17:00:00,20210809,17,1,False,0,20689,,2021-08,146,False,133.6260305816445,142.82021154215795,127.98800454780964
2021-08-09 18:00:00,20210809,18,1,False,0,20689,,2021-08,98,False,98.84658999638589,165.60295117855233,106.73943176924531
2021-08-09 19:00:00,20210809,19,1,False,0,20689,,2021-08,93,False,92.4648625724159,140.04539860511494,98.19994211586705
2021-08-09 20:00:00,20210809,20,1,False,0,20689,,2021-08,109,False,100.76641154853371,112.19090385148333,98.02964859403893
2021-08-09 21:00:00,20210809,21,1,False,0,20689,,2021-08,115,False,110.38849765917648,116.98300347420366,106.80614963386854
2021-08-09 22:00:00,20210809,22,1,False,0,20689,,2021-08,109,False,103.79456626114573,111.21852627133099,102.54453507814152
2021-08-09 23:00:00,20210809,23,1,False,0,20689,,2021-08,98,False,92.74216527480905,102.62590780012874,87.68962245113975
2021-08-10 00:00:00,20210810,0,2,False,0,17425,,2021-08,68,False,59.47544598095927,78.5088357982712,59.1024258221876
2021-08-10 01:00:00,20210810,1,2,False,0,17425,,2021-08,99,False,97.8191093520549,107.81726331797846,94.57289508262453
2021-08-10 02:00:00,20210810,2,2,False,0,17425,,2021-08,96,False,103.36698176222103,110.74097430626699,103.28153653489589
2021-08-10 03:00:00,20210810,3,2,False,0,17425,,2021-08,98,False,103.66872253562549,114.48057103250436,102.55555398259467
2021-08-10 04:00:00,20210810,4,2,False,0,17425,,2021-08,101,False,103.54192566093997,111.35777785130392,100.86873808910372
2021-08-10 05:00:00,20210810,5,2,False,0,17425,,2021-08,85,False,94.03907667336686,105.58026392823433,92.87334006373675
2021-08-10 06:00:00,20210810,6,2,False,0,17425,,2021-08,100,False,108.10621823316562,117.70982250066697,103.78452824030178
2021-08-10 07:00:00,20210810,7,2,False,0,17425,,2021-08,128,False,127.8887935548084,134.39486172137796,125.31685356485404
2021-08-10 08:00:00,20210810,8,2,False,0,17425,,2021-08,183,True,171.97764868347085,181.96469821994808,169.54128605274204
2021-08-10 09:00:00,20210810,9,2,False,0,17425,,2021-08,185,True,174.2843759027968,180.04572077256287,171.53691461793628
2021-08-10 10:00:00,20210810,10,2,False,0,17425,,2021-08,175,False,177.7321436516648,190.49619226234697,180.42211294084382
2021-08-10 11:00:00,20210810,11,2,False,0,17425,,2021-08,185,True,171.509521687155,190.45536417034842,161.73371428048057
2021-08-10 12:00:00,20210810,12,2,False,0,17425,,2021-08,107,False,100.76075530032051,123.31081657875508,104.13534752490841
2021-08-10 13:00:00,20210810,13,2,False,0,17425,,2021-08,181,True,162.71571262923098,176.53531658839384,159.40690765746345
2021-08-10 14:00:00,20210810,14,2,False,0,17425,,2021-08,170,False,176.60319242979543,187.14262603201632,178.98782513863102
2021-08-10 15:00:00,20210810,15,2,False,0,17425,,2021-08,155,False,172.480589485879,183.95126281738877,171.70539533976742
2021-08-10 16:00:00,20210810,16,2,False,0,17425,,2021-08,169,False,170.7805315842861,182.01481023505858,170.87325970554477
2021-08-10 17:00:00,20210810,17,2,False,0,17425,,2021-08,126,False,142.86461602254474,157.12424637864572,141.08627207464357
2021-08-10 18:00:00,20210810,18,2,False,0,17425,,2021-08,165,False,162.29464730102424,179.14788170685623,163.17033754360443
2021-08-10 19:00:00,20210810,19,2,False,0,17425,,2021-08,156,False,166.05444188882862,179.85338390711263,165.58033705158493
2021-08-10 20:00:00,20210810,20,2,False,0,17425,,2021-08,129,False,127.54908017825522,132.57576343959573,129.85074047203065
2021-08-10 21:00:00,20210810,21,2,False,0,17425,,2021-08,123,False,126.46877622401644,126.18424067301048,126.54295475086768
2021-08-10 22:00:00,20210810,22,2,False,0,17425,,2021-08,106,False,118.12075476608857,118.22538693323558,112.23889720106358
2021-08-10 23:00:00,20210810,23,2,False,0,17425,,2021-08,99,False,98.59706742783095,115.2602233104535,90.80936471480557
2021-08-11 00:00:00,20210811,0,3,False,0,19587,,2021-08,77,False,71.7788566713998,96.78663027895954,71.35545058626379
2021-08-11 01:00:00,20210811,1,3,False,0,19587,,2021-08,99,False,99.5848685829664,109.88132437481458,98.61227921122948
2021-08-11 02:00:00,20210811,2,3,False,0,19587,,2021-08,109,False,105.20834876086633,110.94036891579776,102.66654013960242
2021-08-11 03:00:00,20210811,3,3,False,0,19587,,2021-08,104,False,107.37519001652895,113.27646812006942,104.99754668117335
2021-08-11 04:00:00,20210811,4,3,False,0,19587,,2021-08,111,False,107.22678086297543,113.10146034652264,104.50836223884467
2021-08-11 05:00:00,20210811,5,3,False,0,19587,,2021-08,92,False,103.99953078181268,119.99981584457585,103.0526080672923
2021-08-11 06:00:00,20210811,6,3,False,0,19587,,2021-08,122,False,110.06791310156147,119.65212677788634,111.45199017519572
2021-08-11 07:00:00,20210811,7,3,False,0,19587,,2021-08,132,False,130.92020905008613,145.5720400938346,132.0130308401572
2021-08-11 08:00:00,20210811,8,3,False,0,19587,,2021-08,203,True,179.57458194066976,191.86843373078534,182.5715163616783
2021-08-11 09:00:00,20210811,9,3,False,0,19587,,2021-08,179,True,180.68545173816906,197.996816271197,184.90792627888322
2021-08-11 10:00:00,20210811,10,3,False,0,19587,,2021-08,183,True,179.83690395949804,197.1396669614247,184.9767722904437
2021-08-11 11:00:00,20210811,11,3,False,0,19587,,2021-08,184,True,181.31564692345128,198.64173541582582,185.92758324438046
2021-08-11 12:00:00,20210811,12,3,False,0,19587,,2021-08,113,False,118.34604527700158,124.43277287055442,118.24067585191301
2021-08-11 13:00:00,20210811,13,3,False,0,19587,,2021-08,183,True,176.89918799597356,192.00452452542902,179.23527147959737
2021-08-11 14:00:00,20210811,14,3,False,0,19587,,2021-08,187,True,179.74687200014014,193.72618993779523,183.64160883323396
2021-08-11 15:00:00,20210811,15,3,False,0,19587,,2021-08,153,False,163.97171125386646,179.5317895928846,163.47334142806662
2021-08-11 16:00:00,20210811,16,3,False,0,19587,,2021-08,182,True,168.2732885889429,180.33941140583545,167.715140572285
2021-08-11 17:00:00,20210811,17,3,False,0,19587,,2021-08,151,False,133.49132651231432,143.38608448111796,134.42121207937006
2021-08-11 18:00:00,20210811,18,3,False,0,19587,,2021-08,180,True,168.32543678579938,182.8977332161236,167.94770321274882
2021-08-11 19:00:00,20210811,19,3,False,0,19587,,2021-08,150,False,147.82730704979693,156.74530866798383,151.69035306578525
2021-08-11 20:00:00,20210811,20,3,False,0,19587,,2021-08,125,False,114.63533772442992,127.23563964500907,113.68981575479226
2021-08-11 21:00:00,20210811,21,3,False,0,19587,,2021-08,108,False,111.0921652957641,116.27575268832688,108.04529418168774
2021-08-11 22:00:00,20210811,22,3,False,0,19587,,2021-08,110,False,105.36226049078958,111.80878510257503,103.4137775757179
2021-08-11 23:00:00,20210811,23,3,False,0,19587,,2021-08,99,False,101.58577100526662,111.0947176204344,96.04178965608033
2021-08-12 00:00:00,20210812,0,4,False,0,22339,,2021-08,76,False,59.169848553120374,80.0532037013764,59.2350232640267
2021-08-12 01:00:00,20210812,1,4,False,0,22339,,2021-08,105,False,98.27877306119997,110.01829729318744,96.89969328227028
2021-08-12 02:00:00,20210812,2,4,False,0,22339,,2021-08,108,False,103.83087385678168,112.10955091475388,101.9323329926463
2021-08-12 03:00:00,20210812,3,4,False,0,22339,,2021-08,104,False,104.03014624205304,112.27586322675972,102.40711369356642
2021-08-12 04:00:00,20210812,4,4,False,0,22339,,2021-08,107,False,104.65205727406821,112.52904078217365,104.07092199775263
2021-08-12 05:00:00,20210812,5,4,False,0,22339,,2021-08,89,False,94.61761086095953,106.1459192318149,94.41917419208596
2021-08-12 06:00:00,20210812,6,4,False,0,22339,,2021-08,114,False,106.19929676900479,115.53179947644672,106.66217202432942
2021-08-12 07:00:00,20210812,7,4,False,0,22339,,2021-08,130,False,127.7201588262886,139.96279781095913,126.29269308550295
2021-08-12 08:00:00,20210812,8,4,False,0,22339,,2021-08,187,True,177.6360123731272,191.54136283672747,180.08379026335652
2021-08-12 09:00:00,20210812,9,4,False,0,22339,,2021-08,181,True,184.40732932318667,198.74591192462583,187.95825809096573
2021-08-12 10:00:00,20210812,10,4,False,0,22339,,2021-08,177,True,178.3440051013973,187.8588397560071,178.14934348604288
2021-08-12 11:00:00,20210812,11,4,False,0,22339,,2021-08,188,True,182.90917788945603,199.24499288487573,188.42118558706477
2021-08-12 12:00:00,20210812,12,4,False,0,22339,,2021-08,120,False,106.27464868079379,121.53915237324418,109.07484330743758
2021-08-12 13:00:00,20210812,13,4,False,0,22339,,2021-08,170,False,181.9935758484913,187.98468919232778,179.74823489013636
2021-08-12 14:00:00,20210812,14,4,False,0,22339,,2021-08,184,True,182.05825840015552,195.49164851762453,183.16889794586118
2021-08-12 15:00:00,20210812,15,4,False,0,22339,,2021-08,165,False,163.3912296884432,178.38741131266246,164.0130228466386
2021-08-12 16:00:00,20210812,16,4,False,0,22339,,2021-08,170,False,170.3433729571616,182.8070426157939,169.2119190107931
2021-08-12 17:00:00,20210812,17,4,False,0,22339,,2021-08,135,False,135.94460148862748,144.3493321655525,135.62510217140337
2021-08-12 18:00:00,20210812,18,4,False,0,22339,,2021-08,172,False,168.99756043408024,184.60658387230657,168.88273664251076
2021-08-12 19:00:00,20210812,19,4,False,0,22339,,2021-08,161,False,162.81418339769164,172.47727943302831,163.52981986974285
2021-08-12 20:00:00,20210812,20,4,False,0,22339,,2021-08,125,False,118.71314951558027,123.36848839035639,115.88124981378321
2021-08-12 21:00:00,20210812,21,4,False,0,22339,,2021-08,112,False,99.76031322970414,116.78692161229382,97.89428825284342
2021-08-12 22:00:00,20210812,22,4,False,0,22339,,2021-08,116,False,95.46400508817918,117.94285778029577,91.21111753906264
2021-08-12 23:00:00,20210812,23,4,False,0,22339,,2021-08,103,False,101.02796274234545,113.84434638909858,96.88172483146082
2021-08-13 00:00:00,20210813,0,5,False,0,17668,,2021-08,72,False,78.13485433198467,94.23133140843521,78.99804421144853
2021-08-13 01:00:00,20210813,1,5,False,0,17668,,2021-08,100,False,105.6581848128468,110.04681408434699,104.2087388720509
2021-08-13 02:00:00,20210813,2,5,False,0,17668,,2021-08,112,False,104.69714832435318,108.71584766369489,103.44935917893241
2021-08-13 03:00:00,20210813,3,5,False,0,17668,,2021-08,116,False,107.43782459121273,110.53598524840505,104.5100325019675
2021-08-13 04:00:00,20210813,4,5,False,0,17668,,2021-08,110,False,101.39653078121923,107.69854817905842,94.70401998825422
2021-08-13 05:00:00,20210813,5,5,False,0,17668,,2021-08,88,False,83.23189646656705,109.9226796263684,90.70551362454255
2021-08-13 06:00:00,20210813,6,5,False,0,17668,,2021-08,110,False,106.5213925287919,120.3878863261008,109.29205407056402
2021-08-13 07:00:00,20210813,7,5,False,0,17668,,2021-08,136,False,129.53324741183476,139.8687770588648,129.1503054938445
2021-08-13 08:00:00,20210813,8,5,False,0,17668,,2021-08,196,True,175.24798228234127,186.20966352832997,178.27234409870275
2021-08-13 09:00:00,20210813,9,5,False,0,17668,,2021-08,188,True,177.55476043977956,188.79362417060145,180.9424333463834
2021-08-13 10:00:00,20210813,10,5,False,0,17668,,2021-08,184,True,172.12530129377595,183.97872046787685,173.93323340348397
2021-08-13 11:00:00,20210813,11,5,False,0,17668,,2021-08,196,True,173.98495777344007,182.53328227763996,178.3963206016263
2021-08-13 12:00:00,20210813,12,5,False,0,17668,,2021-08,111,False,111.00246213118051,121.0035448419254,110.20184061594166
2021-08-13 13:00:00,20210813,13,5,False,0,17668,,2021-08,183,True,174.97686276894873,185.27741843338177,176.7613976441204
2021-08-13 14:00:00,20210813,14,5,False,0,17668,,2021-08,189,True,177.33779505270897,187.09410284334137,180.0137574603351
2021-08-13 15:00:00,20210813,15,5,False,0,17668,,2021-08,167,False,169.7974532998899,178.61720056466552,167.23549855292035
2021-08-13 16:00:00,20210813,16,5,False,0,17668,,2021-08,183,True,170.85693757815406,179.42313278282424,169.1781168732192
2021-08-13 17:00:00,20210813,17,5,False,0,17668,,2021-08,149,False,139.38419175227133,148.5578840709846,138.65658639175564
2021-08-13 18:00:00,20210813,18,5,False,0,17668,,2021-08,174,False,166.56012721210726,180.5422546405483,167.19600186108
2021-08-13 19:00:00,20210813,19,5,False,0,17668,,2021-08,146,False,143.14899982696133,141.88931045224166,136.83693713979685
2021-08-13 20:00:00,20210813,20,5,False,0,17668,,2021-08,117,False,85.70528631090038,116.58366727511384,95.69121060513173
2021-08-13 21:00:00,20210813,21,5,False,0,17668,,2021-08,113,False,98.87475771495379,111.38544994004967,102.31792274485979
2021-08-13 22:00:00,20210813,22,5,False,0,17668,,2021-08,109,False,104.3134741377783,117.3457323460524,105.03585209632463
2021-08-13 23:00:00,20210813,23,5,False,0,17668,,2021-08,97,False,98.89572311060397,110.05940942560596,90.25206007215756
2021-08-14 00:00:00,20210814,0,6,False,0,1529,,2021-08,62,False,43.25136422105009,86.35668106042641,48.7926739814364
2021-08-14 01:00:00,20210814,1,6,False,0,1529,,2021-08,97,False,77.73740421323659,94.20136116971094,80.1059171822816
2021-08-14 02:00:00,20210814,2,6,False,0,1529,,2021-08,107,False,85.55880787586601,98.92735835034433,87.66408935884014
2021-08-14 03:00:00,20210814,3,6,False,0,1529,,2021-08,91,False,85.92610365784488,96.1206141797885,86.13151942756367
2021-08-14 04:00:00,20210814,4,6,False,0,1529,,2021-08,98,False,86.67127281459307,98.76531378152248,87.71986086988657
2021-08-14 05:00:00,20210814,5,6,False,0,1529,,2021-08,83,False,87.64120427980004,100.4658736256901,87.22398390249843
2021-08-14 06:00:00,20210814,6,6,False,0,1529,,2021-08,86,False,90.55596291837423,100.6915303288514,90.20305213734547
2021-08-14 07:00:00,20210814,7,6,False,0,1529,,2021-08,53,False,83.61242532128557,104.2483106679144,77.16224243196224
2021-08-14 08:00:00,20210814,8,6,False,0,1529,,2021-08,23,False,45.86905898842315,72.02311866073761,48.25721166918433
2021-08-14 09:00:00,20210814,9,6,False,0,1529,,2021-08,22,False,29.180344762599713,56.08219444651448,32.02433030846887
2021-08-14 10:00:00,20210814,10,6,False,0,1529,,2021-08,21,False,29.309472137597307,56.03585880241459,32.087995460524866
2021-08-14 11:00:00,20210814,11,6,False,0,1529,,2021-08,23,False,29.512961069170142,60.113194315148085,32.44451641440463
2021-08-14 12:00:00,20210814,12,6,False,0,1529,,2021-08,22,False,29.062067408373167,70.71833199502628,31.122500285404964
2021-08-14 13:00:00,20210814,13,6,False,0,1529,,2021-08,21,False,29.191011337051382,55.9764980752278,31.733315521506665
2021-08-14 14:00:00,20210814,14,6,False,0,1529,,2021-08,22,False,29.26321939724447,56.156491967240726,31.861494384795197
2021-08-14 15:00:00,20210814,15,6,False,0,1529,,2021-08,23,False,29.4443958595019,60.239062373069636,32.08565491694287
2021-08-14 16:00:00,20210814,16,6,False,0,1529,,2021-08,22,False,29.380635626828944,56.209465594444204,31.84218170157691
2021-08-14 17:00:00,20210814,17,6,False,0,1529,,2021-08,21,False,28.935207184858303,55.8832201834202,31.34801915307209
2021-08-14 18:00:00,20210814,18,6,False,0,1529,,2021-08,22,False,29.418403956527353,59.390603853389244,32.11505864299756
2021-08-14 19:00:00,20210814,19,6,False,0,1529,,2021-08,23,False,29.452158827388928,59.40664954111907,31.88618800002404
2021-08-14 20:00:00,20210814,20,6,False,0,1529,,2021-08,22,False,29.49332487179362,70.15212766626605,31.51690574270502
2021-08-14 21:00:00,20210814,21,6,False,0,1529,,2021-08,22,False,29.60797366436456,73.99629608140008,31.90522939684161
2021-08-14 22:00:00,20210814,22,6,False,0,1529,,2021-08,23,False,29.359793847234936,75.08823195300006,31.607460962233812
2021-08-14 23:00:00,20210814,23,6,False,0,1529,,2021-08,22,False,29.270007176918124,69.37800027986619,31.21714430628273
2021-08-15 00:00:00,20210815,0,7,True,1,0,,2021-08,22,False,23.084710311778654,24.772911591032692,23.184397447435853
2021-08-15 01:00:00,20210815,1,7,True,1,0,,2021-08,23,False,23.062743513744664,24.836011683323505,23.157421831167536
2021-08-15 02:00:00,20210815,2,7,True,1,0,,2021-08,22,False,23.113586420847327,24.765621567968548,23.17961911595566
2021-08-15 03:00:00,20210815,3,7,True,1,0,,2021-08,21,False,23.279996230710694,25.127684735245975,23.37768512102805
2021-08-15 04:00:00,20210815,4,7,True,1,0,,2021-08,22,False,23.143865663275175,24.902342171026078,23.224709054286933
2021-08-15 05:00:00,20210815,5,7,True,1,0,,2021-08,23,False,22.799366681423606,24.864817180905547,22.718920162938687
2021-08-15 06:00:00,20210815,6,7,True,1,0,,2021-08,22,False,23.2382130682293,25.071953394358136,23.19391688859362
2021-08-15 07:00:00,20210815,7,7,True,1,0,,2021-08,21,False,22.938706256464304,23.75152809227922,23.239447620172054
2021-08-15 08:00:00,20210815,8,7,True,1,0,,2021-08,23,False,23.552405992220653,23.219289751753944,23.68427291753865
2021-08-15 09:00:00,20210815,9,7,True,1,0,,2021-08,23,False,23.46155022992336,23.879418008480126,23.519689447687416
2021-08-15 10:00:00,20210815,10,7,True,1,0,,2021-08,21,False,23.480842493059033,23.39939894951768,23.654848672248733
2021-08-15 11:00:00,20210815,11,7,True,1,0,,2021-08,22,False,23.177455400685535,22.77528819302232,23.32665246561643
2021-08-15 12:00:00,20210815,12,7,True,1,0,,2021-08,23,False,22.81062086751169,24.68933088957645,23.06745148157499
2021-08-15 13:00:00,20210815,13,7,True,1,0,,2021-08,22,False,23.277584977652953,23.280618741769697,23.466136186637243
2021-08-15 14:00:00,20210815,14,7,True,1,0,,2021-08,22,False,23.29459863126232,23.47485267521598,23.56061291083731
2021-08-15 15:00:00,20210815,15,7,True,1,0,,2021-08,21,False,23.018720163616894,23.301588463449473,23.096714081540984
2021-08-15 16:00:00,20210815,16,7,True,1,0,,2021-08,23,False,22.89558964970475,23.169707803470118,22.9994502871435
2021-08-15 17:00:00,20210815,17,7,True,1,0,,2021-08,22,False,22.560701109836746,22.985341256122595,22.917723017828166
2021-08-15 18:00:00,20210815,18,7,True,1,0,,2021-08,21,False,23.211205778736232,24.107184785550828,23.39007404021736
2021-08-15 19:00:00,20210815,19,7,True,1,0,,2021-08,23,False,23.166242566912164,23.592788011872358,23.272339026388394
2021-08-15 20:00:00,20210815,20,7,True,1,0,,2021-08,22,False,23.145261701040386,23.423346474843097,23.27439359669351
2021-08-15 21:00:00,20210815,21,7,True,1,0,,2021-08,22,False,23.262230905086028,23.36198306516394,23.519140830523714
2021-08-15 22:00:00,20210815,22,7,True,1,0,,2021-08,23,False,23.22680614369877,23.3020528825456,23.45649627421092
2021-08-15 23:00:00,20210815,23,7,True,1,0,,2021-08,23,False,23.38035689279002,23.976921130174627,23.67517700623382
2021-08-16 00:00:00,20210816,0,1,False,1,10238,21.0,2021-08,22,False,38.03998381141373,69.10354958586912,44.830424145104416
2021-08-16 01:00:00,20210816,1,1,False,1,10238,23.0,2021-08,21,False,37.367501295628436,68.56215082617598,43.40692522536667
2021-08-16 02:00:00,20210816,2,1,False,1,10238,20.0,2021-08,23,False,37.69330126962594,68.88391223002749,44.42686405230315
2021-08-16 03:00:00,20210816,3,1,False,1,10238,22.0,2021-08,21,False,37.46810044169564,67.96840354027826,44.243659038684875
2021-08-16 04:00:00,20210816,4,1,False,1,10238,21.0,2021-08,22,False,37.936602303457754,69.84480274635344,44.72030206975476
2021-08-16 05:00:00,20210816,5,1,False,1,10238,21.0,2021-08,22,False,37.31413788955351,70.08689483532572,43.8392976606764
2021-08-16 06:00:00,20210816,6,1,False,1,10238,20.0,2021-08,23,False,46.278994187556684,73.75391911482103,58.5042394860032
2021-08-16 07:00:00,20210816,7,1,False,1,10238,70.0,2021-08,60,False,75.6125293798661,92.37489049905167,86.46729831621906
2021-08-16 08:00:00,20210816,8,1,False,1,10238,193.0,2021-08,174,False,173.2122397071511,172.0388490750394,174.13474583286657
2021-08-16 09:00:00,20210816,9,1,False,1,10238,191.0,2021-08,183,True,174.505546806859,172.37321111550145,174.34343909701263
2021-08-16 10:00:00,20210816,10,1,False,1,10238,182.0,2021-08,144,False,171.86486849798135,165.7580974914196,171.74092855292838
2021-08-16 11:00:00,20210816,11,1,False,1,10238,187.0,2021-08,155,False,177.64157984842333,174.10985394422016,161.47697936217745
2021-08-16 12:00:00,20210816,12,1,False,1,10238,129.0,2021-08,97,False,94.8804301614377,117.94454070719507,103.18117849921579
2021-08-16 13:00:00,20210816,13,1,False,1,10238,182.0,2021-08,153,False,171.3524304171772,164.58949287747475,164.19038342436434
2021-08-16 14:00:00,20210816,14,1,False,1,10238,183.0,2021-08,146,False,172.96376123406733,166.10449668508014,172.85682470844972
2021-08-16 15:00:00,20210816,15,1,False,1,10238,167.0,2021-08,133,False,167.7886780838398,158.42419539332278,165.50403830361026
2021-08-16 16:00:00,20210816,16,1,False,1,10238,184.0,2021-08,116,False,166.98756300247146,160.78818776350568,150.98070529589222
2021-08-16 17:00:00,20210816,17,1,False,1,10238,146.0,2021-08,100,False,101.38893323745448,134.70042379378484,108.62812445991811
2021-08-16 18:00:00,20210816,18,1,False,1,10238,98.0,2021-08,92,False,113.38333282372513,115.96646402842403,114.70740367205237
2021-08-16 19:00:00,20210816,19,1,False,1,10238,93.0,2021-08,89,False,118.31244544239246,115.67478890435721,119.42690117810271
2021-08-16 20:00:00,20210816,20,1,False,1,10238,109.0,2021-08,98,False,104.05162396024484,102.92469787428132,108.18763605030644
2021-08-16 21:00:00,20210816,21,1,False,1,10238,115.0,2021-08,112,False,107.23292543171165,107.87785749444517,110.64079206554072
2021-08-16 22:00:00,20210816,22,1,False,1,10238,109.0,2021-08,95,False,98.77663456393509,100.91724731738923,104.82312635758628
2021-08-16 23:00:00,20210816,23,1,False,1,10238,98.0,2021-08,96,False,93.67002814588301,96.8278991495029,91.05560777027422
2021-08-17 00:00:00,20210817,0,2,False,0,29279,68.0,2021-08,70,False,73.7948389591049,89.82390676097721,76.01865336095072
2021-08-17 01:00:00,20210817,1,2,False,0,29279,99.0,2021-08,96,False,101.22423283581004,106.55728161629473,100.03711039041798
2021-08-17 02:00:00,20210817,2,2,False,0,29279,96.0,2021-08,98,False,97.12049406320689,103.71968337767557,97.35123356744337
2021-08-17 03:00:00,20210817,3,2,False,0,29279,98.0,2021-08,92,False,97.12674749866348,104.365575569977,97.24861824882852
2021-08-17 04:00:00,20210817,4,2,False,0,29279,101.0,2021-08,93,False,100.27960572781177,106.56271705047652,100.26481794242352
2021-08-17 05:00:00,20210817,5,2,False,0,29279,85.0,2021-08,86,False,91.86227263072736,102.09056275159878,91.93985894847754
2021-08-17 06:00:00,20210817,6,2,False,0,29279,100.0,2021-08,94,False,101.55304656588964,109.40054063903142,102.41000571349132
2021-08-17 07:00:00,20210817,7,2,False,0,29279,128.0,2021-08,125,False,128.31113793286292,135.59785905340584,128.74626845002604
2021-08-17 08:00:00,20210817,8,2,False,0,29279,183.0,2021-08,164,False,174.37305696013254,177.48554290876052,171.15240508271276
2021-08-17 09:00:00,20210817,9,2,False,0,29279,185.0,2021-08,163,False,173.60582496763956,180.8557499420816,172.4395709108663
2021-08-17 10:00:00,20210817,10,2,False,0,29279,175.0,2021-08,153,False,170.436206095392,175.74487966993516,169.8907641555319
2021-08-17 11:00:00,20210817,11,2,False,0,29279,185.0,2021-08,169,False,176.73875248688307,182.31259092294377,167.59603596408604
2021-08-17 12:00:00,20210817,12,2,False,0,29279,107.0,2021-08,110,False,105.53464596441961,116.09435953193044,108.17893746555781
2021-08-17 13:00:00,20210817,13,2,False,0,29279,181.0,2021-08,162,False,169.96843888241796,176.4062353613367,162.2889324900045
2021-08-17 14:00:00,20210817,14,2,False,0,29279,170.0,2021-08,161,False,171.94441991167147,176.77410828634527,169.88453568122117
2021-08-17 15:00:00,20210817,15,2,False,0,29279,155.0,2021-08,150,False,167.34508472678448,172.89115008569797,164.00635766791922
2021-08-17 16:00:00,20210817,16,2,False,0,29279,169.0,2021-08,152,False,167.03017686579418,173.29378424360002,163.71588230435256
2021-08-17 17:00:00,20210817,17,2,False,0,29279,126.0,2021-08,113,False,131.9271635625892,146.75812326251858,133.36283182157072
2021-08-17 18:00:00,20210817,18,2,False,0,29279,165.0,2021-08,149,False,167.08119698003807,174.1794779042789,164.66188695577299
2021-08-17 19:00:00,20210817,19,2,False,0,29279,156.0,2021-08,138,False,165.3886893512962,171.36048833884865,163.68164096078843
2021-08-17 20:00:00,20210817,20,2,False,0,29279,129.0,2021-08,120,False,124.45082918360198,131.36151205411224,125.2618626465109
2021-08-17 21:00:00,20210817,21,2,False,0,29279,123.0,2021-08,118,False,120.72699273023595,126.65098267388954,121.47038555043167
2021-08-17 22:00:00,20210817,22,2,False,0,29279,106.0,2021-08,110,False,108.52755286349026,112.99257039330946,108.74035541212261
2021-08-17 23:00:00,20210817,23,2,False,0,29279,99.0,2021-08,104,False,101.39645672139771,108.03925198466324,103.66741807398603
2021-08-18 00:00:00,20210818,0,3,False,0,20063,77.0,2021-08,65,False,75.2842590171435,93.67500667205451,78.15988216899021
2021-08-18 01:00:00,20210818,1,3,False,0,20063,99.0,2021-08,95,False,100.20882765753278,108.99518300677384,99.57888868496183
2021-08-18 02:00:00,20210818,2,3,False,0,20063,109.0,2021-08,103,False,102.80124820541101,110.11363320885441,101.60809063092539
2021-08-18 03:00:00,20210818,3,3,False,0,20063,104.0,2021-08,91,False,100.76450946241299,108.7330987759501,102.16503713095409
2021-08-18 04:00:00,20210818,4,3,False,0,20063,111.0,2021-08,95,False,104.65850821053856,112.53953745459938,104.01248056183061
2021-08-18 05:00:00,20210818,5,3,False,0,20063,92.0,2021-08,83,False,92.06455704153286,104.60491063826258,93.91122320255909
2021-08-18 06:00:00,20210818,6,3,False,0,20063,122.0,2021-08,101,False,110.87373023490512,125.26255455834121,110.27824196256533
2021-08-18 07:00:00,20210818,7,3,False,0,20063,132.0,2021-08,125,False,129.45043600979992,138.93533861356514,128.98062022405512
2021-08-18 08:00:00,20210818,8,3,False,0,20063,203.0,2021-08,163,False,179.72255609847318,185.1591222913428,179.02315032121894
2021-08-18 09:00:00,20210818,9,3,False,0,20063,179.0,2021-08,169,False,175.8186613858069,180.40797740834236,172.69315212861784
2021-08-18 10:00:00,20210818,10,3,False,0,20063,183.0,2021-08,159,False,171.49333840118697,177.45203298605796,169.65358544450774
2021-08-18 11:00:00,20210818,11,3,False,0,20063,184.0,2021-08,173,False,174.41533295317254,178.84791498577178,172.53945247083274
2021-08-18 12:00:00,20210818,12,3,False,0,20063,113.0,2021-08,102,False,117.00737632618939,131.93854997820543,116.78189026601945
2021-08-18 13:00:00,20210818,13,3,False,0,20063,183.0,2021-08,171,False,173.92149263311708,180.81537054880877,169.54696598509108
2021-08-18 14:00:00,20210818,14,3,False,0,20063,187.0,2021-08,179,True,181.06825383963238,185.00449426617288,178.66558994373312
2021-08-18 15:00:00,20210818,15,3,False,0,20063,153.0,2021-08,170,False,164.97164346805934,169.40152304431734,161.8547805732242
2021-08-18 16:00:00,20210818,16,3,False,0,20063,182.0,2021-08,166,False,170.81320638181015,174.41630386997838,166.64253543866886
2021-08-18 17:00:00,20210818,17,3,False,0,20063,151.0,2021-08,141,False,144.10539998747723,153.1022914721112,141.91824723104028
2021-08-18 18:00:00,20210818,18,3,False,0,20063,180.0,2021-08,164,False,165.97024738199673,174.1251210708729,163.34526545607926
2021-08-18 19:00:00,20210818,19,3,False,0,20063,150.0,2021-08,143,False,155.09920714797065,156.26900961726793,152.7508117577436
2021-08-18 20:00:00,20210818,20,3,False,0,20063,125.0,2021-08,120,False,116.43998270609,128.480246606291,118.60042548108174
2021-08-18 21:00:00,20210818,21,3,False,0,20063,108.0,2021-08,115,False,106.2248007945157,112.39852974193462,107.80984021487536
2021-08-18 22:00:00,20210818,22,3,False,0,20063,110.0,2021-08,112,False,103.85016675677635,110.92385526240189,106.1512927836291
2021-08-18 23:00:00,20210818,23,3,False,0,20063,99.0,2021-08,105,False,100.78373929900842,108.61976512751733,101.95528634950136
2021-08-19 00:00:00,20210819,0,4,False,0,25976,76.0,2021-08,71,False,76.38055594485058,91.21700261535018,78.76939720027114
2021-08-19 01:00:00,20210819,1,4,False,0,25976,105.0,2021-08,102,False,102.27653899624788,108.80230724532636,102.4829596576178
2021-08-19 02:00:00,20210819,2,4,False,0,25976,108.0,2021-08,109,False,104.46850816147594,109.51038981643603,104.05404065830294
2021-08-19 03:00:00,20210819,3,4,False,0,25976,104.0,2021-08,109,False,102.56410901556309,108.22537046461088,103.33822366610211
2021-08-19 04:00:00,20210819,4,4,False,0,25976,107.0,2021-08,104,False,104.50702811949542,109.30082843921475,104.74381519086188
2021-08-19 05:00:00,20210819,5,4,False,0,25976,89.0,2021-08,88,False,96.92290206118248,103.8273809241468,96.80377635080181
2021-08-19 06:00:00,20210819,6,4,False,0,25976,114.0,2021-08,109,False,111.12546765044664,114.37511703728903,110.32272126555779
2021-08-19 07:00:00,20210819,7,4,False,0,25976,130.0,2021-08,123,False,126.33293443533007,137.6969515479096,126.8558345925843
2021-08-19 08:00:00,20210819,8,4,False,0,25976,187.0,2021-08,174,False,180.53299402186113,185.1656263341596,177.33428002000974
2021-08-19 09:00:00,20210819,9,4,False,0,25976,181.0,2021-08,174,False,175.46251295734726,180.09468011380008,174.16858915899945
2021-08-19 10:00:00,20210819,10,4,False,0,25976,177.0,2021-08,163,False,174.28562510556034,180.15658534121022,174.43034393025735
2021-08-19 11:00:00,20210819,11,4,False,0,25976,188.0,2021-08,177,True,182.79115379039695,187.79834887210836,183.81655090416007
2021-08-19 12:00:00,20210819,12,4,False,0,25976,120.0,2021-08,105,False,110.32386921615375,119.63196352617024,112.10789847951668
2021-08-19 13:00:00,20210819,13,4,False,0,25976,170.0,2021-08,168,False,174.32458851608465,179.1118094985235,173.23950608794598
2021-08-19 14:00:00,20210819,14,4,False,0,25976,184.0,2021-08,175,False,176.08379186784455,181.7156478864562,173.42364332453704
2021-08-19 15:00:00,20210819,15,4,False,0,25976,165.0,2021-08,170,False,166.9472129945532,174.40121033176464,161.19262175721983
2021-08-19 16:00:00,20210819,16,4,False,0,25976,170.0,2021-08,166,False,169.63298063913138,175.6926666919021,166.5113940911494
2021-08-19 17:00:00,20210819,17,4,False,0,25976,135.0,2021-08,130,False,133.96833417257855,149.47574492373167,133.19717278294758
2021-08-19 18:00:00,20210819,18,4,False,0,25976,172.0,2021-08,152,False,164.2355195333674,173.62635134965464,162.93206586517655
2021-08-19 19:00:00,20210819,19,4,False,0,25976,161.0,2021-08,147,False,159.32360648444433,165.70917632216455,158.01841656626036
2021-08-19 20:00:00,20210819,20,4,False,0,25976,125.0,2021-08,128,False,118.02265208502511,128.88122140459248,118.76165613798803
2021-08-19 21:00:00,20210819,21,4,False,0,25976,112.0,2021-08,121,False,113.60042975756569,118.5036148771956,112.7197893651469
2021-08-19 22:00:00,20210819,22,4,False,0,25976,116.0,2021-08,116,False,112.25159847334753,118.06335588744999,112.73223051318553
2021-08-19 23:00:00,20210819,23,4,False,0,25976,103.0,2021-08,110,False,104.1271845048063,108.71063444809215,106.02190249100418
2021-08-20 00:00:00,20210820,0,5,False,0,25213,72.0,2021-08,73,False,81.01744344180945,90.14517079541956,79.47462200300266
2021-08-20 01:00:00,20210820,1,5,False,0,25213,100.0,2021-08,101,False,99.7605037070799,106.52066061357324,100.56102063327268
2021-08-20 02:00:00,20210820,2,5,False,0,25213,112.0,2021-08,107,False,105.45135019921814,111.1181139609594,104.59805317716338
2021-08-20 03:00:00,20210820,3,5,False,0,25213,116.0,2021-08,102,False,109.61395477003646,117.94046701817736,107.12365294979851
2021-08-20 04:00:00,20210820,4,5,False,0,25213,110.0,2021-08,99,False,101.16323043897462,107.73880124986573,103.11634818721843
2021-08-20 05:00:00,20210820,5,5,False,0,25213,88.0,2021-08,88,False,92.16574586748241,99.47966767979028,92.31230709054834
2021-08-20 06:00:00,20210820,6,5,False,0,25213,110.0,2021-08,111,False,103.1780945151737,109.51605622064466,105.2801457483586
2021-08-20 07:00:00,20210820,7,5,False,0,25213,136.0,2021-08,127,False,129.7523759619105,137.10520427495808,130.49009227011837
2021-08-20 08:00:00,20210820,8,5,False,0,25213,196.0,2021-08,171,False,181.1500246445053,185.1320879638332,179.3625208665301
2021-08-20 09:00:00,20210820,9,5,False,0,25213,188.0,2021-08,165,False,181.39193691807841,184.61661327677064,182.87807798874255
2021-08-20 10:00:00,20210820,10,5,False,0,25213,184.0,2021-08,157,False,176.35425290594762,179.46487611339148,174.7748888673523
2021-08-20 11:00:00,20210820,11,5,False,0,25213,196.0,2021-08,187,True,179.50367220763823,183.31432200271263,179.53132145418468
2021-08-20 12:00:00,20210820,12,5,False,0,25213,111.0,2021-08,111,False,108.13658780458013,124.69660919939376,110.16289671830187
2021-08-20 13:00:00,20210820,13,5,False,0,25213,183.0,2021-08,177,True,176.06467281983112,178.05365200611914,172.87967248342446
2021-08-20 14:00:00,20210820,14,5,False,0,25213,189.0,2021-08,175,False,185.23597148948943,185.27436868417786,185.99308712452674
2021-08-20 15:00:00,20210820,15,5,False,0,25213,167.0,2021-08,159,False,171.04069040254822,173.45133295377755,167.12792993985158
2021-08-20 16:00:00,20210820,16,5,False,0,25213,183.0,2021-08,171,False,178.6138118854959,180.23603618184802,174.87963283603608
2021-08-20 17:00:00,20210820,17,5,False,0,25213,149.0,2021-08,134,False,137.0729092618201,144.81631068327016,138.97513157317655
2021-08-20 18:00:00,20210820,18,5,False,0,25213,174.0,2021-08,155,False,170.53314253113703,173.8621720853694,168.5077449499167
2021-08-20 19:00:00,20210820,19,5,False,0,25213,146.0,2021-08,125,False,149.95783580363312,151.75220356041032,151.10148074520117
2021-08-20 20:00:00,20210820,20,5,False,0,25213,117.0,2021-08,114,False,110.81663774683052,115.8798857359315,112.5516915953754
2021-08-20 21:00:00,20210820,21,5,False,0,25213,113.0,2021-08,118,False,107.13832475399624,113.24094173339962,108.01864885679613
2021-08-20 22:00:00,20210820,22,5,False,0,25213,109.0,2021-08,106,False,103.92479517713018,107.69886487234969,106.53871146391621
2021-08-20 23:00:00,20210820,23,5,False,0,25213,97.0,2021-08,98,False,98.8880800968492,102.75041400630981,102.41421968815742
2021-08-21 00:00:00,20210821,0,6,False,0,3794,62.0,2021-08,63,False,74.2465664741087,91.67659234941158,71.22967983276357
2021-08-21 01:00:00,20210821,1,6,False,0,3794,97.0,2021-08,95,False,91.99152284837885,98.43296208311462,94.03755307378081
2021-08-21 02:00:00,20210821,2,6,False,0,3794,107.0,2021-08,104,False,97.74490568539522,105.67817236179026,101.3453017256337
2021-08-21 03:00:00,20210821,3,6,False,0,3794,91.0,2021-08,94,False,95.23460990496557,108.71663651490876,96.76925116989226
2021-08-21 04:00:00,20210821,4,6,False,0,3794,98.0,2021-08,104,False,91.65186188547797,102.04724472352991,93.66863157415769
2021-08-21 05:00:00,20210821,5,6,False,0,3794,83.0,2021-08,95,False,84.40192592515159,98.10671550156293,87.94394205456524
2021-08-21 06:00:00,20210821,6,6,False,0,3794,86.0,2021-08,99,False,93.41175949984165,105.88775741997874,94.60363229854636
2021-08-21 07:00:00,20210821,7,6,False,0,3794,53.0,2021-08,69,False,82.94594921103368,100.01324838711393,79.90864989585661
2021-08-21 08:00:00,20210821,8,6,False,0,3794,23.0,2021-08,23,False,45.53162964658244,66.33460797000741,48.90271125477693
2021-08-21 09:00:00,20210821,9,6,False,0,3794,22.0,2021-08,21,False,32.6209183755978,51.910588334057955,36.08116491172961
2021-08-21 10:00:00,20210821,10,6,False,0,3794,21.0,2021-08,21,False,32.86776034395729,52.06898101031877,36.299778516266365
2021-08-21 11:00:00,20210821,11,6,False,0,3794,23.0,2021-08,23,False,33.616225967126915,54.273908606945604,36.519014327483866
2021-08-21 12:00:00,20210821,12,6,False,0,3794,22.0,2021-08,22,False,31.76852622771115,64.38124909675564,34.859722635875706
2021-08-21 13:00:00,20210821,13,6,False,0,3794,21.0,2021-08,21,False,33.45113242010087,52.309682595179005,36.515944579624666
2021-08-21 14:00:00,20210821,14,6,False,0,3794,22.0,2021-08,23,False,33.66057769649006,52.258232904106784,36.82711187996174
2021-08-21 15:00:00,20210821,15,6,False,0,3794,23.0,2021-08,22,False,33.26867512692258,54.81967817491107,36.35426756184852
2021-08-21 16:00:00,20210821,16,6,False,0,3794,22.0,2021-08,22,False,33.67371246291438,52.30231556532294,36.665760149382685
2021-08-21 17:00:00,20210821,17,6,False,0,3794,21.0,2021-08,22,False,33.2348512766805,51.995111149440355,36.46264142619925
2021-08-21 18:00:00,20210821,18,6,False,0,3794,22.0,2021-08,25,False,33.52115379275117,52.37760643132797,36.34639334237222
2021-08-21 19:00:00,20210821,19,6,False,0,3794,23.0,2021-08,21,False,33.46236226433912,54.27649071208254,36.22973720830854
2021-08-21 20:00:00,20210821,20,6,False,0,3794,22.0,2021-08,22,False,31.975311989148064,63.77193689493861,34.45550099442502
2021-08-21 21:00:00,20210821,21,6,False,0,3794,22.0,2021-08,23,False,32.33380054746203,64.06002968443899,34.967756251626035
2021-08-21 22:00:00,20210821,22,6,False,0,3794,23.0,2021-08,25,False,32.149269906966566,66.37847008440237,34.809896224034254
2021-08-21 23:00:00,20210821,23,6,False,0,3794,22.0,2021-08,22,False,32.18136773908494,63.57765865132035,34.76643446398362
2021-08-22 00:00:00,20210822,0,7,True,0,0,,2021-08,22,False,22.945233832182907,24.84948827739605,22.984466501306443
2021-08-22 01:00:00,20210822,1,7,True,0,0,,2021-08,23,False,23.321401628670767,25.117620256089438,23.459439581066523
2021-08-22 02:00:00,20210822,2,7,True,0,0,,2021-08,24,False,22.968089370816173,24.921306175792566,22.99497506162368
2021-08-22 03:00:00,20210822,3,7,True,0,0,,2021-08,23,False,23.27802756233346,25.086856563999913,23.39852114749523
2021-08-22 04:00:00,20210822,4,7,True,0,0,,2021-08,22,False,23.140245803627383,24.973152745327127,23.191542132791216
2021-08-22 05:00:00,20210822,5,7,True,0,0,,2021-08,24,False,22.841666867972766,24.954615624272137,22.72758974763721
2021-08-22 06:00:00,20210822,6,7,True,0,0,,2021-08,22,False,22.85905177885394,24.797266803564042,22.763200107688558
2021-08-22 07:00:00,20210822,7,7,True,0,0,,2021-08,22,False,23.111698166301228,24.983742933421464,23.25172514629943
2021-08-22 08:00:00,20210822,8,7,True,0,0,,2021-08,22,False,23.457142176272487,23.869965149354766,23.461902236684974
2021-08-22 09:00:00,20210822,9,7,True,0,0,,2021-08,24,False,23.44905317232661,24.403211017749083,23.462592457613436
2021-08-22 10:00:00,20210822,10,7,True,0,0,,2021-08,22,False,23.557292271998232,24.412331511398165,23.535243570008124
2021-08-22 11:00:00,20210822,11,7,True,0,0,,2021-08,22,False,24.162035906334253,25.1253616680364,24.36254774006223
2021-08-22 12:00:00,20210822,12,7,True,0,0,,2021-08,23,False,22.752039715650294,26.771526066042203,22.84699535803868
2021-08-22 13:00:00,20210822,13,7,True,0,0,,2021-08,24,False,23.99704635156586,25.122746425896988,23.88050151340006
2021-08-22 14:00:00,20210822,14,7,True,0,0,,2021-08,23,False,24.225968907306125,25.285375295057133,23.924088786000805
2021-08-22 15:00:00,20210822,15,7,True,0,0,,2021-08,23,False,24.156374236240836,25.470225421156783,24.079824688944893
2021-08-22 16:00:00,20210822,16,7,True,0,0,,2021-08,25,False,23.848400644314534,25.319051898764297,23.804186629514188
2021-08-22 17:00:00,20210822,17,7,True,0,0,,2021-08,22,False,23.16751744891947,24.715298327085915,23.39876043679601
2021-08-22 18:00:00,20210822,18,7,True,0,0,,2021-08,22,False,23.78715331406309,25.140245942624833,23.81675330704759
2021-08-22 19:00:00,20210822,19,7,True,0,0,,2021-08,22,False,23.669984109930652,24.422152331511512,23.600784001591407
2021-08-22 20:00:00,20210822,20,7,True,0,0,,2021-08,24,False,23.504917309880508,25.18568800974603,23.511683746103945
2021-08-22 21:00:00,20210822,21,7,True,0,0,,2021-08,22,False,23.320297435998523,25.201770786580155,23.391271806933677
2021-08-22 22:00:00,20210822,22,7,True,0,0,,2021-08,23,False,23.447825376485188,25.042327109332646,23.52228982159339
2021-08-22 23:00:00,20210822,23,7,True,0,0,,2021-08,23,False,23.226275383238377,25.528115894757928,23.338212285956626
2021-08-23 00:00:00,20210823,0,1,False,0,16580,22.0,2021-08,23,False,22.85552980932359,35.3077646910621,22.87484701424062
2021-08-23 01:00:00,20210823,1,1,False,0,16580,21.0,2021-08,23,False,23.799241947720372,35.49404859372992,23.511367661143467
2021-08-23 02:00:00,20210823,2,1,False,0,16580,23.0,2021-08,23,False,22.50930830890408,34.82970659717021,22.49008457003212
2021-08-23 03:00:00,20210823,3,1,False,0,16580,21.0,2021-08,24,False,22.940963645969514,35.99908535529189,22.887787296360443
2021-08-23 04:00:00,20210823,4,1,False,0,16580,22.0,2021-08,22,False,22.49554214708114,35.71357429884492,22.180431268020936
2021-08-23 05:00:00,20210823,5,1,False,0,16580,22.0,2021-08,22,False,22.261699524791485,34.860115443123995,22.12734511806563
2021-08-23 06:00:00,20210823,6,1,False,0,16580,23.0,2021-08,21,False,22.31333333082266,35.174421569269455,22.209547693942554
2021-08-23 07:00:00,20210823,7,1,False,0,16580,60.0,2021-08,58,False,62.76308792690012,73.16932693068453,65.02230112134262
2021-08-23 08:00:00,20210823,8,1,False,0,16580,174.0,2021-08,167,False,174.53548883726367,180.81835822510016,173.65363184376864
2021-08-23 09:00:00,20210823,9,1,False,0,16580,183.0,2021-08,180,True,176.12587165219887,182.28288253343158,176.76603762575937
2021-08-23 10:00:00,20210823,10,1,False,0,16580,144.0,2021-08,170,False,174.10008813278208,180.40436423253468,174.34499211907425
2021-08-23 11:00:00,20210823,11,1,False,0,16580,155.0,2021-08,184,True,178.40590621571369,183.7475033060746,181.8242064815702
2021-08-23 12:00:00,20210823,12,1,False,0,16580,97.0,2021-08,116,False,112.85791569511458,116.89071719399095,112.12529580840364
2021-08-23 13:00:00,20210823,13,1,False,0,16580,153.0,2021-08,184,True,171.45732338192045,173.9541772656152,169.5049358103541
2021-08-23 14:00:00,20210823,14,1,False,0,16580,146.0,2021-08,184,True,168.3153127615143,170.96823574964932,166.26367219682265
2021-08-23 15:00:00,20210823,15,1,False,0,16580,133.0,2021-08,180,True,154.0644817915567,162.24036542282286,152.12266271929684
2021-08-23 16:00:00,20210823,16,1,False,0,16580,116.0,2021-08,172,False,156.38043633361636,166.20904544512317,151.53258655541262
2021-08-23 17:00:00,20210823,17,1,False,0,16580,100.0,2021-08,142,False,131.26167520938864,141.35585061227334,127.96598165895576
2021-08-23 18:00:00,20210823,18,1,False,0,16580,92.0,2021-08,156,False,122.71135453967388,134.34648691236492,110.78677511159317
2021-08-23 19:00:00,20210823,19,1,False,0,16580,89.0,2021-08,129,False,116.71996673670922,129.18015420284135,107.40232363515247
2021-08-23 20:00:00,20210823,20,1,False,0,16580,98.0,2021-08,112,False,104.2803952906999,113.26843326523885,106.9431726841537
2021-08-23 21:00:00,20210823,21,1,False,0,16580,112.0,2021-08,111,False,109.76139976912775,114.9634501281679,109.12813821861704
2021-08-23 22:00:00,20210823,22,1,False,0,16580,95.0,2021-08,109,False,102.71742080521462,107.94256548653998,104.00557205891404
2021-08-23 23:00:00,20210823,23,1,False,0,16580,96.0,2021-08,96,False,98.51335052609356,102.28780947546153,98.43072730337178
2021-08-24 00:00:00,20210824,0,2,False,0,16955,70.0,2021-08,65,False,68.27189972724466,73.78790531542495,66.58912618817796
2021-08-24 01:00:00,20210824,1,2,False,0,16955,96.0,2021-08,105,False,100.32099884197783,103.66046876340555,99.9248357066427
2021-08-24 02:00:00,20210824,2,2,False,0,16955,98.0,2021-08,110,False,102.0187016696852,103.47962491834755,101.40764240635421
2021-08-24 03:00:00,20210824,3,2,False,0,16955,92.0,2021-08,105,False,97.13686701104041,100.23185587866733,97.55486963122398
2021-08-24 04:00:00,20210824,4,2,False,0,16955,93.0,2021-08,108,False,101.27121326939569,104.19680522742287,99.83611395254282
2021-08-24 05:00:00,20210824,5,2,False,0,16955,86.0,2021-08,88,False,92.89419672386617,98.56226438479435,90.60837905073079
2021-08-24 06:00:00,20210824,6,2,False,0,16955,94.0,2021-08,109,False,100.1768225117197,104.01297123267591,100.79295958247968
2021-08-24 07:00:00,20210824,7,2,False,0,16955,125.0,2021-08,131,False,120.44733187973002,134.1345157406392,120.42043867344553
2021-08-24 08:00:00,20210824,8,2,False,0,16955,164.0,2021-08,187,True,177.16094287593452,182.1651516117314,177.65796916167835
2021-08-24 09:00:00,20210824,9,2,False,0,16955,163.0,2021-08,181,True,178.417185998865,180.04137658841182,177.21109400278388
2021-08-24 10:00:00,20210824,10,2,False,0,16955,153.0,2021-08,171,False,178.9190242591188,181.96285847166249,180.4518971897005
2021-08-24 11:00:00,20210824,11,2,False,0,16955,169.0,2021-08,183,True,180.18105580816072,186.06914589292793,182.06237182274867
2021-08-24 12:00:00,20210824,12,2,False,0,16955,110.0,2021-08,115,False,110.37274468807048,117.1466399606032,109.59279538260604
2021-08-24 13:00:00,20210824,13,2,False,0,16955,162.0,2021-08,174,False,182.35728378772058,186.27906890730148,180.9726460467272
2021-08-24 14:00:00,20210824,14,2,False,0,16955,161.0,2021-08,186,True,178.08140127570854,183.55964636914928,177.40630989505416
2021-08-24 15:00:00,20210824,15,2,False,0,16955,150.0,2021-08,175,False,171.8193208149219,173.56207127218792,166.814641473203
2021-08-24 16:00:00,20210824,16,2,False,0,16955,152.0,2021-08,184,True,176.5166505551493,182.10577504304948,173.71917886049573
2021-08-24 17:00:00,20210824,17,2,False,0,16955,113.0,2021-08,139,False,135.2234603172502,150.82675735581793,129.43124747407552
2021-08-24 18:00:00,20210824,18,2,False,0,16955,149.0,2021-08,152,False,168.5111260090119,177.00672152503205,165.1512364870309
2021-08-24 19:00:00,20210824,19,2,False,0,16955,138.0,2021-08,150,False,163.39817127985995,164.53729293401406,161.2613711405868
2021-08-24 20:00:00,20210824,20,2,False,0,16955,120.0,2021-08,121,False,118.129935522619,124.00648127928456,120.1224633625957
2021-08-24 21:00:00,20210824,21,2,False,0,16955,118.0,2021-08,121,False,118.9514728278333,122.07168934217871,119.63315413742343
2021-08-24 22:00:00,20210824,22,2,False,0,16955,110.0,2021-08,113,False,113.18125611415405,117.99757401534362,112.48031845234702
2021-08-24 23:00:00,20210824,23,2,False,0,16955,104.0,2021-08,99,False,104.95156500714563,107.47996158491024,104.55315605355868
2021-08-25 00:00:00,20210825,0,3,False,0,22076,65.0,2021-08,77,False,69.36768658475783,79.28834228811353,68.02087349515271
2021-08-25 01:00:00,20210825,1,3,False,0,22076,95.0,2021-08,104,False,98.56748172447824,103.94758996185918,98.5002054722939
2021-08-25 02:00:00,20210825,2,3,False,0,22076,103.0,2021-08,109,False,105.50454548892145,111.70904765499397,105.43186887776324
2021-08-25 03:00:00,20210825,3,3,False,0,22076,91.0,2021-08,99,False,99.06936966272177,106.58460340330065,99.18161009952121
2021-08-25 04:00:00,20210825,4,3,False,0,22076,95.0,2021-08,109,False,102.72340990248078,108.26873106015188,101.95800421841902
2021-08-25 05:00:00,20210825,5,3,False,0,22076,83.0,2021-08,91,False,92.24221954139777,99.38712950388931,91.06800960629617
2021-08-25 06:00:00,20210825,6,3,False,0,22076,101.0,2021-08,104,False,110.19557712651807,115.51297809937454,109.31623299641636
2021-08-25 07:00:00,20210825,7,3,False,0,22076,125.0,2021-08,139,False,125.1306427965413,133.59141476947102,126.47973883237704
2021-08-25 08:00:00,20210825,8,3,False,0,22076,163.0,2021-08,174,False,179.39215026157999,185.5034831181696,179.98778856075387
2021-08-25 09:00:00,20210825,9,3,False,0,22076,169.0,2021-08,171,False,180.25706757409878,184.15291924095717,181.88691810735963
2021-08-25 10:00:00,20210825,10,3,False,0,22076,159.0,2021-08,177,True,181.60092082865194,185.50836801988376,182.7906875158286
2021-08-25 11:00:00,20210825,11,3,False,0,22076,173.0,2021-08,173,False,185.180087575861,189.6711608443917,187.61292445564254
2021-08-25 12:00:00,20210825,12,3,False,0,22076,102.0,2021-08,110,False,105.2143401611825,118.23589872744346,106.94671865394287
2021-08-25 13:00:00,20210825,13,3,False,0,22076,171.0,2021-08,174,False,180.32509305684164,184.12990954417054,180.89458005801205
2021-08-25 14:00:00,20210825,14,3,False,0,22076,179.0,2021-08,177,True,179.68113318613618,183.4014231812669,179.02727660758873
2021-08-25 15:00:00,20210825,15,3,False,0,22076,170.0,2021-08,169,False,168.37428573632505,171.69001337087104,167.650743329502
2021-08-25 16:00:00,20210825,16,3,False,0,22076,166.0,2021-08,162,False,175.48195233094103,178.74147239687136,171.94250144727292
2021-08-25 17:00:00,20210825,17,3,False,0,22076,141.0,2021-08,146,False,147.7308565121684,157.28807604856095,148.85678504172395
2021-08-25 18:00:00,20210825,18,3,False,0,22076,164.0,2021-08,167,False,174.245634840701,179.05289559511388,172.88455545729462
2021-08-25 19:00:00,20210825,19,3,False,0,22076,143.0,2021-08,139,False,153.65247434931246,159.03542792175173,154.46559975672855
2021-08-25 20:00:00,20210825,20,3,False,0,22076,120.0,2021-08,111,False,113.70857713938038,123.83541387670886,113.90926592937792
2021-08-25 21:00:00,20210825,21,3,False,0,22076,115.0,2021-08,121,False,109.38054178115704,116.30281096981331,107.99577996758342
2021-08-25 22:00:00,20210825,22,3,False,0,22076,112.0,2021-08,110,False,107.31081014215874,114.56766100288884,105.2285215294487
2021-08-25 23:00:00,20210825,23,3,False,0,22076,105.0,2021-08,105,False,102.65124632818585,106.65042598973368,100.42352843852079
2021-08-26 00:00:00,20210826,0,4,False,0,20064,71.0,2021-08,72,False,76.69801146617698,78.23791365060886,73.52159250113327
2021-08-26 01:00:00,20210826,1,4,False,0,20064,102.0,2021-08,103,False,104.78030964069224,111.41578406634328,103.6826232851618
2021-08-26 02:00:00,20210826,2,4,False,0,20064,109.0,2021-08,115,False,105.57308019090681,112.58174156313498,104.8476648600079
2021-08-26 03:00:00,20210826,3,4,False,0,20064,109.0,2021-08,99,False,106.12419603544545,113.6401523259711,105.653586788341
2021-08-26 04:00:00,20210826,4,4,False,0,20064,104.0,2021-08,110,False,105.53271951419346,112.74816338149132,105.26800448984922
2021-08-26 05:00:00,20210826,5,4,False,0,20064,88.0,2021-08,92,False,93.48012271556765,102.25441704430231,94.31039472077002
2021-08-26 06:00:00,20210826,6,4,False,0,20064,109.0,2021-08,105,False,109.43198814121247,117.3686387825321,108.60060139307647
2021-08-26 07:00:00,20210826,7,4,False,0,20064,123.0,2021-08,134,False,127.11449261544418,139.30087233938096,129.70390169704973
2021-08-26 08:00:00,20210826,8,4,False,0,20064,174.0,2021-08,183,True,186.1179120414754,194.16137313038175,187.77249936834073
2021-08-26 09:00:00,20210826,9,4,False,0,20064,174.0,2021-08,195,True,187.13050481267507,192.66587752540997,187.50316026165922
2021-08-26 10:00:00,20210826,10,4,False,0,20064,163.0,2021-08,180,True,179.22638475942313,193.28296298908234,184.22489147904835
2021-08-26 11:00:00,20210826,11,4,False,0,20064,177.0,2021-08,188,True,189.4351210968176,195.37899103710365,190.52433801648
2021-08-26 12:00:00,20210826,12,4,False,0,20064,105.0,2021-08,111,False,115.06922393389272,122.37314905255012,113.68472408815778
2021-08-26 13:00:00,20210826,13,4,False,0,20064,168.0,2021-08,183,True,183.94957715553832,190.39340451283422,182.7070404229614
2021-08-26 14:00:00,20210826,14,4,False,0,20064,175.0,2021-08,185,True,185.44368774288134,192.0490883610448,184.1701785063914
2021-08-26 15:00:00,20210826,15,4,False,0,20064,170.0,2021-08,188,True,179.4598978948574,187.58160782590133,174.1109093375284
2021-08-26 16:00:00,20210826,16,4,False,0,20064,166.0,2021-08,173,False,179.2435497911622,188.09952176169236,175.82426344181442
2021-08-26 17:00:00,20210826,17,4,False,0,20064,130.0,2021-08,132,False,138.41453568780886,154.6565891115135,132.59986409076043
2021-08-26 18:00:00,20210826,18,4,False,0,20064,152.0,2021-08,162,False,176.76672409912203,183.65263073727792,172.0241862818906
2021-08-26 19:00:00,20210826,19,4,False,0,20064,147.0,2021-08,156,False,161.30886819022348,168.19315957870833,161.11437842035852
2021-08-26 20:00:00,20210826,20,4,False,0,20064,128.0,2021-08,116,False,124.21350180526422,134.7262259141498,125.59572975989754
2021-08-26 21:00:00,20210826,21,4,False,0,20064,121.0,2021-08,125,False,114.46572489070763,127.60209419722248,115.5271300199308
2021-08-26 22:00:00,20210826,22,4,False,0,20064,116.0,2021-08,111,False,113.71449094815328,121.81081058069636,114.68007482459636
2021-08-26 23:00:00,20210826,23,4,False,0,20064,110.0,2021-08,105,False,105.16601235251426,111.80504248781794,105.28100375331537
2021-08-27 00:00:00,20210827,0,5,False,0,25769,73.0,2021-08,72,False,69.09314947135593,74.3232203226953,68.7987109946855
2021-08-27 01:00:00,20210827,1,5,False,0,25769,101.0,2021-08,102,False,104.52777455525484,108.40013067410838,105.37586191978737
2021-08-27 02:00:00,20210827,2,5,False,0,25769,107.0,2021-08,111,False,111.63421601406516,121.53450776567786,110.50499702602944
2021-08-27 03:00:00,20210827,3,5,False,0,25769,102.0,2021-08,102,False,109.78900244578745,116.60525542628433,108.28622553458816
2021-08-27 04:00:00,20210827,4,5,False,0,25769,99.0,2021-08,108,False,106.95290065493134,111.56598086699698,107.01764144663709
2021-08-27 05:00:00,20210827,5,5,False,0,25769,88.0,2021-08,86,False,92.629567224143,98.30813054081376,91.93618187781583
2021-08-27 06:00:00,20210827,6,5,False,0,25769,111.0,2021-08,101,False,110.79556668713559,116.46844139903392,109.34947732002989
2021-08-27 07:00:00,20210827,7,5,False,0,25769,127.0,2021-08,125,False,123.75131283717076,137.2750350312224,125.40755777624413
2021-08-27 08:00:00,20210827,8,5,False,0,25769,171.0,2021-08,181,True,170.48206906234648,182.92118352637522,174.60792978255645
2021-08-27 09:00:00,20210827,9,5,False,0,25769,165.0,2021-08,176,False,179.45115093998166,184.35612419602896,180.95105153380723
2021-08-27 10:00:00,20210827,10,5,False,0,25769,157.0,2021-08,169,False,182.96074488561862,188.28390013493663,186.10740283101734
2021-08-27 11:00:00,20210827,11,5,False,0,25769,187.0,2021-08,175,False,191.55387323590583,198.52747537531855,196.62440143968863
2021-08-27 12:00:00,20210827,12,5,False,0,25769,111.0,2021-08,106,False,117.12768893117853,121.36337472784687,113.55423489294647
2021-08-27 13:00:00,20210827,13,5,False,0,25769,177.0,2021-08,173,False,187.3855223163803,191.07739150021075,186.25138163092296
2021-08-27 14:00:00,20210827,14,5,False,0,25769,175.0,2021-08,165,False,184.8525394183943,189.02011201570983,182.8162831997087
2021-08-27 15:00:00,20210827,15,5,False,0,25769,159.0,2021-08,162,False,175.48335543275843,181.78897960533334,168.44099236164575
2021-08-27 16:00:00,20210827,16,5,False,0,25769,171.0,2021-08,156,False,181.42835240237034,186.85258116117643,174.51966334613033
2021-08-27 17:00:00,20210827,17,5,False,0,25769,134.0,2021-08,142,False,146.041775910172,159.77203559978008,144.38775391881117
2021-08-27 18:00:00,20210827,18,5,False,0,25769,155.0,2021-08,143,False,174.91925790507878,183.3702990546915,173.7249731588861
2021-08-27 19:00:00,20210827,19,5,False,0,25769,125.0,2021-08,127,False,142.81151803402415,156.01494558362228,141.2118389452371
2021-08-27 20:00:00,20210827,20,5,False,0,25769,114.0,2021-08,108,False,113.08308250226723,123.3828820916227,113.76543222841583
2021-08-27 21:00:00,20210827,21,5,False,0,25769,118.0,2021-08,107,False,111.69104634738619,119.35591957899005,112.32372753807203
2021-08-27 22:00:00,20210827,22,5,False,0,25769,106.0,2021-08,96,False,106.07444186191219,110.6054680610361,105.7348280739164
2021-08-27 23:00:00,20210827,23,5,False,0,25769,98.0,2021-08,102,False,100.55633449259034,102.36074562742658,101.29446701836925
2021-08-28 00:00:00,20210828,0,6,False,0,1799,63.0,2021-08,72,False,65.49568101037389,69.10072717340165,65.64993981342933
2021-08-28 01:00:00,20210828,1,6,False,0,1799,95.0,2021-08,104,False,97.47319158198279,97.44183188004327,94.38628587274172
2021-08-28 02:00:00,20210828,2,6,False,0,1799,104.0,2021-08,111,False,104.21498277154895,104.31411068753948,104.68463285940082
2021-08-28 03:00:00,20210828,3,6,False,0,1799,94.0,2021-08,102,False,93.12984071490746,95.51700510883825,92.6421491044672
2021-08-28 04:00:00,20210828,4,6,False,0,1799,104.0,2021-08,103,False,100.17327619862492,99.73188926278134,100.64943854773001
2021-08-28 05:00:00,20210828,5,6,False,0,1799,95.0,2021-08,87,False,89.8986530745391,93.41820016294291,91.53020603437523
2021-08-28 06:00:00,20210828,6,6,False,0,1799,99.0,2021-08,98,False,98.4533061356937,99.16377306102386,99.37971174414288
2021-08-28 07:00:00,20210828,7,6,False,0,1799,69.0,2021-08,66,False,69.64521235417601,72.53659625189415,59.09801211437375
2021-08-28 08:00:00,20210828,8,6,False,0,1799,23.0,2021-08,35,False,31.990227865550427,33.316354309616656,26.804274777548272
2021-08-28 09:00:00,20210828,9,6,False,0,1799,21.0,2021-08,36,False,22.249079179263088,23.70318393614295,21.854468280643463
2021-08-28 10:00:00,20210828,10,6,False,0,1799,21.0,2021-08,38,False,22.175305425460866,24.2316176093465,21.8151884033019
2021-08-28 11:00:00,20210828,11,6,False,0,1799,23.0,2021-08,37,False,23.251635691988312,24.276025293622123,23.334382384305837
2021-08-28 12:00:00,20210828,12,6,False,0,1799,22.0,2021-08,38,False,22.07260719386313,39.24877406106602,22.076051340498726
2021-08-28 13:00:00,20210828,13,6,False,0,1799,21.0,2021-08,38,False,23.591136295263727,24.620070372732883,23.37686895783813
2021-08-28 14:00:00,20210828,14,6,False,0,1799,23.0,2021-08,38,False,23.37160698314386,24.615891936757293,23.14304111406716
2021-08-28 15:00:00,20210828,15,6,False,0,1799,22.0,2021-08,38,False,23.037995076566556,24.57419478829736,23.086978672628433
2021-08-28 16:00:00,20210828,16,6,False,0,1799,22.0,2021-08,46,False,23.348730660520136,24.510388234012293,23.157342333560493
2021-08-29 12:00:00,20210829,12,7,True,0,0,,2021-08,22,False,23.303818780952824,26.077031521753145,23.436560182904486
2021-08-29 13:00:00,20210829,13,7,True,0,0,,2021-08,19,False,23.813216256814258,24.291061394118117,23.69130835919708
2021-08-29 14:00:00,20210829,14,7,True,0,0,,2021-08,22,False,23.80403134998552,24.52996811383926,23.78965603405364
2021-08-29 15:00:00,20210829,15,7,True,0,0,,2021-08,21,False,23.26051395140421,24.525419617084623,23.33258196146402
2021-08-29 16:00:00,20210829,16,7,True,0,0,,2021-08,22,False,23.19093183561631,24.541404465576857,23.19152113238289
2021-08-29 17:00:00,20210829,17,7,True,0,0,,2021-08,26,False,23.08802274489536,24.385159758478906,23.227455936732273
2021-08-29 18:00:00,20210829,18,7,True,0,0,,2021-08,24,False,23.190044538666246,24.57499699837985,23.252140497254715
2021-08-29 19:00:00,20210829,19,7,True,0,0,,2021-08,21,False,23.133616866601287,24.45229925255848,23.149326084195394
2021-08-29 20:00:00,20210829,20,7,True,0,0,,2021-08,20,False,23.03953631925773,24.9580866967123,23.07471254069971
2021-08-29 21:00:00,20210829,21,7,True,0,0,,2021-08,20,False,23.187206194453932,24.92012248258474,23.407803208775203
2021-08-29 22:00:00,20210829,22,7,True,0,0,,2021-08,22,False,23.16588787041265,24.926173163299534,23.269812568522898
2021-08-29 23:00:00,20210829,23,7,True,0,0,,2021-08,20,False,23.195221265470426,25.595932055102505,23.267461080863836
2021-08-30 00:00:00,20210830,0,1,False,0,10719,23.0,2021-08,20,False,22.666266210272344,36.337096371056816,23.186009043642773
2021-08-30 01:00:00,20210830,1,1,False,0,10719,23.0,2021-08,21,False,22.364572688722674,36.69106155034165,22.485637867493043
2021-08-30 02:00:00,20210830,2,1,False,0,10719,23.0,2021-08,21,False,22.84732547117149,37.00174993929236,22.87039997910173
2021-08-30 03:00:00,20210830,3,1,False,0,10719,24.0,2021-08,20,False,22.141398205663005,36.895359800937584,22.05275400109089
2021-08-30 04:00:00,20210830,4,1,False,0,10719,22.0,2021-08,20,False,22.4706363968741,36.92342834222257,22.54403138503032
2021-08-30 05:00:00,20210830,5,1,False,0,10719,22.0,2021-08,20,False,22.040094787813384,36.89238289463186,22.240143662971537
2021-08-30 06:00:00,20210830,6,1,False,0,10719,21.0,2021-08,21,False,22.568720994304154,37.865670346255705,22.6336109551295
2021-08-30 07:00:00,20210830,7,1,False,0,10719,58.0,2021-08,52,False,62.19628737303691,66.36423551713595,63.75583670783618
2021-08-30 08:00:00,20210830,8,1,False,0,10719,167.0,2021-08,167,False,173.35900752348866,175.11409211151326,173.61250703520614
2021-08-30 09:00:00,20210830,9,1,False,0,10719,180.0,2021-08,170,False,179.13729600105341,182.24648805304105,179.87416566546653
2021-08-30 10:00:00,20210830,10,1,False,0,10719,170.0,2021-08,171,False,175.11965673187638,179.41806778394024,175.07105538320113
2021-08-30 11:00:00,20210830,11,1,False,0,10719,184.0,2021-08,171,False,177.7495935817757,183.1196243635234,177.64412592020417
2021-08-30 12:00:00,20210830,12,1,False,0,10719,116.0,2021-08,114,False,114.6693956742124,120.17182816511189,114.98622561188836
2021-08-30 13:00:00,20210830,13,1,False,0,10719,184.0,2021-08,172,False,177.23254808701586,182.60048904129462,174.6958604021377
2021-08-30 14:00:00,20210830,14,1,False,0,10719,184.0,2021-08,171,False,176.26298324341676,180.43934340046556,173.18938902833193
2021-08-30 15:00:00,20210830,15,1,False,0,10719,180.0,2021-08,160,False,163.94193725903514,172.4658300012014,162.01829216808582
2021-08-30 16:00:00,20210830,16,1,False,0,10719,172.0,2021-08,170,False,162.01303899720307,167.63144609485641,159.1142615734914
2021-08-30 17:00:00,20210830,17,1,False,0,10719,142.0,2021-08,140,False,126.74163341945935,149.39907352969277,126.66124694691727
2021-08-30 18:00:00,20210830,18,1,False,0,10719,156.0,2021-08,168,False,136.57665341889222,162.32820602902734,134.43810661733275
2021-08-30 19:00:00,20210830,19,1,False,0,10719,129.0,2021-08,144,False,128.22358991521108,146.05527325084975,127.22101359908737
2021-08-30 20:00:00,20210830,20,1,False,0,10719,112.0,2021-08,128,False,107.37414746038702,116.4579706504402,109.10613046050379
2021-08-30 21:00:00,20210830,21,1,False,0,10719,111.0,2021-08,129,False,109.63883715751143,119.56537916217313,111.34898002888532
2021-08-30 22:00:00,20210830,22,1,False,0,10719,109.0,2021-08,116,False,103.78941428728909,113.24444028229033,107.73858124256088
2021-08-30 23:00:00,20210830,23,1,False,0,10719,96.0,2021-08,105,False,96.78931961468443,106.29751746718375,98.67922956820047
2021-08-31 00:00:00,20210831,0,2,False,0,16443,65.0,2021-08,73,False,70.68896736049281,77.518543512537,69.65552897120827
2021-08-31 01:00:00,20210831,1,2,False,0,16443,105.0,2021-08,106,False,104.70684549207262,107.54693775091549,103.62233097544356
2021-08-31 02:00:00,20210831,2,2,False,0,16443,110.0,2021-08,108,False,106.23921950018409,108.48341888501123,105.21783418439048
2021-08-31 03:00:00,20210831,3,2,False,0,16443,105.0,2021-08,101,False,104.5479752162007,108.10394934805554,103.48167511222242
2021-08-31 04:00:00,20210831,4,2,False,0,16443,108.0,2021-08,110,False,105.13318646395585,108.36532190869455,103.78894748379624
2021-08-31 05:00:00,20210831,5,2,False,0,16443,88.0,2021-08,93,False,94.68057517011232,101.51252287575157,93.8645207922749
2021-08-31 06:00:00,20210831,6,2,False,0,16443,109.0,2021-08,113,False,106.55443173128758,111.01593519986638,105.44753668410368
2021-08-31 07:00:00,20210831,7,2,False,0,16443,131.0,2021-08,123,False,125.75538481369061,138.48274503272185,126.13728791990776
2021-08-31 08:00:00,20210831,8,2,False,0,16443,187.0,2021-08,167,False,181.86175762525704,187.3856154284789,181.89722469792264
2021-08-31 09:00:00,20210831,9,2,False,0,16443,181.0,2021-08,169,False,174.7107413069068,177.3922203470494,174.39332351507997
2021-08-31 10:00:00,20210831,10,2,False,0,16443,171.0,2021-08,176,False,176.25445120847175,178.48506906336073,176.58499757683126
2021-08-31 11:00:00,20210831,11,2,False,0,16443,183.0,2021-08,165,False,179.08272922227965,183.73631089203127,179.67734455778796
2021-08-31 12:00:00,20210831,12,2,False,0,16443,115.0,2021-08,112,False,114.94648608644599,120.67057649496898,113.62066717853475
2021-08-31 13:00:00,20210831,13,2,False,0,16443,174.0,2021-08,174,False,177.18620554820868,181.19267166705845,175.91313243582883
2021-08-31 14:00:00,20210831,14,2,False,0,16443,186.0,2021-08,182,True,179.3721918141692,184.4804700108556,177.7487453998182
2021-08-31 15:00:00,20210831,15,2,False,0,16443,175.0,2021-08,157,False,163.21119257788612,168.59356587531778,163.72236801267056
2021-08-31 16:00:00,20210831,16,2,False,0,16443,184.0,2021-08,167,False,172.14618288583043,175.00162072202136,169.92027899374068
2021-08-31 17:00:00,20210831,17,2,False,0,16443,139.0,2021-08,125,False,134.35329581962208,148.76232419320914,130.38922365268382
2021-08-31 18:00:00,20210831,18,2,False,0,16443,152.0,2021-08,156,False,158.83600466057783,165.53769328583272,159.60473440223538
2021-08-31 19:00:00,20210831,19,2,False,0,16443,150.0,2021-08,148,False,149.92090010476247,154.98374327550422,151.80001413724918
2021-08-31 20:00:00,20210831,20,2,False,0,16443,121.0,2021-08,147,False,120.5569229712163,127.41089658157377,121.24709554252804
2021-08-31 21:00:00,20210831,21,2,False,0,16443,121.0,2021-08,131,False,118.45528496132316,125.83163311089713,119.24943765749167
2021-08-31 22:00:00,20210831,22,2,False,0,16443,113.0,2021-08,119,False,111.20523201874677,116.00489830137995,109.28927546848341
2021-08-31 23:00:00,20210831,23,2,False,0,16443,99.0,2021-08,112,False,105.81499024234186,110.73430131281752,104.65068777594267
2021-09-01 00:00:00,20210901,0,3,False,0,19638,77.0,2021-09,74,False,75.2824141143671,82.71687380920314,76.93683105157474
2021-09-01 01:00:00,20210901,1,3,False,0,19638,104.0,2021-09,109,False,106.99988598663481,120.48933557264496,108.005187855252
2021-09-01 02:00:00,20210901,2,3,False,0,19638,109.0,2021-09,114,False,107.180079631032,117.6320236317125,107.24452308515951
2021-09-01 03:00:00,20210901,3,3,False,0,19638,99.0,2021-09,99,False,101.7758303674201,116.35915172382646,100.59818672190961
2021-09-01 04:00:00,20210901,4,3,False,0,19638,109.0,2021-09,115,False,105.89471969708593,112.62136899499653,106.20879100662968
2021-09-01 05:00:00,20210901,5,3,False,0,19638,91.0,2021-09,92,False,91.67398620057314,98.88208734359989,91.07539917638398
2021-09-01 06:00:00,20210901,6,3,False,0,19638,104.0,2021-09,116,False,107.05221679488962,114.93695947495746,105.71575488623226
2021-09-01 07:00:00,20210901,7,3,False,0,19638,139.0,2021-09,124,False,134.03344803538326,140.69208045024652,133.25092103060715
2021-09-01 08:00:00,20210901,8,3,False,0,19638,174.0,2021-09,180,True,172.0067722760191,175.66941894767146,171.22778540219318
2021-09-01 09:00:00,20210901,9,3,False,0,19638,171.0,2021-09,182,True,175.88426226072147,177.7920796388655,173.90277749691995
2021-09-01 10:00:00,20210901,10,3,False,0,19638,177.0,2021-09,185,True,177.05739838930708,179.98928410246052,174.101861727584
2021-09-01 11:00:00,20210901,11,3,False,0,19638,173.0,2021-09,174,False,183.7127087558193,185.89481800361423,182.8283752593526
2021-09-01 12:00:00,20210901,12,3,False,0,19638,110.0,2021-09,117,False,110.06110006200224,118.82981964854734,108.46140044621377
2021-09-01 13:00:00,20210901,13,3,False,0,19638,174.0,2021-09,182,True,184.28175388420834,187.20037286590733,180.4726006836316
2021-09-01 14:00:00,20210901,14,3,False,0,19638,177.0,2021-09,184,True,180.68427594915707,183.51304163325767,179.8168540282342
2021-09-01 15:00:00,20210901,15,3,False,0,19638,169.0,2021-09,173,False,172.8338864001124,176.40569894299156,169.31854164926358
2021-09-01 16:00:00,20210901,16,3,False,0,19638,162.0,2021-09,176,False,170.80348907453205,175.3068050675935,167.77712440426842
2021-09-01 17:00:00,20210901,17,3,False,0,19638,146.0,2021-09,139,False,141.77602006223222,150.19866175388628,142.72118756173685
2021-09-01 18:00:00,20210901,18,3,False,0,19638,167.0,2021-09,163,False,164.9074157710464,173.23928435245685,165.21436279086643
2021-09-01 19:00:00,20210901,19,3,False,0,19638,139.0,2021-09,152,False,147.55164725995303,157.19733013860812,146.4675222046186
2021-09-01 20:00:00,20210901,20,3,False,0,19638,111.0,2021-09,129,False,119.78096418421786,125.5813429660097,117.68555927678078
2021-09-01 21:00:00,20210901,21,3,False,0,19638,121.0,2021-09,131,False,115.39440491428327,126.26752772936864,115.66268789662308
2021-09-01 22:00:00,20210901,22,3,False,0,19638,110.0,2021-09,119,False,109.80314653581188,116.87216896333898,109.55308908550465
2021-09-01 23:00:00,20210901,23,3,False,0,19638,105.0,2021-09,114,False,106.16328170648877,111.87091591711585,105.74576915441908
2021-09-02 00:00:00,20210902,0,4,False,0,19351,72.0,2021-09,79,False,70.73260975495953,78.95750054542536,70.89411446091565
2021-09-02 01:00:00,20210902,1,4,False,0,19351,103.0,2021-09,112,False,104.84716975943876,111.04643723754413,103.95661889786606
2021-09-02 02:00:00,20210902,2,4,False,0,19351,115.0,2021-09,114,False,106.66361709147635,115.79837370588758,107.21582683648906
2021-09-02 03:00:00,20210902,3,4,False,0,19351,99.0,2021-09,106,False,104.15859555141708,113.32051238795718,103.8563483276509
2021-09-02 04:00:00,20210902,4,4,False,0,19351,110.0,2021-09,114,False,104.39364175681567,113.74211288446742,104.86577965995707
2021-09-02 05:00:00,20210902,5,4,False,0,19351,92.0,2021-09,93,False,92.30621504540666,102.90769020400039,90.88524725247119
2021-09-02 06:00:00,20210902,6,4,False,0,19351,105.0,2021-09,115,False,105.20906727500365,124.83319852798054,104.94324360887087
2021-09-02 07:00:00,20210902,7,4,False,0,19351,134.0,2021-09,141,False,126.39525544958205,136.674672170019,123.86399920187273
2021-09-02 08:00:00,20210902,8,4,False,0,19351,183.0,2021-09,166,False,174.04713661840518,177.94444605705976,171.4556283639812
2021-09-02 09:00:00,20210902,9,4,False,0,19351,195.0,2021-09,184,True,180.2162990817042,188.33636681286148,177.87695098673564
2021-09-02 10:00:00,20210902,10,4,False,0,19351,180.0,2021-09,179,True,170.45716314520038,174.7825881016428,167.26439296125565
2021-09-02 11:00:00,20210902,11,4,False,0,19351,188.0,2021-09,182,True,179.55835836085745,186.37858547831988,179.22198116208278
2021-09-02 12:00:00,20210902,12,4,False,0,19351,111.0,2021-09,112,False,107.59464855770551,119.02309107561364,107.39771842978756
2021-09-02 13:00:00,20210902,13,4,False,0,19351,183.0,2021-09,174,False,170.81049071392218,174.64775390831906,170.0656815667696
2021-09-02 14:00:00,20210902,14,4,False,0,19351,185.0,2021-09,192,True,175.6410381624471,179.73643742858982,174.25778910892964
2021-09-02 15:00:00,20210902,15,4,False,0,19351,188.0,2021-09,170,False,172.25633326570278,178.96375243456956,169.22415147524418
2021-09-02 16:00:00,20210902,16,4,False,0,19351,173.0,2021-09,174,False,163.8910580027194,170.8767966263357,161.5022614089144
2021-09-02 17:00:00,20210902,17,4,False,0,19351,132.0,2021-09,132,False,133.649479768906,152.09800120340984,134.10005599126464
2021-09-02 18:00:00,20210902,18,4,False,0,19351,162.0,2021-09,159,False,155.18201511174365,166.92656441323928,155.7076333660276
2021-09-02 19:00:00,20210902,19,4,False,0,19351,156.0,2021-09,161,False,153.17706960444605,165.72591425027147,152.80083666348204
2021-09-02 20:00:00,20210902,20,4,False,0,19351,116.0,2021-09,132,False,119.3058156940222,128.08969482686737,120.62418184302959
2021-09-02 21:00:00,20210902,21,4,False,0,19351,125.0,2021-09,131,False,121.44413520417618,125.90380840939785,117.28940818171672
2021-09-02 22:00:00,20210902,22,4,False,0,19351,111.0,2021-09,114,False,109.7842244752086,122.46346692319203,109.36120094821058
2021-09-02 23:00:00,20210902,23,4,False,0,19351,105.0,2021-09,119,False,104.86731972098505,111.1227317790774,105.32961778876926
2021-09-03 00:00:00,20210903,0,5,False,0,12845,72.0,2021-09,69,False,67.84078959930385,79.66255443732923,72.16332507887046
2021-09-03 01:00:00,20210903,1,5,False,0,12845,102.0,2021-09,109,False,106.37574656199138,112.97181687522709,104.21333394803547
2021-09-03 02:00:00,20210903,2,5,False,0,12845,111.0,2021-09,112,False,106.28328724087783,117.91865151666825,106.22727516953564
2021-09-03 03:00:00,20210903,3,5,False,0,12845,102.0,2021-09,110,False,103.74688492836522,120.8554277729872,102.46524848435752
2021-09-03 04:00:00,20210903,4,5,False,0,12845,108.0,2021-09,107,False,105.33754559315543,113.34857233273605,105.10921805142618
2021-09-03 05:00:00,20210903,5,5,False,0,12845,86.0,2021-09,93,False,89.85336019693653,99.95061096128791,89.37042627105019
2021-09-03 06:00:00,20210903,6,5,False,0,12845,101.0,2021-09,107,False,106.67334926225158,116.6695782821853,105.9145464021376
2021-09-03 07:00:00,20210903,7,5,False,0,12845,125.0,2021-09,134,False,124.60533135891147,138.83492494166194,124.099359936714
2021-09-03 08:00:00,20210903,8,5,False,0,12845,181.0,2021-09,170,False,168.65093224235287,176.77397922210528,166.34112739572788
2021-09-03 09:00:00,20210903,9,5,False,0,12845,176.0,2021-09,171,False,167.60590907107584,176.5369067043048,167.02109784163858
2021-09-03 10:00:00,20210903,10,5,False,0,12845,169.0,2021-09,163,False,168.71169655981137,176.3244053204447,166.9208979055123
2021-09-03 11:00:00,20210903,11,5,False,0,12845,175.0,2021-09,187,True,170.47479574708703,181.57469815301943,169.2942377957141
2021-09-03 12:00:00,20210903,12,5,False,0,12845,106.0,2021-09,108,False,107.57782971242993,118.37882597840841,108.62409533954731
2021-09-03 13:00:00,20210903,13,5,False,0,12845,173.0,2021-09,169,False,170.71393126583078,179.08217361104957,168.75150740905232
2021-09-03 14:00:00,20210903,14,5,False,0,12845,165.0,2021-09,178,True,167.2686149530656,179.68951081113235,166.67856968954615
2021-09-03 15:00:00,20210903,15,5,False,0,12845,162.0,2021-09,154,False,162.3586098407923,172.7536625169433,161.47499556484863
2021-09-03 16:00:00,20210903,16,5,False,0,12845,156.0,2021-09,161,False,165.8590622278938,175.71898509067128,163.57984024903215
2021-09-03 17:00:00,20210903,17,5,False,0,12845,142.0,2021-09,147,False,131.96168561417247,152.13066995417483,137.39868570462832
2021-09-03 18:00:00,20210903,18,5,False,0,12845,143.0,2021-09,154,False,155.8172589372954,164.0919245670087,156.67178547117643
2021-09-03 19:00:00,20210903,19,5,False,0,12845,127.0,2021-09,143,False,131.096612247061,147.09300156486455,131.31214006805115
2021-09-03 20:00:00,20210903,20,5,False,0,12845,108.0,2021-09,115,False,110.79894550579115,122.18753527382749,111.4094027346091
2021-09-03 21:00:00,20210903,21,5,False,0,12845,107.0,2021-09,110,False,111.15374423761769,119.47125496420551,111.20201150210814
2021-09-03 22:00:00,20210903,22,5,False,0,12845,96.0,2021-09,105,False,105.30351336746044,120.93555780597501,105.68413774596398
2021-09-03 23:00:00,20210903,23,5,False,0,12845,102.0,2021-09,101,False,103.61779080286409,110.62398822443289,103.57453558919015
2021-09-04 00:00:00,20210904,0,6,False,0,3431,72.0,2021-09,64,False,70.58753009435053,72.20794856432332,70.161201549697
2021-09-04 01:00:00,20210904,1,6,False,0,3431,104.0,2021-09,106,False,102.21243823940142,116.07140884499495,103.37397438522396
2021-09-04 02:00:00,20210904,2,6,False,0,3431,111.0,2021-09,104,False,106.84248876946799,115.2486981150194,107.84576660938883
2021-09-04 03:00:00,20210904,3,6,False,0,3431,102.0,2021-09,98,False,101.89109528524476,111.86609564549376,100.76716298275994
2021-09-04 04:00:00,20210904,4,6,False,0,3431,103.0,2021-09,109,False,105.83241523415717,112.31555059743734,106.72013455099123
2021-09-04 05:00:00,20210904,5,6,False,0,3431,87.0,2021-09,88,False,93.35521948283832,109.88343236135681,93.26609633118892
2021-09-04 06:00:00,20210904,6,6,False,0,3431,98.0,2021-09,111,False,100.8520679996446,108.55864686175387,99.4405481530453
2021-09-04 07:00:00,20210904,7,6,False,0,3431,66.0,2021-09,70,False,69.50071737618961,85.83261048688048,64.4971412991191
2021-09-04 08:00:00,20210904,8,6,False,0,3431,35.0,2021-09,33,False,41.83705026193131,42.925633499486786,31.476642354564543
2021-09-04 09:00:00,20210904,9,6,False,0,3431,36.0,2021-09,32,False,22.513975192786003,28.569127363937927,22.74921105306016
2021-09-04 10:00:00,20210904,10,6,False,0,3431,38.0,2021-09,34,False,22.676601426979,28.822964189650204,22.916099870907903
2021-09-04 11:00:00,20210904,11,6,False,0,3431,37.0,2021-09,32,False,23.2528694821002,29.27660990860082,23.730139105419983
2021-09-04 12:00:00,20210904,12,6,False,0,3431,38.0,2021-09,33,False,22.745698598408197,28.49915352895758,23.115601703024335
2021-09-04 13:00:00,20210904,13,6,False,0,3431,38.0,2021-09,34,False,22.885306795658114,29.805670892115405,23.09909381558795
2021-09-04 14:00:00,20210904,14,6,False,0,3431,38.0,2021-09,34,False,23.194345896202034,29.520470977397878,23.66539534056246
2021-09-04 15:00:00,20210904,15,6,False,0,3431,38.0,2021-09,33,False,22.90455845686868,29.158477209023932,23.07085078609374
2021-09-04 16:00:00,20210904,16,6,False,0,3431,46.0,2021-09,36,False,22.95182240185061,29.384674977546496,23.180327020561275
2021-09-04 17:00:00,20210904,17,6,False,0,3431,,2021-09,35,False,22.58576396084423,28.683125563203117,23.27151916277575
2021-09-04 18:00:00,20210904,18,6,False,0,3431,,2021-09,26,False,23.08940219702983,28.22778600726146,23.90000138538672
2021-09-04 19:00:00,20210904,19,6,False,0,3431,,2021-09,23,False,22.859918396222156,28.82861546674727,23.453715844417804
2021-09-04 20:00:00,20210904,20,6,False,0,3431,,2021-09,25,False,22.884132626252054,26.249904308464952,23.524284037149062
2021-09-04 21:00:00,20210904,21,6,False,0,3431,,2021-09,23,False,23.0425786852655,26.184254742382503,24.060060133478476
2021-09-04 22:00:00,20210904,22,6,False,0,3431,,2021-09,23,False,23.178922420368565,27.341414084719332,24.301307207657647
2021-09-04 23:00:00,20210904,23,6,False,0,3431,,2021-09,23,False,23.167547323557272,26.196994534867827,23.740788506763824
2021-09-05 00:00:00,20210905,0,7,True,0,0,,2021-09,24,False,22.049120107602125,23.90475603471746,22.083425012030897
2021-09-05 01:00:00,20210905,1,7,True,0,0,,2021-09,22,False,22.120280143123207,24.007123201531783,22.077792306082966
2021-09-05 02:00:00,20210905,2,7,True,0,0,,2021-09,22,False,22.11900193016614,23.91680240907333,22.05607859219704
2021-09-05 03:00:00,20210905,3,7,True,0,0,,2021-09,22,False,22.120959886682982,23.98613546821149,22.03312708117561
2021-09-05 04:00:00,20210905,4,7,True,0,0,,2021-09,24,False,22.1222138655877,23.92246325172901,22.074796793807888
2021-09-05 05:00:00,20210905,5,7,True,0,0,,2021-09,22,False,21.951451870265217,23.846943743797897,21.82914028267719
2021-09-05 06:00:00,20210905,6,7,True,0,0,,2021-09,22,False,21.995769772676322,23.855935916780325,21.860257818749968
2021-09-05 07:00:00,20210905,7,7,True,0,0,,2021-09,22,False,22.000261795828695,24.502716727440514,22.09872813871768
2021-09-05 08:00:00,20210905,8,7,True,0,0,,2021-09,25,False,22.112676909900202,24.01474380026595,22.083266430931655
2021-09-05 09:00:00,20210905,9,7,True,0,0,,2021-09,22,False,22.221535255971176,25.132661647347778,22.32062061721526
2021-09-05 10:00:00,20210905,10,7,True,0,0,,2021-09,22,False,22.25752732749238,25.674992870059153,22.320864982620645
2021-09-05 11:00:00,20210905,11,7,True,0,0,,2021-09,22,False,22.625820575340526,25.224277437678015,22.946173091362013
2021-09-05 12:00:00,20210905,12,7,True,0,0,,2021-09,24,False,22.16601555061411,24.88552896160232,22.161147820739853
2021-09-05 13:00:00,20210905,13,7,True,0,0,,2021-09,22,False,22.211467698707754,24.578106156158597,22.083115837046364
2021-09-05 14:00:00,20210905,14,7,True,0,0,,2021-09,23,False,22.229566005853183,24.568273315048895,22.180406683126865
2021-09-05 15:00:00,20210905,15,7,True,0,0,,2021-09,24,False,22.169372783444704,24.625421001707807,22.158885503289753
2021-09-05 16:00:00,20210905,16,7,True,0,0,,2021-09,23,False,22.203189716176777,24.304798550491896,22.22372126258739
2021-09-05 17:00:00,20210905,17,7,True,0,0,,2021-09,23,False,22.138329519057134,24.01757614154906,22.205143980708765
2021-09-05 18:00:00,20210905,18,7,True,0,0,,2021-09,22,False,22.217259870872592,24.30721911953242,22.04929434757831
2021-09-05 19:00:00,20210905,19,7,True,0,0,,2021-09,24,False,22.170296877446862,24.13786163282929,22.012415666097933
2021-09-05 20:00:00,20210905,20,7,True,0,0,,2021-09,23,False,22.23200115558922,24.503168657515776,22.10919481433703
2021-09-05 21:00:00,20210905,21,7,True,0,0,,2021-09,23,False,22.307563015095752,24.43553045419584,22.24762684920091
2021-09-05 22:00:00,20210905,22,7,True,0,0,,2021-09,24,False,22.232597059074084,24.05137056229187,22.185420479156875
2021-09-05 23:00:00,20210905,23,7,True,0,0,,2021-09,23,False,22.524215889165742,24.22381160073675,22.57689156391956
2021-09-06 00:00:00,20210906,0,1,False,0,16628,20.0,2021-09,22,False,21.665100647790965,26.210592392473142,21.858344206061247
2021-09-06 01:00:00,20210906,1,1,False,0,16628,21.0,2021-09,22,False,21.89888382685658,26.097091920438388,21.840748143478447
2021-09-06 02:00:00,20210906,2,1,False,0,16628,21.0,2021-09,24,False,21.892426153615933,26.141645156153277,21.80904324752522
2021-09-06 03:00:00,20210906,3,1,False,0,16628,20.0,2021-09,22,False,21.992451023412155,26.457427241103293,21.791953968643867
2021-09-06 04:00:00,20210906,4,1,False,0,16628,20.0,2021-09,22,False,21.789872254092884,26.176347298311565,21.47459943512305
2021-09-06 05:00:00,20210906,5,1,False,0,16628,20.0,2021-09,23,False,21.653266293185222,26.288357091941645,21.2066197961577
2021-09-06 06:00:00,20210906,6,1,False,0,16628,21.0,2021-09,24,False,21.395999290014384,26.678429299967267,21.015856222598558
2021-09-06 07:00:00,20210906,7,1,False,0,16628,52.0,2021-09,52,False,57.87253263173611,66.78771724647567,58.52785158898485
2021-09-06 08:00:00,20210906,8,1,False,0,16628,167.0,2021-09,171,False,166.9656301246957,172.97233335881745,169.60823054326102
2021-09-06 09:00:00,20210906,9,1,False,0,16628,170.0,2021-09,157,False,176.14991753920694,180.89829376460125,174.65031591425873
2021-09-06 10:00:00,20210906,10,1,False,0,16628,171.0,2021-09,171,False,174.93399469546634,179.90681053398234,171.75027431680533
2021-09-06 11:00:00,20210906,11,1,False,0,16628,171.0,2021-09,176,False,178.19328872206745,180.97159421593406,174.90902459786585
2021-09-06 12:00:00,20210906,12,1,False,0,16628,114.0,2021-09,109,False,114.89049097717192,130.3687158160216,115.84065275768222
2021-09-06 13:00:00,20210906,13,1,False,0,16628,172.0,2021-09,160,False,178.3882862350464,181.0939177172082,173.3336238562267
2021-09-06 14:00:00,20210906,14,1,False,0,16628,171.0,2021-09,160,False,176.39937886131224,179.32382250394366,172.28925468352483
2021-09-06 15:00:00,20210906,15,1,False,0,16628,160.0,2021-09,158,False,171.75200608773739,174.3330565070252,165.15970322017012
2021-09-06 16:00:00,20210906,16,1,False,0,16628,170.0,2021-09,146,False,167.90056955299374,172.71732920027102,163.97950921483934
2021-09-06 17:00:00,20210906,17,1,False,0,16628,140.0,2021-09,128,False,139.78194466562863,149.60586308597343,140.74471814462154
2021-09-06 18:00:00,20210906,18,1,False,0,16628,168.0,2021-09,152,False,148.37784676450497,170.33285946258232,148.9229116055975
2021-09-06 19:00:00,20210906,19,1,False,0,16628,144.0,2021-09,135,False,138.93469860721697,153.1847239310007,136.83719362553987
2021-09-06 20:00:00,20210906,20,1,False,0,16628,128.0,2021-09,121,False,119.83658428085255,130.27587803258663,119.94076411326313
2021-09-06 21:00:00,20210906,21,1,False,0,16628,129.0,2021-09,123,False,118.37204500067219,129.59743615084233,120.55940151071691
2021-09-06 22:00:00,20210906,22,1,False,0,16628,116.0,2021-09,110,False,111.43052665474147,117.88481777049871,112.11750773842952
2021-09-06 23:00:00,20210906,23,1,False,0,16628,105.0,2021-09,104,False,105.58583162040617,106.22652484546101,103.79135663990492
2021-09-07 00:00:00,20210907,0,2,False,0,16424,73.0,2021-09,72,False,66.0476025494733,69.04155101755192,68.0350363688864
2021-09-07 01:00:00,20210907,1,2,False,0,16424,106.0,2021-09,109,False,102.85912935140254,110.94646273673466,104.7293712282562
2021-09-07 02:00:00,20210907,2,2,False,0,16424,108.0,2021-09,111,False,105.35331196518275,111.68157627540567,105.80328950436684
2021-09-07 03:00:00,20210907,3,2,False,0,16424,101.0,2021-09,109,False,103.27096179729138,108.51871406808806,103.37549115760127
2021-09-07 04:00:00,20210907,4,2,False,0,16424,110.0,2021-09,109,False,108.49109075265017,109.42862934654131,108.59782609568315
2021-09-07 05:00:00,20210907,5,2,False,0,16424,93.0,2021-09,96,False,93.42638594959026,100.13500585435979,93.3647337983494
2021-09-07 06:00:00,20210907,6,2,False,0,16424,113.0,2021-09,115,False,109.03127143629378,116.34060051979189,108.33848881407765
2021-09-07 07:00:00,20210907,7,2,False,0,16424,123.0,2021-09,140,False,123.88781678012452,133.77839235753132,121.48365887711503
2021-09-07 08:00:00,20210907,8,2,False,0,16424,167.0,2021-09,173,False,175.672072183109,179.17417044311176,173.66103529349107
2021-09-07 09:00:00,20210907,9,2,False,0,16424,169.0,2021-09,170,False,175.5611584696046,178.17767875463878,174.6589880880114
2021-09-07 10:00:00,20210907,10,2,False,0,16424,176.0,2021-09,164,False,175.79730418850082,177.02054835856265,172.53750003841296
2021-09-07 11:00:00,20210907,11,2,False,0,16424,165.0,2021-09,174,False,179.29274615878379,180.45149412575924,177.43068783972853
2021-09-07 12:00:00,20210907,12,2,False,0,16424,112.0,2021-09,116,False,112.04380695853511,128.10139520723973,112.81666129377051
2021-09-07 13:00:00,20210907,13,2,False,0,16424,174.0,2021-09,181,True,180.4271040410342,184.59127360390002,179.04578443560254
2021-09-07 14:00:00,20210907,14,2,False,0,16424,182.0,2021-09,182,True,181.71619511605377,184.86206487733423,179.78762041654946
2021-09-07 15:00:00,20210907,15,2,False,0,16424,157.0,2021-09,166,False,173.98993325996233,174.96691109601716,168.4209569863668
2021-09-07 16:00:00,20210907,16,2,False,0,16424,167.0,2021-09,160,False,180.19564150777873,180.95992349665107,174.79895153691533
2021-09-07 17:00:00,20210907,17,2,False,0,16424,125.0,2021-09,135,False,133.01862328847776,150.8148447618997,130.16612540245288
2021-09-07 18:00:00,20210907,18,2,False,0,16424,156.0,2021-09,156,False,158.88069313822618,169.84908328257535,158.58409772134223
2021-09-07 19:00:00,20210907,19,2,False,0,16424,148.0,2021-09,152,False,146.324020401834,155.7157030493377,147.9403722500385
2021-09-07 20:00:00,20210907,20,2,False,0,16424,147.0,2021-09,134,False,125.18904224019832,141.31280417083846,125.80670709388711
2021-09-07 21:00:00,20210907,21,2,False,0,16424,131.0,2021-09,131,False,120.24523212064067,133.68954487018456,122.43575268508256
2021-09-07 22:00:00,20210907,22,2,False,0,16424,119.0,2021-09,115,False,111.05913356839072,118.97684597491987,111.41150108970434
2021-09-07 23:00:00,20210907,23,2,False,0,16424,112.0,2021-09,111,False,105.34679988079263,111.46381171534627,105.6337498302071
2021-09-08 00:00:00,20210908,0,3,False,0,20831,74.0,2021-09,72,False,70.88641975900863,76.07719619663169,72.9285244313411
2021-09-08 01:00:00,20210908,1,3,False,0,20831,109.0,2021-09,110,False,104.46307626329991,122.95501639785022,106.03887150790666
2021-09-08 02:00:00,20210908,2,3,False,0,20831,114.0,2021-09,118,False,109.0216871530021,118.34113330516466,108.32409907087587
2021-09-08 03:00:00,20210908,3,3,False,0,20831,99.0,2021-09,112,False,104.352272988882,108.98182877987483,103.89491115558012
2021-09-08 04:00:00,20210908,4,3,False,0,20831,115.0,2021-09,113,False,109.39085022367355,117.1430467637083,109.92739963904934
2021-09-08 05:00:00,20210908,5,3,False,0,20831,92.0,2021-09,97,False,93.87266196660005,104.04135600527313,93.49298440428191
2021-09-08 06:00:00,20210908,6,3,False,0,20831,116.0,2021-09,118,False,109.68358102008118,118.78131747261041,109.29971634402882
2021-09-08 07:00:00,20210908,7,3,False,0,20831,124.0,2021-09,135,False,126.34315895381629,140.1961449083403,125.33174140681665
2021-09-08 08:00:00,20210908,8,3,False,0,20831,180.0,2021-09,171,False,174.21817783984966,178.3522427716138,173.16187991879883
2021-09-08 09:00:00,20210908,9,3,False,0,20831,182.0,2021-09,160,False,171.93752502000208,175.3209442341013,171.12440238272129
2021-09-08 10:00:00,20210908,10,3,False,0,20831,185.0,2021-09,152,False,181.17977226364277,185.67475261203586,179.5605447882423
2021-09-08 11:00:00,20210908,11,3,False,0,20831,174.0,2021-09,156,False,181.59525889590256,185.493049421723,181.6074962063832
2021-09-08 13:00:00,20210908,13,3,False,0,20831,182.0,2021-09,152,False,176.96697672448363,182.49639297794113,175.29008665905107
2021-09-08 14:00:00,20210908,14,3,False,0,20831,184.0,2021-09,165,False,176.6940107405396,181.600640870344,176.7236525021676
2021-09-08 15:00:00,20210908,15,3,False,0,20831,173.0,2021-09,165,False,170.20743440091636,176.75731917390988,166.74145186633686
2021-09-08 16:00:00,20210908,16,3,False,0,20831,176.0,2021-09,166,False,168.0385783807652,172.40594609951518,164.80326730114203
2021-09-08 17:00:00,20210908,17,3,False,0,20831,139.0,2021-09,144,False,142.53659157251874,154.59476375432632,141.14664294250807
2021-09-08 18:00:00,20210908,18,3,False,0,20831,163.0,2021-09,164,False,162.08553974822277,171.67653530007158,160.91504947553065
2021-09-08 19:00:00,20210908,19,3,False,0,20831,152.0,2021-09,150,False,145.345895370311,163.32643224317883,147.05540434461258
2021-09-08 20:00:00,20210908,20,3,False,0,20831,129.0,2021-09,103,False,123.33013272127046,133.45433963743588,122.98765459248739
2021-09-08 21:00:00,20210908,21,3,False,0,20831,131.0,2021-09,122,False,120.66692557596565,134.8545395937435,123.59617666916468
2021-09-08 22:00:00,20210908,22,3,False,0,20831,119.0,2021-09,106,False,113.62445063155815,121.62134355296216,114.8119329839994
2021-09-08 23:00:00,20210908,23,3,False,0,20831,114.0,2021-09,101,False,107.67521917067593,115.22112554530072,108.57859886653672
2021-09-09 00:00:00,20210909,0,4,False,0,17162,79.0,2021-09,72,False,69.68259129065747,75.89818996661438,70.35827387745833
2021-09-09 01:00:00,20210909,1,4,False,0,17162,112.0,2021-09,97,False,107.41702182696129,116.5912966395445,107.84634082964521
2021-09-09 02:00:00,20210909,2,4,False,0,17162,114.0,2021-09,110,False,108.83391057628825,113.67282796533159,108.87501787697725
2021-09-09 03:00:00,20210909,3,4,False,0,17162,106.0,2021-09,109,False,107.3792599667617,109.91078881663212,106.78778315137366
2021-09-09 04:00:00,20210909,4,4,False,0,17162,114.0,2021-09,107,False,108.84737536726847,116.70285216770428,109.33927315407158
2021-09-09 05:00:00,20210909,5,4,False,0,17162,93.0,2021-09,92,False,97.11392373526161,103.71545751766389,96.15905728099467
2021-09-09 06:00:00,20210909,6,4,False,0,17162,115.0,2021-09,119,False,108.19869692916139,117.0970444958596,107.44064551543693
2021-09-09 07:00:00,20210909,7,4,False,0,17162,141.0,2021-09,139,False,132.04243609832147,141.86738605241058,132.24669541446656
2021-09-09 08:00:00,20210909,8,4,False,0,17162,166.0,2021-09,172,False,174.11493784774052,180.14941187873742,172.96306362892247
2021-09-09 09:00:00,20210909,9,4,False,0,17162,184.0,2021-09,170,False,175.6903614168268,178.6007832467241,173.77169141692684
2021-09-09 10:00:00,20210909,10,4,False,0,17162,179.0,2021-09,155,False,180.09413167520958,183.06574634688025,176.61719744532857
2021-09-09 11:00:00,20210909,11,4,False,0,17162,182.0,2021-09,174,False,180.2050623841944,184.18206011265306,179.24432453284112
2021-09-09 12:00:00,20210909,12,4,False,0,17162,112.0,2021-09,111,False,110.62469289252637,118.09830379881964,111.72352622734967
2021-09-09 13:00:00,20210909,13,4,False,0,17162,174.0,2021-09,171,False,182.41833368138904,184.09691539264426,178.69525347817412
2021-09-09 14:00:00,20210909,14,4,False,0,17162,192.0,2021-09,165,False,185.13103323149417,191.7621680978798,185.74100464462254
2021-09-09 15:00:00,20210909,15,4,False,0,17162,170.0,2021-09,173,False,175.73542910452582,181.61199110885477,172.65581956557787
2021-09-09 16:00:00,20210909,16,4,False,0,17162,174.0,2021-09,160,False,175.74325127456265,180.22721645623372,170.66141543173603
2021-09-09 17:00:00,20210909,17,4,False,0,17162,132.0,2021-09,140,False,135.38908030691493,146.17183840642176,134.6272318861538
2021-09-09 18:00:00,20210909,18,4,False,0,17162,159.0,2021-09,162,False,161.30059698697622,169.36315193336497,160.75213412023803
2021-09-09 19:00:00,20210909,19,4,False,0,17162,161.0,2021-09,142,False,156.59193587924537,163.71743037915743,158.91695707791885
2021-09-09 20:00:00,20210909,20,4,False,0,17162,132.0,2021-09,128,False,121.39925272725202,137.13130312401142,130.02736106910064
2021-09-09 21:00:00,20210909,21,4,False,0,17162,131.0,2021-09,128,False,122.82983959429167,135.1544991543798,127.14655128637882
2021-09-09 22:00:00,20210909,22,4,False,0,17162,114.0,2021-09,109,False,112.90434429093801,121.56632178826978,112.70181362774856
2021-09-09 23:00:00,20210909,23,4,False,0,17162,119.0,2021-09,109,False,110.24870383194532,114.97056731448141,111.0894678095173
2021-09-10 00:00:00,20210910,0,5,False,0,18789,69.0,2021-09,77,False,67.69060473380677,74.88972404628534,69.40836171313168
2021-09-10 01:00:00,20210910,1,5,False,0,18789,109.0,2021-09,102,False,105.523559239007,111.04086107039149,105.53122604162523
2021-09-10 02:00:00,20210910,2,5,False,0,18789,112.0,2021-09,112,False,107.8606023871573,115.12740164313453,106.3822991318063
2021-09-10 03:00:00,20210910,3,5,False,0,18789,110.0,2021-09,106,False,107.16652693361358,111.98170530160765,106.37033748736162
2021-09-10 04:00:00,20210910,4,5,False,0,18789,107.0,2021-09,108,False,106.3616579231112,111.30916117045939,105.83965049697171
2021-09-10 05:00:00,20210910,5,5,False,0,18789,93.0,2021-09,92,False,94.56853618683904,102.39210532898858,92.68375324667518
2021-09-10 06:00:00,20210910,6,5,False,0,18789,107.0,2021-09,111,False,106.99695654661502,114.12319226901106,105.04901298529289
2021-09-10 07:00:00,20210910,7,5,False,0,18789,134.0,2021-09,132,False,130.0063682437779,138.15839329976896,129.06238721456145
2021-09-10 08:00:00,20210910,8,5,False,0,18789,170.0,2021-09,180,True,169.2949453555468,174.9210136971675,170.58577101156357
2021-09-10 09:00:00,20210910,9,5,False,0,18789,171.0,2021-09,184,True,174.18829010899506,177.79951666174796,171.8119999451635
2021-09-10 10:00:00,20210910,10,5,False,0,18789,163.0,2021-09,168,False,171.13521478150162,174.34254441782062,167.35332245318713
2021-09-10 11:00:00,20210910,11,5,False,0,18789,187.0,2021-09,181,True,180.12837682928281,185.36572346489785,180.78815133973276
2021-09-10 12:00:00,20210910,12,5,False,0,18789,108.0,2021-09,116,False,107.53871025378949,122.90161679031068,106.84103052314526
2021-09-10 13:00:00,20210910,13,5,False,0,18789,169.0,2021-09,180,True,178.74313510637657,181.3686106000492,176.66813924062998
2021-09-10 14:00:00,20210910,14,5,False,0,18789,178.0,2021-09,178,True,173.0064491008085,178.2046773862361,172.3204752731765
2021-09-10 15:00:00,20210910,15,5,False,0,18789,154.0,2021-09,171,False,165.27157359556693,173.46310260545593,163.58619994580405
2021-09-10 16:00:00,20210910,16,5,False,0,18789,161.0,2021-09,164,False,165.0471073802164,171.9743465602356,163.76260587143898
2021-09-10 17:00:00,20210910,17,5,False,0,18789,147.0,2021-09,138,False,136.24627962746675,151.16989092464186,137.90265459690627
2021-09-10 18:00:00,20210910,18,5,False,0,18789,154.0,2021-09,155,False,154.97497267835413,167.62824197697998,156.4724166553525
2021-09-10 19:00:00,20210910,19,5,False,0,18789,143.0,2021-09,142,False,139.369372070935,149.47745391296024,140.83086586191905
2021-09-10 20:00:00,20210910,20,5,False,0,18789,115.0,2021-09,116,False,113.10577107096942,120.78057819451192,113.16218673262021
2021-09-10 21:00:00,20210910,21,5,False,0,18789,110.0,2021-09,117,False,110.61131545674084,115.9621407045593,111.71014092641128
2021-09-10 22:00:00,20210910,22,5,False,0,18789,105.0,2021-09,102,False,107.39436637317071,110.4559133659548,106.68352244157273
2021-09-10 23:00:00,20210910,23,5,False,0,18789,101.0,2021-09,88,False,103.58485243635671,108.26062466060085,102.1474061044715
2021-09-11 00:00:00,20210911,0,6,False,0,2173,64.0,2021-09,61,False,54.10030446644125,62.22185254367761,55.85140729311462
2021-09-11 01:00:00,20210911,1,6,False,0,2173,106.0,2021-09,97,False,96.98807458317388,105.52600975076605,96.84560955603816
2021-09-11 02:00:00,20210911,2,6,False,0,2173,104.0,2021-09,95,False,94.278966500267,105.1857070472117,97.5939202736514
2021-09-11 03:00:00,20210911,3,6,False,0,2173,98.0,2021-09,94,False,94.27020951892905,102.69175416621925,93.4120728846126
2021-09-11 04:00:00,20210911,4,6,False,0,2173,109.0,2021-09,89,False,103.6080091084242,106.9468035759163,104.23985817095995
2021-09-11 05:00:00,20210911,5,6,False,0,2173,88.0,2021-09,82,False,87.71591715601842,95.14596491055408,87.4902740100214
2021-09-11 06:00:00,20210911,6,6,False,0,2173,111.0,2021-09,86,False,103.2794958594062,110.01277874720427,104.69813406855656
2021-09-11 07:00:00,20210911,7,6,False,0,2173,70.0,2021-09,51,False,67.04367103629069,83.88125640470277,62.633943572178275
2021-09-11 08:00:00,20210911,8,6,False,0,2173,33.0,2021-09,23,False,42.11521436735012,44.54285963705265,31.79520889531591
2021-09-11 09:00:00,20210911,9,6,False,0,2173,32.0,2021-09,23,False,23.902556589505178,29.86904174715902,24.445127802788704
2021-09-11 10:00:00,20210911,10,6,False,0,2173,34.0,2021-09,22,False,24.387379020332542,31.59712094876731,24.973098025037075
2021-09-11 11:00:00,20210911,11,6,False,0,2173,32.0,2021-09,23,False,25.77388172735253,39.04418149706306,26.99430934487395
2021-09-11 12:00:00,20210911,12,6,False,0,2173,33.0,2021-09,25,False,25.138478118006073,36.782276040352734,26.229910318480268
2021-09-11 13:00:00,20210911,13,6,False,0,2173,34.0,2021-09,23,False,25.418325912275893,38.673990747662266,26.336129175863288
2021-09-11 14:00:00,20210911,14,6,False,0,2173,34.0,2021-09,23,False,25.527939545227525,36.52200075093389,26.525029877687796
2021-09-11 15:00:00,20210911,15,6,False,0,2173,33.0,2021-09,24,False,25.021541402205617,35.52803780166723,26.139326341751488
2021-09-11 16:00:00,20210911,16,6,False,0,2173,36.0,2021-09,24,False,24.513344106265805,30.788429599404434,25.33003586260391
2021-09-11 17:00:00,20210911,17,6,False,0,2173,35.0,2021-09,23,False,28.51794889275376,33.31583190080847,29.228489811377248
2021-09-11 18:00:00,20210911,18,6,False,0,2173,26.0,2021-09,23,False,28.090525769314038,32.68736608477687,28.46873409762823
2021-09-11 19:00:00,20210911,19,6,False,0,2173,23.0,2021-09,25,False,27.855529147064555,31.383115829209007,28.229450999531394
2021-09-11 20:00:00,20210911,20,6,False,0,2173,25.0,2021-09,23,False,27.965106855923125,29.651224354262578,28.41226003901559
2021-09-11 21:00:00,20210911,21,6,False,0,2173,23.0,2021-09,23,False,27.81908785972792,29.19329058513742,28.356880131494297
2021-09-11 22:00:00,20210911,22,6,False,0,2173,23.0,2021-09,23,False,28.249490436578863,29.399752233930325,28.02116408269508
2021-09-11 23:00:00,20210911,23,6,False,0,2173,23.0,2021-09,23,False,28.19822442045317,29.394742318882365,27.734435484321395
2021-09-12 00:00:00,20210912,0,7,True,0,0,,2021-09,23,False,22.014815760281767,23.8015310605926,22.047377309757376
2021-09-12 01:00:00,20210912,1,7,True,0,0,,2021-09,23,False,22.098514142246373,24.08200875939278,22.09783549733504
2021-09-12 02:00:00,20210912,2,7,True,0,0,,2021-09,24,False,21.97561168394019,23.885545476074274,21.97263954728662
2021-09-12 03:00:00,20210912,3,7,True,0,0,,2021-09,23,False,22.132527143622898,24.142191444809527,22.052802949440764
2021-09-12 04:00:00,20210912,4,7,True,0,0,,2021-09,23,False,22.145496203308,24.13204637187251,22.1151892558797
2021-09-12 05:00:00,20210912,5,7,True,0,0,,2021-09,23,False,21.93572488188094,23.95217760407765,21.83947471421528
2021-09-12 06:00:00,20210912,6,7,True,0,0,,2021-09,23,False,21.96703976852487,23.938245091763008,21.882769393754586
2021-09-12 07:00:00,20210912,7,7,True,0,0,,2021-09,23,False,21.988785449127317,24.031195699752562,22.103696271205276
2021-09-12 08:00:00,20210912,8,7,True,0,0,,2021-09,25,False,22.299041644291606,24.142029120480156,22.484262821821233
2021-09-12 09:00:00,20210912,9,7,True,0,0,,2021-09,23,False,22.475506792000086,24.865417328557896,22.50132326334609
2021-09-12 10:00:00,20210912,10,7,True,0,0,,2021-09,23,False,22.68350624238182,25.27707890876771,22.629364775694935
2021-09-12 11:00:00,20210912,11,7,True,0,0,,2021-09,23,False,23.053745884877518,26.0048512936791,22.946139387571424
2021-09-12 12:00:00,20210912,12,7,True,0,0,,2021-09,23,False,22.414787922536902,25.94885918193336,22.345816592897492
2021-09-12 13:00:00,20210912,13,7,True,0,0,,2021-09,23,False,22.627318636462068,25.54303931441517,22.706024455550136
2021-09-12 14:00:00,20210912,14,7,True,0,0,,2021-09,25,False,22.628122300373963,25.301366116858247,22.673446067924143
2021-09-12 15:00:00,20210912,15,7,True,0,0,,2021-09,23,False,22.51406767117682,24.32803370596984,22.474383015705087
2021-09-12 16:00:00,20210912,16,7,True,0,0,,2021-09,24,False,22.373936073284227,24.569597940456507,22.442164092140132
2021-09-12 17:00:00,20210912,17,7,True,0,0,,2021-09,23,False,22.08616284693294,24.063909080410152,22.129291408708568
2021-09-12 18:00:00,20210912,18,7,True,0,0,,2021-09,23,False,22.160093977457706,24.119642165072946,22.15581605338269
2021-09-12 19:00:00,20210912,19,7,True,0,0,,2021-09,23,False,22.22347834043927,24.349664843178534,22.185500841809645
2021-09-12 20:00:00,20210912,20,7,True,0,0,,2021-09,23,False,22.285862108427903,24.505437267907364,22.342866852067633
2021-09-12 21:00:00,20210912,21,7,True,0,0,,2021-09,25,False,22.352421876687316,24.47032654313273,22.437371163782874
2021-09-12 22:00:00,20210912,22,7,True,0,0,,2021-09,23,False,22.29711580630962,24.104050331438856,22.43346145436944
2021-09-12 23:00:00,20210912,23,7,True,0,0,,2021-09,23,False,22.56954901639575,24.186603019074113,22.780133195401685
2021-09-13 00:00:00,20210913,0,1,False,0,14174,22.0,2021-09,23,False,24.237944904873842,27.330473104839044,25.510552483118246
2021-09-13 01:00:00,20210913,1,1,False,0,14174,22.0,2021-09,23,False,24.368600504146702,26.95634657888262,25.3212103499061
2021-09-13 02:00:00,20210913,2,1,False,0,14174,24.0,2021-09,23,False,24.533871549948767,27.169558313102268,25.701766334969992
2021-09-13 03:00:00,20210913,3,1,False,0,14174,22.0,2021-09,24,False,24.291615340711616,27.002243461888884,25.08709997509889
2021-09-13 04:00:00,20210913,4,1,False,0,14174,22.0,2021-09,24,False,24.290747431525705,27.621424738928777,25.111892645907393
2021-09-13 05:00:00,20210913,5,1,False,0,14174,23.0,2021-09,23,False,24.19273870097388,27.234763180869024,24.989643492755647
2021-09-13 06:00:00,20210913,6,1,False,0,14174,24.0,2021-09,23,False,43.84785679000172,36.57558202981699,45.528507847714366
2021-09-13 07:00:00,20210913,7,1,False,0,14174,52.0,2021-09,63,False,79.63343373758791,69.87980816549211,81.33009843652903
2021-09-13 08:00:00,20210913,8,1,False,0,14174,171.0,2021-09,185,True,173.2017297253602,178.40705734016856,169.73144472603198
2021-09-13 09:00:00,20210913,9,1,False,0,14174,157.0,2021-09,183,True,171.40051613416026,177.04778378628225,170.4328949602506
2021-09-13 10:00:00,20210913,10,1,False,0,14174,171.0,2021-09,177,True,172.3406735157996,176.4529408879831,169.80754454119676
2021-09-13 11:00:00,20210913,11,1,False,0,14174,176.0,2021-09,182,True,174.86519171626887,177.71035649687886,172.2327933256796
2021-09-13 12:00:00,20210913,12,1,False,0,14174,109.0,2021-09,117,False,107.04045441262058,118.34462444931273,107.26886861551365
2021-09-13 13:00:00,20210913,13,1,False,0,14174,160.0,2021-09,184,True,173.441543492129,177.465147239993,170.06979749393975
2021-09-13 14:00:00,20210913,14,1,False,0,14174,160.0,2021-09,180,True,172.7971571921436,175.43139351541393,170.41277973139213
2021-09-13 15:00:00,20210913,15,1,False,0,14174,158.0,2021-09,168,False,163.40310996601158,170.69496445322753,162.07100223342175
2021-09-13 16:00:00,20210913,16,1,False,0,14174,146.0,2021-09,175,False,161.24353170019026,172.66678240810765,155.9249689000805
2021-09-13 17:00:00,20210913,17,1,False,0,14174,128.0,2021-09,132,False,132.92123119589172,144.12204367302772,133.76754324591266
2021-09-13 18:00:00,20210913,18,1,False,0,14174,152.0,2021-09,145,False,154.14977021466225,171.36052572861794,150.11287491025772
2021-09-13 19:00:00,20210913,19,1,False,0,14174,135.0,2021-09,148,False,137.1516803906445,150.23459931909096,136.49330372247138
2021-09-13 20:00:00,20210913,20,1,False,0,14174,121.0,2021-09,121,False,118.66867587250731,128.6832628780592,118.48696203074502
2021-09-13 21:00:00,20210913,21,1,False,0,14174,123.0,2021-09,123,False,118.26964599803307,126.09588860466737,118.78230618727844
2021-09-13 22:00:00,20210913,22,1,False,0,14174,110.0,2021-09,110,False,108.98347203514008,114.13219042729095,108.83788134145398
2021-09-13 23:00:00,20210913,23,1,False,0,14174,104.0,2021-09,108,False,104.20058070061292,110.02798359775734,102.46456355182647
2021-09-14 00:00:00,20210914,0,2,False,0,19318,72.0,2021-09,70,False,71.4709486045872,73.54631045751465,71.80154799261972
2021-09-14 01:00:00,20210914,1,2,False,0,19318,109.0,2021-09,110,False,107.44748163963989,113.2983247132358,106.69557690946799
2021-09-14 02:00:00,20210914,2,2,False,0,19318,111.0,2021-09,112,False,105.42975241894233,120.51158646882048,106.63650215701216
2021-09-14 03:00:00,20210914,3,2,False,0,19318,109.0,2021-09,105,False,107.07727273665965,113.39965451568874,106.96270587923574
2021-09-14 04:00:00,20210914,4,2,False,0,19318,109.0,2021-09,111,False,106.79088971049543,112.57442301393547,106.88003986084037
2021-09-14 05:00:00,20210914,5,2,False,0,19318,96.0,2021-09,93,False,100.16427947022424,107.33581856279322,99.08407799941072
2021-09-14 06:00:00,20210914,6,2,False,0,19318,115.0,2021-09,108,False,111.58376702092418,126.50985967378203,111.71855553522913
2021-09-14 07:00:00,20210914,7,2,False,0,19318,140.0,2021-09,140,False,130.20020856828975,140.29658990350666,127.94699579394212
2021-09-14 08:00:00,20210914,8,2,False,0,19318,173.0,2021-09,174,False,167.54990368883887,175.5582526621073,167.08426401199793
2021-09-14 09:00:00,20210914,9,2,False,0,19318,170.0,2021-09,166,False,170.0833523711716,173.57552033410835,169.6771809509983
2021-09-14 10:00:00,20210914,10,2,False,0,19318,164.0,2021-09,152,False,174.1501139833567,177.58732724755643,171.77518687554195
2021-09-14 11:00:00,20210914,11,2,False,0,19318,174.0,2021-09,170,False,168.2304510905359,172.78915066688583,169.25577348808702
2021-09-14 12:00:00,20210914,12,2,False,0,19318,116.0,2021-09,118,False,113.05776665674671,127.87807669953759,113.87912403698886
2021-09-14 13:00:00,20210914,13,2,False,0,19318,181.0,2021-09,163,False,175.58080144815094,178.22282165774732,172.545713564316
2021-09-14 14:00:00,20210914,14,2,False,0,19318,182.0,2021-09,158,False,174.15267270065374,178.26789074161832,173.70945946728588
2021-09-14 15:00:00,20210914,15,2,False,0,19318,166.0,2021-09,161,False,165.3830811945525,169.80736429315974,164.08556899137525
2021-09-14 16:00:00,20210914,16,2,False,0,19318,160.0,2021-09,160,False,168.8428726684565,172.2110305771703,166.33340358703035
2021-09-14 17:00:00,20210914,17,2,False,0,19318,135.0,2021-09,123,False,130.8508125990344,145.46496768934819,131.82942440338118
2021-09-14 18:00:00,20210914,18,2,False,0,19318,156.0,2021-09,158,False,156.87556379156226,169.06606592724833,157.1706727327993
2021-09-14 19:00:00,20210914,19,2,False,0,19318,152.0,2021-09,153,False,148.6256900394395,162.374170974939,150.7118419358472
2021-09-14 20:00:00,20210914,20,2,False,0,19318,134.0,2021-09,128,False,128.39871119864273,144.12719946245983,133.20135321350185
2021-09-14 21:00:00,20210914,21,2,False,0,19318,131.0,2021-09,128,False,128.03664538661494,137.44612532121764,130.52751430628257
2021-09-14 22:00:00,20210914,22,2,False,0,19318,115.0,2021-09,111,False,114.37854247226177,123.2531640981875,114.68804441240634
2021-09-14 23:00:00,20210914,23,2,False,0,19318,111.0,2021-09,110,False,106.9097203235745,114.23069417768863,107.43579953987926
