dt,날짜,target,target_max15,hour,dow,month,is_weekend,is_holiday,after_off,off_run_prev,days_since_off,shift,is_transition,is_off,prod,prod_cap,prod_zero,day_prod,day_prod_hours,before_prod_start,after_prod_end,temp,cool,humid,wind,rain,fold,pred,error,abs_error,sq_error,underpredict,peak_threshold,is_peak,large_error
2021-05-05 00:00:00,20210505,65,67,0,3,5,0,1,0,0.0,3.0,0,0,False,103,103,0,2190,8,0,0,16.4,0.0,98,2.2,15.2,2021-05,68.05220147621147,-3.052201476211465,3.052201476211465,9.315933851387447,False,172.0,False,False
2021-05-05 01:00:00,20210505,105,111,1,3,5,0,1,0,0.0,3.0,0,0,False,4,4,0,2190,8,0,0,17.1,0.0,98,5.2,3.0,2021-05,106.53508143154652,-1.5350814315465158,1.5350814315465158,2.3564750014789,False,172.0,False,False
2021-05-05 02:00:00,20210505,110,115,2,3,5,0,1,0,0.0,3.0,0,0,False,363,363,0,2190,8,0,0,17.8,0.0,98,3.1,3.4,2021-05,105.41078097841137,4.589219021588633,4.589219021588633,21.06093122811093,True,172.0,False,False
2021-05-05 03:00:00,20210505,103,110,3,3,5,0,1,0,0.0,3.0,0,0,False,41,41,0,2190,8,0,0,18.0,0.0,98,2.7,3.5,2021-05,105.13460546555228,-2.1346054655522835,2.1346054655522835,4.556540493565681,False,172.0,False,False
2021-05-05 04:00:00,20210505,112,120,4,3,5,0,1,0,0.0,3.0,0,0,False,312,312,0,2190,8,0,0,18.1,0.0,98,2.6,3.5,2021-05,105.34499264880594,6.655007351194058,6.655007351194058,44.28912284444696,True,172.0,False,False
2021-05-05 05:00:00,20210505,88,97,5,3,5,0,1,0,0.0,3.0,0,0,False,63,63,0,2190,8,0,0,17.6,0.0,98,1.4,3.5,2021-05,98.08984636485394,-10.08984636485394,10.08984636485394,101.80499966635628,False,172.0,False,False
2021-05-05 06:00:00,20210505,103,109,6,3,5,0,1,0,0.0,3.0,0,0,False,233,233,0,2190,8,0,0,16.3,0.0,79,1.7,3.5,2021-05,107.35525271530854,-4.355252715308538,4.355252715308538,18.968226214202392,False,172.0,False,False
2021-05-05 07:00:00,20210505,63,92,7,3,5,0,1,0,0.0,3.0,0,1,False,1071,800,0,2190,8,0,0,15.5,0.0,68,2.7,3.5,2021-05,111.47791038460922,-48.47791038460922,48.47791038460922,2350.1077952582023,False,172.0,False,True
2021-05-05 08:00:00,20210505,21,21,8,3,5,0,1,0,0.0,3.0,2,0,False,0,0,1,2190,8,0,1,15.7,0.0,64,2.8,3.5,2021-05,140.2767509144535,-119.27675091445349,119.27675091445349,14226.94330870858,False,172.0,False,True
2021-05-05 09:00:00,20210505,21,21,9,3,5,0,1,0,0.0,3.0,2,0,False,0,0,1,2190,8,0,1,17.4,0.0,55,3.0,3.5,2021-05,141.40778723963282,-120.40778723963282,120.40778723963282,14498.035227944685,False,172.0,False,True
2021-05-05 10:00:00,20210505,23,25,10,3,5,0,1,0,0.0,3.0,2,0,False,0,0,1,2190,8,0,1,19.3,0.0,35,3.7,3.5,2021-05,133.97101203399532,-110.97101203399532,110.97101203399532,12314.565511849134,False,172.0,False,True
2021-05-05 11:00:00,20210505,21,22,11,3,5,0,1,0,0.0,3.0,2,0,False,0,0,1,2190,8,0,1,21.7,0.0,27,3.4,3.5,2021-05,139.58473488538039,-118.58473488538039,118.58473488538039,14062.339347835952,False,172.0,False,True
2021-05-05 12:00:00,20210505,20,21,12,3,5,0,1,0,0.0,3.0,1,1,False,0,0,1,2190,8,0,1,22.8,0.8000000000000007,22,4.0,3.5,2021-05,99.82882658139052,-79.82882658139052,79.82882658139052,6372.641553361721,False,172.0,False,True
2021-05-05 13:00:00,20210505,24,26,13,3,5,0,1,0,0.0,3.0,2,0,False,0,0,1,2190,8,0,1,23.3,1.3000000000000007,22,4.2,3.5,2021-05,139.05125356432416,-115.05125356432416,115.05125356432416,13236.790946722413,False,172.0,False,True
2021-05-05 14:00:00,20210505,21,21,14,3,5,0,1,0,0.0,3.0,2,0,False,0,0,1,2190,8,0,1,23.7,1.6999999999999993,17,4.3,3.5,2021-05,135.46944889043502,-114.46944889043502,114.46944889043502,13103.254729279915,False,172.0,False,True
2021-05-05 15:00:00,20210505,21,21,15,3,5,0,1,0,0.0,3.0,2,0,False,0,0,1,2190,8,0,1,23.6,1.6000000000000014,20,2.4,3.5,2021-05,127.33334181253116,-106.33334181253116,106.33334181253116,11306.779581020588,False,172.0,False,True
2021-05-05 16:00:00,20210505,23,26,16,3,5,0,1,0,0.0,3.0,2,0,False,0,0,1,2190,8,0,1,23.4,1.3999999999999986,16,2.9,3.5,2021-05,122.70445177958582,-99.70445177958582,99.70445177958582,9940.977704667755,False,172.0,False,True
2021-05-05 17:00:00,20210505,22,25,17,3,5,0,1,0,0.0,3.0,2,1,False,0,0,1,2190,8,0,1,22.6,0.6000000000000014,18,3.2,3.5,2021-05,115.53423078388646,-93.53423078388646,93.53423078388646,8748.652328333334,False,172.0,False,True
2021-05-05 18:00:00,20210505,21,21,18,3,5,0,1,0,0.0,3.0,2,0,False,0,0,1,2190,8,0,1,21.4,0.0,20,2.3,3.5,2021-05,124.86831963276212,-103.86831963276212,103.86831963276212,10788.627823333638,False,172.0,False,True
2021-05-05 19:00:00,20210505,21,21,19,3,5,0,1,0,0.0,3.0,2,0,False,0,0,1,2190,8,0,1,20.1,0.0,27,2.3,3.5,2021-05,119.27564565611807,-98.27564565611807,98.27564565611807,9658.10252912688,False,172.0,False,True
2021-05-05 20:00:00,20210505,24,26,20,3,5,0,1,0,0.0,3.0,0,0,False,0,0,1,2190,8,0,1,19.0,0.0,29,1.5,3.5,2021-05,114.87802129798807,-90.87802129798807,90.87802129798807,8258.814755037572,False,172.0,False,True
2021-05-05 21:00:00,20210505,21,22,21,3,5,0,1,0,0.0,3.0,0,0,False,0,0,1,2190,8,0,1,17.2,0.0,35,2.2,3.5,2021-05,113.48733120429229,-92.48733120429229,92.48733120429229,8553.906433292459,False,172.0,False,True
2021-05-05 22:00:00,20210505,22,22,22,3,5,0,1,0,0.0,3.0,0,0,False,0,0,1,2190,8,0,1,16.9,0.0,32,3.3,3.5,2021-05,107.13706925215035,-85.13706925215035,85.13706925215035,7248.3205608454455,False,172.0,False,True
2021-05-05 23:00:00,20210505,24,26,23,3,5,0,1,0,0.0,3.0,0,0,False,0,0,1,2190,8,0,1,14.3,0.0,41,1.3,3.5,2021-05,104.00076633643114,-80.00076633643114,80.00076633643114,6400.122614416254,False,172.0,False,True
2021-05-11 00:00:00,20210511,64,68,0,2,5,0,0,0,0.0,9.0,0,0,False,27,27,0,22088,22,0,0,13.7,0.0,86,1.3,0.2,2021-05,64.17314212411814,-0.17314212411814367,0.17314212411814367,0.02997819514414267,False,172.0,False,False
2021-05-11 01:00:00,20210511,98,110,1,2,5,0,0,0,0.0,9.0,0,0,False,48,48,0,22088,22,0,0,13.5,0.0,87,1.3,0.0,2021-05,102.75586117831489,-4.755861178314888,4.755861178314888,22.61821554740267,False,172.0,False,False
2021-05-11 02:00:00,20210511,104,108,2,2,5,0,0,0,0.0,9.0,0,0,False,487,487,0,22088,22,0,0,13.5,0.0,89,1.2,0.0,2021-05,108.10783841480618,-4.1078384148061815,4.1078384148061815,16.87433644215736,False,172.0,False,False
2021-05-11 03:00:00,20210511,101,105,3,2,5,0,0,0,0.0,9.0,0,0,False,119,119,0,22088,22,0,0,13.5,0.0,90,0.6,0.0,2021-05,100.55783279572275,0.4421672042772542,0.4421672042772542,0.19551183653836304,True,172.0,False,False
2021-05-11 04:00:00,20210511,105,113,4,2,5,0,0,0,0.0,9.0,0,0,False,82,82,0,22088,22,0,0,13.4,0.0,91,0.9,0.0,2021-05,101.08009973706832,3.9199002629316766,3.9199002629316766,15.365618071331827,True,172.0,False,False
2021-05-11 05:00:00,20210511,97,111,5,2,5,0,0,0,0.0,9.0,0,0,False,0,0,1,22088,22,0,0,13.4,0.0,90,1.0,0.0,2021-05,84.01373131594548,12.986268684054522,12.986268684054522,168.64317433445518,True,172.0,False,False
2021-05-11 06:00:00,20210511,107,117,6,2,5,0,0,0,0.0,9.0,0,0,False,188,188,0,22088,22,0,0,13.7,0.0,88,0.6,0.0,2021-05,102.79827446692575,4.201725533074253,4.201725533074253,17.654497455288116,True,172.0,False,False
2021-05-11 07:00:00,20210511,124,140,7,2,5,0,0,0,0.0,9.0,0,1,False,2165,800,0,22088,22,0,0,14.3,0.0,85,0.3,0.0,2021-05,113.50139300313145,10.498606996868546,10.498606996868546,110.22074887469718,True,172.0,False,False
2021-05-11 08:00:00,20210511,171,177,8,2,5,0,0,0,0.0,9.0,2,0,False,637,637,0,22088,22,0,0,14.8,0.0,83,0.8,0.0,2021-05,164.77162116883017,6.2283788311698345,6.2283788311698345,38.79270286456451,True,172.0,False,False
2021-05-11 09:00:00,20210511,173,177,9,2,5,0,0,0,0.0,9.0,2,0,False,1542,800,0,22088,22,0,0,14.9,0.0,82,1.0,0.0,2021-05,167.06612628275874,5.933873717241255,5.933873717241255,35.21085729216655,True,172.0,True,False
2021-05-11 10:00:00,20210511,160,171,10,2,5,0,0,0,0.0,9.0,2,0,False,1472,800,0,22088,22,0,0,15.2,0.0,73,1.6,0.0,2021-05,158.63442811842322,1.365571881576784,1.365571881576784,1.8647865637531584,True,172.0,False,False
2021-05-11 11:00:00,20210511,169,173,11,2,5,0,0,0,0.0,9.0,2,0,False,1484,800,0,22088,22,0,0,16.4,0.0,70,2.2,0.0,2021-05,168.221417242554,0.7785827574460029,0.7785827574460029,0.6061911101922214,True,172.0,False,False
2021-05-11 12:00:00,20210511,100,129,12,2,5,0,0,0,0.0,9.0,1,1,False,0,0,1,22088,22,0,0,16.6,0.0,64,3.6,0.0,2021-05,98.38431409613447,1.6156859038655256,1.6156859038655256,2.6104409399497603,True,172.0,False,False
2021-05-11 13:00:00,20210511,176,185,13,2,5,0,0,0,0.0,9.0,2,0,False,2483,800,0,22088,22,0,0,18.0,0.0,54,2.6,0.0,2021-05,167.34279453284918,8.657205467150817,8.657205467150817,74.947206500466,True,172.0,True,False
2021-05-11 14:00:00,20210511,155,166,14,2,5,0,0,0,0.0,9.0,2,0,False,3081,800,0,22088,22,0,0,17.7,0.0,46,3.2,0.0,2021-05,163.7687367580592,-8.768736758059191,8.768736758059191,76.89074433213841,False,172.0,False,False
2021-05-11 15:00:00,20210511,151,163,15,2,5,0,0,0,0.0,9.0,2,0,False,807,800,0,22088,22,0,0,17.1,0.0,50,2.5,0.0,2021-05,151.05209232737866,-0.05209232737865932,0.05209232737865932,0.0027136105717254196,False,172.0,False,False
2021-05-11 16:00:00,20210511,144,151,16,2,5,0,0,0,0.0,9.0,2,0,False,1509,800,0,22088,22,0,0,17.0,0.0,47,1.6,0.0,2021-05,152.21387197652354,-8.213871976523535,8.213871976523535,67.46769284671865,False,172.0,False,False
2021-05-11 17:00:00,20210511,118,144,17,2,5,0,0,0,0.0,9.0,2,1,False,458,458,0,22088,22,0,0,16.6,0.0,50,2.4,0.0,2021-05,116.45361124511818,1.5463887548818178,1.5463887548818178,2.3913181812249387,True,172.0,False,False
2021-05-11 18:00:00,20210511,138,141,18,2,5,0,0,0,0.0,9.0,2,0,False,1720,800,0,22088,22,0,0,16.2,0.0,57,3.1,0.0,2021-05,145.75978949251467,-7.75978949251467,7.75978949251467,60.214332968141086,False,172.0,False,False
2021-05-11 19:00:00,20210511,132,138,19,2,5,0,0,0,0.0,9.0,2,0,False,3308,800,0,22088,22,0,0,15.6,0.0,63,2.9,0.0,2021-05,143.43760037654357,-11.437600376543571,11.437600376543571,130.81870237350964,False,172.0,False,False
2021-05-11 20:00:00,20210511,128,131,20,2,5,0,0,0,0.0,9.0,0,0,False,44,44,0,22088,22,0,0,15.6,0.0,61,2.3,0.0,2021-05,114.27972252879044,13.720277471209556,13.720277471209556,188.24601388698048,True,172.0,False,False
2021-05-11 21:00:00,20210511,125,131,21,2,5,0,0,0,0.0,9.0,0,0,False,382,382,0,22088,22,0,0,15.3,0.0,65,2.5,0.0,2021-05,115.15164003366066,9.848359966339345,9.848359966339345,96.9901940265955,True,172.0,False,False
2021-05-11 22:00:00,20210511,107,112,22,2,5,0,0,0,0.0,9.0,0,0,False,40,40,0,22088,22,0,0,15.0,0.0,73,2.6,0.0,2021-05,102.36319591688199,4.636804083118008,4.636804083118008,21.499952105219833,True,172.0,False,False
2021-05-11 23:00:00,20210511,107,121,23,2,5,0,0,0,0.0,9.0,0,0,False,5,5,0,22088,22,0,0,15.0,0.0,75,3.1,0.0,2021-05,98.12917363054417,8.870826369455827,8.870826369455827,78.69156047703285,True,172.0,False,False
2021-05-12 00:00:00,20210512,67,75,0,3,5,0,0,0,0.0,10.0,0,0,False,0,0,1,20189,23,1,0,14.8,0.0,76,3.4,0.0,2021-05,55.38424831181165,11.615751688188347,11.615751688188347,134.92568728165043,True,172.0,False,False
2021-05-12 01:00:00,20210512,98,104,1,3,5,0,0,0,0.0,10.0,0,0,False,533,533,0,20189,23,0,0,14.7,0.0,76,3.1,0.0,2021-05,100.28895836760387,-2.2889583676038683,2.2889583676038683,5.239330408623766,False,172.0,False,False
2021-05-12 02:00:00,20210512,110,113,2,3,5,0,0,0,0.0,10.0,0,0,False,226,226,0,20189,23,0,0,14.7,0.0,75,3.4,0.0,2021-05,103.88207335467895,6.117926645321049,6.117926645321049,37.42902643752926,True,172.0,False,False
2021-05-12 03:00:00,20210512,96,109,3,3,5,0,0,0,0.0,10.0,0,0,False,93,93,0,20189,23,0,0,15.1,0.0,70,2.7,0.0,2021-05,102.14983186756795,-6.149831867567954,6.149831867567954,37.82043199935435,False,172.0,False,False
2021-05-12 04:00:00,20210512,107,111,4,3,5,0,0,0,0.0,10.0,0,0,False,300,300,0,20189,23,0,0,15.0,0.0,72,2.9,0.0,2021-05,105.49870651305464,1.5012934869453574,1.5012934869453574,2.25388213394455,True,172.0,False,False
2021-05-12 05:00:00,20210512,92,107,5,3,5,0,0,0,0.0,10.0,0,0,False,25,25,0,20189,23,0,0,14.9,0.0,75,2.8,0.0,2021-05,89.76099986137162,2.239000138628384,2.239000138628384,5.013121620777924,True,172.0,False,False
2021-05-12 06:00:00,20210512,104,110,6,3,5,0,0,0,0.0,10.0,0,0,False,560,560,0,20189,23,0,0,14.9,0.0,79,3.5,0.0,2021-05,101.94405566638981,2.055944333610185,2.055944333610185,4.226907102903827,True,172.0,False,False
2021-05-12 07:00:00,20210512,126,147,7,3,5,0,0,0,0.0,10.0,0,1,False,1735,800,0,20189,23,0,0,15.3,0.0,79,3.0,0.0,2021-05,91.92598199998764,34.07401800001236,34.07401800001236,1161.0387026651663,True,172.0,False,True
2021-05-12 08:00:00,20210512,169,178,8,3,5,0,0,0,0.0,10.0,2,0,False,691,691,0,20189,23,0,0,15.9,0.0,76,3.2,0.0,2021-05,107.21007940805673,61.78992059194327,61.78992059194327,3817.994286758655,True,172.0,False,True
2021-05-12 09:00:00,20210512,160,165,9,3,5,0,0,0,0.0,10.0,2,0,False,716,716,0,20189,23,0,0,16.2,0.0,72,2.6,0.0,2021-05,105.64141469048222,54.35858530951778,54.35858530951778,2954.855796852122,True,172.0,False,True
2021-05-12 10:00:00,20210512,149,166,10,3,5,0,0,0,0.0,10.0,2,0,False,941,800,0,20189,23,0,0,16.3,0.0,70,3.0,0.0,2021-05,104.3081964768506,44.6918035231494,44.6918035231494,1997.3573021517893,True,172.0,False,True
2021-05-12 11:00:00,20210512,168,183,11,3,5,0,0,0,0.0,10.0,2,0,False,952,800,0,20189,23,0,0,17.0,0.0,67,2.6,0.0,2021-05,103.8325686352387,64.1674313647613,64.1674313647613,4117.459247951352,True,172.0,False,True
2021-05-12 12:00:00,20210512,94,125,12,3,5,0,0,0,0.0,10.0,1,1,False,104,104,0,20189,23,0,0,19.3,0.0,55,3.3,0.0,2021-05,70.88289343294916,23.11710656705084,23.11710656705084,534.4006160323851,True,172.0,False,True
2021-05-12 13:00:00,20210512,178,184,13,3,5,0,0,0,0.0,10.0,2,0,False,1820,800,0,20189,23,0,0,19.3,0.0,53,2.8,0.0,2021-05,104.47532068042358,73.52467931957642,73.52467931957642,5405.878469046549,True,172.0,True,True
2021-05-12 14:00:00,20210512,164,172,14,3,5,0,0,0,0.0,10.0,2,0,False,1492,800,0,20189,23,0,0,20.8,0.0,50,2.9,0.0,2021-05,102.7498679535763,61.2501320464237,61.2501320464237,3751.5786757043397,True,172.0,False,True
2021-05-12 15:00:00,20210512,153,168,15,3,5,0,0,0,0.0,10.0,2,0,False,1155,800,0,20189,23,0,0,19.8,0.0,54,3.2,0.0,2021-05,101.87458725923427,51.125412740765725,51.125412740765725,2613.8078279136503,True,172.0,False,True
2021-05-12 16:00:00,20210512,159,163,16,3,5,0,0,0,0.0,10.0,2,0,False,760,760,0,20189,23,0,0,18.1,0.0,60,2.9,0.0,2021-05,101.32295354495587,57.677046455044135,57.677046455044135,3326.641687777319,True,172.0,False,True
2021-05-12 17:00:00,20210512,131,169,17,3,5,0,0,0,0.0,10.0,2,1,False,3446,800,0,20189,23,0,0,17.4,0.0,63,2.0,0.0,2021-05,90.43832072983905,40.56167927016095,40.56167927016095,1645.2498252154046,True,172.0,False,True
2021-05-12 18:00:00,20210512,157,169,18,3,5,0,0,0,0.0,10.0,2,0,False,1012,800,0,20189,23,0,0,17.5,0.0,67,1.6,0.0,2021-05,101.60283359652938,55.39716640347062,55.39716640347062,3068.846045533814,True,172.0,False,True
2021-05-12 19:00:00,20210512,125,153,19,3,5,0,0,0,0.0,10.0,2,0,False,2838,800,0,20189,23,0,0,16.3,0.0,71,1.8,0.0,2021-05,90.03530932985909,34.96469067014091,34.96469067014091,1222.5295936586388,True,172.0,False,True
2021-05-12 20:00:00,20210512,105,109,20,3,5,0,0,0,0.0,10.0,0,0,False,8,8,0,20189,23,0,0,14.8,0.0,81,0.9,0.0,2021-05,79.10991265460319,25.890087345396807,25.890087345396807,670.2966227522759,True,172.0,False,True
2021-05-12 21:00:00,20210512,110,115,21,3,5,0,0,0,0.0,10.0,0,0,False,178,178,0,20189,23,0,0,14.3,0.0,86,1.8,0.0,2021-05,78.97140971720766,31.028590282792337,31.028590282792337,962.773414937395,True,172.0,False,True
2021-05-12 22:00:00,20210512,102,116,22,3,5,0,0,0,0.0,10.0,0,0,False,366,366,0,20189,23,0,0,14.0,0.0,86,1.5,0.0,2021-05,78.86720335515703,23.13279664484297,23.13279664484297,535.1262806116581,True,172.0,False,True
2021-05-12 23:00:00,20210512,102,111,23,3,5,0,0,0,0.0,10.0,0,0,False,238,238,0,20189,23,0,0,13.6,0.0,89,1.4,0.0,2021-05,70.96589879282887,31.034101207171133,31.034101207171133,963.1154377369407,True,172.0,False,True
2021-05-13 00:00:00,20210513,70,75,0,4,5,0,0,0,0.0,11.0,0,0,False,157,157,0,17668,24,0,0,13.9,0.0,88,1.7,0.0,2021-05,62.122865772820056,7.877134227179944,7.877134227179944,62.04924363300977,True,172.0,False,False
2021-05-13 01:00:00,20210513,98,107,1,4,5,0,0,0,0.0,11.0,0,0,False,370,370,0,17668,24,0,0,14.0,0.0,87,0.8,0.0,2021-05,92.66534173369719,5.33465826630281,5.33465826630281,28.458578818232905,True,172.0,False,False
2021-05-13 02:00:00,20210513,103,113,2,4,5,0,0,0,0.0,11.0,0,0,False,52,52,0,17668,24,0,0,13.0,0.0,90,0.6,0.0,2021-05,92.73352451315823,10.26647548684177,10.26647548684177,105.40051892192297,True,172.0,False,False
2021-05-13 03:00:00,20210513,100,110,3,4,5,0,0,0,0.0,11.0,0,0,False,366,366,0,17668,24,0,0,12.8,0.0,90,1.5,0.0,2021-05,92.30680111158706,7.693198888412937,7.693198888412937,59.18530913667804,True,172.0,False,False
2021-05-13 04:00:00,20210513,105,113,4,4,5,0,0,0,0.0,11.0,0,0,False,96,96,0,17668,24,0,0,13.1,0.0,89,0.7,0.0,2021-05,91.79680574482835,13.203194255171653,13.203194255171653,174.32433853979774,True,172.0,False,False
2021-05-13 05:00:00,20210513,89,105,5,4,5,0,0,0,0.0,11.0,0,0,False,68,68,0,17668,24,0,0,13.7,0.0,82,1.3,0.0,2021-05,85.55015592614211,3.4498440738578893,3.4498440738578893,11.901424133932398,True,172.0,False,False
2021-05-13 06:00:00,20210513,101,105,6,4,5,0,0,0,0.0,11.0,0,0,False,4,4,0,17668,24,0,0,13.1,0.0,87,1.8,0.0,2021-05,92.56781964187037,8.432180358129628,8.432180358129628,71.1016655920271,True,172.0,False,False
2021-05-13 07:00:00,20210513,117,135,7,4,5,0,0,0,0.0,11.0,0,1,False,2540,800,0,17668,24,0,0,15.0,0.0,78,1.4,0.0,2021-05,100.98014132946314,16.019858670536863,16.019858670536863,256.6358718239751,True,172.0,False,False
2021-05-13 08:00:00,20210513,165,176,8,4,5,0,0,0,0.0,11.0,2,0,False,705,705,0,17668,24,0,0,17.3,0.0,69,1.1,0.0,2021-05,169.78262519272138,-4.782625192721383,4.782625192721383,22.873503734053248,False,172.0,False,False
2021-05-13 09:00:00,20210513,163,174,9,4,5,0,0,0,0.0,11.0,2,0,False,359,359,0,17668,24,0,0,20.2,0.0,50,1.0,0.0,2021-05,167.36298674331604,-4.362986743316043,4.362986743316043,19.03565332235153,False,172.0,False,False
2021-05-13 10:00:00,20210513,158,176,10,4,5,0,0,0,0.0,11.0,2,0,False,1880,800,0,17668,24,0,0,22.1,0.10000000000000142,40,1.9,0.0,2021-05,160.9593690320659,-2.9593690320658936,2.9593690320658936,8.757865067950624,False,172.0,False,False
2021-05-13 11:00:00,20210513,164,170,11,4,5,0,0,0,0.0,11.0,2,0,False,470,470,0,17668,24,0,0,22.8,0.8000000000000007,51,1.8,0.0,2021-05,163.47524573407964,0.5247542659203646,0.5247542659203646,0.2753670396016207,True,172.0,False,False
2021-05-13 12:00:00,20210513,96,119,12,4,5,0,0,0,0.0,11.0,1,1,False,238,238,0,17668,24,0,0,24.2,2.1999999999999993,57,2.2,0.0,2021-05,99.9381672044638,-3.938167204463795,3.938167204463795,15.509160930314184,False,172.0,False,False
2021-05-13 13:00:00,20210513,168,175,13,4,5,0,0,0,0.0,11.0,2,0,False,1582,800,0,17668,24,0,0,25.0,3.0,59,2.1,0.0,2021-05,165.69825345880415,2.301746541195854,2.301746541195854,5.298037139907077,True,172.0,False,False
2021-05-13 14:00:00,20210513,163,169,14,4,5,0,0,0,0.0,11.0,2,0,False,1464,800,0,17668,24,0,0,24.6,2.6000000000000014,59,2.1,0.0,2021-05,160.71593398917545,2.284066010824546,2.284066010824546,5.216957541803954,True,172.0,False,False
2021-05-13 15:00:00,20210513,139,156,15,4,5,0,0,0,0.0,11.0,2,0,False,980,800,0,17668,24,0,0,23.2,1.1999999999999993,58,3.1,0.0,2021-05,152.17216417168186,-13.172164171681857,13.172164171681857,173.50590896573917,False,172.0,False,False
2021-05-13 16:00:00,20210513,150,155,16,4,5,0,0,0,0.0,11.0,2,0,False,1633,800,0,17668,24,0,0,21.8,0.0,57,2.6,0.0,2021-05,150.6236206691268,-0.623620669126808,0.623620669126808,0.38890273896216776,False,172.0,False,False
2021-05-13 17:00:00,20210513,101,117,17,4,5,0,0,0,0.0,11.0,2,1,False,430,430,0,17668,24,0,0,22.2,0.1999999999999993,58,1.6,0.0,2021-05,117.94360044298804,-16.943600442988043,16.943600442988043,287.08559597162457,False,172.0,False,False
2021-05-13 18:00:00,20210513,102,108,18,4,5,0,0,0,0.0,11.0,2,0,False,1701,800,0,17668,24,0,0,20.9,0.0,57,1.3,0.0,2021-05,124.0636722328863,-22.063672232886304,22.063672232886304,486.8056324002381,False,172.0,False,True
2021-05-13 19:00:00,20210513,101,106,19,4,5,0,0,0,0.0,11.0,2,0,False,2095,800,0,17668,24,0,0,19.3,0.0,55,1.4,0.0,2021-05,119.70574604257143,-18.705746042571434,18.705746042571434,349.9049350091769,False,172.0,False,True
2021-05-13 20:00:00,20210513,133,139,20,4,5,0,0,0,0.0,11.0,0,0,False,126,126,0,17668,24,0,0,17.7,0.0,63,0.4,0.0,2021-05,116.92603526849818,16.073964731501817,16.073964731501817,258.3723421895643,True,172.0,False,False
2021-05-13 21:00:00,20210513,127,135,21,4,5,0,0,0,0.0,11.0,0,0,False,75,75,0,17668,24,0,0,17.1,0.0,73,0.4,0.0,2021-05,113.69889342752913,13.301106572470871,13.301106572470871,176.9194360522278,True,172.0,False,False
2021-05-13 22:00:00,20210513,114,123,22,4,5,0,0,0,0.0,11.0,0,0,False,48,48,0,17668,24,0,0,16.7,0.0,81,1.1,0.0,2021-05,107.48035304412791,6.519646955872091,6.519646955872091,42.50579642921222,True,172.0,False,False
2021-05-13 23:00:00,20210513,104,115,23,4,5,0,0,0,0.0,11.0,0,0,False,229,229,0,17668,24,0,0,16.0,0.0,92,0.7,0.0,2021-05,98.91896303964201,5.0810369603579915,5.0810369603579915,25.816936592523977,True,172.0,False,False
2021-05-14 00:00:00,20210514,67,72,0,5,5,0,0,0,0.0,12.0,0,0,False,14,14,0,17374,21,0,0,15.1,0.0,96,0.2,0.0,2021-05,70.28919027600413,-3.2891902760041347,3.2891902760041347,10.818772671760156,False,172.0,False,False
2021-05-14 01:00:00,20210514,100,110,1,5,5,0,0,0,0.0,12.0,0,0,False,306,306,0,17374,21,0,0,15.0,0.0,98,0.8,0.0,2021-05,103.68820763136307,-3.6882076313630705,3.6882076313630705,13.602875532044791,False,172.0,False,False
2021-05-14 02:00:00,20210514,107,111,2,5,5,0,0,0,0.0,12.0,0,0,False,95,95,0,17374,21,0,0,14.4,0.0,98,0.0,0.0,2021-05,106.45735508027241,0.5426449197275929,0.5426449197275929,0.29446350890616574,True,172.0,False,False
2021-05-14 03:00:00,20210514,97,104,3,5,5,0,0,0,0.0,12.0,0,0,False,332,332,0,17374,21,0,0,14.1,0.0,98,1.5,0.0,2021-05,102.36762445098746,-5.3676244509874635,5.3676244509874635,28.81139224683847,False,172.0,False,False
2021-05-14 04:00:00,20210514,106,108,4,5,5,0,0,0,0.0,12.0,0,0,False,0,0,1,17374,21,0,0,14.1,0.0,98,1.3,0.0,2021-05,103.69024434095206,2.309755659047937,2.309755659047937,5.3349712045039706,True,172.0,False,False
2021-05-14 05:00:00,20210514,93,104,5,5,5,0,0,0,0.0,12.0,0,0,False,60,60,0,17374,21,0,0,14.7,0.0,97,1.7,0.0,2021-05,96.62472422961984,-3.6247242296198436,3.6247242296198436,13.138625740793168,False,172.0,False,False
2021-05-14 06:00:00,20210514,100,107,6,5,5,0,0,0,0.0,12.0,0,0,False,553,553,0,17374,21,0,0,14.7,0.0,96,0.7,0.0,2021-05,108.0796809702253,-8.079680970225297,8.079680970225297,65.2812445806208,False,172.0,False,False
2021-05-14 07:00:00,20210514,115,135,7,5,5,0,0,0,0.0,12.0,0,1,False,1743,800,0,17374,21,0,0,17.1,0.0,87,0.5,0.0,2021-05,119.52436868361913,-4.52436868361913,4.52436868361913,20.4699119853135,False,172.0,False,False
2021-05-14 08:00:00,20210514,147,157,8,5,5,0,0,0,0.0,12.0,2,0,False,591,591,0,17374,21,0,0,19.4,0.0,76,0.9,0.0,2021-05,170.40296925076947,-23.402969250769473,23.402969250769473,547.6989697524615,False,172.0,False,True
2021-05-14 09:00:00,20210514,140,143,9,5,5,0,0,0,0.0,12.0,2,0,False,672,672,0,17374,21,0,0,21.5,0.0,64,1.3,0.0,2021-05,165.10159073452033,-25.10159073452033,25.10159073452033,630.0898574033569,False,172.0,False,True
2021-05-14 10:00:00,20210514,143,155,10,5,5,0,0,0,0.0,12.0,2,0,False,4183,800,0,17374,21,0,0,23.0,1.0,64,2.0,0.0,2021-05,161.9093334391031,-18.909333439103108,18.909333439103108,357.562891111183,False,172.0,False,True
2021-05-14 11:00:00,20210514,149,155,11,5,5,0,0,0,0.0,12.0,2,0,False,399,399,0,17374,21,0,0,23.3,1.3000000000000007,64,1.9,0.0,2021-05,165.93950266788548,-16.939502667885478,16.939502667885478,286.9467506352992,False,172.0,False,False
2021-05-14 12:00:00,20210514,91,113,12,5,5,0,0,0,0.0,12.0,1,1,False,230,230,0,17374,21,0,0,24.4,2.3999999999999986,63,2.4,0.0,2021-05,103.48546360382913,-12.485463603829132,12.485463603829132,155.88680140254192,False,172.0,False,False
2021-05-14 13:00:00,20210514,150,156,13,5,5,0,0,0,0.0,12.0,2,0,False,50,50,0,17374,21,0,0,23.2,1.1999999999999993,62,2.6,0.0,2021-05,157.2347894267089,-7.234789426708886,7.234789426708886,52.342178048818695,False,172.0,False,False
2021-05-14 14:00:00,20210514,143,147,14,5,5,0,0,0,0.0,12.0,2,0,False,957,800,0,17374,21,0,0,23.4,1.3999999999999986,60,2.3,0.0,2021-05,166.81929703640532,-23.819297036405317,23.819297036405317,567.3589113085071,False,172.0,False,True
2021-05-14 15:00:00,20210514,137,148,15,5,5,0,0,0,0.0,12.0,2,0,False,623,623,0,17374,21,0,0,23.7,1.6999999999999993,60,2.5,0.0,2021-05,133.57785834417425,3.4221416558257545,3.4221416558257545,11.711053512537836,True,172.0,False,False
2021-05-14 16:00:00,20210514,135,143,16,5,5,0,0,0,0.0,12.0,2,0,False,3046,800,0,17374,21,0,0,23.1,1.1000000000000014,60,1.6,0.0,2021-05,149.48241126873907,-14.482411268739071,14.482411268739071,209.74023615690044,False,172.0,False,False
2021-05-14 17:00:00,20210514,109,148,17,5,5,0,0,0,0.0,12.0,2,1,False,437,437,0,17374,21,0,0,22.0,0.0,62,1.9,0.0,2021-05,121.02711108255112,-12.027111082551116,12.027111082551116,144.65140099202387,False,172.0,False,False
2021-05-14 18:00:00,20210514,146,156,18,5,5,0,0,0,0.0,12.0,2,0,False,1523,800,0,17374,21,0,0,21.3,0.0,67,1.2,0.0,2021-05,132.396228018454,13.603771981546004,13.603771981546004,185.0626121258961,True,172.0,False,False
2021-05-14 19:00:00,20210514,129,144,19,5,5,0,0,0,0.0,12.0,2,0,False,1514,800,0,17374,21,0,0,20.3,0.0,71,0.9,0.0,2021-05,128.72034379639732,0.2796562036026842,0.2796562036026842,0.07820759221346595,True,172.0,False,False
2021-05-14 20:00:00,20210514,106,109,20,5,5,0,0,0,0.0,12.0,0,0,False,1,1,0,17374,21,0,0,19.1,0.0,77,0.6,0.0,2021-05,113.84554126293006,-7.845541262930055,7.845541262930055,61.55251770833813,False,172.0,False,False
2021-05-14 21:00:00,20210514,110,112,21,5,5,0,0,0,0.0,12.0,0,0,False,45,45,0,17374,21,0,0,18.4,0.0,80,1.0,0.0,2021-05,109.67053600559781,0.32946399440218954,0.32946399440218954,0.10854652360744599,True,172.0,False,False
2021-05-14 22:00:00,20210514,103,112,22,5,5,0,0,0,0.0,12.0,0,0,False,0,0,1,17374,21,0,1,18.2,0.0,86,0.7,0.0,2021-05,105.62196012247487,-2.6219601224748743,2.6219601224748743,6.874674883848458,False,172.0,False,False
2021-05-14 23:00:00,20210514,89,98,23,5,5,0,0,0,0.0,12.0,0,0,False,0,0,1,17374,21,0,1,17.6,0.0,85,0.8,0.0,2021-05,92.62631140838931,-3.626311408389313,3.626311408389313,13.150134430614482,False,172.0,False,False
2021-05-15 00:00:00,20210515,54,54,0,6,5,1,0,0,0.0,13.0,0,0,False,0,0,1,742,4,1,0,17.4,0.0,84,0.2,0.0,2021-05,53.49522785902936,0.5047721409706369,0.5047721409706369,0.25479491430008055,True,172.0,False,False
2021-05-15 01:00:00,20210515,96,104,1,6,5,1,0,0,0.0,13.0,0,0,False,47,47,0,742,4,0,0,17.5,0.0,84,0.7,0.0,2021-05,102.75980906016497,-6.759809060164969,6.759809060164969,45.6950185298884,False,172.0,False,False
2021-05-15 02:00:00,20210515,98,100,2,6,5,1,0,0,0.0,13.0,0,0,False,37,37,0,742,4,0,0,17.5,0.0,85,1.5,0.0,2021-05,101.27579782311265,-3.2757978231126543,3.2757978231126543,10.730851377909605,False,172.0,False,False
2021-05-15 03:00:00,20210515,93,101,3,6,5,1,0,0,0.0,13.0,0,0,False,0,0,1,742,4,0,0,17.1,0.0,87,0.8,0.0,2021-05,98.45812457605386,-5.458124576053862,5.458124576053862,29.791123887723153,False,172.0,False,False
2021-05-15 04:00:00,20210515,101,105,4,6,5,1,0,0,0.0,13.0,0,0,False,0,0,1,742,4,0,0,17.5,0.0,85,1.0,0.0,2021-05,99.46564151908926,1.5343584809107398,1.5343584809107398,2.354255947942713,True,172.0,False,False
2021-05-15 05:00:00,20210515,80,96,5,6,5,1,0,0,0.0,13.0,0,0,False,0,0,1,742,4,0,0,17.9,0.0,84,0.1,0.0,2021-05,80.49989643924793,-0.4998964392479337,0.4998964392479337,0.24989644997276306,False,172.0,False,False
2021-05-15 06:00:00,20210515,98,103,6,6,5,1,0,0,0.0,13.0,0,0,False,24,24,0,742,4,0,0,17.5,0.0,88,1.4,0.0,2021-05,101.82225914611278,-3.822259146112785,3.822259146112785,14.609664980042835,False,172.0,False,False
2021-05-15 07:00:00,20210515,69,86,7,6,5,1,0,0,0.0,13.0,0,1,False,634,634,0,742,4,0,0,17.7,0.0,91,0.0,0.1,2021-05,61.059446585656325,7.940553414343675,7.940553414343675,63.052388526045,True,172.0,False,False
2021-05-15 08:00:00,20210515,22,24,8,6,5,1,0,0,0.0,13.0,2,0,False,0,0,1,742,4,0,1,17.2,0.0,98,1.0,4.8,2021-05,22.037069665785697,-0.03706966578569748,0.03706966578569748,0.0013741601214633105,False,172.0,False,False
2021-05-15 09:00:00,20210515,20,20,9,6,5,1,0,0,0.0,13.0,2,0,False,0,0,1,742,4,0,1,17.8,0.0,98,0.3,8.2,2021-05,18.88019864209657,1.1198013579034303,1.1198013579034303,1.2539550811623663,True,172.0,False,False
2021-05-15 10:00:00,20210515,20,20,10,6,5,1,0,0,0.0,13.0,2,0,False,0,0,1,742,4,0,1,18.2,0.0,98,0.3,8.6,2021-05,18.62571236736863,1.3742876326313684,1.3742876326313684,1.8886664972035312,True,172.0,False,False
2021-05-15 11:00:00,20210515,22,24,11,6,5,1,0,0,0.0,13.0,2,0,False,0,0,1,742,4,0,1,18.5,0.0,98,0.0,10.2,2021-05,20.831374381363926,1.1686256186360744,1.1686256186360744,1.3656858365325475,True,172.0,False,False
2021-05-15 12:00:00,20210515,20,20,12,6,5,1,0,0,0.0,13.0,1,1,False,0,0,1,742,4,0,1,18.9,0.0,98,0.4,11.2,2021-05,18.87329261103538,1.1267073889646184,1.1267073889646184,1.2694695403474678,True,172.0,False,False
2021-05-15 13:00:00,20210515,19,20,13,6,5,1,0,0,0.0,13.0,2,0,False,0,0,1,742,4,0,1,19.3,0.0,98,0.4,14.8,2021-05,18.664953359623595,0.3350466403764045,0.3350466403764045,0.11225625122751574,True,172.0,False,False
2021-05-15 14:00:00,20210515,21,24,14,6,5,1,0,0,0.0,13.0,2,0,False,0,0,1,742,4,0,1,20.5,0.0,98,0.8,15.7,2021-05,18.716560387856187,2.2834396121438125,2.2834396121438125,5.214096462307485,True,172.0,False,False
2021-05-15 15:00:00,20210515,20,23,15,6,5,1,0,0,0.0,13.0,2,0,False,0,0,1,742,4,0,1,20.1,0.0,98,0.4,15.7,2021-05,19.8578468127245,0.14215318727550041,0.14215318727550041,0.020207528652583493,True,172.0,False,False
2021-05-15 16:00:00,20210515,20,20,16,6,5,1,0,0,0.0,13.0,2,0,False,0,0,1,742,4,0,1,20.8,0.0,98,1.0,15.7,2021-05,18.641200187405744,1.3587998125942562,1.3587998125942562,1.8463369307061857,True,172.0,False,False
2021-05-15 17:00:00,20210515,20,20,17,6,5,1,0,0,0.0,13.0,2,1,False,0,0,1,742,4,0,1,21.1,0.0,98,0.7,15.7,2021-05,18.70029736321698,1.299702636783021,1.299702636783021,1.689226944060737,True,172.0,False,False
2021-05-15 18:00:00,20210515,22,25,18,6,5,1,0,0,0.0,13.0,2,0,False,0,0,1,742,4,0,1,21.0,0.0,98,0.8,15.7,2021-05,19.922607841601337,2.0773921583986628,2.0773921583986628,4.3155581797762546,True,172.0,False,False
2021-05-15 19:00:00,20210515,20,20,19,6,5,1,0,0,0.0,13.0,2,0,False,0,0,1,742,4,0,1,19.9,0.0,98,0.6,15.7,2021-05,18.7186606836984,1.281339316301601,1.281339316301601,1.641830443500254,True,172.0,False,False
2021-05-15 20:00:00,20210515,20,20,20,6,5,1,0,0,0.0,13.0,0,0,False,0,0,1,742,4,0,1,19.4,0.0,98,0.5,15.7,2021-05,19.084624565374693,0.9153754346253073,0.9153754346253073,0.8379121863154704,True,172.0,False,False
2021-05-15 21:00:00,20210515,23,25,21,6,5,1,0,0,0.0,13.0,0,0,False,0,0,1,742,4,0,1,19.3,0.0,98,1.2,15.7,2021-05,21.82541634982232,1.1745836501776807,1.1745836501776807,1.3796467512647244,True,172.0,False,False
2021-05-15 22:00:00,20210515,21,21,22,6,5,1,0,0,0.0,13.0,0,0,False,0,0,1,742,4,0,1,19.1,0.0,98,0.1,15.7,2021-05,19.033466715331105,1.9665332846688948,1.9665332846688948,3.867253159710632,True,172.0,False,False
2021-05-15 23:00:00,20210515,20,20,23,6,5,1,0,0,0.0,13.0,0,0,False,0,0,1,742,4,0,1,19.3,0.0,98,0.8,15.7,2021-05,20.312376069995835,-0.31237606999583534,0.31237606999583534,0.09757880910604302,False,172.0,False,False
2021-05-17 00:00:00,20210517,22,25,0,1,5,0,0,1,1.0,1.0,0,0,False,0,0,1,13391,17,1,0,13.8,0.0,98,1.0,22.1,2021-05,44.72099783522189,-22.720997835221887,22.720997835221887,516.2437426281576,False,172.0,False,True
2021-05-17 01:00:00,20210517,20,20,1,1,5,0,0,1,1.0,1.0,0,0,False,0,0,1,13391,17,1,0,13.4,0.0,98,1.4,0.0,2021-05,50.203028677864104,-30.203028677864104,30.203028677864104,912.2229413158815,False,172.0,False,True
2021-05-17 02:00:00,20210517,20,20,2,1,5,0,0,1,1.0,1.0,0,0,False,0,0,1,13391,17,1,0,13.3,0.0,98,0.9,0.1,2021-05,50.95955735204324,-30.95955735204324,30.95955735204324,958.4941914344547,False,172.0,False,True
2021-05-17 03:00:00,20210517,22,25,3,1,5,0,0,1,1.0,1.0,0,0,False,0,0,1,13391,17,1,0,13.5,0.0,98,1.4,0.2,2021-05,50.733672662699746,-28.733672662699746,28.733672662699746,825.6239446871787,False,172.0,False,True
2021-05-17 04:00:00,20210517,20,20,4,1,5,0,0,1,1.0,1.0,0,0,False,0,0,1,13391,17,1,0,13.4,0.0,98,1.4,0.3,2021-05,50.163590311728875,-30.163590311728875,30.163590311728875,909.842180493824,False,172.0,False,True
2021-05-17 05:00:00,20210517,20,20,5,1,5,0,0,1,1.0,1.0,0,0,False,0,0,1,13391,17,1,0,13.6,0.0,98,0.3,0.5,2021-05,50.85292701239579,-30.85292701239579,30.85292701239579,951.9031052322217,False,172.0,False,True
2021-05-17 06:00:00,20210517,22,24,6,1,5,0,0,1,1.0,1.0,0,0,False,0,0,1,13391,17,1,0,13.4,0.0,98,1.0,1.2,2021-05,55.60572134409006,-33.60572134409006,33.60572134409006,1129.34450705663,False,172.0,False,True
2021-05-17 07:00:00,20210517,50,87,7,1,5,0,0,1,1.0,1.0,0,1,False,24,24,0,13391,17,0,0,13.7,0.0,98,0.8,1.3,2021-05,78.68756066870306,-28.687560668703057,28.687560668703057,822.9761371205186,False,172.0,False,True
2021-05-17 08:00:00,20210517,174,192,8,1,5,0,0,1,1.0,1.0,2,0,False,468,468,0,13391,17,0,0,14.5,0.0,98,0.8,1.3,2021-05,167.45780047201814,6.5421995279818645,6.5421995279818645,42.80037466392613,True,172.0,True,False
2021-05-17 09:00:00,20210517,160,183,9,1,5,0,0,1,1.0,1.0,2,0,False,1009,800,0,13391,17,0,0,14.4,0.0,98,1.2,1.3,2021-05,162.3361112179857,-2.336111217985689,2.336111217985689,5.457415622798579,False,172.0,False,False
2021-05-17 10:00:00,20210517,164,180,10,1,5,0,0,1,1.0,1.0,2,0,False,293,293,0,13391,17,0,0,14.9,0.0,98,1.3,1.3,2021-05,151.41444510544198,12.585554894558015,12.585554894558015,158.3961920039332,True,172.0,False,False
2021-05-17 11:00:00,20210517,169,186,11,1,5,0,0,1,1.0,1.0,2,0,False,1178,800,0,13391,17,0,0,15.6,0.0,97,0.6,1.3,2021-05,164.94981603531173,4.050183964688273,4.050183964688273,16.403990147818018,True,172.0,False,False
2021-05-17 12:00:00,20210517,104,129,12,1,5,0,0,1,1.0,1.0,1,1,False,311,311,0,13391,17,0,0,15.5,0.0,98,1.2,1.4,2021-05,99.74509067142793,4.254909328572069,4.254909328572069,18.104253394369614,True,172.0,False,False
2021-05-17 13:00:00,20210517,170,173,13,1,5,0,0,1,1.0,1.0,2,0,False,1419,800,0,13391,17,0,0,16.0,0.0,95,0.8,1.4,2021-05,165.45554466142895,4.544455338571055,4.544455338571055,20.652074324266962,True,172.0,False,False
2021-05-17 14:00:00,20210517,163,175,14,1,5,0,0,1,1.0,1.0,2,0,False,540,540,0,13391,17,0,0,15.9,0.0,93,1.3,1.4,2021-05,160.25594390424885,2.744056095751148,2.744056095751148,7.529843856629033,True,172.0,False,False
2021-05-17 15:00:00,20210517,157,168,15,1,5,0,0,1,1.0,1.0,2,0,False,1302,800,0,13391,17,0,0,15.8,0.0,90,1.6,1.4,2021-05,142.65039147548794,14.349608524512064,14.349608524512064,205.9112648067493,True,172.0,False,False
2021-05-17 16:00:00,20210517,161,163,16,1,5,0,0,1,1.0,1.0,2,0,False,1739,800,0,13391,17,0,0,14.9,0.0,97,1.4,1.7,2021-05,147.7780539502387,13.2219460497613,13.2219460497613,174.81985734279846,True,172.0,False,False
2021-05-17 17:00:00,20210517,138,158,17,1,5,0,0,1,1.0,1.0,2,1,False,821,800,0,13391,17,0,0,15.0,0.0,98,1.4,2.6,2021-05,117.48615962635522,20.513840373644783,20.513840373644783,420.8176468753787,True,172.0,False,True
2021-05-17 18:00:00,20210517,152,161,18,1,5,0,0,1,1.0,1.0,2,0,False,1592,800,0,13391,17,0,0,14.7,0.0,98,1.1,2.6,2021-05,142.9891631174176,9.010836882582396,9.010836882582396,81.19518132450723,True,172.0,False,False
2021-05-17 19:00:00,20210517,128,140,19,1,5,0,0,1,1.0,1.0,2,0,False,2222,800,0,13391,17,0,0,14.3,0.0,98,1.3,3.0,2021-05,131.56604951250793,-3.566049512507931,3.566049512507931,12.716709125658051,False,172.0,False,False
2021-05-17 20:00:00,20210517,96,99,20,1,5,0,0,1,1.0,1.0,0,0,False,300,300,0,13391,17,0,0,14.3,0.0,98,0.7,3.0,2021-05,103.60189623654476,-7.601896236544761,7.601896236544761,57.788826391193396,False,172.0,False,False
2021-05-17 21:00:00,20210517,89,96,21,1,5,0,0,1,1.0,1.0,0,0,False,130,130,0,13391,17,0,0,14.1,0.0,98,1.1,3.0,2021-05,107.92510954927542,-18.92510954927542,18.92510954927542,358.15977145207563,False,172.0,False,True
2021-05-17 22:00:00,20210517,93,95,22,1,5,0,0,1,1.0,1.0,0,0,False,20,20,0,13391,17,0,0,14.0,0.0,98,0.9,3.2,2021-05,103.75387088805866,-10.753870888058657,10.753870888058657,115.64573907703549,False,172.0,False,False
2021-05-17 23:00:00,20210517,87,93,23,1,5,0,0,1,1.0,1.0,0,0,False,23,23,0,13391,17,0,0,14.0,0.0,98,1.1,3.4,2021-05,100.13318925321538,-13.133189253215377,13.133189253215377,172.48065996077187,False,172.0,False,False
2021-05-19 00:00:00,20210519,62,68,0,3,5,0,1,0,0.0,3.0,0,0,False,0,0,1,2990,8,1,0,15.2,0.0,98,0.5,1.3,2021-05,68.74019115721882,-6.740191157218817,6.740191157218817,45.43017683585074,False,172.0,False,False
2021-05-19 01:00:00,20210519,89,95,1,3,5,0,1,0,0.0,3.0,0,0,False,955,800,0,2990,8,0,0,15.1,0.0,98,1.5,0.0,2021-05,99.54075793394304,-10.540757933943041,10.540757933943041,111.10757782198317,False,172.0,False,False
2021-05-19 02:00:00,20210519,97,100,2,3,5,0,1,0,0.0,3.0,0,0,False,24,24,0,2990,8,0,0,15.2,0.0,98,1.6,0.0,2021-05,100.8505485133803,-3.8505485133803035,3.8505485133803035,14.826723853895265,False,172.0,False,False
2021-05-19 03:00:00,20210519,96,104,3,3,5,0,1,0,0.0,3.0,0,0,False,200,200,0,2990,8,0,0,15.1,0.0,98,1.9,0.0,2021-05,97.62745894678817,-1.6274589467881668,1.6274589467881668,2.648622623480849,False,172.0,False,False
2021-05-19 04:00:00,20210519,94,101,4,3,5,0,1,0,0.0,3.0,0,0,False,30,30,0,2990,8,0,0,15.0,0.0,98,1.2,0.0,2021-05,101.08685605758109,-7.0868560575810875,7.0868560575810875,50.22352878087376,False,172.0,False,False
2021-05-19 05:00:00,20210519,79,100,5,3,5,0,1,0,0.0,3.0,0,0,False,150,150,0,2990,8,0,0,15.5,0.0,98,1.0,0.0,2021-05,90.18956825069836,-11.189568250698358,11.189568250698358,125.2064376370367,False,172.0,False,False
2021-05-19 06:00:00,20210519,95,108,6,3,5,0,1,0,0.0,3.0,0,0,False,10,10,0,2990,8,0,0,15.9,0.0,98,2.2,0.0,2021-05,101.00787160726124,-6.007871607261237,6.007871607261237,36.09452124933571,False,172.0,False,False
2021-05-19 07:00:00,20210519,54,75,7,3,5,0,1,0,0.0,3.0,0,1,False,780,780,0,2990,8,0,0,17.5,0.0,95,1.8,0.0,2021-05,108.06499802136155,-54.064998021361546,54.064998021361546,2923.024011049828,False,172.0,False,True
2021-05-19 08:00:00,20210519,21,23,8,3,5,0,1,0,0.0,3.0,2,0,False,841,800,0,2990,8,0,0,19.4,0.0,78,1.6,0.0,2021-05,137.9314663993404,-116.9314663993404,116.9314663993404,13672.967834300072,False,172.0,False,True
2021-05-19 09:00:00,20210519,23,25,9,3,5,0,1,0,0.0,3.0,2,0,False,0,0,1,2990,8,0,1,20.5,0.0,68,3.0,0.0,2021-05,124.83288470556299,-101.83288470556299,101.83288470556299,10369.936407456484,False,172.0,False,True
2021-05-19 10:00:00,20210519,21,21,10,3,5,0,1,0,0.0,3.0,2,0,False,0,0,1,2990,8,0,1,23.2,1.1999999999999993,58,1.9,0.0,2021-05,112.29669735903171,-91.29669735903171,91.29669735903171,8335.086948666627,False,172.0,False,True
2021-05-19 11:00:00,20210519,21,21,11,3,5,0,1,0,0.0,3.0,2,0,False,0,0,1,2990,8,0,1,24.1,2.1000000000000014,48,1.9,0.0,2021-05,115.85347228450901,-94.85347228450901,94.85347228450901,8997.18120442812,False,172.0,False,True
2021-05-19 12:00:00,20210519,22,25,12,3,5,0,1,0,0.0,3.0,1,1,False,0,0,1,2990,8,0,1,25.7,3.6999999999999993,45,1.3,0.0,2021-05,79.04586945123332,-57.045869451233315,57.045869451233315,3254.2312214471544,False,172.0,False,True
2021-05-19 13:00:00,20210519,21,24,13,3,5,0,1,0,0.0,3.0,2,0,False,0,0,1,2990,8,0,1,24.9,2.8999999999999986,54,1.7,0.0,2021-05,116.51366277227028,-95.51366277227028,95.51366277227028,9122.85977617497,False,172.0,False,True
2021-05-19 14:00:00,20210519,20,20,14,3,5,0,1,0,0.0,3.0,2,0,False,0,0,1,2990,8,0,1,25.1,3.1000000000000014,49,2.0,0.0,2021-05,116.0277398522963,-96.0277398522963,96.0277398522963,9221.326821140296,False,172.0,False,True
2021-05-19 15:00:00,20210519,20,20,15,3,5,0,1,0,0.0,3.0,2,0,False,0,0,1,2990,8,0,1,25.3,3.3000000000000007,47,1.7,0.0,2021-05,111.45667945912287,-91.45667945912287,91.45667945912287,8364.324217688747,False,172.0,False,True
2021-05-19 16:00:00,20210519,23,25,16,3,5,0,1,0,0.0,3.0,2,0,False,0,0,1,2990,8,0,1,25.1,3.1000000000000014,47,1.4,0.0,2021-05,111.08343481112728,-88.08343481112728,88.08343481112728,7758.691488126108,False,172.0,False,True
2021-05-19 17:00:00,20210519,21,21,17,3,5,0,1,0,0.0,3.0,2,1,False,0,0,1,2990,8,0,1,24.2,2.1999999999999993,49,1.0,0.0,2021-05,96.45175754483579,-75.45175754483579,75.45175754483579,5692.967716604684,False,172.0,False,True
2021-05-19 18:00:00,20210519,21,21,18,3,5,0,1,0,0.0,3.0,2,0,False,0,0,1,2990,8,0,1,23.4,1.3999999999999986,56,1.3,0.0,2021-05,111.26601143147299,-90.26601143147299,90.26601143147299,8147.952819746813,False,172.0,False,True
2021-05-19 19:00:00,20210519,23,25,19,3,5,0,1,0,0.0,3.0,2,0,False,0,0,1,2990,8,0,1,21.5,0.0,55,1.5,0.0,2021-05,95.6406910699345,-72.6406910699345,72.6406910699345,5276.669999117663,False,172.0,False,True
2021-05-19 20:00:00,20210519,21,21,20,3,5,0,1,0,0.0,3.0,0,0,False,0,0,1,2990,8,0,1,19.6,0.0,71,0.6,0.0,2021-05,83.9183965863562,-62.918396586356195,62.918396586356195,3958.724628997999,False,172.0,False,True
2021-05-19 21:00:00,20210519,22,24,21,3,5,0,1,0,0.0,3.0,0,0,False,0,0,1,2990,8,0,1,18.8,0.0,74,1.0,0.0,2021-05,85.42591650603474,-63.42591650603474,63.42591650603474,4022.84688463049,False,172.0,False,True
2021-05-19 22:00:00,20210519,23,26,22,3,5,0,1,0,0.0,3.0,0,0,False,0,0,1,2990,8,0,1,18.2,0.0,75,0.4,0.0,2021-05,84.17487504267426,-61.17487504267426,61.17487504267426,3742.36533648681,False,172.0,False,True
2021-05-19 23:00:00,20210519,21,22,23,3,5,0,1,0,0.0,3.0,0,0,False,0,0,1,2990,8,0,1,17.8,0.0,77,0.3,0.0,2021-05,85.69096665411787,-64.69096665411787,64.69096665411787,4184.921166644191,False,172.0,False,True
2021-05-20 00:00:00,20210520,20,20,0,4,5,0,0,0,0.0,4.0,0,0,False,0,0,1,15890,15,1,0,17.9,0.0,77,0.9,0.0,2021-05,57.85765438249418,-37.85765438249418,37.85765438249418,1433.201995344381,False,172.0,False,True
2021-05-20 01:00:00,20210520,21,22,1,4,5,0,0,0,0.0,4.0,0,0,False,0,0,1,15890,15,1,0,17.5,0.0,86,0.7,0.0,2021-05,86.53564843077173,-65.53564843077173,65.53564843077173,4294.921215241713,False,172.0,False,True
2021-05-20 02:00:00,20210520,22,25,2,4,5,0,0,0,0.0,4.0,0,0,False,0,0,1,15890,15,1,0,17.4,0.0,80,1.4,0.0,2021-05,87.88808350587654,-65.88808350587654,65.88808350587654,4341.239548077359,False,172.0,False,True
2021-05-20 03:00:00,20210520,20,20,3,4,5,0,0,0,0.0,4.0,0,0,False,0,0,1,15890,15,1,0,16.7,0.0,80,0.4,0.0,2021-05,88.5577676784671,-68.5577676784671,68.5577676784671,4700.167509054669,False,172.0,False,True
2021-05-20 04:00:00,20210520,20,20,4,4,5,0,0,0,0.0,4.0,0,0,False,0,0,1,15890,15,1,0,17.0,0.0,78,0.8,0.0,2021-05,87.6444260227991,-67.6444260227991,67.6444260227991,4575.768371953939,False,172.0,False,True
2021-05-20 05:00:00,20210520,23,25,5,4,5,0,0,0,0.0,4.0,0,0,False,0,0,1,15890,15,1,0,16.5,0.0,90,1.2,0.0,2021-05,80.90832734341545,-57.90832734341545,57.90832734341545,3353.3743757121574,False,172.0,False,True
2021-05-20 06:00:00,20210520,20,21,6,4,5,0,0,0,0.0,4.0,0,0,False,0,0,1,15890,15,1,0,16.4,0.0,89,0.6,0.0,2021-05,88.84957554945863,-68.84957554945863,68.84957554945863,4740.264053340612,False,172.0,False,True
2021-05-20 07:00:00,20210520,64,105,7,4,5,0,0,0,0.0,4.0,0,1,False,0,0,1,15890,15,1,0,17.6,0.0,88,0.4,0.0,2021-05,102.8362078624629,-38.8362078624629,38.8362078624629,1508.251041136425,False,172.0,False,True
2021-05-20 08:00:00,20210520,170,176,8,4,5,0,0,0,0.0,4.0,2,0,False,174,174,0,15890,15,0,0,17.8,0.0,90,1.3,0.0,2021-05,167.2703398058228,2.7296601941771996,2.7296601941771996,7.451044775675507,True,172.0,False,False
2021-05-20 09:00:00,20210520,162,167,9,4,5,0,0,0,0.0,4.0,2,0,False,1145,800,0,15890,15,0,0,17.1,0.0,95,0.8,1.4,2021-05,171.23872448576114,-9.23872448576114,9.23872448576114,85.35403012380243,False,172.0,False,False
2021-05-20 10:00:00,20210520,157,169,10,4,5,0,0,0,0.0,4.0,2,0,False,631,631,0,15890,15,0,0,17.2,0.0,98,1.9,2.8,2021-05,162.1482410639504,-5.148241063950394,5.148241063950394,26.504386052545083,False,172.0,False,False
2021-05-20 11:00:00,20210520,172,178,11,4,5,0,0,0,0.0,4.0,2,0,False,1881,800,0,15890,15,0,0,16.9,0.0,98,2.0,5.3,2021-05,167.1008398671369,4.899160132863102,4.899160132863102,24.00177000743521,True,172.0,True,False
2021-05-20 12:00:00,20210520,106,130,12,4,5,0,0,0,0.0,4.0,1,1,False,124,124,0,15890,15,0,0,16.6,0.0,98,2.6,8.4,2021-05,102.92036839651742,3.079631603482582,3.079631603482582,9.4841308131687,True,172.0,False,False
2021-05-20 13:00:00,20210520,166,181,13,4,5,0,0,0,0.0,4.0,2,0,False,1467,800,0,15890,15,0,0,16.5,0.0,98,2.1,15.1,2021-05,166.2361803938572,-0.2361803938572109,0.2361803938572109,0.05578117844254726,False,172.0,False,False
2021-05-20 14:00:00,20210520,163,167,14,4,5,0,0,0,0.0,4.0,2,0,False,1175,800,0,15890,15,0,0,16.0,0.0,97,2.9,15.4,2021-05,161.4751882126442,1.5248117873557874,1.5248117873557874,2.325050986859151,True,172.0,False,False
2021-05-20 15:00:00,20210520,150,161,15,4,5,0,0,0,0.0,4.0,2,0,False,809,800,0,15890,15,0,0,15.6,0.0,97,3.2,15.6,2021-05,146.88528608665027,3.114713913349732,3.114713913349732,9.701442762014402,True,172.0,False,False
2021-05-20 16:00:00,20210520,152,159,16,4,5,0,0,0,0.0,4.0,2,0,False,2581,800,0,15890,15,0,0,15.5,0.0,98,2.7,15.9,2021-05,148.71915682974387,3.2808431702561336,3.2808431702561336,10.763931907816318,True,172.0,False,False
2021-05-20 17:00:00,20210520,101,110,17,4,5,0,0,0,0.0,4.0,2,1,False,977,800,0,15890,15,0,0,15.9,0.0,98,2.1,16.1,2021-05,126.71220427632495,-25.712204276324954,25.712204276324954,661.1174487474633,False,172.0,False,True
2021-05-20 18:00:00,20210520,106,112,18,4,5,0,0,0,0.0,4.0,2,0,False,2010,800,0,15890,15,0,0,16.2,0.0,98,2.0,16.3,2021-05,129.6367489623168,-23.6367489623168,23.6367489623168,558.6959015075844,False,172.0,False,True
2021-05-20 19:00:00,20210520,109,114,19,4,5,0,0,0,0.0,4.0,2,0,False,2901,800,0,15890,15,0,0,16.2,0.0,98,1.2,16.3,2021-05,128.15307167504986,-19.15307167504986,19.15307167504986,366.8401545895972,False,172.0,False,True
2021-05-20 20:00:00,20210520,110,117,20,4,5,0,0,0,0.0,4.0,0,0,False,3,3,0,15890,15,0,0,15.8,0.0,98,1.7,16.3,2021-05,124.28803577719763,-14.288035777197635,14.288035777197635,204.14796637047962,False,172.0,False,False
2021-05-20 21:00:00,20210520,103,107,21,4,5,0,0,0,0.0,4.0,0,0,False,2,2,0,15890,15,0,0,15.5,0.0,98,1.3,16.3,2021-05,120.68121705648669,-17.681217056486688,17.681217056486688,312.62543659859574,False,172.0,False,False
2021-05-20 22:00:00,20210520,101,111,22,4,5,0,0,0,0.0,4.0,0,0,False,10,10,0,15890,15,0,0,15.0,0.0,98,0.9,16.3,2021-05,109.75017932741382,-8.750179327413818,8.750179327413818,76.56563826190013,False,172.0,False,False
2021-05-20 23:00:00,20210520,93,103,23,4,5,0,0,0,0.0,4.0,0,0,False,0,0,1,15890,15,0,1,14.9,0.0,98,0.7,16.5,2021-05,104.97357380186337,-11.973573801863367,11.973573801863367,143.36646958866876,False,172.0,False,False
2021-05-21 00:00:00,20210521,61,64,0,5,5,0,0,0,0.0,5.0,0,0,False,820,800,0,24516,22,0,0,14.7,0.0,98,0.6,16.7,2021-05,68.90717638507192,-7.907176385071921,7.907176385071921,62.52343838463905,False,172.0,False,False
2021-05-21 01:00:00,20210521,94,100,1,5,5,0,0,0,0.0,5.0,0,0,False,219,219,0,24516,22,0,0,14.7,0.0,98,0.8,0.0,2021-05,105.44220879347374,-11.442208793473739,11.442208793473739,130.92414207344777,False,172.0,False,False
2021-05-21 02:00:00,20210521,107,108,2,5,5,0,0,0,0.0,5.0,0,0,False,498,498,0,24516,22,0,0,14.7,0.0,98,0.7,0.0,2021-05,103.90923279598154,3.090767204018462,3.090767204018462,9.552841909436102,True,172.0,False,False
2021-05-21 03:00:00,20210521,98,107,3,5,5,0,0,0,0.0,5.0,0,0,False,393,393,0,24516,22,0,0,14.9,0.0,98,0.1,0.1,2021-05,103.85467672878201,-5.85467672878201,5.85467672878201,34.27723959854162,False,172.0,False,False
2021-05-21 04:00:00,20210521,95,100,4,5,5,0,0,0,0.0,5.0,0,0,False,31,31,0,24516,22,0,0,14.6,0.0,98,0.8,0.1,2021-05,103.37004181954772,-8.370041819547723,8.370041819547723,70.05760006097775,False,172.0,False,False
2021-05-21 05:00:00,20210521,82,95,5,5,5,0,0,0,0.0,5.0,0,0,False,344,344,0,24516,22,0,0,14.7,0.0,98,1.4,0.1,2021-05,94.62301934598379,-12.623019345983792,12.623019345983792,159.3406174090811,False,172.0,False,False
2021-05-21 06:00:00,20210521,102,105,6,5,5,0,0,0,0.0,5.0,0,0,False,40,40,0,24516,22,0,0,14.8,0.0,98,1.1,0.1,2021-05,104.99264800850398,-2.992648008503977,2.992648008503977,8.95594210280282,False,172.0,False,False
2021-05-21 07:00:00,20210521,121,135,7,5,5,0,0,0,0.0,5.0,0,1,False,1028,800,0,24516,22,0,0,16.2,0.0,98,0.6,0.1,2021-05,116.69688287712817,4.303117122871825,4.303117122871825,18.516816973152693,True,172.0,False,False
2021-05-21 08:00:00,20210521,153,160,8,5,5,0,0,0,0.0,5.0,2,0,False,935,800,0,24516,22,0,0,17.9,0.0,88,1.2,0.1,2021-05,153.39672863975298,-0.396728639752979,0.396728639752979,0.157393613600249,False,172.0,False,False
2021-05-21 09:00:00,20210521,144,146,9,5,5,0,0,0,0.0,5.0,2,0,False,1816,800,0,24516,22,0,0,18.4,0.0,74,2.9,0.1,2021-05,149.4739593117117,-5.473959311711695,5.473959311711695,29.96423054627518,False,172.0,False,False
2021-05-21 10:00:00,20210521,140,157,10,5,5,0,0,0,0.0,5.0,2,0,False,1580,800,0,24516,22,0,0,20.2,0.0,64,3.0,0.1,2021-05,149.67818372765393,-9.67818372765393,9.67818372765393,93.66724026622533,False,172.0,False,False
2021-05-21 11:00:00,20210521,156,160,11,5,5,0,0,0,0.0,5.0,2,0,False,1787,800,0,24516,22,0,0,20.6,0.0,63,2.4,0.1,2021-05,149.98666416865385,6.013335831346154,6.013335831346154,36.16020782055154,True,172.0,False,False
2021-05-21 12:00:00,20210521,93,116,12,5,5,0,0,0,0.0,5.0,1,1,False,4406,800,0,24516,22,0,0,20.2,0.0,63,2.2,0.1,2021-05,100.12554260189758,-7.125542601897578,7.125542601897578,50.77335737145731,False,172.0,False,False
2021-05-21 13:00:00,20210521,149,153,13,5,5,0,0,0,0.0,5.0,2,0,False,1126,800,0,24516,22,0,0,20.9,0.0,58,2.7,0.1,2021-05,150.9054384529485,-1.9054384529484878,1.9054384529484878,3.6306956979747267,False,172.0,False,False
2021-05-21 14:00:00,20210521,153,158,14,5,5,0,0,0,0.0,5.0,2,0,False,1679,800,0,24516,22,0,0,20.3,0.0,61,2.6,0.1,2021-05,149.43596455891466,3.5640354410853377,3.5640354410853377,12.702348625312357,True,172.0,False,False
2021-05-21 15:00:00,20210521,132,142,15,5,5,0,0,0,0.0,5.0,2,0,False,1636,800,0,24516,22,0,0,20.5,0.0,63,1.3,0.1,2021-05,129.0115600282634,2.9884399717365966,2.9884399717365966,8.930773464673031,True,172.0,False,False
2021-05-21 16:00:00,20210521,144,147,16,5,5,0,0,0,0.0,5.0,2,0,False,2311,800,0,24516,22,0,0,17.2,0.0,88,2.2,0.1,2021-05,128.3635227427891,15.636477257210913,15.636477257210913,244.49942101527412,True,172.0,False,False
2021-05-21 17:00:00,20210521,121,140,17,5,5,0,0,0,0.0,5.0,2,1,False,205,205,0,24516,22,0,0,17.7,0.0,88,0.6,0.1,2021-05,122.75417789611932,-1.754177896119316,1.754177896119316,3.0771400912335896,False,172.0,False,False
2021-05-21 18:00:00,20210521,132,140,18,5,5,0,0,0,0.0,5.0,2,0,False,775,775,0,24516,22,0,0,17.8,0.0,74,2.0,0.1,2021-05,138.72541563824285,-6.7254156382428505,6.7254156382428505,45.23121550712149,False,172.0,False,False
2021-05-21 19:00:00,20210521,124,140,19,5,5,0,0,0,0.0,5.0,2,0,False,2344,800,0,24516,22,0,0,17.5,0.0,74,1.5,0.1,2021-05,119.56207359250482,4.437926407495183,4.437926407495183,19.695190798343106,True,172.0,False,False
2021-05-21 20:00:00,20210521,103,111,20,5,5,0,0,0,0.0,5.0,0,0,False,0,0,1,24516,22,0,0,16.3,0.0,86,1.6,0.1,2021-05,106.23336437416496,-3.233364374164964,3.233364374164964,10.454645176119188,False,172.0,False,False
2021-05-21 21:00:00,20210521,105,109,21,5,5,0,0,0,0.0,5.0,0,0,False,117,117,0,24516,22,0,0,16.3,0.0,86,1.3,0.1,2021-05,106.5472817522426,-1.547281752242597,1.547281752242597,2.3940808208229214,False,172.0,False,False
2021-05-21 22:00:00,20210521,101,109,22,5,5,0,0,0,0.0,5.0,0,0,False,0,0,1,24516,22,0,0,15.4,0.0,95,0.4,0.2,2021-05,103.27086602231476,-2.270866022314763,2.270866022314763,5.156832491303675,False,172.0,False,False
2021-05-21 23:00:00,20210521,93,106,23,5,5,0,0,0,0.0,5.0,0,0,False,426,426,0,24516,22,0,0,15.1,0.0,98,1.1,0.3,2021-05,87.04782707279885,5.952172927201147,5.952172927201147,35.42836255530627,True,172.0,False,False
2021-05-23 00:00:00,20210523,21,21,0,7,5,1,0,0,0.0,7.0,0,0,True,0,0,1,0,0,0,0,19.0,0.0,77,1.5,0.0,2021-05,20.718499633844285,0.28150036615571494,0.28150036615571494,0.07924245614580158,True,172.0,False,False
2021-05-23 01:00:00,20210523,21,21,1,7,5,1,0,0,0.0,7.0,0,0,True,0,0,1,0,0,0,0,18.4,0.0,79,2.3,0.0,2021-05,20.372088027091987,0.6279119729080129,0.6279119729080129,0.3942734457212332,True,172.0,False,False
2021-05-23 02:00:00,20210523,23,25,2,7,5,1,0,0,0.0,7.0,0,0,True,0,0,1,0,0,0,0,18.6,0.0,75,2.2,0.0,2021-05,22.086559817990903,0.9134401820090972,0.9134401820090972,0.8343729661088125,True,172.0,False,False
2021-05-23 03:00:00,20210523,21,22,3,7,5,1,0,0,0.0,7.0,0,0,True,0,0,1,0,0,0,0,18.1,0.0,74,1.6,0.0,2021-05,20.5201912486806,0.4798087513193998,0.4798087513193998,0.23021643784268164,True,172.0,False,False
2021-05-23 04:00:00,20210523,21,21,4,7,5,1,0,0,0.0,7.0,0,0,True,0,0,1,0,0,0,0,17.2,0.0,76,1.5,0.0,2021-05,20.573630796647915,0.4263692033520847,0.4263692033520847,0.18179069756709137,True,172.0,False,False
2021-05-23 05:00:00,20210523,22,24,5,7,5,1,0,0,0.0,7.0,0,0,True,0,0,1,0,0,0,0,17.9,0.0,75,2.0,0.0,2021-05,20.72130652325101,1.278693476748991,1.278693476748991,1.6350570074804225,True,172.0,False,False
2021-05-23 06:00:00,20210523,22,25,6,7,5,1,0,0,0.0,7.0,0,0,True,0,0,1,0,0,0,0,19.4,0.0,70,2.4,0.0,2021-05,20.8178374895647,1.182162510435301,1.182162510435301,1.3975082010786932,True,172.0,False,False
2021-05-23 07:00:00,20210523,20,21,7,7,5,1,0,0,0.0,7.0,0,1,True,0,0,1,0,0,0,0,21.0,0.0,63,1.9,0.0,2021-05,22.554482802417002,-2.5544828024170023,2.5544828024170023,6.525382387844222,False,172.0,False,False
2021-05-23 08:00:00,20210523,20,21,8,7,5,1,0,0,0.0,7.0,2,0,True,0,0,1,0,0,0,0,23.4,1.3999999999999986,58,1.5,0.0,2021-05,20.392293358900734,-0.3922933589007336,0.3922933589007336,0.15389407943761976,False,172.0,False,False
2021-05-23 09:00:00,20210523,23,25,9,7,5,1,0,0,0.0,7.0,2,0,True,0,0,1,0,0,0,0,25.0,3.0,54,1.4,0.0,2021-05,20.889953570956028,2.1100464290439724,2.1100464290439724,4.45229593272122,True,172.0,False,False
2021-05-23 10:00:00,20210523,20,20,10,7,5,1,0,0,0.0,7.0,2,0,True,0,0,1,0,0,0,0,25.8,3.8000000000000007,53,1.5,0.0,2021-05,20.920191308268205,-0.9201913082682047,0.9201913082682047,0.8467520438123501,False,172.0,False,False
2021-05-23 11:00:00,20210523,21,21,11,7,5,1,0,0,0.0,7.0,2,0,True,0,0,1,0,0,0,0,27.6,5.600000000000001,45,1.6,0.0,2021-05,20.686789602138393,0.31321039786160654,0.31321039786160654,0.09810075332862586,True,172.0,False,False
2021-05-23 12:00:00,20210523,23,25,12,7,5,1,0,0,0.0,7.0,1,1,True,0,0,1,0,0,0,0,26.6,4.600000000000001,50,1.6,0.0,2021-05,20.601691630742085,2.398308369257915,2.398308369257915,5.751883034052559,True,172.0,False,False
2021-05-23 13:00:00,20210523,21,21,13,7,5,1,0,0,0.0,7.0,2,0,True,0,0,1,0,0,0,0,27.3,5.300000000000001,51,1.4,0.0,2021-05,20.77266119070796,0.2273388092920392,0.2273388092920392,0.05168293421032217,True,172.0,False,False
2021-05-23 14:00:00,20210523,20,21,14,7,5,1,0,0,0.0,7.0,2,0,True,0,0,1,0,0,0,0,29.0,7.0,35,2.1,0.0,2021-05,21.001286164818996,-1.0012861648189961,1.0012861648189961,1.002573983857934,False,172.0,False,False
2021-05-23 15:00:00,20210523,21,23,15,7,5,1,0,0,0.0,7.0,2,0,True,0,0,1,0,0,0,0,29.0,7.0,29,3.2,0.0,2021-05,21.06283818504007,-0.06283818504007144,0.06283818504007144,0.003948637499130258,False,172.0,False,False
2021-05-23 16:00:00,20210523,22,25,16,7,5,1,0,0,0.0,7.0,2,0,True,0,0,1,0,0,0,0,28.0,6.0,31,3.3,0.0,2021-05,21.058978774843297,0.9410212251567032,0.9410212251567032,0.8855209461954227,True,172.0,False,False
2021-05-23 17:00:00,20210523,20,20,17,7,5,1,0,0,0.0,7.0,2,1,True,0,0,1,0,0,0,0,27.0,5.0,37,3.1,0.0,2021-05,21.466441371874236,-1.466441371874236,1.466441371874236,2.150450297144391,False,172.0,False,False
2021-05-23 18:00:00,20210523,21,23,18,7,5,1,0,0,0.0,7.0,2,0,True,0,0,1,0,0,0,0,26.1,4.100000000000001,45,2.5,0.0,2021-05,20.88716098895596,0.11283901104404137,0.11283901104404137,0.012732642413397291,True,172.0,False,False
2021-05-23 19:00:00,20210523,22,25,19,7,5,1,0,0,0.0,7.0,2,0,True,0,0,1,0,0,0,0,24.7,2.6999999999999993,54,1.1,0.0,2021-05,20.62885423539974,1.3711457646002607,1.3711457646002607,1.8800407077812336,True,172.0,False,False
2021-05-23 20:00:00,20210523,20,20,20,7,5,1,0,0,0.0,7.0,0,0,True,0,0,1,0,0,0,0,23.2,1.1999999999999993,64,0.6,0.0,2021-05,20.613319450584843,-0.6133194505848429,0.6133194505848429,0.3761607484656936,False,172.0,False,False
2021-05-23 21:00:00,20210523,21,21,21,7,5,1,0,0,0.0,7.0,0,0,True,0,0,1,0,0,0,0,23.0,1.0,62,1.2,0.0,2021-05,21.044956205065173,-0.04495620506517284,0.04495620506517284,0.002021060373861872,False,172.0,False,False
2021-05-23 22:00:00,20210523,23,25,22,7,5,1,0,0,0.0,7.0,0,0,True,0,0,1,0,0,0,0,23.3,1.3000000000000007,57,2.1,0.0,2021-05,20.716104753758273,2.283895246241727,2.283895246241727,5.216177495805558,True,172.0,False,False
2021-05-23 23:00:00,20210523,21,21,23,7,5,1,0,0,0.0,7.0,0,0,True,0,0,1,0,0,0,0,22.5,0.5,57,2.1,0.0,2021-05,21.790302252331497,-0.7903022523314966,0.7903022523314966,0.6245776500402366,False,172.0,False,False
2021-05-26 00:00:00,20210526,58,62,0,3,5,0,0,0,0.0,3.0,0,0,False,140,140,0,19944,23,0,0,14.8,0.0,41,1.9,0.0,2021-05,55.44279124966323,2.5572087503367698,2.5572087503367698,6.539316592798944,True,172.0,False,False
2021-05-26 01:00:00,20210526,98,104,1,3,5,0,0,0,0.0,3.0,0,0,False,159,159,0,19944,23,0,0,13.1,0.0,51,1.2,0.0,2021-05,94.57847240040367,3.421527599596331,3.421527599596331,11.70685111479943,True,172.0,False,False
2021-05-26 02:00:00,20210526,101,105,2,3,5,0,0,0,0.0,3.0,0,0,False,268,268,0,19944,23,0,0,12.3,0.0,61,0.6,0.0,2021-05,102.20373731188414,-1.2037373118841401,1.2037373118841401,1.4489835160220557,False,172.0,False,False
2021-05-26 03:00:00,20210526,103,106,3,3,5,0,0,0,0.0,3.0,0,0,False,228,228,0,19944,23,0,0,13.2,0.0,50,0.9,0.0,2021-05,99.91823352488628,3.0817664751137244,3.0817664751137244,9.497284607134869,True,172.0,False,False
2021-05-26 04:00:00,20210526,100,104,4,3,5,0,0,0,0.0,3.0,0,0,False,78,78,0,19944,23,0,0,13.5,0.0,47,1.3,0.0,2021-05,98.87069721568048,1.1293027843195205,1.1293027843195205,1.2753247786718214,True,172.0,False,False
2021-05-26 05:00:00,20210526,94,119,5,3,5,0,0,0,0.0,3.0,0,0,False,123,123,0,19944,23,0,0,13.2,0.0,53,0.2,0.0,2021-05,81.59805692021321,12.40194307978679,12.40194307978679,153.80819215427144,True,172.0,False,False
2021-05-26 06:00:00,20210526,100,103,6,3,5,0,0,0,0.0,3.0,0,0,False,554,554,0,19944,23,0,0,13.9,0.0,54,0.9,0.0,2021-05,100.68248341315416,-0.6824834131541593,0.6824834131541593,0.4657836092305509,False,172.0,False,False
2021-05-26 07:00:00,20210526,121,140,7,3,5,0,0,0,0.0,3.0,0,1,False,1505,800,0,19944,23,0,0,14.8,0.0,51,3.1,0.0,2021-05,91.10788149889557,29.892118501104434,29.892118501104434,893.53874848407,True,172.0,False,True
2021-05-26 08:00:00,20210526,155,165,8,3,5,0,0,0,0.0,3.0,2,0,False,1027,800,0,19944,23,0,0,17.3,0.0,53,1.1,0.0,2021-05,94.78692592653208,60.21307407346792,60.21307407346792,3625.6142893769347,True,172.0,False,True
2021-05-26 09:00:00,20210526,154,160,9,3,5,0,0,0,0.0,3.0,2,0,False,824,800,0,19944,23,0,0,19.2,0.0,37,1.6,0.0,2021-05,96.30326660680561,57.69673339319439,57.69673339319439,3328.913044245353,True,172.0,False,True
2021-05-26 10:00:00,20210526,147,164,10,3,5,0,0,0,0.0,3.0,2,0,False,2179,800,0,19944,23,0,0,21.2,0.0,34,1.3,0.0,2021-05,96.76433799260168,50.23566200739832,50.23566200739832,2523.6217373215627,True,172.0,False,True
2021-05-26 11:00:00,20210526,157,166,11,3,5,0,0,0,0.0,3.0,2,0,False,608,608,0,19944,23,0,0,22.1,0.10000000000000142,33,2.1,0.0,2021-05,96.59577186795597,60.404228132044025,60.404228132044025,3648.670776228019,True,172.0,False,True
2021-05-26 12:00:00,20210526,91,118,12,3,5,0,0,0,0.0,3.0,1,1,False,12,12,0,19944,23,0,0,22.6,0.6000000000000014,39,2.2,0.0,2021-05,71.36479534850685,19.635204651493154,19.635204651493154,385.5412617060184,True,172.0,False,True
2021-05-26 13:00:00,20210526,157,166,13,3,5,0,0,0,0.0,3.0,2,0,False,2094,800,0,19944,23,0,0,23.2,1.1999999999999993,43,1.8,0.0,2021-05,99.9409867481332,57.0590132518668,57.0590132518668,3255.730993276711,True,172.0,False,True
2021-05-26 14:00:00,20210526,157,163,14,3,5,0,0,0,0.0,3.0,2,0,False,2331,800,0,19944,23,0,0,23.1,1.1000000000000014,39,2.6,0.0,2021-05,97.22148214669251,59.77851785330749,59.77851785330749,3573.4711967382023,True,172.0,False,True
2021-05-26 15:00:00,20210526,145,160,15,3,5,0,0,0,0.0,3.0,2,0,False,1622,800,0,19944,23,0,0,22.4,0.3999999999999986,30,3.5,0.0,2021-05,95.20601545461784,49.79398454538216,49.79398454538216,2479.440896905757,True,172.0,False,True
2021-05-26 16:00:00,20210526,137,144,16,3,5,0,0,0,0.0,3.0,2,0,False,1630,800,0,19944,23,0,0,22.0,0.0,27,3.3,0.0,2021-05,94.78402888465098,42.21597111534902,42.21597111534902,1782.1882172119829,True,172.0,False,True
2021-05-26 17:00:00,20210526,117,148,17,3,5,0,0,0,0.0,3.0,2,1,False,135,135,0,19944,23,0,0,21.6,0.0,28,2.9,0.0,2021-05,91.35179215421097,25.64820784578903,25.64820784578903,657.830565700794,True,172.0,False,True
2021-05-26 18:00:00,20210526,133,143,18,3,5,0,0,0,0.0,3.0,2,0,False,1712,800,0,19944,23,0,0,20.8,0.0,29,4.4,0.0,2021-05,96.04235506404852,36.95764493595148,36.95764493595148,1365.8675192118599,True,172.0,False,True
2021-05-26 19:00:00,20210526,131,137,19,3,5,0,0,0,0.0,3.0,2,0,False,2100,800,0,19944,23,0,0,20.0,0.0,29,4.0,0.0,2021-05,93.50570967775063,37.49429032224937,37.49429032224937,1405.8218067691228,True,172.0,False,True
2021-05-26 20:00:00,20210526,115,119,20,3,5,0,0,0,0.0,3.0,0,0,False,8,8,0,19944,23,0,0,19.6,0.0,42,2.9,0.0,2021-05,77.56756813484164,37.432431865158364,37.432431865158364,1401.1869553397232,True,172.0,False,True
2021-05-26 21:00:00,20210526,104,107,21,3,5,0,0,0,0.0,3.0,0,0,False,226,226,0,19944,23,0,0,19.3,0.0,52,3.4,0.0,2021-05,78.1877375574136,25.812262442586402,25.812262442586402,666.2728924049566,True,172.0,False,True
2021-05-26 22:00:00,20210526,97,102,22,3,5,0,0,0,0.0,3.0,0,0,False,381,381,0,19944,23,0,0,18.5,0.0,66,3.5,0.0,2021-05,77.69686508017007,19.30313491982993,19.30313491982993,372.6110177331576,True,172.0,False,True
2021-05-26 23:00:00,20210526,98,107,23,3,5,0,0,0,0.0,3.0,0,0,False,0,0,1,19944,23,0,1,16.8,0.0,71,3.8,0.0,2021-05,73.79888273251687,24.201117267483127,24.201117267483127,585.69407699447,True,172.0,False,True
2021-05-29 00:00:00,20210529,61,67,0,6,5,1,0,0,0.0,6.0,0,0,False,32,32,0,3071,8,0,0,13.2,0.0,98,0.7,0.0,2021-05,53.69605373113016,7.3039462688698435,7.3039462688698435,53.34763109853771,True,172.0,False,False
2021-05-29 01:00:00,20210529,99,107,1,6,5,1,0,0,0.0,6.0,0,0,False,578,578,0,3071,8,0,0,13.4,0.0,98,1.5,0.0,2021-05,100.25428352087032,-1.2542835208703167,1.2542835208703167,1.5732271507268383,False,172.0,False,False
2021-05-29 02:00:00,20210529,95,103,2,6,5,1,0,0,0.0,6.0,0,0,False,111,111,0,3071,8,0,0,13.1,0.0,98,0.1,0.0,2021-05,100.71669445488817,-5.71669445488817,5.71669445488817,32.68059549054915,False,172.0,False,False
2021-05-29 03:00:00,20210529,96,105,3,6,5,1,0,0,0.0,6.0,0,0,False,216,216,0,3071,8,0,0,13.4,0.0,98,1.0,0.0,2021-05,95.65161735032855,0.34838264967144994,0.34838264967144994,0.12137047059210022,True,172.0,False,False
2021-05-29 04:00:00,20210529,102,106,4,6,5,1,0,0,0.0,6.0,0,0,False,230,230,0,3071,8,0,0,12.1,0.0,98,0.0,0.0,2021-05,103.27814858200111,-1.2781485820011085,1.2781485820011085,1.6336637976714443,False,172.0,False,False
2021-05-29 05:00:00,20210529,88,101,5,6,5,1,0,0,0.0,6.0,0,0,False,6,6,0,3071,8,0,0,13.0,0.0,98,0.7,0.0,2021-05,67.57518204242994,20.424817957570056,20.424817957570056,417.17318859987626,True,172.0,False,True
2021-05-29 06:00:00,20210529,100,105,6,6,5,1,0,0,0.0,6.0,0,0,False,368,368,0,3071,8,0,0,15.1,0.0,95,0.7,0.0,2021-05,99.56332630716558,0.43667369283441815,0.43667369283441815,0.19068391401364776,True,172.0,False,False
2021-05-29 07:00:00,20210529,65,84,7,6,5,1,0,0,0.0,6.0,0,1,False,1530,800,0,3071,8,0,0,17.5,0.0,66,1.4,0.0,2021-05,61.94840941781399,3.0515905821860088,3.0515905821860088,9.312205081286343,True,172.0,False,False
2021-05-29 08:00:00,20210529,23,26,8,6,5,1,0,0,0.0,6.0,2,0,False,0,0,1,3071,8,0,1,18.4,0.0,62,1.8,0.0,2021-05,22.44526205286,0.5547379471400014,0.5547379471400014,0.30773418999710295,True,172.0,False,False
2021-05-29 09:00:00,20210529,21,21,9,6,5,1,0,0,0.0,6.0,2,0,False,0,0,1,3071,8,0,1,20.4,0.0,50,2.7,0.0,2021-05,22.136976480657285,-1.1369764806572853,1.1369764806572853,1.2927155175678262,False,172.0,False,False
2021-05-29 10:00:00,20210529,21,21,10,6,5,1,0,0,0.0,6.0,2,0,False,0,0,1,3071,8,0,1,21.5,0.0,46,3.8,0.0,2021-05,21.989462020671695,-0.9894620206716951,0.9894620206716951,0.979035090351714,False,172.0,False,False
2021-05-29 11:00:00,20210529,23,26,11,6,5,1,0,0,0.0,6.0,2,0,False,0,0,1,3071,8,0,1,23.1,1.1000000000000014,42,3.1,0.0,2021-05,22.667793442648648,0.33220655735135196,0.33220655735135196,0.1103611967472371,True,172.0,False,False
2021-05-29 12:00:00,20210529,21,21,12,6,5,1,0,0,0.0,6.0,1,1,False,0,0,1,3071,8,0,1,23.9,1.8999999999999986,38,2.0,0.0,2021-05,23.808892343647504,-2.8088923436475035,2.8088923436475035,7.889876198201565,False,172.0,False,False
2021-05-29 13:00:00,20210529,21,21,13,6,5,1,0,0,0.0,6.0,2,0,False,0,0,1,3071,8,0,1,25.1,3.1000000000000014,34,2.6,0.0,2021-05,23.737887874462515,-2.7378878744625155,2.7378878744625155,7.496030013128871,False,172.0,False,False
2021-05-29 14:00:00,20210529,23,26,14,6,5,1,0,0,0.0,6.0,2,0,False,0,0,1,3071,8,0,1,25.5,3.5,32,3.6,0.0,2021-05,24.030230280773292,-1.0302302807732922,1.0302302807732922,1.0613744314222164,False,172.0,False,False
2021-05-29 15:00:00,20210529,22,23,15,6,5,1,0,0,0.0,6.0,2,0,False,0,0,1,3071,8,0,1,24.9,2.8999999999999986,32,2.8,0.0,2021-05,24.269864994921946,-2.269864994921946,2.269864994921946,5.152287095172005,False,172.0,False,False
2021-05-29 16:00:00,20210529,21,21,16,6,5,1,0,0,0.0,6.0,2,0,False,0,0,1,3071,8,0,1,24.0,2.0,46,1.2,0.0,2021-05,22.459873778076656,-1.4598737780766555,1.4598737780766555,2.131231447915808,False,172.0,False,False
2021-05-29 17:00:00,20210529,22,24,17,6,5,1,0,0,0.0,6.0,2,1,False,0,0,1,3071,8,0,1,22.6,0.6000000000000014,48,0.7,0.0,2021-05,21.73575216255738,0.26424783744262115,0.26424783744262115,0.06982691959310193,True,172.0,False,False
2021-05-29 18:00:00,20210529,23,26,18,6,5,1,0,0,0.0,6.0,2,0,False,0,0,1,3071,8,0,1,21.8,0.0,56,1.2,0.0,2021-05,22.070229667846416,0.9297703321535842,0.9297703321535842,0.8644728705529863,True,172.0,False,False
2021-05-29 19:00:00,20210529,21,21,19,6,5,1,0,0,0.0,6.0,2,0,False,0,0,1,3071,8,0,1,21.6,0.0,55,2.2,0.0,2021-05,22.07118927510818,-1.0711892751081784,1.0711892751081784,1.1474464631067847,False,172.0,False,False
2021-05-29 20:00:00,20210529,21,21,20,6,5,1,0,0,0.0,6.0,0,0,False,0,0,1,3071,8,0,1,20.8,0.0,56,1.8,0.0,2021-05,22.423581989211964,-1.4235819892119643,1.4235819892119643,2.026585680008693,False,172.0,False,False
2021-05-29 21:00:00,20210529,23,26,21,6,5,1,0,0,0.0,6.0,0,0,False,0,0,1,3071,8,0,1,19.7,0.0,61,1.8,0.0,2021-05,22.71459055283277,0.28540944716722905,0.28540944716722905,0.0814585525323033,True,172.0,False,False
2021-05-29 22:00:00,20210529,21,22,22,6,5,1,0,0,0.0,6.0,0,0,False,0,0,1,3071,8,0,1,19.0,0.0,64,2.0,0.0,2021-05,22.256697881191556,-1.2566978811915561,1.2566978811915561,1.5792895645913465,False,172.0,False,False
2021-05-29 23:00:00,20210529,21,21,23,6,5,1,0,0,0.0,6.0,0,0,False,0,0,1,3071,8,0,1,17.6,0.0,72,1.9,0.0,2021-05,22.337834348659555,-1.3378343486595554,1.3378343486595554,1.7898007444533368,False,172.0,False,False
2021-05-31 00:00:00,20210531,21,21,0,1,5,0,0,1,1.0,1.0,0,0,False,0,0,1,17276,16,1,0,15.5,0.0,95,0.6,0.0,2021-05,39.640184212466224,-18.640184212466224,18.640184212466224,347.45646747467504,False,172.0,False,True
2021-05-31 01:00:00,20210531,21,21,1,1,5,0,0,1,1.0,1.0,0,0,False,0,0,1,17276,16,1,0,15.3,0.0,98,0.0,0.0,2021-05,45.5411611786058,-24.541161178605797,24.541161178605797,602.2685919943083,False,172.0,False,True
2021-05-31 02:00:00,20210531,21,22,2,1,5,0,0,1,1.0,1.0,0,0,False,0,0,1,17276,16,1,0,15.2,0.0,98,0.3,0.0,2021-05,45.57194825122716,-24.571948251227163,24.571948251227163,603.7806408609856,False,172.0,False,True
2021-05-31 03:00:00,20210531,23,26,3,1,5,0,0,1,1.0,1.0,0,0,False,0,0,1,17276,16,1,0,15.5,0.0,98,1.6,0.0,2021-05,45.18939303485738,-22.189393034857382,22.189393034857382,492.3691632553773,False,172.0,False,True
2021-05-31 04:00:00,20210531,21,21,4,1,5,0,0,1,1.0,1.0,0,0,False,0,0,1,17276,16,1,0,15.8,0.0,98,1.1,0.0,2021-05,45.06721823316648,-24.06721823316648,24.06721823316648,579.230993482861,False,172.0,False,True
2021-05-31 05:00:00,20210531,21,21,5,1,5,0,0,1,1.0,1.0,0,0,False,0,0,1,17276,16,1,0,16.1,0.0,98,1.3,0.2,2021-05,44.95033708604044,-23.95033708604044,23.95033708604044,573.6186465349641,False,172.0,False,True
2021-05-31 06:00:00,20210531,24,26,6,1,5,0,0,1,1.0,1.0,0,0,False,0,0,1,17276,16,1,0,15.8,0.0,98,0.9,0.6,2021-05,48.31453381021185,-24.31453381021185,24.31453381021185,591.1965544079351,False,172.0,False,True
2021-05-31 07:00:00,20210531,49,83,7,1,5,0,0,1,1.0,1.0,0,1,False,0,0,1,17276,16,1,0,15.6,0.0,98,2.3,0.6,2021-05,66.01458616925008,-17.01458616925008,17.01458616925008,289.49614251083614,False,172.0,False,False
2021-05-31 08:00:00,20210531,160,171,8,1,5,0,0,1,1.0,1.0,2,0,False,697,697,0,17276,16,0,0,17.4,0.0,95,1.7,0.6,2021-05,173.32129589428322,-13.321295894283224,13.321295894283224,177.4569243030471,False,172.0,False,False
2021-05-31 09:00:00,20210531,169,171,9,1,5,0,0,1,1.0,1.0,2,0,False,901,800,0,17276,16,0,0,21.5,0.0,61,0.6,0.6,2021-05,163.99585011502364,5.004149884976357,5.004149884976357,25.041516071308887,True,172.0,False,False
2021-05-31 10:00:00,20210531,160,172,10,1,5,0,0,1,1.0,1.0,2,0,False,1373,800,0,17276,16,0,0,22.1,0.10000000000000142,62,1.8,0.6,2021-05,158.78780130542987,1.2121986945701337,1.2121986945701337,1.4694256751175363,True,172.0,False,False
2021-05-31 11:00:00,20210531,167,170,11,1,5,0,0,1,1.0,1.0,2,0,False,1278,800,0,17276,16,0,0,24.4,2.3999999999999986,47,2.1,0.6,2021-05,165.85484093289145,1.1451590671085512,1.1451590671085512,1.3113892889809273,True,172.0,False,False
2021-05-31 12:00:00,20210531,104,119,12,1,5,0,0,1,1.0,1.0,1,1,False,246,246,0,17276,16,0,0,23.8,1.8000000000000007,48,2.0,0.6,2021-05,102.51617382443987,1.4838261755601252,1.4838261755601252,2.2017401192773876,True,172.0,False,False
2021-05-31 13:00:00,20210531,159,164,13,1,5,0,0,1,1.0,1.0,2,0,False,647,647,0,17276,16,0,0,24.7,2.6999999999999993,48,2.0,0.6,2021-05,166.3276120215025,-7.327612021502489,7.327612021502489,53.69389793766779,False,172.0,False,False
2021-05-31 14:00:00,20210531,156,161,14,1,5,0,0,1,1.0,1.0,2,0,False,806,800,0,17276,16,0,0,23.3,1.3000000000000007,52,2.9,0.6,2021-05,161.1050622074321,-5.105062207432098,5.105062207432098,26.06166014175149,False,172.0,False,False
2021-05-31 15:00:00,20210531,142,154,15,1,5,0,0,1,1.0,1.0,2,0,False,2767,800,0,17276,16,0,0,23.2,1.1999999999999993,59,2.7,0.6,2021-05,149.56538623580505,-7.56538623580505,7.56538623580505,57.23506889690851,False,172.0,False,False
2021-05-31 16:00:00,20210531,147,150,16,1,5,0,0,1,1.0,1.0,2,0,False,2857,800,0,17276,16,0,0,21.5,0.0,51,3.2,0.6,2021-05,144.44427271724877,2.555727282751235,2.555727282751235,6.531741943799011,True,172.0,False,False
2021-05-31 17:00:00,20210531,125,162,17,1,5,0,0,1,1.0,1.0,2,1,False,705,705,0,17276,16,0,0,20.8,0.0,55,1.8,0.6,2021-05,117.84978558462744,7.1502144153725595,7.1502144153725595,51.12556618580155,True,172.0,False,False
2021-05-31 18:00:00,20210531,157,168,18,1,5,0,0,1,1.0,1.0,2,0,False,1370,800,0,17276,16,0,0,19.9,0.0,73,2.8,0.6,2021-05,139.69580060313524,17.30419939686476,17.30419939686476,299.4353167664547,True,172.0,False,False
2021-05-31 19:00:00,20210531,146,158,19,1,5,0,0,1,1.0,1.0,2,0,False,3082,800,0,17276,16,0,0,18.7,0.0,86,1.6,0.6,2021-05,121.2243091028874,24.775690897112597,24.775690897112597,613.834859429268,True,172.0,False,True
2021-05-31 20:00:00,20210531,113,118,20,1,5,0,0,1,1.0,1.0,0,0,False,186,186,0,17276,16,0,0,18.0,0.0,76,1.0,0.6,2021-05,104.57244930101156,8.42755069898844,8.42755069898844,71.02361078402055,True,172.0,False,False
2021-05-31 21:00:00,20210531,113,121,21,1,5,0,0,1,1.0,1.0,0,0,False,130,130,0,17276,16,0,0,17.1,0.0,78,0.4,0.6,2021-05,100.4829857119703,12.5170142880297,12.5170142880297,156.67564668673964,True,172.0,False,False
2021-05-31 22:00:00,20210531,103,107,22,1,5,0,0,1,1.0,1.0,0,0,False,77,77,0,17276,16,0,0,17.0,0.0,89,0.5,0.6,2021-05,97.28443685324204,5.715563146757958,5.715563146757958,32.667662084577735,True,172.0,False,False
2021-05-31 23:00:00,20210531,99,110,23,1,5,0,0,1,1.0,1.0,0,0,False,154,154,0,17276,16,0,0,16.6,0.0,95,0.6,0.6,2021-05,94.44013875606817,4.5598612439318345,4.5598612439318345,20.792334563911577,True,172.0,False,False
2021-06-20 00:00:00,20210620,22,22,0,7,6,1,0,0,0.0,7.0,0,0,True,0,0,1,0,0,0,0,19.3,0.0,88,1.2,0.0,2021-06,23.61290478846924,-1.6129047884692405,1.6129047884692405,2.6014618566670054,False,171.0,False,False
2021-06-20 01:00:00,20210620,24,27,1,7,6,1,0,0,0.0,7.0,0,0,True,0,0,1,0,0,0,0,18.6,0.0,88,1.0,0.0,2021-06,22.704047915487706,1.2959520845122938,1.2959520845122938,1.6794918053517596,True,171.0,False,False
2021-06-20 02:00:00,20210620,22,22,2,7,6,1,0,0,0.0,7.0,0,0,True,0,0,1,0,0,0,0,18.4,0.0,90,0.1,0.0,2021-06,22.854613633801772,-0.8546136338017725,0.8546136338017725,0.73036446307987,False,171.0,False,False
2021-06-20 03:00:00,20210620,22,22,3,7,6,1,0,0,0.0,7.0,0,0,True,0,0,1,0,0,0,0,18.2,0.0,94,0.9,0.0,2021-06,22.95717090680127,-0.9571709068012701,0.9571709068012701,0.9161761448267658,False,171.0,False,False
2021-06-20 04:00:00,20210620,24,27,4,7,6,1,0,0,0.0,7.0,0,0,True,0,0,1,0,0,0,0,17.5,0.0,95,0.5,0.0,2021-06,22.683392990579488,1.3166070094205118,1.3166070094205118,1.7334540172552235,True,171.0,False,False
2021-06-20 05:00:00,20210620,23,26,5,7,6,1,0,0,0.0,7.0,0,0,True,0,0,1,0,0,0,0,18.0,0.0,94,0.7,0.0,2021-06,22.52162116134131,0.47837883865868847,0.47837883865868847,0.22884631327643548,True,171.0,False,False
2021-06-20 06:00:00,20210620,22,22,6,7,6,1,0,0,0.0,7.0,0,0,True,0,0,1,0,0,0,0,20.1,0.0,86,1.3,0.0,2021-06,22.529391581182143,-0.5293915811821428,0.5293915811821428,0.2802554462265293,False,171.0,False,False
2021-06-20 07:00:00,20210620,22,22,7,7,6,1,0,0,0.0,7.0,0,1,True,0,0,1,0,0,0,0,21.8,0.0,79,1.6,0.0,2021-06,22.549379584293202,-0.5493795842932023,0.5493795842932023,0.3018179276381718,False,171.0,False,False
2021-06-20 08:00:00,20210620,24,26,8,7,6,1,0,0,0.0,7.0,2,0,True,0,0,1,0,0,0,0,23.5,1.5,70,1.1,0.0,2021-06,22.187385584827712,1.8126144151722876,1.8126144151722876,3.285571018090374,True,171.0,False,False
2021-06-20 09:00:00,20210620,22,22,9,7,6,1,0,0,0.0,7.0,2,0,True,0,0,1,0,0,0,0,25.5,3.5,61,1.0,0.0,2021-06,22.2430577144878,-0.24305771448780078,0.24305771448780078,0.05907705257203328,False,171.0,False,False
2021-06-20 10:00:00,20210620,22,22,10,7,6,1,0,0,0.0,7.0,2,0,True,0,0,1,0,0,0,0,25.9,3.8999999999999986,67,1.6,0.0,2021-06,22.268440927170175,-0.2684409271701753,0.2684409271701753,0.07206053137998336,False,171.0,False,False
2021-06-20 11:00:00,20210620,24,27,11,7,6,1,0,0,0.0,7.0,2,0,True,0,0,1,0,0,0,0,26.9,4.899999999999999,63,2.0,0.0,2021-06,22.257561449675325,1.7424385503246747,1.7424385503246747,3.036092101657554,True,171.0,False,False
2021-06-20 12:00:00,20210620,22,22,12,7,6,1,0,0,0.0,7.0,1,1,True,0,0,1,0,0,0,0,26.8,4.800000000000001,64,2.2,0.0,2021-06,22.236404361879266,-0.2364043618792664,0.2364043618792664,0.05588702231554314,False,171.0,False,False
2021-06-20 13:00:00,20210620,22,23,13,7,6,1,0,0,0.0,7.0,2,0,True,0,0,1,0,0,0,0,26.2,4.199999999999999,62,2.3,0.0,2021-06,22.15932761564258,-0.15932761564258158,0.15932761564258158,0.025385289106350205,False,171.0,False,False
2021-06-20 14:00:00,20210620,23,24,14,7,6,1,0,0,0.0,7.0,2,0,True,0,0,1,0,0,0,0,27.0,5.0,67,1.9,0.0,2021-06,22.187516416657658,0.8124835833423418,0.8124835833423418,0.6601295732008121,True,171.0,False,False
2021-06-20 15:00:00,20210620,25,28,15,7,6,1,0,0,0.0,7.0,2,0,True,0,0,1,0,0,0,0,27.6,5.600000000000001,61,1.8,0.0,2021-06,22.115683400690283,2.8843165993097166,2.8843165993097166,8.319282245053568,True,171.0,False,False
2021-06-20 16:00:00,20210620,23,24,16,7,6,1,0,0,0.0,7.0,2,0,True,0,0,1,0,0,0,0,28.0,6.0,58,1.7,0.0,2021-06,22.180519910932357,0.8194800890676426,0.8194800890676426,0.6715476163783114,True,171.0,False,False
2021-06-20 17:00:00,20210620,23,24,17,7,6,1,0,0,0.0,7.0,2,1,True,0,0,1,0,0,0,0,27.6,5.600000000000001,58,1.2,0.0,2021-06,22.298487701250576,0.7015122987494244,0.7015122987494244,0.49211950529670173,True,171.0,False,False
2021-06-20 18:00:00,20210620,24,26,18,7,6,1,0,0,0.0,7.0,2,0,True,0,0,1,0,0,0,0,25.9,3.8999999999999986,63,1.2,0.0,2021-06,22.204669684654903,1.7953303153450975,1.7953303153450975,3.2232109411971273,True,171.0,False,False
2021-06-20 19:00:00,20210620,23,23,19,7,6,1,0,0,0.0,7.0,2,0,True,0,0,1,0,0,0,0,23.7,1.6999999999999993,76,0.7,0.0,2021-06,22.20957246155758,0.7904275384424189,0.7904275384424189,0.6247756935281416,True,171.0,False,False
2021-06-20 20:00:00,20210620,22,22,20,7,6,1,0,0,0.0,7.0,0,0,True,0,0,1,0,0,0,0,22.5,0.5,84,1.2,0.0,2021-06,22.58684817686652,-0.5868481768665212,0.5868481768665212,0.3443907826915598,False,171.0,False,False
2021-06-20 21:00:00,20210620,25,27,21,7,6,1,0,0,0.0,7.0,0,0,True,0,0,1,0,0,0,0,22.0,0.0,86,0.0,0.0,2021-06,22.554959710767346,2.4450402892326544,2.4450402892326544,5.9782220159709025,True,171.0,False,False
2021-06-20 22:00:00,20210620,23,23,22,7,6,1,0,0,0.0,7.0,0,0,True,0,0,1,0,0,0,0,21.7,0.0,87,0.2,0.0,2021-06,22.52097897038445,0.4790210296155486,0.4790210296155486,0.22946114681394028,True,171.0,False,False
2021-06-20 23:00:00,20210620,23,23,23,7,6,1,0,0,0.0,7.0,0,0,True,0,0,1,0,0,0,0,21.1,0.0,90,0.1,0.0,2021-06,23.711464627867397,-0.7114646278673966,0.7114646278673966,0.5061819167064932,False,171.0,False,False
2021-06-27 00:00:00,20210627,23,23,0,7,6,1,0,0,0.0,7.0,0,0,True,0,0,1,0,0,0,0,19.6,0.0,89,1.8,0.0,2021-06,23.54347185908685,-0.5434718590868499,0.5434718590868499,0.2953616616193169,False,171.0,False,False
2021-06-27 01:00:00,20210627,23,23,1,7,6,1,0,0,0.0,7.0,0,0,True,0,0,1,0,0,0,0,19.3,0.0,88,1.6,0.0,2021-06,22.636599046221068,0.3634009537789318,0.3634009537789318,0.1320602532074373,True,171.0,False,False
2021-06-27 02:00:00,20210627,24,24,2,7,6,1,0,0,0.0,7.0,0,0,True,0,0,1,0,0,0,0,19.0,0.0,91,0.6,0.0,2021-06,22.850725473166545,1.1492745268334552,1.1492745268334552,1.3208319380282623,True,171.0,False,False
2021-06-27 03:00:00,20210627,25,27,3,7,6,1,0,0,0.0,7.0,0,0,True,0,0,1,0,0,0,0,18.2,0.0,95,0.7,0.0,2021-06,22.89612602013317,2.1038739798668296,2.1038739798668296,4.426285723160693,True,171.0,False,False
2021-06-27 04:00:00,20210627,23,23,4,7,6,1,0,0,0.0,7.0,0,0,True,0,0,1,0,0,0,0,18.4,0.0,97,1.9,0.0,2021-06,23.000417537387918,-0.00041753738791783235,0.00041753738791783235,1.743374703092464e-07,False,171.0,False,False
2021-06-27 05:00:00,20210627,23,24,5,7,6,1,0,0,0.0,7.0,0,0,True,0,0,1,0,0,0,0,18.6,0.0,98,0.4,0.0,2021-06,22.401870565862186,0.5981294341378138,0.5981294341378138,0.35775881998202136,True,171.0,False,False
2021-06-27 06:00:00,20210627,25,27,6,7,6,1,0,0,0.0,7.0,0,0,True,0,0,1,0,0,0,0,20.6,0.0,91,1.1,0.0,2021-06,22.692210067264785,2.307789932735215,2.307789932735215,5.325894373634008,True,171.0,False,False
2021-06-27 07:00:00,20210627,23,23,7,7,6,1,0,0,0.0,7.0,0,1,True,0,0,1,0,0,0,0,22.0,0.0,85,2.6,0.0,2021-06,22.6316648340769,0.36833516592309934,0.36833516592309934,0.13567079445559713,True,171.0,False,False
2021-06-27 08:00:00,20210627,24,26,8,7,6,1,0,0,0.0,7.0,2,0,True,0,0,1,0,0,0,0,24.2,2.1999999999999993,72,1.7,0.0,2021-06,22.225016610723543,1.774983389276457,1.774983389276457,3.1505660322073386,True,171.0,False,False
2021-06-27 09:00:00,20210627,26,28,9,7,6,1,0,0,0.0,7.0,2,0,True,0,0,1,0,0,0,0,25.7,3.6999999999999993,61,3.2,0.0,2021-06,22.202560772396925,3.797439227603075,3.797439227603075,14.420544687338637,True,171.0,False,False
2021-06-27 10:00:00,20210627,24,24,10,7,6,1,0,0,0.0,7.0,2,0,True,0,0,1,0,0,0,0,25.9,3.8999999999999986,56,3.6,0.0,2021-06,22.23531216771283,1.7646878322871693,1.7646878322871693,3.1141231454223885,True,171.0,False,False
2021-06-27 11:00:00,20210627,24,24,11,7,6,1,0,0,0.0,7.0,2,0,True,0,0,1,0,0,0,0,26.0,4.0,61,3.5,0.0,2021-06,22.351799200007548,1.648200799992452,1.648200799992452,2.716565877095759,True,171.0,False,False
2021-06-27 12:00:00,20210627,26,31,12,7,6,1,0,0,0.0,7.0,1,1,True,0,0,1,0,0,0,0,25.6,3.6000000000000014,64,3.8,0.0,2021-06,22.258394526689273,3.7416054733107273,3.7416054733107273,13.999611517908791,True,171.0,False,False
2021-06-27 13:00:00,20210627,24,24,13,7,6,1,0,0,0.0,7.0,2,0,True,0,0,1,0,0,0,0,25.6,3.6000000000000014,64,3.7,0.0,2021-06,22.18335439911522,1.8166456008847796,1.8166456008847796,3.300201239214022,True,171.0,False,False
2021-06-27 14:00:00,20210627,24,24,14,7,6,1,0,0,0.0,7.0,2,0,True,0,0,1,0,0,0,0,25.7,3.6999999999999993,68,3.8,0.0,2021-06,22.309590203493514,1.6904097965064864,1.6904097965064864,2.8574852801251005,True,171.0,False,False
2021-06-27 15:00:00,20210627,26,29,15,7,6,1,0,0,0.0,7.0,2,0,True,0,0,1,0,0,0,0,25.1,3.1000000000000014,70,2.8,0.0,2021-06,22.261972928483306,3.7380270715166937,3.7380270715166937,13.97284638739167,True,171.0,False,False
2021-06-27 16:00:00,20210627,24,24,16,7,6,1,0,0,0.0,7.0,2,0,True,0,0,1,0,0,0,0,24.9,2.8999999999999986,71,2.7,0.0,2021-06,22.292785449014318,1.7072145509856824,1.7072145509856824,2.914581523097245,True,171.0,False,False
2021-06-27 17:00:00,20210627,24,24,17,7,6,1,0,0,0.0,7.0,2,1,True,0,0,1,0,0,0,0,23.9,1.8999999999999986,73,2.9,0.0,2021-06,22.349864128497316,1.650135871502684,1.650135871502684,2.722948394419922,True,171.0,False,False
2021-06-27 18:00:00,20210627,26,28,18,7,6,1,0,0,0.0,7.0,2,0,True,0,0,1,0,0,0,0,22.9,0.8999999999999986,76,2.6,0.0,2021-06,22.298871244652727,3.7011287553472734,3.7011287553472734,13.698354063658456,True,171.0,False,False
2021-06-27 19:00:00,20210627,24,25,19,7,6,1,0,0,0.0,7.0,2,0,True,0,0,1,0,0,0,0,22.3,0.3000000000000007,84,2.8,0.0,2021-06,22.48890893583338,1.5110910641666209,1.5110910641666209,2.2833962042042106,True,171.0,False,False
2021-06-27 20:00:00,20210627,24,24,20,7,6,1,0,0,0.0,7.0,0,0,True,0,0,1,0,0,0,0,22.4,0.3999999999999986,84,2.1,0.0,2021-06,22.565393785634843,1.4346062143651572,1.4346062143651572,2.0580949902951273,True,171.0,False,False
2021-06-27 21:00:00,20210627,24,24,21,7,6,1,0,0,0.0,7.0,0,0,True,0,0,1,0,0,0,0,21.9,0.0,87,1.0,0.0,2021-06,22.67934561232207,1.32065438767793,1.32065438767793,1.744128011692968,True,171.0,False,False
2021-06-27 22:00:00,20210627,26,29,22,7,6,1,0,0,0.0,7.0,0,0,True,0,0,1,0,0,0,0,21.9,0.0,88,1.0,0.0,2021-06,22.693423467603495,3.3065765323965053,3.3065765323965053,10.933448364595296,True,171.0,False,False
2021-06-27 23:00:00,20210627,24,24,23,7,6,1,0,0,0.0,7.0,0,0,True,0,0,1,0,0,0,0,22.0,0.0,88,0.9,0.0,2021-06,23.535458413038043,0.4645415869619569,0.4645415869619569,0.21579888601713337,True,171.0,False,False
2021-07-01 00:00:00,20210701,68,69,0,4,7,0,0,0,0.0,4.0,0,0,False,76,76,0,18353,24,0,0,19.9,0.0,96,1.3,0.0,2021-07,73.3012461419173,-5.301246141917304,5.301246141917304,28.103210657193095,False,172.0,False,False
2021-07-01 01:00:00,20210701,104,115,1,4,7,0,0,0,0.0,4.0,0,0,False,44,44,0,18353,24,0,0,19.6,0.0,96,0.4,0.0,2021-07,110.23185514621196,-6.231855146211956,6.231855146211956,38.836018563368434,False,172.0,False,False
2021-07-01 02:00:00,20210701,113,116,2,4,7,0,0,0,0.0,4.0,0,0,False,240,240,0,18353,24,0,0,19.3,0.0,97,1.0,0.0,2021-07,113.73570115450303,-0.7357011545030332,0.7357011545030332,0.5412561887370959,False,172.0,False,False
2021-07-01 03:00:00,20210701,107,112,3,4,7,0,0,0,0.0,4.0,0,0,False,402,402,0,18353,24,0,0,19.3,0.0,98,1.8,0.0,2021-07,112.99447671634987,-5.994476716349865,5.994476716349865,35.93375110286066,False,172.0,False,False
2021-07-01 04:00:00,20210701,104,111,4,4,7,0,0,0,0.0,4.0,0,0,False,185,185,0,18353,24,0,0,19.5,0.0,97,1.7,0.0,2021-07,112.68734080159811,-8.687340801598111,8.687340801598111,75.46989020311132,False,172.0,False,False
2021-07-01 05:00:00,20210701,93,114,5,4,7,0,0,0,0.0,4.0,0,0,False,174,174,0,18353,24,0,0,20.0,0.0,95,0.3,0.0,2021-07,103.50488281432496,-10.504882814324958,10.504882814324958,110.35256294269985,False,172.0,False,False
2021-07-01 06:00:00,20210701,110,115,6,4,7,0,0,0,0.0,4.0,0,0,False,23,23,0,18353,24,0,0,21.1,0.0,91,1.6,0.0,2021-07,114.35307077388934,-4.353070773889343,4.353070773889343,18.94922516248956,False,172.0,False,False
2021-07-01 07:00:00,20210701,129,148,7,4,7,0,0,0,0.0,4.0,0,1,False,752,752,0,18353,24,0,0,22.9,0.8999999999999986,81,1.9,0.0,2021-07,140.90690579800616,-11.906905798006164,11.906905798006164,141.7744056825928,False,172.0,False,False
2021-07-01 08:00:00,20210701,182,194,8,4,7,0,0,0,0.0,4.0,2,0,False,676,676,0,18353,24,0,0,23.8,1.8000000000000007,76,1.7,0.0,2021-07,169.45602438699413,12.54397561300587,12.54397561300587,157.35132417968597,True,172.0,True,False
2021-07-01 09:00:00,20210701,178,184,9,4,7,0,0,0,0.0,4.0,2,0,False,1028,800,0,18353,24,0,0,24.4,2.3999999999999986,77,2.7,0.0,2021-07,167.76856839760447,10.231431602395531,10.231431602395531,104.682192634498,True,172.0,True,False
2021-07-01 10:00:00,20210701,172,185,10,4,7,0,0,0,0.0,4.0,2,0,False,2373,800,0,18353,24,0,0,26.0,4.0,73,2.7,0.0,2021-07,165.8065202944052,6.193479705594797,6.193479705594797,38.35919086361461,True,172.0,True,False
2021-07-01 11:00:00,20210701,188,190,11,4,7,0,0,0,0.0,4.0,2,0,False,992,800,0,18353,24,0,0,25.8,3.8000000000000007,75,2.1,0.0,2021-07,169.65528622873776,18.344713771262235,18.344713771262235,336.5285233495383,True,172.0,True,False
2021-07-01 12:00:00,20210701,111,115,12,4,7,0,0,0,0.0,4.0,1,1,False,340,340,0,18353,24,0,0,27.3,5.300000000000001,69,2.8,0.0,2021-07,108.8205474751424,2.179452524857595,2.179452524857595,4.750013308108146,True,172.0,False,False
2021-07-01 13:00:00,20210701,190,206,13,4,7,0,0,0,0.0,4.0,2,0,False,474,474,0,18353,24,0,0,26.4,4.399999999999999,70,3.9,0.0,2021-07,169.66190719315708,20.338092806842923,20.338092806842923,413.63801901975586,True,172.0,True,True
2021-07-01 14:00:00,20210701,187,192,14,4,7,0,0,0,0.0,4.0,2,0,False,3036,800,0,18353,24,0,0,27.1,5.100000000000001,68,3.3,0.0,2021-07,164.53354429141052,22.46645570858948,22.46645570858948,504.7416321060128,True,172.0,True,True
2021-07-01 15:00:00,20210701,164,197,15,4,7,0,0,0,0.0,4.0,2,0,False,354,354,0,18353,24,0,0,26.4,4.399999999999999,71,2.9,0.0,2021-07,155.80918449230094,8.190815507699057,8.190815507699057,67.08945868116335,True,172.0,False,False
2021-07-01 16:00:00,20210701,170,188,16,4,7,0,0,0,0.0,4.0,2,0,False,1794,800,0,18353,24,0,0,25.1,3.1000000000000014,76,3.3,0.0,2021-07,160.69765630271937,9.302343697280634,9.302343697280634,86.53359826233672,True,172.0,False,False
2021-07-01 17:00:00,20210701,135,160,17,4,7,0,0,0,0.0,4.0,2,1,False,1125,800,0,18353,24,0,0,24.6,2.6000000000000014,76,1.7,0.0,2021-07,134.4876773619722,0.512322638027797,0.512322638027797,0.2624744854357611,True,172.0,False,False
2021-07-01 18:00:00,20210701,157,164,18,4,7,0,0,0,0.0,4.0,2,0,False,1767,800,0,18353,24,0,0,23.8,1.8000000000000007,75,1.7,0.0,2021-07,147.80865992068473,9.191340079315268,9.191340079315268,84.48073245362718,True,172.0,False,False
2021-07-01 19:00:00,20210701,163,171,19,4,7,0,0,0,0.0,4.0,2,0,False,2064,800,0,18353,24,0,0,22.9,0.8999999999999986,76,2.2,0.0,2021-07,151.06777632340638,11.932223676593622,11.932223676593622,142.37796186826142,True,172.0,False,False
2021-07-01 20:00:00,20210701,142,147,20,4,7,0,0,0,0.0,4.0,0,0,False,6,6,0,18353,24,0,0,22.2,0.1999999999999993,84,2.3,0.0,2021-07,127.92166846532223,14.078331534677773,14.078331534677773,198.1994188003026,True,172.0,False,False
2021-07-01 21:00:00,20210701,140,141,21,4,7,0,0,0,0.0,4.0,0,0,False,66,66,0,18353,24,0,0,21.2,0.0,80,0.8,0.0,2021-07,127.07576457822886,12.924235421771144,12.924235421771144,167.03586123736395,True,172.0,False,False
2021-07-01 22:00:00,20210701,119,122,22,4,7,0,0,0,0.0,4.0,0,0,False,244,244,0,18353,24,0,0,20.8,0.0,82,1.0,0.0,2021-07,118.6113925999105,0.3886074000894979,0.3886074000894979,0.1510157114043191,True,172.0,False,False
2021-07-01 23:00:00,20210701,108,124,23,4,7,0,0,0,0.0,4.0,0,0,False,118,118,0,18353,24,0,0,20.9,0.0,88,1.3,0.0,2021-07,111.0511544251591,-3.0511544251590976,3.0511544251590976,9.309543326167944,False,172.0,False,False
2021-07-02 00:00:00,20210702,68,69,0,5,7,0,0,0,0.0,5.0,0,0,False,0,0,1,19849,22,1,0,21.5,0.0,86,2.3,0.0,2021-07,64.5553529196614,3.444647080338598,3.444647080338598,11.865593508085226,True,172.0,False,False
2021-07-02 01:00:00,20210702,106,115,1,5,7,0,0,0,0.0,5.0,0,0,False,309,309,0,19849,22,0,0,20.8,0.0,88,1.3,0.0,2021-07,112.73322961104564,-6.733229611045644,6.733229611045644,45.33638099506187,False,172.0,False,False
2021-07-02 02:00:00,20210702,116,121,2,5,7,0,0,0,0.0,5.0,0,0,False,15,15,0,19849,22,0,0,19.9,0.0,90,0.5,0.0,2021-07,112.64540723400948,3.3545927659905175,3.3545927659905175,11.253292625635911,True,172.0,False,False
2021-07-02 03:00:00,20210702,108,115,3,5,7,0,0,0,0.0,5.0,0,0,False,101,101,0,19849,22,0,0,20.1,0.0,93,2.0,0.0,2021-07,113.34909437955965,-5.349094379559645,5.349094379559645,28.612810681436585,False,172.0,False,False
2021-07-02 04:00:00,20210702,106,110,4,5,7,0,0,0,0.0,5.0,0,0,False,382,382,0,19849,22,0,0,19.8,0.0,95,1.1,0.0,2021-07,114.94844016616258,-8.948440166162584,8.948440166162584,80.07458140739185,False,172.0,False,False
2021-07-02 05:00:00,20210702,96,120,5,5,7,0,0,0,0.0,5.0,0,0,False,698,698,0,19849,22,0,0,20.4,0.0,95,1.1,0.0,2021-07,106.52144612348543,-10.521446123485433,10.521446123485433,110.70082852940664,False,172.0,False,False
2021-07-02 06:00:00,20210702,112,117,6,5,7,0,0,0,0.0,5.0,0,0,False,36,36,0,19849,22,0,0,22.0,0.0,90,2.3,0.0,2021-07,114.01168804545428,-2.011688045454278,2.011688045454278,4.046888792223654,False,172.0,False,False
2021-07-02 07:00:00,20210702,133,143,7,5,7,0,0,0,0.0,5.0,0,1,False,938,800,0,19849,22,0,0,22.4,0.3999999999999986,86,2.8,0.0,2021-07,130.6586192120056,2.34138078799441,2.34138078799441,5.482063994389325,True,172.0,False,False
2021-07-02 08:00:00,20210702,161,173,8,5,7,0,0,0,0.0,5.0,2,0,False,813,800,0,19849,22,0,0,23.1,1.1000000000000014,83,3.0,0.0,2021-07,165.18188583509587,-4.181885835095869,4.181885835095869,17.488169137775476,False,172.0,False,False
2021-07-02 09:00:00,20210702,175,187,9,5,7,0,0,0,0.0,5.0,2,0,False,852,800,0,19849,22,0,0,23.4,1.3999999999999986,82,1.8,0.0,2021-07,165.91840171194303,9.081598288056966,9.081598288056966,82.47542746563923,True,172.0,True,False
2021-07-02 10:00:00,20210702,164,179,10,5,7,0,0,0,0.0,5.0,2,0,False,512,512,0,19849,22,0,0,23.2,1.1999999999999993,84,2.6,0.0,2021-07,164.40347514104946,-0.40347514104945503,0.40347514104945503,0.16279218944487764,False,172.0,False,False
2021-07-02 11:00:00,20210702,179,186,11,5,7,0,0,0,0.0,5.0,2,0,False,1301,800,0,19849,22,0,0,23.0,1.0,86,2.9,0.0,2021-07,160.1277001701939,18.87229982980611,18.87229982980611,356.1637008660997,True,172.0,True,True
2021-07-02 12:00:00,20210702,108,117,12,5,7,0,0,0,0.0,5.0,1,1,False,0,0,1,19849,22,0,0,24.1,2.1000000000000014,80,3.3,0.0,2021-07,109.94582996172112,-1.9458299617211168,1.9458299617211168,3.7862542399316026,False,172.0,False,False
2021-07-02 13:00:00,20210702,170,178,13,5,7,0,0,0,0.0,5.0,2,0,False,1376,800,0,19849,22,0,0,24.1,2.1000000000000014,80,2.8,0.0,2021-07,170.3174593147729,-0.3174593147728899,0.3174593147728899,0.1007804165360728,False,172.0,False,False
2021-07-02 14:00:00,20210702,175,183,14,5,7,0,0,0,0.0,5.0,2,0,False,855,800,0,19849,22,0,0,24.5,2.5,79,2.7,0.0,2021-07,165.5436887582367,9.456311241763302,9.456311241763302,89.42182230109901,True,172.0,True,False
2021-07-02 15:00:00,20210702,143,160,15,5,7,0,0,0,0.0,5.0,2,0,False,5516,800,0,19849,22,0,0,24.2,2.1999999999999993,80,3.3,0.0,2021-07,157.51070205260598,-14.510702052605978,14.510702052605978,210.56047405950335,False,172.0,False,False
2021-07-02 16:00:00,20210702,158,164,16,5,7,0,0,0,0.0,5.0,2,0,False,1544,800,0,19849,22,0,0,23.6,1.6000000000000014,83,3.0,0.0,2021-07,159.9842928847003,-1.9842928847002952,1.9842928847002952,3.937418252272219,False,172.0,False,False
2021-07-02 17:00:00,20210702,147,175,17,5,7,0,0,0,0.0,5.0,2,1,False,795,795,0,19849,22,0,0,23.2,1.1999999999999993,83,2.7,0.0,2021-07,144.2013862741003,2.7986137258997132,2.7986137258997132,7.832238786794275,True,172.0,False,False
2021-07-02 18:00:00,20210702,160,169,18,5,7,0,0,0,0.0,5.0,2,0,False,972,800,0,19849,22,0,0,23.0,1.0,85,2.0,0.0,2021-07,145.31427169349286,14.685728306507144,14.685728306507144,215.6706158925452,True,172.0,False,False
2021-07-02 19:00:00,20210702,136,149,19,5,7,0,0,0,0.0,5.0,2,0,False,2548,800,0,19849,22,0,0,22.7,0.6999999999999993,85,1.5,0.0,2021-07,128.06713305550153,7.932866944498471,7.932866944498471,62.93037795911651,True,172.0,False,False
2021-07-02 20:00:00,20210702,122,130,20,5,7,0,0,0,0.0,5.0,0,0,False,21,21,0,19849,22,0,0,22.6,0.6000000000000014,87,2.3,0.0,2021-07,111.35381035979856,10.646189640201442,10.646189640201442,113.34135385513251,True,172.0,False,False
2021-07-02 21:00:00,20210702,114,121,21,5,7,0,0,0,0.0,5.0,0,0,False,70,70,0,19849,22,0,0,23.0,1.0,86,2.3,0.0,2021-07,114.53950331487107,-0.5395033148710695,0.5395033148710695,0.29106382675687237,False,172.0,False,False
2021-07-02 22:00:00,20210702,111,117,22,5,7,0,0,0,0.0,5.0,0,0,False,119,119,0,19849,22,0,0,22.9,0.8999999999999986,86,1.7,0.0,2021-07,117.65915469568209,-6.659154695682091,6.659154695682091,44.34434126102484,False,172.0,False,False
2021-07-02 23:00:00,20210702,93,103,23,5,7,0,0,0,0.0,5.0,0,0,False,76,76,0,19849,22,0,0,22.9,0.8999999999999986,86,2.3,0.0,2021-07,105.42811501276826,-12.42811501276826,12.42811501276826,154.4580427705958,False,172.0,False,False
2021-07-03 00:00:00,20210703,67,76,0,6,7,1,0,0,0.0,6.0,0,0,False,154,154,0,1735,6,0,0,22.8,0.8000000000000007,87,1.9,0.0,2021-07,69.64715522384108,-2.6471552238410823,2.6471552238410823,7.00743077910913,False,172.0,False,False
2021-07-03 01:00:00,20210703,104,110,1,6,7,1,0,0,0.0,6.0,0,0,False,270,270,0,1735,6,0,0,22.9,0.8999999999999986,87,1.8,0.0,2021-07,98.2611111416125,5.738888858387497,5.738888858387497,32.934845328924155,True,172.0,False,False
2021-07-03 02:00:00,20210703,106,107,2,6,7,1,0,0,0.0,6.0,0,0,False,0,0,1,1735,6,0,0,22.4,0.3999999999999986,91,1.2,0.0,2021-07,99.64915707504075,6.350842924959252,6.350842924959252,40.33320585750499,True,172.0,False,False
2021-07-03 03:00:00,20210703,103,108,3,6,7,1,0,0,0.0,6.0,0,0,False,94,94,0,1735,6,0,0,22.4,0.3999999999999986,91,1.6,0.0,2021-07,106.69436653463224,-3.6943665346322376,3.6943665346322376,13.648344092210609,False,172.0,False,False
2021-07-03 04:00:00,20210703,104,112,4,6,7,1,0,0,0.0,6.0,0,0,False,36,36,0,1735,6,0,0,22.4,0.3999999999999986,90,1.7,0.0,2021-07,112.80325495844401,-8.803254958444015,8.803254958444015,77.49729786336913,False,172.0,False,False
2021-07-03 05:00:00,20210703,89,105,5,6,7,1,0,0,0.0,6.0,0,0,False,39,39,0,1735,6,0,0,22.5,0.5,90,1.7,0.0,2021-07,89.32218432394309,-0.32218432394309104,0.32218432394309104,0.10380273859466663,False,172.0,False,False
2021-07-03 06:00:00,20210703,98,105,6,6,7,1,0,0,0.0,6.0,0,0,False,0,0,1,1735,6,0,0,22.6,0.6000000000000014,88,2.7,0.0,2021-07,106.24043300695267,-8.24043300695267,8.24043300695267,67.90473614207504,False,172.0,False,False
2021-07-03 07:00:00,20210703,53,83,7,6,7,1,0,0,0.0,6.0,0,1,False,1142,800,0,1735,6,0,0,22.8,0.8000000000000007,87,2.2,0.0,2021-07,58.760404337303946,-5.760404337303946,5.760404337303946,33.182258129230114,False,172.0,False,False
2021-07-03 08:00:00,20210703,22,23,8,6,7,1,0,0,0.0,6.0,2,0,False,0,0,1,1735,6,0,1,22.5,0.5,90,2.5,0.0,2021-07,27.637409405323158,-5.637409405323158,5.637409405323158,31.780384803226003,False,172.0,False,False
2021-07-03 09:00:00,20210703,25,27,9,6,7,1,0,0,0.0,6.0,2,0,False,0,0,1,1735,6,0,1,22.9,0.8999999999999986,87,2.8,0.0,2021-07,24.124881195709673,0.8751188042903273,0.8751188042903273,0.7658329216225321,True,172.0,False,False
2021-07-03 10:00:00,20210703,23,23,10,6,7,1,0,0,0.0,6.0,2,0,False,0,0,1,1735,6,0,1,23.2,1.1999999999999993,85,3.1,0.0,2021-07,24.966000806895522,-1.9660008068955221,1.9660008068955221,3.8651591727138443,False,172.0,False,False
2021-07-03 11:00:00,20210703,23,23,11,6,7,1,0,0,0.0,6.0,2,0,False,0,0,1,1735,6,0,1,23.0,1.0,86,2.8,0.0,2021-07,25.546040626843084,-2.5460406268430837,2.5460406268430837,6.482322873535523,False,172.0,False,False
2021-07-03 12:00:00,20210703,24,27,12,6,7,1,0,0,0.0,6.0,1,1,False,0,0,1,1735,6,0,1,22.6,0.6000000000000014,89,3.1,0.0,2021-07,24.459246455044568,-0.4592464550445676,0.4592464550445676,0.21090730647100206,False,172.0,False,False
2021-07-03 13:00:00,20210703,22,22,13,6,7,1,0,0,0.0,6.0,2,0,False,0,0,1,1735,6,0,1,22.4,0.3999999999999986,92,3.6,0.1,2021-07,24.549729201171733,-2.5497292011717327,2.5497292011717327,6.501118999307843,False,172.0,False,False
2021-07-03 14:00:00,20210703,22,23,14,6,7,1,0,0,0.0,6.0,2,0,False,0,0,1,1735,6,0,1,21.9,0.0,97,2.9,0.8,2021-07,25.086963655874587,-3.0869636558745874,3.0869636558745874,9.529344612690599,False,172.0,False,False
2021-07-03 15:00:00,20210703,23,25,15,6,7,1,0,0,0.0,6.0,2,0,False,0,0,1,1735,6,0,1,21.5,0.0,98,1.4,5.2,2021-07,23.474645349480326,-0.4746453494803262,0.4746453494803262,0.225288207783301,False,172.0,False,False
2021-07-03 16:00:00,20210703,23,26,16,6,7,1,0,0,0.0,6.0,2,0,False,0,0,1,1735,6,0,1,21.5,0.0,98,1.7,12.0,2021-07,23.41426841297586,-0.41426841297586137,0.41426841297586137,0.17161831798953883,False,172.0,False,False
2021-07-03 17:00:00,20210703,22,22,17,6,7,1,0,0,0.0,6.0,2,1,False,0,0,1,1735,6,0,1,21.7,0.0,98,2.4,15.3,2021-07,24.254456773893462,-2.2544567738934624,2.2544567738934624,5.082575345354118,False,172.0,False,False
2021-07-03 18:00:00,20210703,22,23,18,6,7,1,0,0,0.0,6.0,2,0,False,0,0,1,1735,6,0,1,21.8,0.0,98,2.0,16.7,2021-07,24.23294189145781,-2.232941891457809,2.232941891457809,4.986029490627178,False,172.0,False,False
2021-07-03 19:00:00,20210703,24,27,19,6,7,1,0,0,0.0,6.0,2,0,False,0,0,1,1735,6,0,1,21.6,0.0,98,1.1,18.1,2021-07,23.51663898306812,0.48336101693188027,0.48336101693188027,0.23363787268942143,True,172.0,False,False
2021-07-03 20:00:00,20210703,22,23,20,6,7,1,0,0,0.0,6.0,0,0,False,0,0,1,1735,6,0,1,21.8,0.0,98,1.3,18.3,2021-07,23.89986567829151,-1.8998656782915084,1.8998656782915084,3.609489595550053,False,172.0,False,False
2021-07-03 21:00:00,20210703,23,23,21,6,7,1,0,0,0.0,6.0,0,0,False,0,0,1,1735,6,0,1,21.8,0.0,98,0.4,19.1,2021-07,24.22543688045163,-1.2254368804516282,1.2254368804516282,1.5016955479710181,False,172.0,False,False
2021-07-03 22:00:00,20210703,24,27,22,6,7,1,0,0,0.0,6.0,0,0,False,0,0,1,1735,6,0,1,21.8,0.0,98,0.9,20.5,2021-07,23.652011279425622,0.3479887205743779,0.3479887205743779,0.12109614964699246,True,172.0,False,False
2021-07-03 23:00:00,20210703,22,23,23,6,7,1,0,0,0.0,6.0,0,0,False,0,0,1,1735,6,0,1,21.8,0.0,98,0.5,23.4,2021-07,24.47450979524363,-2.4745097952436304,2.4745097952436304,6.123198726756673,False,172.0,False,False
2021-07-04 00:00:00,20210704,22,23,0,7,7,1,0,0,0.0,7.0,0,0,True,0,0,1,0,0,0,0,22.4,0.3999999999999986,98,0.1,1.3,2021-07,23.40234215392277,-1.4023421539227705,1.4023421539227705,1.9665635166687554,False,172.0,False,False
2021-07-04 01:00:00,20210704,25,27,1,7,7,1,0,0,0.0,7.0,0,0,True,0,0,1,0,0,0,0,23.6,1.6000000000000014,98,2.7,9.4,2021-07,23.784553698091333,1.215446301908667,1.215446301908667,1.4773097128234545,True,172.0,False,False
2021-07-04 02:00:00,20210704,23,24,2,7,7,1,0,0,0.0,7.0,0,0,True,0,0,1,0,0,0,0,24.8,2.8000000000000007,98,3.4,9.9,2021-07,23.850912659024573,-0.8509126590245728,0.8509126590245728,0.7240523532882689,False,172.0,False,False
2021-07-04 03:00:00,20210704,23,23,3,7,7,1,0,0,0.0,7.0,0,0,True,0,0,1,0,0,0,0,24.9,2.8999999999999986,98,3.8,11.0,2021-07,23.918229635393885,-0.9182296353938852,0.9182296353938852,0.8431456633155875,False,172.0,False,False
2021-07-04 04:00:00,20210704,23,23,4,7,7,1,0,0,0.0,7.0,0,0,True,0,0,1,0,0,0,0,24.6,2.6000000000000014,98,2.5,16.5,2021-07,23.552740800779464,-0.5527408007794641,0.5527408007794641,0.3055223928463232,False,172.0,False,False
2021-07-04 05:00:00,20210704,24,27,5,7,7,1,0,0,0.0,7.0,0,0,True,0,0,1,0,0,0,0,24.8,2.8000000000000007,98,1.8,19.6,2021-07,23.069279689288894,0.9307203107111057,0.9307203107111057,0.8662402967701772,True,172.0,False,False
2021-07-04 06:00:00,20210704,22,23,6,7,7,1,0,0,0.0,7.0,0,0,True,0,0,1,0,0,0,0,24.8,2.8000000000000007,98,2.0,24.5,2021-07,23.19516371001661,-1.1951637100166117,1.1951637100166117,1.4284162937406715,False,172.0,False,False
2021-07-04 07:00:00,20210704,22,23,7,7,7,1,0,0,0.0,7.0,0,1,True,0,0,1,0,0,0,0,25.8,3.8000000000000007,98,2.2,24.7,2021-07,23.10861127473238,-1.1086112747323789,1.1086112747323789,1.22901895846375,False,172.0,False,False
2021-07-04 08:00:00,20210704,24,28,8,7,7,1,0,0,0.0,7.0,2,0,True,0,0,1,0,0,0,0,27.4,5.399999999999999,85,3.9,24.7,2021-07,23.468769615922934,0.531230384077066,0.531230384077066,0.2822057209666671,True,172.0,False,False
2021-07-04 09:00:00,20210704,22,22,9,7,7,1,0,0,0.0,7.0,2,0,True,0,0,1,0,0,0,0,28.7,6.699999999999999,71,4.5,24.7,2021-07,23.281178804085712,-1.2811788040857124,1.2811788040857124,1.6414191280384962,False,172.0,False,False
2021-07-04 10:00:00,20210704,23,23,10,7,7,1,0,0,0.0,7.0,2,0,True,0,0,1,0,0,0,0,29.1,7.100000000000001,68,3.6,24.7,2021-07,23.455195305870216,-0.45519530587021606,0.45519530587021606,0.20720276648627955,False,172.0,False,False
2021-07-04 11:00:00,20210704,26,28,11,7,7,1,0,0,0.0,7.0,2,0,True,0,0,1,0,0,0,0,29.7,7.699999999999999,64,4.1,24.7,2021-07,23.43864005462883,2.5613599453711693,2.5613599453711693,6.5605647697517995,True,172.0,False,False
2021-07-04 12:00:00,20210704,23,24,12,7,7,1,0,0,0.0,7.0,1,1,True,0,0,1,0,0,0,0,30.6,8.600000000000001,58,4.0,24.7,2021-07,22.836538399439153,0.16346160056084713,0.16346160056084713,0.02671969485791394,True,172.0,False,False
2021-07-04 13:00:00,20210704,23,24,13,7,7,1,0,0,0.0,7.0,2,0,True,0,0,1,0,0,0,0,31.3,9.3,59,3.4,24.7,2021-07,23.096743995539754,-0.09674399553975377,0.09674399553975377,0.009359400672995897,False,172.0,False,False
2021-07-04 14:00:00,20210704,24,27,14,7,7,1,0,0,0.0,7.0,2,0,True,0,0,1,0,0,0,0,29.7,7.699999999999999,64,4.1,24.7,2021-07,23.296277763468538,0.7037222365314619,0.7037222365314619,0.49522498618884286,True,172.0,False,False
2021-07-04 15:00:00,20210704,24,27,15,7,7,1,0,0,0.0,7.0,2,0,True,0,0,1,0,0,0,0,28.1,6.100000000000001,70,3.3,24.7,2021-07,23.38106775370105,0.6189322462989502,0.6189322462989502,0.3830771255086643,True,172.0,False,False
2021-07-04 16:00:00,20210704,24,25,16,7,7,1,0,0,0.0,7.0,2,0,True,0,0,1,0,0,0,0,27.4,5.399999999999999,73,3.1,24.7,2021-07,23.38911960742411,0.6108803925758899,0.6108803925758899,0.37317485403367334,True,172.0,False,False
2021-07-04 17:00:00,20210704,22,22,17,7,7,1,0,0,0.0,7.0,2,1,True,0,0,1,0,0,0,0,27.0,5.0,75,2.8,24.7,2021-07,23.165132114802162,-1.1651321148021623,1.1651321148021623,1.357532844943359,False,172.0,False,False
2021-07-04 18:00:00,20210704,25,27,18,7,7,1,0,0,0.0,7.0,2,0,True,0,0,1,0,0,0,0,26.4,4.399999999999999,76,2.9,24.7,2021-07,23.353968877764824,1.6460311222351756,1.6460311222351756,2.7094184553667913,True,172.0,False,False
2021-07-04 19:00:00,20210704,23,23,19,7,7,1,0,0,0.0,7.0,2,0,True,0,0,1,0,0,0,0,25.9,3.8999999999999986,78,2.5,24.7,2021-07,23.22820949669676,-0.22820949669675983,0.22820949669675983,0.05207957438258844,False,172.0,False,False
2021-07-04 20:00:00,20210704,22,23,20,7,7,1,0,0,0.0,7.0,0,0,True,0,0,1,0,0,0,0,25.4,3.3999999999999986,81,1.85,24.7,2021-07,23.10844002320033,-1.1084400232003304,1.1084400232003304,1.228639285032349,False,172.0,False,False
2021-07-04 21:00:00,20210704,25,28,21,7,7,1,0,0,0.0,7.0,0,0,True,0,0,1,0,0,0,0,23.6,1.6000000000000014,94,1.2,24.9,2021-07,23.447774107830934,1.5522258921690657,1.5522258921690657,2.409405220320052,True,172.0,False,False
2021-07-04 22:00:00,20210704,23,24,22,7,7,1,0,0,0.0,7.0,0,0,True,0,0,1,0,0,0,0,23.1,1.1000000000000014,97,0.8,24.9,2021-07,23.33967015383577,-0.33967015383576893,0.33967015383576893,0.11537581340681492,False,172.0,False,False
2021-07-04 23:00:00,20210704,23,23,23,7,7,1,0,0,0.0,7.0,0,0,True,0,0,1,0,0,0,0,22.8,0.8000000000000007,98,0.4,24.9,2021-07,23.899335036432404,-0.8993350364324044,0.8993350364324044,0.8088035077548742,False,172.0,False,False
2021-07-05 00:00:00,20210705,25,28,0,1,7,0,0,1,1.0,1.0,0,0,False,0,0,1,15715,16,1,0,22.6,0.6000000000000014,97,0.2,0.0,2021-07,23.201592175690994,1.798407824309006,1.798407824309006,3.2342707025358526,True,172.0,False,False
2021-07-05 01:00:00,20210705,23,23,1,1,7,0,0,1,1.0,1.0,0,0,False,0,0,1,15715,16,1,0,23.5,1.5,89,1.6,0.0,2021-07,24.884245849751697,-1.8842458497516965,1.8842458497516965,3.550382422306493,False,172.0,False,False
2021-07-05 02:00:00,20210705,23,23,2,1,7,0,0,1,1.0,1.0,0,0,False,0,0,1,15715,16,1,0,22.7,0.6999999999999993,94,1.2,0.0,2021-07,23.198740453270414,-0.198740453270414,0.198740453270414,0.039497767766129614,False,172.0,False,False
2021-07-05 03:00:00,20210705,24,25,3,1,7,0,0,1,1.0,1.0,0,0,False,0,0,1,15715,16,1,0,22.7,0.6999999999999993,93,1.2,0.0,2021-07,23.314340112708624,0.6856598872913757,0.6856598872913757,0.47012948104042207,True,172.0,False,False
2021-07-05 04:00:00,20210705,24,27,4,1,7,0,0,1,1.0,1.0,0,0,False,0,0,1,15715,16,1,0,22.8,0.8000000000000007,90,2.1,0.0,2021-07,26.94776900759003,-2.947769007590029,2.947769007590029,8.689342122108306,False,172.0,False,False
2021-07-05 05:00:00,20210705,23,23,5,1,7,0,0,1,1.0,1.0,0,0,False,0,0,1,15715,16,1,0,23.1,1.1000000000000014,88,1.0,0.0,2021-07,22.749467666302454,0.2505323336975458,0.2505323336975458,0.06276645022793843,True,172.0,False,False
2021-07-05 06:00:00,20210705,22,23,6,1,7,0,0,1,1.0,1.0,0,0,False,0,0,1,15715,16,1,0,22.7,0.6999999999999993,94,0.6,0.1,2021-07,23.119230160601347,-1.1192301606013473,1.1192301606013473,1.2526761523997176,False,172.0,False,False
2021-07-05 07:00:00,20210705,63,104,7,1,7,0,0,1,1.0,1.0,0,1,False,0,0,1,15715,16,1,0,22.4,0.3999999999999986,96,0.6,0.1,2021-07,56.19713637608648,6.802863623913517,6.802863623913517,46.278953485565744,True,172.0,False,False
2021-07-05 08:00:00,20210705,168,183,8,1,7,0,0,1,1.0,1.0,2,0,False,982,800,0,15715,16,0,0,23.4,1.3999999999999986,93,1.1,0.1,2021-07,180.90964720203854,-12.909647202038542,12.909647202038542,166.65899088110154,False,172.0,False,False
2021-07-05 09:00:00,20210705,170,175,9,1,7,0,0,1,1.0,1.0,2,0,False,2566,800,0,15715,16,0,0,24.1,2.1000000000000014,86,1.7,0.1,2021-07,180.29845098192752,-10.298450981927516,10.298450981927516,106.05809262716382,False,172.0,False,False
2021-07-05 10:00:00,20210705,173,185,10,1,7,0,0,1,1.0,1.0,2,0,False,814,800,0,15715,16,0,0,24.6,2.6000000000000014,87,0.7,0.1,2021-07,179.4585600928842,-6.458560092884198,6.458560092884198,41.71299847339635,False,172.0,True,False
2021-07-05 11:00:00,20210705,172,185,11,1,7,0,0,1,1.0,1.0,2,0,False,1097,800,0,15715,16,0,0,24.9,2.8999999999999986,87,1.3,0.1,2021-07,180.23253761248358,-8.232537612483583,8.232537612483583,67.77467554095689,False,172.0,True,False
2021-07-05 12:00:00,20210705,104,116,12,1,7,0,0,1,1.0,1.0,1,1,False,31,31,0,15715,16,0,0,25.8,3.8000000000000007,82,2.5,0.1,2021-07,124.04139813561308,-20.04139813561308,20.04139813561308,401.6576392301554,False,172.0,False,True
2021-07-05 13:00:00,20210705,168,181,13,1,7,0,0,1,1.0,1.0,2,0,False,613,613,0,15715,16,0,0,26.0,4.0,78,1.8,0.1,2021-07,179.77154585274886,-11.771545852748858,11.771545852748858,138.56929176336882,False,172.0,False,False
2021-07-05 14:00:00,20210705,169,170,14,1,7,0,0,1,1.0,1.0,2,0,False,2781,800,0,15715,16,0,0,25.7,3.6999999999999993,75,1.9,0.1,2021-07,178.46405290738815,-9.464052907388151,9.464052907388151,89.56829743384212,False,172.0,False,False
2021-07-05 15:00:00,20210705,160,183,15,1,7,0,0,1,1.0,1.0,2,0,False,711,711,0,15715,16,0,0,25.5,3.5,77,2.5,0.1,2021-07,172.80542375827005,-12.805423758270052,12.805423758270052,163.9788776288671,False,172.0,False,False
2021-07-05 16:00:00,20210705,158,173,16,1,7,0,0,1,1.0,1.0,2,0,False,2870,800,0,15715,16,0,0,24.9,2.8999999999999986,80,1.2,0.1,2021-07,170.5043687905659,-12.504368790565906,12.504368790565906,156.35923885047865,False,172.0,False,False
2021-07-05 17:00:00,20210705,129,140,17,1,7,0,0,1,1.0,1.0,2,1,False,224,224,0,15715,16,0,0,23.9,1.8999999999999986,85,0.9,0.1,2021-07,148.28255768891003,-19.282557688910032,19.282557688910032,371.8170310261434,False,172.0,False,True
2021-07-05 18:00:00,20210705,158,163,18,1,7,0,0,1,1.0,1.0,2,0,False,308,308,0,15715,16,0,0,22.9,0.8999999999999986,95,0.8,0.3,2021-07,168.92327060317697,-10.923270603176974,10.923270603176974,119.31784067023025,False,172.0,False,False
2021-07-05 19:00:00,20210705,139,153,19,1,7,0,0,1,1.0,1.0,2,0,False,1932,800,0,15715,16,0,0,22.6,0.6000000000000014,94,0.4,0.3,2021-07,160.3864495350904,-21.386449535090406,21.386449535090406,457.38022371696866,False,172.0,False,True
2021-07-05 20:00:00,20210705,120,130,20,1,7,0,0,1,1.0,1.0,0,0,False,9,9,0,15715,16,0,0,22.1,0.10000000000000142,98,0.5,1.1,2021-07,118.40469623775324,1.5953037622467576,1.5953037622467576,2.5449940938386595,True,172.0,False,False
2021-07-05 21:00:00,20210705,117,124,21,1,7,0,0,1,1.0,1.0,0,0,False,356,356,0,15715,16,0,0,21.5,0.0,98,1.2,6.9,2021-07,119.86644719763216,-2.866447197632155,2.866447197632155,8.216519536813236,False,172.0,False,False
2021-07-05 22:00:00,20210705,104,115,22,1,7,0,0,1,1.0,1.0,0,0,False,89,89,0,15715,16,0,0,21.6,0.0,98,1.2,10.4,2021-07,112.46159282335805,-8.461592823358046,8.461592823358046,71.59855310830439,False,172.0,False,False
2021-07-05 23:00:00,20210705,102,116,23,1,7,0,0,1,1.0,1.0,0,0,False,332,332,0,15715,16,0,0,22.1,0.10000000000000142,98,1.0,18.7,2021-07,105.4518410721949,-3.4518410721948953,3.4518410721948953,11.915206787691604,False,172.0,False,False
2021-07-06 00:00:00,20210706,68,68,0,2,7,0,0,0,0.0,2.0,0,0,False,50,50,0,16581,23,0,0,22.8,0.8000000000000007,98,0.7,6.7,2021-07,74.11043477968376,-6.110434779683757,6.110434779683757,37.337413196768885,False,172.0,False,False
2021-07-06 01:00:00,20210706,103,111,1,2,7,0,0,0,0.0,2.0,0,0,False,434,434,0,16581,23,0,0,23.8,1.8000000000000007,98,1.5,8.7,2021-07,106.45565065050552,-3.4556506505055182,3.4556506505055182,11.941521418339212,False,172.0,False,False
2021-07-06 02:00:00,20210706,105,110,2,2,7,0,0,0,0.0,2.0,0,0,False,246,246,0,16581,23,0,0,23.8,1.8000000000000007,98,0.9,12.9,2021-07,112.00839026331414,-7.008390263314141,7.008390263314141,49.11753408291645,False,172.0,False,False
2021-07-06 03:00:00,20210706,105,116,3,2,7,0,0,0,0.0,2.0,0,0,False,236,236,0,16581,23,0,0,23.8,1.8000000000000007,98,0.9,15.0,2021-07,108.7732969891252,-3.7732969891251997,3.7732969891251997,14.237770168141298,False,172.0,False,False
2021-07-06 04:00:00,20210706,106,112,4,2,7,0,0,0,0.0,2.0,0,0,False,262,262,0,16581,23,0,0,23.9,1.8999999999999986,98,1.6,18.3,2021-07,109.67408611370773,-3.6740861137077303,3.6740861137077303,13.498908770939973,False,172.0,False,False
2021-07-06 05:00:00,20210706,98,110,5,2,7,0,0,0,0.0,2.0,0,0,False,2,2,0,16581,23,0,0,23.7,1.6999999999999993,98,3.0,23.7,2021-07,95.1350530162003,2.8649469837996975,2.8649469837996975,8.207921219982984,True,172.0,False,False
2021-07-06 06:00:00,20210706,98,105,6,2,7,0,0,0,0.0,2.0,0,0,False,70,70,0,16581,23,0,0,23.8,1.8000000000000007,98,3.4,27.7,2021-07,110.90675569308631,-12.90675569308631,12.90675569308631,166.58434252101588,False,172.0,False,False
2021-07-06 07:00:00,20210706,119,145,7,2,7,0,0,0,0.0,2.0,0,1,False,2041,800,0,16581,23,0,0,23.7,1.6999999999999993,98,3.5,37.7,2021-07,135.2157808382951,-16.215780838295103,16.215780838295103,262.9515481956186,False,172.0,False,False
2021-07-06 08:00:00,20210706,180,193,8,2,7,0,0,0,0.0,2.0,2,0,False,313,313,0,16581,23,0,0,24.2,2.1999999999999993,98,2.5,41.4,2021-07,171.75462188880417,8.245378111195834,8.245378111195834,67.98626019658737,True,172.0,True,False
2021-07-06 09:00:00,20210706,180,185,9,2,7,0,0,0,0.0,2.0,2,0,False,734,734,0,16581,23,0,0,24.6,2.6000000000000014,98,2.7,42.1,2021-07,169.73270512495844,10.267294875041557,10.267294875041557,105.41734405105463,True,172.0,True,False
2021-07-06 10:00:00,20210706,168,176,10,2,7,0,0,0,0.0,2.0,2,0,False,792,792,0,16581,23,0,0,23.1,1.1000000000000014,98,2.8,44.2,2021-07,168.94804960823907,-0.9480496082390744,0.9480496082390744,0.8987980596822623,False,172.0,False,False
2021-07-06 11:00:00,20210706,176,182,11,2,7,0,0,0,0.0,2.0,2,0,False,568,568,0,16581,23,0,0,23.2,1.1999999999999993,98,1.5,45.6,2021-07,157.8247379591938,18.17526204080619,18.17526204080619,330.34015025197033,True,172.0,True,False
2021-07-06 12:00:00,20210706,110,132,12,2,7,0,0,0,0.0,2.0,1,1,False,0,0,1,16581,23,0,0,22.5,0.5,98,1.4,47.6,2021-07,103.33350941739805,6.666490582601952,6.666490582601952,44.44209668792051,True,172.0,False,False
2021-07-06 13:00:00,20210706,159,170,13,2,7,0,0,0,0.0,2.0,2,0,False,2227,800,0,16581,23,0,0,22.9,0.8999999999999986,95,2.4,47.7,2021-07,170.77870424120707,-11.778704241207066,11.778704241207066,138.73787360182934,False,172.0,False,False
2021-07-06 14:00:00,20210706,179,185,14,2,7,0,0,0,0.0,2.0,2,0,False,648,648,0,16581,23,0,0,23.5,1.5,96,1.8,47.7,2021-07,167.00687166348123,11.993128336518765,11.993128336518765,143.83512729620938,True,172.0,True,False
2021-07-06 15:00:00,20210706,158,173,15,2,7,0,0,0,0.0,2.0,2,0,False,1272,800,0,16581,23,0,0,23.0,1.0,98,2.5,51.7,2021-07,161.6347827617793,-3.6347827617792916,3.6347827617792916,13.211645725327894,False,172.0,False,False
2021-07-06 16:00:00,20210706,171,177,16,2,7,0,0,0,0.0,2.0,2,0,False,985,800,0,16581,23,0,0,22.7,0.6999999999999993,98,2.0,56.8,2021-07,163.43619960357225,7.563800396427752,7.563800396427752,57.211076437000614,True,172.0,False,False
2021-07-06 17:00:00,20210706,129,148,17,2,7,0,0,0,0.0,2.0,2,1,False,124,124,0,16581,23,0,0,23.2,1.1999999999999993,98,2.2,57.3,2021-07,126.73926667446999,2.260733325530012,2.260733325530012,5.110915169161987,True,172.0,False,False
2021-07-06 18:00:00,20210706,153,161,18,2,7,0,0,0,0.0,2.0,2,0,False,1300,800,0,16581,23,0,0,23.0,1.0,98,0.3,58.0,2021-07,158.09140072307187,-5.091400723071871,5.091400723071871,25.92236132289677,False,172.0,False,False
2021-07-06 19:00:00,20210706,151,157,19,2,7,0,0,0,0.0,2.0,2,0,False,3876,800,0,16581,23,0,0,23.7,1.6999999999999993,98,2.9,58.7,2021-07,155.31544497826062,-4.315444978260615,4.315444978260615,18.62306536039476,False,172.0,False,False
2021-07-06 20:00:00,20210706,134,138,20,2,7,0,0,0,0.0,2.0,0,0,False,10,10,0,16581,23,0,0,23.7,1.6999999999999993,98,1.2,58.9,2021-07,127.94960834275037,6.050391657249634,6.050391657249634,36.60723920611597,True,172.0,False,False
2021-07-06 21:00:00,20210706,126,132,21,2,7,0,0,0,0.0,2.0,0,0,False,166,166,0,16581,23,0,0,24.1,2.1000000000000014,98,3.3,58.9,2021-07,120.5051639311467,5.494836068853303,5.494836068853303,30.19322342357122,True,172.0,False,False
2021-07-06 22:00:00,20210706,112,115,22,2,7,0,0,0,0.0,2.0,0,0,False,150,150,0,16581,23,0,0,24.1,2.1000000000000014,98,3.0,58.9,2021-07,113.30884303327281,-1.308843033272808,1.308843033272808,1.713070085746765,False,172.0,False,False
2021-07-06 23:00:00,20210706,106,114,23,2,7,0,0,0,0.0,2.0,0,0,False,75,75,0,16581,23,0,0,23.9,1.8999999999999986,98,1.4,60.4,2021-07,103.6549126393619,2.3450873606381037,2.3450873606381037,5.499434729024587,True,172.0,False,False
2021-07-07 00:00:00,20210707,76,89,0,3,7,0,0,0,0.0,3.0,0,0,False,250,250,0,19407,23,0,0,23.6,1.6000000000000014,98,1.1,0.0,2021-07,76.54797798743753,-0.5479779874375339,0.5479779874375339,0.3002798747160901,False,172.0,False,False
2021-07-07 01:00:00,20210707,102,112,1,3,7,0,0,0,0.0,3.0,0,0,False,5,5,0,19407,23,0,0,23.9,1.8999999999999986,98,0.6,0.0,2021-07,109.07085083584342,-7.070850835843416,7.070850835843416,49.99693154274753,False,172.0,False,False
2021-07-07 02:00:00,20210707,106,107,2,3,7,0,0,0,0.0,3.0,0,0,False,42,42,0,19407,23,0,0,23.6,1.6000000000000014,98,0.3,0.0,2021-07,113.37367760486893,-7.373677604868931,7.373677604868931,54.37112142054561,False,172.0,False,False
2021-07-07 03:00:00,20210707,110,115,3,3,7,0,0,0,0.0,3.0,0,0,False,442,442,0,19407,23,0,0,23.8,1.8000000000000007,98,0.6,0.0,2021-07,112.25706512685518,-2.2570651268551813,2.2570651268551813,5.0943429868657955,False,172.0,False,False
2021-07-07 04:00:00,20210707,106,108,4,3,7,0,0,0,0.0,3.0,0,0,False,90,90,0,19407,23,0,0,23.9,1.8999999999999986,98,0.1,0.0,2021-07,113.0577311246888,-7.0577311246888,7.0577311246888,49.811568628401034,False,172.0,False,False
2021-07-07 05:00:00,20210707,94,101,5,3,7,0,0,0,0.0,3.0,0,0,False,387,387,0,19407,23,0,0,24.0,2.0,98,0.4,0.0,2021-07,102.91850479088494,-8.918504790884938,8.918504790884938,79.5397277050376,False,172.0,False,False
2021-07-07 06:00:00,20210707,102,106,6,3,7,0,0,0,0.0,3.0,0,0,False,38,38,0,19407,23,0,0,24.2,2.1999999999999993,98,0.0,0.4,2021-07,115.94370453271686,-13.943704532716865,13.943704532716865,194.42689609570883,False,172.0,False,False
2021-07-07 07:00:00,20210707,130,145,7,3,7,0,0,0,0.0,3.0,0,1,False,1847,800,0,19407,23,0,0,25.4,3.3999999999999986,98,2.2,0.4,2021-07,137.18620585750602,-7.186205857506025,7.186205857506025,51.641554626453896,False,172.0,False,False
2021-07-07 08:00:00,20210707,181,203,8,3,7,0,0,0,0.0,3.0,2,0,False,675,675,0,19407,23,0,0,25.0,3.0,98,0.1,0.4,2021-07,173.07857729576924,7.921422704230764,7.921422704230764,62.74893765910263,True,172.0,True,False
2021-07-07 09:00:00,20210707,178,187,9,3,7,0,0,0,0.0,3.0,2,0,False,1990,800,0,19407,23,0,0,25.5,3.5,98,0.8,0.6,2021-07,172.6344889342879,5.365511065712099,5.365511065712099,28.78870899627898,True,172.0,True,False
2021-07-07 10:00:00,20210707,174,186,10,3,7,0,0,0,0.0,3.0,2,0,False,3638,800,0,19407,23,0,0,24.9,2.8999999999999986,98,0.8,1.0,2021-07,168.48051750965274,5.519482490347258,5.519482490347258,30.464686961249967,True,172.0,True,False
2021-07-07 11:00:00,20210707,178,183,11,3,7,0,0,0,0.0,3.0,2,0,False,954,800,0,19407,23,0,0,23.3,1.3000000000000007,98,1.4,10.9,2021-07,149.27623688509203,28.723763114907968,28.723763114907968,825.0545674813475,True,172.0,True,True
2021-07-07 12:00:00,20210707,112,131,12,3,7,0,0,0,0.0,3.0,1,1,False,0,0,1,19407,23,0,0,23.8,1.8000000000000007,98,0.4,21.4,2021-07,100.65822687463502,11.34177312536498,11.34177312536498,128.63581762725133,True,172.0,False,False
2021-07-07 13:00:00,20210707,173,185,13,3,7,0,0,0,0.0,3.0,2,0,False,320,320,0,19407,23,0,0,23.8,1.8000000000000007,98,0.5,24.3,2021-07,173.17553584535233,-0.17553584535232858,0.17553584535232858,0.030812833003556615,False,172.0,True,False
2021-07-07 14:00:00,20210707,175,185,14,3,7,0,0,0,0.0,3.0,2,0,False,1323,800,0,19407,23,0,0,24.2,2.1999999999999993,98,1.8,26.1,2021-07,172.07079407219442,2.929205927805583,2.929205927805583,8.580247367491367,True,172.0,True,False
2021-07-07 15:00:00,20210707,158,176,15,3,7,0,0,0,0.0,3.0,2,0,False,1208,800,0,19407,23,0,0,23.4,1.3999999999999986,98,2.4,29.9,2021-07,166.13931284462512,-8.139312844625124,8.139312844625124,66.24841358267953,False,172.0,False,False
2021-07-07 16:00:00,20210707,177,181,16,3,7,0,0,0,0.0,3.0,2,0,False,1579,800,0,19407,23,0,0,23.6,1.6000000000000014,98,1.5,33.7,2021-07,165.22149878573478,11.77850121426522,11.77850121426522,138.73309085444725,True,172.0,True,False
2021-07-07 17:00:00,20210707,138,179,17,3,7,0,0,0,0.0,3.0,2,1,False,175,175,0,19407,23,0,0,23.4,1.3999999999999986,98,1.8,37.0,2021-07,149.98889649882506,-11.988896498825056,11.988896498825056,143.7336392595397,False,172.0,False,False
2021-07-07 18:00:00,20210707,169,173,18,3,7,0,0,0,0.0,3.0,2,0,False,1717,800,0,19407,23,0,0,23.4,1.3999999999999986,98,0.9,38.5,2021-07,161.6329227532523,7.367077246747698,7.367077246747698,54.27382715954764,True,172.0,False,False
2021-07-07 19:00:00,20210707,157,169,19,3,7,0,0,0,0.0,3.0,2,0,False,2321,800,0,19407,23,0,0,22.7,0.6999999999999993,98,2.4,38.8,2021-07,144.12750879784264,12.872491202157363,12.872491202157363,165.7010297496187,True,172.0,False,False
2021-07-07 20:00:00,20210707,117,127,20,3,7,0,0,0,0.0,3.0,0,0,False,162,162,0,19407,23,0,0,22.5,0.5,98,3.7,38.8,2021-07,116.25599492150444,0.7440050784955616,0.7440050784955616,0.5535435568271868,True,172.0,False,False
2021-07-07 21:00:00,20210707,115,120,21,3,7,0,0,0,0.0,3.0,0,0,False,68,68,0,19407,23,0,0,22.4,0.3999999999999986,98,2.3,38.8,2021-07,116.15144638886221,-1.1514463888622117,1.1514463888622117,1.3258287864238276,False,172.0,False,False
2021-07-07 22:00:00,20210707,104,113,22,3,7,0,0,0,0.0,3.0,0,0,False,104,104,0,19407,23,0,0,22.3,0.3000000000000007,98,1.1,38.8,2021-07,110.54393520040021,-6.543935200400213,6.543935200400213,42.82308790703698,False,172.0,False,False
2021-07-07 23:00:00,20210707,105,110,23,3,7,0,0,0,0.0,3.0,0,0,False,72,72,0,19407,23,0,0,22.2,0.1999999999999993,98,0.3,38.8,2021-07,102.7318480193339,2.2681519806661044,2.2681519806661044,5.144513407399573,True,172.0,False,False
2021-07-08 00:00:00,20210708,73,78,0,4,7,0,0,0,0.0,4.0,0,0,False,242,242,0,19519,21,0,0,22.0,0.0,98,0.3,0.0,2021-07,78.7368093822652,-5.736809382265207,5.736809382265207,32.91098188844611,False,172.0,False,False
2021-07-08 01:00:00,20210708,99,104,1,4,7,0,0,0,0.0,4.0,0,0,False,703,703,0,19519,21,0,0,21.9,0.0,98,0.6,0.0,2021-07,107.98270354369781,-8.98270354369781,8.98270354369781,80.68896295396118,False,172.0,False,False
2021-07-08 02:00:00,20210708,104,110,2,4,7,0,0,0,0.0,4.0,0,0,False,192,192,0,19519,21,0,0,21.9,0.0,98,0.1,0.0,2021-07,112.88420859807722,-8.884208598077223,8.884208598077223,78.92916241414925,False,172.0,False,False
2021-07-08 03:00:00,20210708,105,115,3,4,7,0,0,0,0.0,4.0,0,0,False,130,130,0,19519,21,0,0,21.9,0.0,98,0.2,0.0,2021-07,111.45999740707491,-6.459997407074908,6.459997407074908,41.73156649941454,False,172.0,False,False
2021-07-08 04:00:00,20210708,106,109,4,4,7,0,0,0,0.0,4.0,0,0,False,208,208,0,19519,21,0,0,22.1,0.10000000000000142,98,0.4,0.0,2021-07,110.10457719026391,-4.10457719026391,4.10457719026391,16.847553910834776,False,172.0,False,False
2021-07-08 05:00:00,20210708,96,107,5,4,7,0,0,0,0.0,4.0,0,0,False,314,314,0,19519,21,0,0,22.3,0.3000000000000007,98,0.4,0.0,2021-07,103.91117595520011,-7.9111759552001075,7.9111759552001075,62.58670499413633,False,172.0,False,False
2021-07-08 06:00:00,20210708,110,115,6,4,7,0,0,0,0.0,4.0,0,0,False,58,58,0,19519,21,0,0,22.8,0.8000000000000007,98,2.6,0.0,2021-07,115.85793731227356,-5.857937312273563,5.857937312273563,34.315429554526816,False,172.0,False,False
2021-07-08 07:00:00,20210708,133,146,7,4,7,0,0,0,0.0,4.0,0,1,False,436,436,0,19519,21,0,0,23.5,1.5,98,1.4,0.0,2021-07,134.12657570151748,-1.1265757015174813,1.1265757015174813,1.2691728112496052,False,172.0,False,False
2021-07-08 08:00:00,20210708,166,187,8,4,7,0,0,0,0.0,4.0,2,0,False,560,560,0,19519,21,0,0,23.7,1.6999999999999993,98,2.4,0.1,2021-07,172.56980155434744,-6.5698015543474355,6.5698015543474355,43.16229246350598,False,172.0,False,False
2021-07-08 09:00:00,20210708,180,186,9,4,7,0,0,0,0.0,4.0,2,0,False,516,516,0,19519,21,0,0,24.8,2.8000000000000007,97,1.9,0.1,2021-07,170.7679201773867,9.232079822613287,9.232079822613287,85.23129785110338,True,172.0,True,False
2021-07-08 10:00:00,20210708,184,201,10,4,7,0,0,0,0.0,4.0,2,0,False,112,112,0,19519,21,0,0,26.0,4.0,89,2.2,0.1,2021-07,168.6181418042847,15.381858195715296,15.381858195715296,236.6015615530938,True,172.0,True,False
2021-07-08 11:00:00,20210708,190,192,11,4,7,0,0,0,0.0,4.0,2,0,False,562,562,0,19519,21,0,0,26.8,4.800000000000001,84,2.0,0.1,2021-07,159.5574355263967,30.442564473603312,30.442564473603312,926.7497317294946,True,172.0,True,True
2021-07-08 12:00:00,20210708,120,131,12,4,7,0,0,0,0.0,4.0,1,1,False,0,0,1,19519,21,0,0,25.5,3.5,89,1.9,0.1,2021-07,108.90575140893891,11.094248591061088,11.094248591061088,123.08235180026095,True,172.0,False,False
2021-07-08 13:00:00,20210708,186,201,13,4,7,0,0,0,0.0,4.0,2,0,False,2140,800,0,19519,21,0,0,24.1,2.1000000000000014,95,2.9,0.7,2021-07,173.31246272275345,12.687537277246548,12.687537277246548,160.97360216152074,True,172.0,True,False
2021-07-08 14:00:00,20210708,184,200,14,4,7,0,0,0,0.0,4.0,2,0,False,1434,800,0,19519,21,0,0,23.4,1.3999999999999986,98,2.3,0.9,2021-07,169.8425725458982,14.157427454101793,14.157427454101793,200.43275211815518,True,172.0,True,False
2021-07-08 15:00:00,20210708,161,184,15,4,7,0,0,0,0.0,4.0,2,0,False,350,350,0,19519,21,0,0,24.6,2.6000000000000014,93,1.7,0.9,2021-07,164.49679851077653,-3.4967985107765287,3.4967985107765287,12.22759982496895,False,172.0,False,False
2021-07-08 16:00:00,20210708,174,186,16,4,7,0,0,0,0.0,4.0,2,0,False,2282,800,0,19519,21,0,0,24.6,2.6000000000000014,89,1.3,0.9,2021-07,164.10005079707543,9.899949202924574,9.899949202924574,98.00899422048691,True,172.0,True,False
2021-07-08 17:00:00,20210708,128,155,17,4,7,0,0,0,0.0,4.0,2,1,False,86,86,0,19519,21,0,0,23.2,1.1999999999999993,97,0.9,2.7,2021-07,130.85487961363557,-2.8548796136355747,2.8548796136355747,8.15033760835201,False,172.0,False,False
2021-07-08 18:00:00,20210708,147,155,18,4,7,0,0,0,0.0,4.0,2,0,False,3577,800,0,19519,21,0,0,22.7,0.6999999999999993,98,1.2,6.0,2021-07,155.05031318050615,-8.050313180506151,8.050313180506151,64.80754230423106,False,172.0,False,False
2021-07-08 19:00:00,20210708,147,153,19,4,7,0,0,0,0.0,4.0,2,0,False,5585,800,0,19519,21,0,0,22.2,0.1999999999999993,98,1.0,16.2,2021-07,152.73997059452776,-5.739970594527762,5.739970594527762,32.94726242604339,False,172.0,False,False
2021-07-08 20:00:00,20210708,130,132,20,4,7,0,0,0,0.0,4.0,0,0,False,26,26,0,19519,21,0,0,22.2,0.1999999999999993,98,0.4,17.2,2021-07,134.44703916211498,-4.447039162114976,4.447039162114976,19.776157309384267,False,172.0,False,False
2021-07-08 21:00:00,20210708,125,128,21,4,7,0,0,0,0.0,4.0,0,0,False,6,6,0,19519,21,0,0,22.0,0.0,98,0.7,17.2,2021-07,127.5129381440903,-2.512938144090299,2.512938144090299,6.314858116023996,False,172.0,False,False
2021-07-08 22:00:00,20210708,111,118,22,4,7,0,0,0,0.0,4.0,0,0,False,0,0,1,19519,21,0,1,21.9,0.0,98,0.6,17.2,2021-07,100.14486568891452,10.855134311085479,10.855134311085479,117.83394091170521,True,172.0,False,False
2021-07-08 23:00:00,20210708,113,119,23,4,7,0,0,0,0.0,4.0,0,0,False,0,0,1,19519,21,0,1,21.9,0.0,98,0.4,17.2,2021-07,90.73528429070963,22.26471570929037,22.26471570929037,495.71756561552144,True,172.0,False,True
2021-07-09 00:00:00,20210709,73,78,0,5,7,0,0,0,0.0,5.0,0,0,False,0,0,1,16527,18,1,0,22.0,0.0,98,0.6,0.0,2021-07,64.16555426476596,8.834445735234041,8.834445735234041,78.04743144879494,True,172.0,False,False
2021-07-09 01:00:00,20210709,102,105,1,5,7,0,0,0,0.0,5.0,0,0,False,37,37,0,16527,18,0,0,22.1,0.10000000000000142,98,0.7,0.0,2021-07,107.83019593306187,-5.830195933061873,5.830195933061873,33.9911846178912,False,172.0,False,False
2021-07-09 02:00:00,20210709,110,114,2,5,7,0,0,0,0.0,5.0,0,0,False,12,12,0,16527,18,0,0,21.9,0.0,98,0.4,1.8,2021-07,111.14044181696988,-1.140441816969883,1.140441816969883,1.300607537893568,False,172.0,False,False
2021-07-09 03:00:00,20210709,99,109,3,5,7,0,0,0,0.0,5.0,0,0,False,0,0,1,16527,18,0,0,21.9,0.0,98,0.4,2.5,2021-07,102.13965819783577,-3.1396581978357716,3.1396581978357716,9.857453599237365,False,172.0,False,False
2021-07-09 04:00:00,20210709,104,106,4,5,7,0,0,0,0.0,5.0,0,0,False,32,32,0,16527,18,0,0,21.9,0.0,98,0.7,2.6,2021-07,101.21425278287272,2.7857472171272804,2.7857472171272804,7.760387557732387,True,172.0,False,False
2021-07-09 05:00:00,20210709,98,105,5,5,7,0,0,0,0.0,5.0,0,0,False,0,0,1,16527,18,0,0,22.0,0.0,98,0.8,2.9,2021-07,98.55095950758755,-0.5509595075875495,0.5509595075875495,0.30355637900111504,False,172.0,False,False
2021-07-09 06:00:00,20210709,113,125,6,5,7,0,0,0,0.0,5.0,0,0,False,0,0,1,16527,18,0,0,22.2,0.1999999999999993,98,0.5,3.2,2021-07,100.7811110562428,12.218888943757193,12.218888943757193,149.30124701987177,True,172.0,False,False
2021-07-09 07:00:00,20210709,137,156,7,5,7,0,0,0,0.0,5.0,0,1,False,536,536,0,16527,18,0,0,22.3,0.3000000000000007,98,1.1,3.3,2021-07,131.77177129028942,5.228228709710578,5.228228709710578,27.334375441041935,True,172.0,False,False
2021-07-09 08:00:00,20210709,174,188,8,5,7,0,0,0,0.0,5.0,2,0,False,564,564,0,16527,18,0,0,22.7,0.6999999999999993,98,0.7,3.3,2021-07,166.54182615730636,7.45817384269364,7.45817384269364,55.62435706783961,True,172.0,True,False
2021-07-09 09:00:00,20210709,166,168,9,5,7,0,0,0,0.0,5.0,2,0,False,565,565,0,16527,18,0,0,22.7,0.6999999999999993,98,1.1,3.3,2021-07,167.34778514206997,-1.3477851420699665,1.3477851420699665,1.8165247891845597,False,172.0,False,False
2021-07-09 10:00:00,20210709,164,176,10,5,7,0,0,0,0.0,5.0,2,0,False,1753,800,0,16527,18,0,0,23.3,1.3000000000000007,98,1.1,3.3,2021-07,170.25238701913997,-6.252387019139974,6.252387019139974,39.092343437110046,False,172.0,False,False
2021-07-09 11:00:00,20210709,171,176,11,5,7,0,0,0,0.0,5.0,2,0,False,1082,800,0,16527,18,0,0,24.7,2.6999999999999993,96,0.1,3.3,2021-07,157.52911834764436,13.470881652355644,13.470881652355644,181.46465249177191,True,172.0,False,False
2021-07-09 12:00:00,20210709,100,112,12,5,7,0,0,0,0.0,5.0,1,1,False,0,0,1,16527,18,0,0,24.7,2.6999999999999993,95,0.9,4.4,2021-07,101.91751519229207,-1.917515192292072,1.917515192292072,3.6768645126709014,False,172.0,False,False
2021-07-09 13:00:00,20210709,174,186,13,5,7,0,0,0,0.0,5.0,2,0,False,1119,800,0,16527,18,0,0,24.0,2.0,96,1.4,4.4,2021-07,171.48478279332338,2.515217206676624,2.515217206676624,6.326317596762159,True,172.0,True,False
2021-07-09 14:00:00,20210709,181,192,14,5,7,0,0,0,0.0,5.0,2,0,False,2229,800,0,16527,18,0,0,22.6,0.6000000000000014,98,2.0,4.4,2021-07,169.09515968342814,11.904840316571864,11.904840316571864,141.72522296307488,True,172.0,True,False
2021-07-09 15:00:00,20210709,167,188,15,5,7,0,0,0,0.0,5.0,2,0,False,774,774,0,16527,18,0,0,22.7,0.6999999999999993,98,1.4,4.8,2021-07,155.24415293487786,11.75584706512214,11.75584706512214,138.19994021854083,True,172.0,False,False
2021-07-09 16:00:00,20210709,171,176,16,5,7,0,0,0,0.0,5.0,2,0,False,1881,800,0,16527,18,0,0,22.9,0.8999999999999986,98,1.2,4.8,2021-07,161.78702196341786,9.212978036582143,9.212978036582143,84.87896430254496,True,172.0,False,False
2021-07-09 17:00:00,20210709,143,165,17,5,7,0,0,0,0.0,5.0,2,1,False,955,800,0,16527,18,0,0,23.2,1.1999999999999993,98,0.5,4.8,2021-07,145.7016665608566,-2.7016665608566086,2.7016665608566086,7.299002206050775,False,172.0,False,False
2021-07-09 18:00:00,20210709,170,174,18,5,7,0,0,0,0.0,5.0,2,0,False,1186,800,0,16527,18,0,0,23.0,1.0,98,1.2,4.8,2021-07,153.8182225233162,16.181777476683806,16.181777476683806,261.84992230491133,True,172.0,False,False
2021-07-09 19:00:00,20210709,134,140,19,5,7,0,0,0,0.0,5.0,2,0,False,3718,800,0,16527,18,0,0,23.0,1.0,98,0.3,4.8,2021-07,133.69182899614376,0.30817100385624485,0.30817100385624485,0.09496936761776568,True,172.0,False,False
2021-07-09 20:00:00,20210709,104,111,20,5,7,0,0,0,0.0,5.0,0,0,False,36,36,0,16527,18,0,0,22.9,0.8999999999999986,98,0.3,4.8,2021-07,119.99667910645864,-15.996679106458643,15.996679106458643,255.8937424350105,False,172.0,False,False
2021-07-09 21:00:00,20210709,103,109,21,5,7,0,0,0,0.0,5.0,0,0,False,3,3,0,16527,18,0,0,22.9,0.8999999999999986,98,1.0,4.8,2021-07,114.28806021016105,-11.28806021016105,11.28806021016105,127.42030330822111,False,172.0,False,False
2021-07-09 22:00:00,20210709,102,111,22,5,7,0,0,0,0.0,5.0,0,0,False,45,45,0,16527,18,0,0,22.9,0.8999999999999986,98,0.7,4.8,2021-07,107.7799279102834,-5.779927910283405,5.779927910283405,33.407566648073086,False,172.0,False,False
2021-07-09 23:00:00,20210709,96,106,23,5,7,0,0,0,0.0,5.0,0,0,False,0,0,1,16527,18,0,1,22.7,0.6999999999999993,98,0.7,4.8,2021-07,93.27414486039306,2.725855139606935,2.725855139606935,7.430286242121543,True,172.0,False,False
2021-07-10 00:00:00,20210710,65,70,0,6,7,1,0,0,0.0,6.0,0,0,False,0,0,1,487,5,1,0,22.3,0.3000000000000007,98,0.3,0.0,2021-07,58.4705704035837,6.5294295964163,6.5294295964163,42.633450854557125,True,172.0,False,False
2021-07-10 01:00:00,20210710,97,102,1,6,7,1,0,0,0.0,6.0,0,0,False,6,6,0,487,5,0,0,22.1,0.10000000000000142,98,0.7,0.0,2021-07,100.35730531612411,-3.357305316124112,3.357305316124112,11.271498985675224,False,172.0,False,False
2021-07-10 02:00:00,20210710,97,100,2,6,7,1,0,0,0.0,6.0,0,0,False,41,41,0,487,5,0,0,22.5,0.5,98,1.4,0.0,2021-07,98.26079581393532,-1.2607958139353173,1.2607958139353173,1.5896060844368192,False,172.0,False,False
2021-07-10 03:00:00,20210710,97,106,3,6,7,1,0,0,0.0,6.0,0,0,False,0,0,1,487,5,0,0,22.2,0.1999999999999993,98,1.2,0.0,2021-07,103.55952495710807,-6.559524957108067,6.559524957108067,43.02736766292359,False,172.0,False,False
2021-07-10 04:00:00,20210710,100,106,4,6,7,1,0,0,0.0,6.0,0,0,False,30,30,0,487,5,0,0,22.0,0.0,98,0.6,0.0,2021-07,87.24391541338474,12.756084586615259,12.756084586615259,162.71769398088338,True,172.0,False,False
2021-07-10 05:00:00,20210710,83,97,5,6,7,1,0,0,0.0,6.0,0,0,False,0,0,1,487,5,0,0,21.8,0.0,98,1.1,0.0,2021-07,94.55401111632558,-11.554011116325583,11.554011116325583,133.49517287617513,False,172.0,False,False
2021-07-10 06:00:00,20210710,101,104,6,6,7,1,0,0,0.0,6.0,0,0,False,120,120,0,487,5,0,0,22.4,0.3999999999999986,98,1.2,0.0,2021-07,102.18702509963244,-1.1870250996324359,1.1870250996324359,1.4090285871573942,False,172.0,False,False
2021-07-10 07:00:00,20210710,75,105,7,6,7,1,0,0,0.0,6.0,0,1,False,290,290,0,487,5,0,0,24.4,2.3999999999999986,98,0.7,0.0,2021-07,65.92214366283675,9.077856337163254,9.077856337163254,82.40747567817506,True,172.0,False,False
2021-07-10 08:00:00,20210710,26,27,8,6,7,1,0,0,0.0,6.0,2,0,False,0,0,1,487,5,0,1,26.3,4.300000000000001,93,0.8,0.0,2021-07,30.739282433314866,-4.739282433314866,4.739282433314866,22.460797982726877,False,172.0,False,False
2021-07-10 09:00:00,20210710,27,27,9,6,7,1,0,0,0.0,6.0,2,0,False,0,0,1,487,5,0,1,27.1,5.100000000000001,86,1.6,0.0,2021-07,22.851581088614818,4.148418911385182,4.148418911385182,17.20937946433822,True,172.0,False,False
2021-07-10 10:00:00,20210710,30,32,10,6,7,1,0,0,0.0,6.0,2,0,False,0,0,1,487,5,0,1,27.9,5.899999999999999,80,1.5,0.0,2021-07,23.746625417049984,6.253374582950016,6.253374582950016,39.10469367468529,True,172.0,False,False
2021-07-10 11:00:00,20210710,29,31,11,6,7,1,0,0,0.0,6.0,2,0,False,0,0,1,487,5,0,1,28.4,6.399999999999999,75,1.3,0.0,2021-07,23.337591649754838,5.662408350245162,5.662408350245162,32.062868324926136,True,172.0,False,False
2021-07-10 12:00:00,20210710,26,26,12,6,7,1,0,0,0.0,6.0,1,1,False,0,0,1,487,5,0,1,29.5,7.5,66,3.6,0.0,2021-07,23.10814680390079,2.891853196099209,2.891853196099209,8.362814907789211,True,172.0,False,False
2021-07-10 13:00:00,20210710,25,28,13,6,7,1,0,0,0.0,6.0,2,0,False,0,0,1,487,5,0,1,30.0,8.0,65,3.6,0.0,2021-07,23.172567330746777,1.8274326692532235,1.8274326692532235,3.339510160653961,True,172.0,False,False
2021-07-10 14:00:00,20210710,23,23,14,6,7,1,0,0,0.0,6.0,2,0,False,0,0,1,487,5,0,1,29.6,7.600000000000001,65,3.8,0.0,2021-07,22.931781110651958,0.06821888934804221,0.06821888934804221,0.004653816863880427,True,172.0,False,False
2021-07-10 15:00:00,20210710,24,25,15,6,7,1,0,0,0.0,6.0,2,0,False,0,0,1,487,5,0,1,28.8,6.800000000000001,69,4.5,0.0,2021-07,21.631711519834955,2.3682884801650452,2.3682884801650452,5.60879032528246,True,172.0,False,False
2021-07-10 16:00:00,20210710,24,27,16,6,7,1,0,0,0.0,6.0,2,0,False,0,0,1,487,5,0,1,28.9,6.899999999999999,71,3.3,0.0,2021-07,21.99840707764011,2.0015929223598903,2.0015929223598903,4.0063742268412055,True,172.0,False,False
2021-07-10 17:00:00,20210710,23,23,17,6,7,1,0,0,0.0,6.0,2,1,False,0,0,1,487,5,0,1,28.4,6.399999999999999,71,3.2,0.0,2021-07,23.543396678427044,-0.5433966784270439,0.5433966784270439,0.29527995012554414,False,172.0,False,False
2021-07-10 18:00:00,20210710,22,22,18,6,7,1,0,0,0.0,6.0,2,0,False,0,0,1,487,5,0,1,27.6,5.600000000000001,74,1.2,0.0,2021-07,22.823509731503155,-0.8235097315031545,0.8235097315031545,0.6781682778803977,False,172.0,False,False
2021-07-10 19:00:00,20210710,24,26,19,6,7,1,0,0,0.0,6.0,2,0,False,0,0,1,487,5,0,1,25.7,3.6999999999999993,72,3.3,0.0,2021-07,23.681559137247607,0.3184408627523929,0.3184408627523929,0.10140458307048834,True,172.0,False,False
2021-07-10 20:00:00,20210710,22,23,20,6,7,1,0,0,0.0,6.0,0,0,False,0,0,1,487,5,0,1,21.6,0.0,95,1.4,0.2,2021-07,23.745327741502418,-1.7453277415024182,1.7453277415024182,3.046168925257932,False,172.0,False,False
2021-07-10 21:00:00,20210710,22,23,21,6,7,1,0,0,0.0,6.0,0,0,False,0,0,1,487,5,0,1,21.5,0.0,98,0.0,0.2,2021-07,23.645920397893757,-1.6459203978937573,1.6459203978937573,2.7090539562027445,False,172.0,False,False
2021-07-10 22:00:00,20210710,25,26,22,6,7,1,0,0,0.0,6.0,0,0,False,0,0,1,487,5,0,1,21.6,0.0,98,1.6,0.2,2021-07,23.75388539748505,1.2461146025149503,1.2461146025149503,1.5528016026009925,True,172.0,False,False
2021-07-10 23:00:00,20210710,22,23,23,6,7,1,0,0,0.0,6.0,0,0,False,0,0,1,487,5,0,1,21.5,0.0,98,0.6,0.2,2021-07,24.220623746437514,-2.2206237464375143,2.2206237464375143,4.931169823242182,False,172.0,False,False
2021-07-11 00:00:00,20210711,23,23,0,7,7,1,0,0,0.0,7.0,0,0,True,0,0,1,0,0,0,0,21.9,0.0,98,0.3,0.0,2021-07,23.552233566911664,-0.5522335669116636,0.5522335669116636,0.3049619124239788,False,172.0,False,False
2021-07-11 01:00:00,20210711,26,27,1,7,7,1,0,0,0.0,7.0,0,0,True,0,0,1,0,0,0,0,21.6,0.0,98,1.1,0.0,2021-07,23.24751372960931,2.7524862703906905,2.7524862703906905,7.576180668689253,True,172.0,False,False
2021-07-11 02:00:00,20210711,23,23,2,7,7,1,0,0,0.0,7.0,0,0,True,0,0,1,0,0,0,0,21.8,0.0,98,0.1,0.0,2021-07,23.302997922590237,-0.3029979225902366,0.3029979225902366,0.09180774109399902,False,172.0,False,False
2021-07-11 03:00:00,20210711,23,24,3,7,7,1,0,0,0.0,7.0,0,0,True,0,0,1,0,0,0,0,21.8,0.0,98,0.9,0.0,2021-07,23.42509413816332,-0.4250941381633204,0.4250941381633204,0.18070502630081614,False,172.0,False,False
2021-07-11 04:00:00,20210711,23,24,4,7,7,1,0,0,0.0,7.0,0,0,True,0,0,1,0,0,0,0,22.2,0.1999999999999993,98,1.3,0.0,2021-07,23.775717998088258,-0.7757179980882576,0.7757179980882576,0.601738412558054,False,172.0,False,False
2021-07-11 05:00:00,20210711,24,27,5,7,7,1,0,0,0.0,7.0,0,0,True,0,0,1,0,0,0,0,21.8,0.0,98,0.2,0.0,2021-07,23.14891652528848,0.851083474711519,0.851083474711519,0.7243430809270328,True,172.0,False,False
2021-07-11 06:00:00,20210711,22,22,6,7,7,1,0,0,0.0,7.0,0,0,True,0,0,1,0,0,0,0,23.6,1.6000000000000014,98,0.0,0.0,2021-07,23.48424235470902,-1.4842423547090213,1.4842423547090213,2.20297536751218,False,172.0,False,False
2021-07-11 07:00:00,20210711,22,22,7,7,7,1,0,0,0.0,7.0,0,1,True,0,0,1,0,0,0,0,25.8,3.8000000000000007,90,0.5,0.0,2021-07,23.310933312337696,-1.3109333123376956,1.3109333123376956,1.7185461493966823,False,172.0,False,False
2021-07-11 08:00:00,20210711,24,27,8,7,7,1,0,0,0.0,7.0,2,0,True,0,0,1,0,0,0,0,27.3,5.300000000000001,79,1.2,0.0,2021-07,23.09153227185817,0.9084677281418294,0.9084677281418294,0.8253136130751769,True,172.0,False,False
2021-07-11 09:00:00,20210711,22,22,9,7,7,1,0,0,0.0,7.0,2,0,True,0,0,1,0,0,0,0,29.0,7.0,68,2.4,0.0,2021-07,23.191767020441734,-1.191767020441734,1.191767020441734,1.4203086310125688,False,172.0,False,False
2021-07-11 10:00:00,20210711,23,23,10,7,7,1,0,0,0.0,7.0,2,0,True,0,0,1,0,0,0,0,30.4,8.399999999999999,68,2.4,0.0,2021-07,23.231138864115604,-0.23113886411560358,0.23113886411560358,0.05342517450465146,False,172.0,False,False
2021-07-11 11:00:00,20210711,25,28,11,7,7,1,0,0,0.0,7.0,2,0,True,0,0,1,0,0,0,0,30.8,8.8,61,3.1,0.0,2021-07,23.621133305579765,1.3788666944202355,1.3788666944202355,1.901273360981387,True,172.0,False,False
2021-07-11 12:00:00,20210711,23,24,12,7,7,1,0,0,0.0,7.0,1,1,True,0,0,1,0,0,0,0,31.2,9.2,57,3.6,0.0,2021-07,23.164629250759884,-0.16462925075988366,0.16462925075988366,0.027102790205760653,False,172.0,False,False
2021-07-11 13:00:00,20210711,24,24,13,7,7,1,0,0,0.0,7.0,2,0,True,0,0,1,0,0,0,0,31.8,9.8,57,3.9,0.0,2021-07,23.5281489731956,0.4718510268044014,0.4718510268044014,0.22264339149636792,True,172.0,False,False
2021-07-11 14:00:00,20210711,26,28,14,7,7,1,0,0,0.0,7.0,2,0,True,0,0,1,0,0,0,0,31.3,9.3,57,3.1,0.0,2021-07,23.45604839977058,2.54395160022942,2.54395160022942,6.471689744309826,True,172.0,False,False
2021-07-11 15:00:00,20210711,24,24,15,7,7,1,0,0,0.0,7.0,2,0,True,0,0,1,0,0,0,0,28.3,6.300000000000001,77,1.5,0.0,2021-07,23.146811131967414,0.8531888680325856,0.8531888680325856,0.7279312445347248,True,172.0,False,False
2021-07-11 16:00:00,20210711,25,26,16,7,7,1,0,0,0.0,7.0,2,0,True,0,0,1,0,0,0,0,28.6,6.600000000000001,80,1.3,0.0,2021-07,23.156126375464055,1.843873624535945,1.843873624535945,3.3998699432593233,True,172.0,False,False
2021-07-11 17:00:00,20210711,24,26,17,7,7,1,0,0,0.0,7.0,2,1,True,0,0,1,0,0,0,0,28.7,6.699999999999999,81,1.1,0.0,2021-07,23.171360760514787,0.8286392394852129,0.8286392394852129,0.686642989214632,True,172.0,False,False
2021-07-11 18:00:00,20210711,23,26,18,7,7,1,0,0,0.0,7.0,2,0,True,0,0,1,0,0,0,0,27.7,5.699999999999999,83,0.8,0.0,2021-07,23.118989439252847,-0.11898943925284655,0.11898943925284655,0.014158486653706859,False,172.0,False,False
2021-07-11 19:00:00,20210711,22,23,19,7,7,1,0,0,0.0,7.0,2,0,True,0,0,1,0,0,0,0,26.6,4.600000000000001,92,0.8,0.0,2021-07,23.23729585931893,-1.2372958593189303,1.2372958593189303,1.5309010434877701,False,172.0,False,False
2021-07-11 20:00:00,20210711,23,23,20,7,7,1,0,0,0.0,7.0,0,0,True,0,0,1,0,0,0,0,26.7,4.699999999999999,94,1.3,0.0,2021-07,23.239440193113143,-0.23944019311314335,0.23944019311314335,0.05733160607805938,False,172.0,False,False
2021-07-11 21:00:00,20210711,25,28,21,7,7,1,0,0,0.0,7.0,0,0,True,0,0,1,0,0,0,0,26.6,4.600000000000001,94,1.0,0.0,2021-07,23.33284901812847,1.6671509818715293,1.6671509818715293,2.7793923963552043,True,172.0,False,False
2021-07-11 22:00:00,20210711,23,24,22,7,7,1,0,0,0.0,7.0,0,0,True,0,0,1,0,0,0,0,25.2,3.1999999999999993,89,1.9,0.0,2021-07,23.52758976143851,-0.5275897614385094,0.5275897614385094,0.27835095637474333,False,172.0,False,False
2021-07-11 23:00:00,20210711,23,23,23,7,7,1,0,0,0.0,7.0,0,0,True,0,0,1,0,0,0,0,24.5,2.5,92,1.1,0.0,2021-07,24.197735863152733,-1.197735863152733,1.197735863152733,1.4345711978822224,False,172.0,False,False
2021-07-12 00:00:00,20210712,25,26,0,1,7,0,0,1,1.0,1.0,0,0,False,0,0,1,17043,16,1,0,23.6,1.6000000000000014,95,1.1,0.0,2021-07,23.799007612119414,1.2009923878805857,1.2009923878805857,1.4423827157471112,True,172.0,False,False
2021-07-12 01:00:00,20210712,23,23,1,1,7,0,0,1,1.0,1.0,0,0,False,0,0,1,17043,16,1,0,23.7,1.6999999999999993,98,1.2,0.0,2021-07,24.876713292225265,-1.876713292225265,1.876713292225265,3.5220527812149927,False,172.0,False,False
2021-07-12 02:00:00,20210712,23,23,2,1,7,0,0,1,1.0,1.0,0,0,False,0,0,1,17043,16,1,0,23.5,1.5,98,1.5,0.0,2021-07,23.694182062431207,-0.6941820624312065,0.6941820624312065,0.4818887358012435,False,172.0,False,False
2021-07-12 03:00:00,20210712,24,27,3,1,7,0,0,1,1.0,1.0,0,0,False,0,0,1,17043,16,1,0,23.5,1.5,98,2.0,0.0,2021-07,24.063603281605413,-0.06360328160541329,0.06360328160541329,0.004045377430977504,False,172.0,False,False
2021-07-12 04:00:00,20210712,22,23,4,1,7,0,0,1,1.0,1.0,0,0,False,0,0,1,17043,16,1,0,23.8,1.8000000000000007,95,1.6,0.0,2021-07,25.328609050602267,-3.3286090506022674,3.3286090506022674,11.079638211751329,False,172.0,False,False
2021-07-12 05:00:00,20210712,23,23,5,1,7,0,0,1,1.0,1.0,0,0,False,0,0,1,17043,16,1,0,23.8,1.8000000000000007,96,1.1,0.0,2021-07,23.200919341642884,-0.2009193416428836,0.2009193416428836,0.04036858184620978,False,172.0,False,False
2021-07-12 06:00:00,20210712,24,25,6,1,7,0,0,1,1.0,1.0,0,0,False,0,0,1,17043,16,1,0,25.9,3.8999999999999986,87,1.1,0.0,2021-07,22.648453215284913,1.3515467847150866,1.3515467847150866,1.8266787112736886,True,172.0,False,False
2021-07-12 07:00:00,20210712,65,123,7,1,7,0,0,1,1.0,1.0,0,1,False,0,0,1,17043,16,1,0,25.5,3.5,91,1.6,0.0,2021-07,59.2848507475238,5.715149252476202,5.715149252476202,32.66293097807929,True,172.0,False,False
2021-07-12 08:00:00,20210712,186,198,8,1,7,0,0,1,1.0,1.0,2,0,False,522,522,0,17043,16,0,0,28.4,6.399999999999999,81,1.3,0.0,2021-07,179.35427043437448,6.6457295656255155,6.6457295656255155,44.1657214594291,True,172.0,True,False
2021-07-12 09:00:00,20210712,191,195,9,1,7,0,0,1,1.0,1.0,2,0,False,498,498,0,17043,16,0,0,30.3,8.3,72,1.1,0.0,2021-07,179.94286700625415,11.057132993745853,11.057132993745853,122.26019004138313,True,172.0,True,False
2021-07-12 10:00:00,20210712,175,186,10,1,7,0,0,1,1.0,1.0,2,0,False,1883,800,0,17043,16,0,0,31.6,9.600000000000001,62,1.9,0.0,2021-07,179.7718195563325,-4.7718195563325025,4.7718195563325025,22.77026187819732,False,172.0,True,False
2021-07-12 11:00:00,20210712,186,188,11,1,7,0,0,1,1.0,1.0,2,0,False,1127,800,0,17043,16,0,0,31.8,9.8,65,2.3,0.0,2021-07,182.14179716209716,3.8582028379028372,3.8582028379028372,14.885729138401507,True,172.0,True,False
2021-07-12 12:00:00,20210712,115,134,12,1,7,0,0,1,1.0,1.0,1,1,False,194,194,0,17043,16,0,0,32.0,10.0,67,2.3,0.0,2021-07,118.62349593485197,-3.6234959348519737,3.6234959348519737,13.12972278988878,False,172.0,False,False
2021-07-12 13:00:00,20210712,167,178,13,1,7,0,0,1,1.0,1.0,2,0,False,676,676,0,17043,16,0,0,31.8,9.8,69,2.2,0.0,2021-07,179.32409918124404,-12.324099181244037,12.324099181244037,151.88342062913995,False,172.0,False,False
2021-07-12 14:00:00,20210712,184,190,14,1,7,0,0,1,1.0,1.0,2,0,False,5121,800,0,17043,16,0,0,31.4,9.399999999999999,67,1.9,0.0,2021-07,178.48369611122575,5.516303888774246,5.516303888774246,30.42960859330587,True,172.0,True,False
2021-07-12 15:00:00,20210712,164,188,15,1,7,0,0,1,1.0,1.0,2,0,False,1018,800,0,17043,16,0,0,30.6,8.600000000000001,70,2.3,0.0,2021-07,175.38434065465992,-11.384340654659923,11.384340654659923,129.6032121413427,False,172.0,False,False
2021-07-12 16:00:00,20210712,174,177,16,1,7,0,0,1,1.0,1.0,2,0,False,1233,800,0,17043,16,0,0,29.6,7.600000000000001,70,1.4,0.0,2021-07,174.2916285700234,-0.2916285700233914,0.2916285700233914,0.08504722285388809,False,172.0,True,False
2021-07-12 17:00:00,20210712,138,173,17,1,7,0,0,1,1.0,1.0,2,1,False,509,509,0,17043,16,0,0,29.7,7.699999999999999,71,1.0,0.0,2021-07,146.24312146302452,-8.243121463024522,8.243121463024522,67.94905145417555,False,172.0,False,False
2021-07-12 18:00:00,20210712,157,164,18,1,7,0,0,1,1.0,1.0,2,0,False,1047,800,0,17043,16,0,0,28.0,6.0,82,1.1,0.0,2021-07,171.49298808758832,-14.492988087588316,14.492988087588316,210.0467037069768,False,172.0,False,False
2021-07-12 19:00:00,20210712,157,175,19,1,7,0,0,1,1.0,1.0,2,0,False,2885,800,0,17043,16,0,0,27.0,5.0,88,0.5,0.0,2021-07,153.80320190247218,3.196798097527818,3.196798097527818,10.219518076357478,True,172.0,False,False
2021-07-12 20:00:00,20210712,125,136,20,1,7,0,0,1,1.0,1.0,0,0,False,6,6,0,17043,16,0,0,27.0,5.0,90,2.0,0.0,2021-07,123.12726148251282,1.8727385174871785,1.8727385174871785,3.507149554880075,True,172.0,False,False
2021-07-12 21:00:00,20210712,120,133,21,1,7,0,0,1,1.0,1.0,0,0,False,217,217,0,17043,16,0,0,26.3,4.300000000000001,93,2.0,0.0,2021-07,121.95519015549722,-1.9551901554972204,1.9551901554972204,3.822768544153245,False,172.0,False,False
2021-07-12 22:00:00,20210712,116,125,22,1,7,0,0,1,1.0,1.0,0,0,False,28,28,0,17043,16,0,0,25.8,3.8000000000000007,94,0.7,0.0,2021-07,114.3881403833272,1.6118596166728025,1.6118596166728025,2.598091423860594,True,172.0,False,False
2021-07-12 23:00:00,20210712,103,115,23,1,7,0,0,1,1.0,1.0,0,0,False,79,79,0,17043,16,0,0,25.3,3.3000000000000007,97,1.7,0.0,2021-07,109.43810760669442,-6.438107606694416,6.438107606694416,41.449229555376505,False,172.0,False,False
2021-07-14 00:00:00,20210714,73,75,0,3,7,0,0,0,0.0,3.0,0,0,False,327,327,0,17253,23,0,0,26.3,4.300000000000001,88,2.0,0.0,2021-07,80.62777862964386,-7.627778629643856,7.627778629643856,58.18300682285151,False,172.0,False,False
2021-07-14 01:00:00,20210714,102,112,1,3,7,0,0,0,0.0,3.0,0,0,False,166,166,0,17253,23,0,0,26.1,4.100000000000001,87,1.9,0.0,2021-07,109.25024144999624,-7.250241449996238,7.250241449996238,52.566001083243556,False,172.0,False,False
2021-07-14 02:00:00,20210714,105,109,2,3,7,0,0,0,0.0,3.0,0,0,False,354,354,0,17253,23,0,0,25.7,3.6999999999999993,88,1.3,0.0,2021-07,111.22622608083513,-6.226226080835133,6.226226080835133,38.765891209671615,False,172.0,False,False
2021-07-14 03:00:00,20210714,102,114,3,3,7,0,0,0,0.0,3.0,0,0,False,111,111,0,17253,23,0,0,25.6,3.6000000000000014,88,2.1,0.0,2021-07,112.6733614054014,-10.673361405401394,10.673361405401394,113.92064369031202,False,172.0,False,False
2021-07-14 04:00:00,20210714,105,107,4,3,7,0,0,0,0.0,3.0,0,0,False,66,66,0,17253,23,0,0,24.3,2.3000000000000007,95,0.4,0.0,2021-07,108.30119221180735,-3.301192211807347,3.301192211807347,10.897870019297484,False,172.0,False,False
2021-07-14 05:00:00,20210714,89,115,5,3,7,0,0,0,0.0,3.0,0,0,False,0,0,1,17253,23,0,0,25.3,3.3000000000000007,97,0.3,0.0,2021-07,101.0371215877221,-12.037121587722098,12.037121587722098,144.89229611760535,False,172.0,False,False
2021-07-14 06:00:00,20210714,106,112,6,3,7,0,0,0,0.0,3.0,0,0,False,45,45,0,17253,23,0,0,27.4,5.399999999999999,88,0.8,0.0,2021-07,107.92307630794353,-1.923076307943532,1.923076307943532,3.6982224861737265,False,172.0,False,False
2021-07-14 07:00:00,20210714,132,154,7,3,7,0,0,0,0.0,3.0,0,1,False,582,582,0,17253,23,0,0,28.9,6.899999999999999,76,0.5,0.0,2021-07,131.5057048257673,0.49429517423268976,0.49429517423268976,0.24432771926972513,True,172.0,False,False
2021-07-14 08:00:00,20210714,179,186,8,3,7,0,0,0,0.0,3.0,2,0,False,530,530,0,17253,23,0,0,29.4,7.399999999999999,73,1.5,0.0,2021-07,172.65451154627956,6.345488453720435,6.345488453720435,40.26522371629936,True,172.0,True,False
2021-07-14 09:00:00,20210714,185,195,9,3,7,0,0,0,0.0,3.0,2,0,False,1304,800,0,17253,23,0,0,30.2,8.2,67,1.8,0.0,2021-07,172.20574396582774,12.794256034172264,12.794256034172264,163.6929874679534,True,172.0,True,False
2021-07-14 10:00:00,20210714,175,185,10,3,7,0,0,0,0.0,3.0,2,0,False,1851,800,0,17253,23,0,0,30.4,8.399999999999999,75,2.2,0.0,2021-07,170.81674669900744,4.183253300992561,4.183253300992561,17.49960818026516,True,172.0,True,False
2021-07-14 11:00:00,20210714,185,193,11,3,7,0,0,0,0.0,3.0,2,0,False,1796,800,0,17253,23,0,0,30.4,8.399999999999999,74,1.9,0.0,2021-07,170.95920426024176,14.040795739758238,14.040795739758238,197.1439450056131,True,172.0,True,False
2021-07-14 12:00:00,20210714,99,110,12,3,7,0,0,0,0.0,3.0,1,1,False,88,88,0,17253,23,0,0,31.5,9.5,74,1.9,0.0,2021-07,111.70265667002775,-12.70265667002775,12.70265667002775,161.35748647660049,False,172.0,False,False
2021-07-14 13:00:00,20210714,166,179,13,3,7,0,0,0,0.0,3.0,2,0,False,1564,800,0,17253,23,0,0,31.4,9.399999999999999,71,2.6,0.0,2021-07,171.35589053244374,-5.355890532443738,5.355890532443738,28.685563395520465,False,172.0,False,False
2021-07-14 14:00:00,20210714,178,186,14,3,7,0,0,0,0.0,3.0,2,0,False,1154,800,0,17253,23,0,0,32.1,10.100000000000001,71,2.0,0.0,2021-07,168.8014837727021,9.198516227297887,9.198516227297887,84.61270078386255,True,172.0,True,False
2021-07-14 15:00:00,20210714,134,141,15,3,7,0,0,0,0.0,3.0,2,0,False,587,587,0,17253,23,0,0,30.9,8.899999999999999,74,2.0,0.0,2021-07,161.61010610750165,-27.61010610750165,27.61010610750165,762.3179592675,False,172.0,False,True
2021-07-14 16:00:00,20210714,154,156,16,3,7,0,0,0,0.0,3.0,2,0,False,1732,800,0,17253,23,0,0,30.3,8.3,76,2.5,0.0,2021-07,164.00337540127532,-10.00337540127532,10.00337540127532,100.06751941884018,False,172.0,False,False
2021-07-14 17:00:00,20210714,140,179,17,3,7,0,0,0,0.0,3.0,2,1,False,2473,800,0,17253,23,0,0,29.6,7.600000000000001,77,1.3,0.0,2021-07,144.71436089899407,-4.714360898994073,4.714360898994073,22.225198685964205,False,172.0,False,False
2021-07-14 18:00:00,20210714,165,169,18,3,7,0,0,0,0.0,3.0,2,0,False,283,283,0,17253,23,0,0,28.2,6.199999999999999,84,0.6,0.0,2021-07,158.84558740878995,6.154412591210047,6.154412591210047,37.87679434284476,True,172.0,False,False
2021-07-14 19:00:00,20210714,138,148,19,3,7,0,0,0,0.0,3.0,2,0,False,1793,800,0,17253,23,0,0,27.6,5.600000000000001,88,0.3,0.0,2021-07,156.56469585105228,-18.564695851052278,18.564695851052278,344.6479320420777,False,172.0,False,True
2021-07-14 20:00:00,20210714,112,120,20,3,7,0,0,0,0.0,3.0,0,0,False,268,268,0,17253,23,0,0,27.8,5.800000000000001,90,1.2,0.0,2021-07,120.1474291606941,-8.147429160694102,8.147429160694102,66.3806019285286,False,172.0,False,False
2021-07-14 21:00:00,20210714,112,113,21,3,7,0,0,0,0.0,3.0,0,0,False,58,58,0,17253,23,0,0,27.2,5.199999999999999,91,1.3,0.0,2021-07,119.29052559868255,-7.2905255986825495,7.2905255986825495,53.151763505045544,False,172.0,False,False
2021-07-14 22:00:00,20210714,110,115,22,3,7,0,0,0,0.0,3.0,0,0,False,51,51,0,17253,23,0,0,27.1,5.100000000000001,89,2.3,0.0,2021-07,111.43804750733277,-1.4380475073327688,1.4380475073327688,2.06798063334599,False,172.0,False,False
2021-07-14 23:00:00,20210714,104,112,23,3,7,0,0,0,0.0,3.0,0,0,False,70,70,0,17253,23,0,0,26.3,4.300000000000001,93,0.9,0.0,2021-07,108.14063211670539,-4.14063211670539,4.14063211670539,17.144834325892162,False,172.0,False,False
2021-07-16 00:00:00,20210716,65,67,0,5,7,0,0,0,0.0,5.0,0,0,False,36,36,0,24412,24,0,0,23.9,1.8999999999999986,98,1.5,0.0,2021-07,74.41844964413814,-9.418449644138136,9.418449644138136,88.70719369916577,False,172.0,False,False
2021-07-16 01:00:00,20210716,96,100,1,5,7,0,0,0,0.0,5.0,0,0,False,74,74,0,24412,24,0,0,24.4,2.3999999999999986,97,1.1,0.0,2021-07,108.15500235113866,-12.155002351138663,12.155002351138663,147.7440821561864,False,172.0,False,False
2021-07-16 02:00:00,20210716,101,103,2,5,7,0,0,0,0.0,5.0,0,0,False,37,37,0,24412,24,0,0,23.8,1.8000000000000007,98,0.3,0.0,2021-07,112.64092644816598,-11.640926448165985,11.640926448165985,135.51116857161034,False,172.0,False,False
2021-07-16 03:00:00,20210716,107,114,3,5,7,0,0,0,0.0,5.0,0,0,False,175,175,0,24412,24,0,0,23.4,1.3999999999999986,98,1.1,0.0,2021-07,107.84271173015338,-0.8427117301533826,0.8427117301533826,0.7101630601381076,False,172.0,False,False
2021-07-16 04:00:00,20210716,106,109,4,5,7,0,0,0,0.0,5.0,0,0,False,211,211,0,24412,24,0,0,23.1,1.1000000000000014,98,0.4,0.0,2021-07,107.87317209028477,-1.8731720902847684,1.8731720902847684,3.5087736798218083,False,172.0,False,False
2021-07-16 05:00:00,20210716,88,107,5,5,7,0,0,0,0.0,5.0,0,0,False,92,92,0,24412,24,0,0,23.3,1.3000000000000007,98,1.4,0.0,2021-07,104.04171262253135,-16.04171262253135,16.04171262253135,257.3365438638816,False,172.0,False,False
2021-07-16 06:00:00,20210716,106,109,6,5,7,0,0,0,0.0,5.0,0,0,False,304,304,0,24412,24,0,0,24.9,2.8999999999999986,97,1.1,0.0,2021-07,115.75398181883514,-9.753981818835143,9.753981818835143,95.14016132216653,False,172.0,False,False
2021-07-16 07:00:00,20210716,135,157,7,5,7,0,0,0,0.0,5.0,0,1,False,563,563,0,24412,24,0,0,27.0,5.0,87,0.9,0.0,2021-07,134.3982657197444,0.6017342802556129,0.6017342802556129,0.36208414403474054,True,172.0,False,False
2021-07-16 08:00:00,20210716,187,194,8,5,7,0,0,0,0.0,5.0,2,0,False,555,555,0,24412,24,0,0,27.5,5.5,82,1.4,0.0,2021-07,168.41633361203967,18.583666387960335,18.583666387960335,345.35265641900673,True,172.0,True,True
2021-07-16 09:00:00,20210716,185,190,9,5,7,0,0,0,0.0,5.0,2,0,False,1863,800,0,24412,24,0,0,28.4,6.399999999999999,76,3.3,0.0,2021-07,169.36624574920342,15.633754250796585,15.633754250796585,244.41427197430028,True,172.0,True,False
2021-07-16 10:00:00,20210716,169,187,10,5,7,0,0,0,0.0,5.0,2,0,False,4118,800,0,24412,24,0,0,29.0,7.0,76,3.3,0.0,2021-07,166.14632605286155,2.8536739471384465,2.8536739471384465,8.143454996576722,True,172.0,False,False
2021-07-16 11:00:00,20210716,188,197,11,5,7,0,0,0,0.0,5.0,2,0,False,1964,800,0,24412,24,0,0,28.3,6.300000000000001,74,3.5,0.0,2021-07,170.68961807495586,17.31038192504414,17.31038192504414,299.6493223908949,True,172.0,True,False
2021-07-16 12:00:00,20210716,116,128,12,5,7,0,0,0,0.0,5.0,1,1,False,248,248,0,24412,24,0,0,29.0,7.0,72,3.0,0.0,2021-07,107.8978240367947,8.102175963205298,8.102175963205298,65.64525533874169,True,172.0,False,False
2021-07-16 13:00:00,20210716,172,181,13,5,7,0,0,0,0.0,5.0,2,0,False,2135,800,0,24412,24,0,0,28.5,6.5,76,3.6,0.0,2021-07,168.82202348190265,3.1779765180973527,3.1779765180973527,10.099534749578174,True,172.0,True,False
2021-07-16 14:00:00,20210716,166,181,14,5,7,0,0,0,0.0,5.0,2,0,False,2010,800,0,24412,24,0,0,28.3,6.300000000000001,77,3.3,0.0,2021-07,168.22701712261804,-2.2270171226180366,2.2270171226180366,4.959605264433919,False,172.0,False,False
2021-07-16 15:00:00,20210716,158,189,15,5,7,0,0,0,0.0,5.0,2,0,False,1731,800,0,24412,24,0,0,27.4,5.399999999999999,79,2.6,0.0,2021-07,161.34321898238312,-3.343218982383121,3.343218982383121,11.17711316416683,False,172.0,False,False
2021-07-16 16:00:00,20210716,165,178,16,5,7,0,0,0,0.0,5.0,2,0,False,2823,800,0,24412,24,0,0,27.0,5.0,80,2.2,0.0,2021-07,162.53613343672467,2.4638665632753316,2.4638665632753316,6.070638441626194,True,172.0,False,False
2021-07-16 17:00:00,20210716,138,176,17,5,7,0,0,0,0.0,5.0,2,1,False,2670,800,0,24412,24,0,0,26.9,4.899999999999999,82,1.0,0.0,2021-07,146.2337863182773,-8.23378631827731,8.23378631827731,67.79523713505063,False,172.0,False,False
2021-07-16 18:00:00,20210716,158,168,18,5,7,0,0,0,0.0,5.0,2,0,False,1066,800,0,24412,24,0,0,26.0,4.0,87,2.6,0.0,2021-07,157.95385082548066,0.04614917451934275,0.04614917451934275,0.0021297463088167544,True,172.0,False,False
2021-07-16 19:00:00,20210716,136,146,19,5,7,0,0,0,0.0,5.0,2,0,False,1287,800,0,24412,24,0,0,25.4,3.3999999999999986,88,1.3,0.0,2021-07,136.9848699820653,-0.9848699820653053,0.9848699820653053,0.9699688815733147,False,172.0,False,False
2021-07-16 20:00:00,20210716,114,123,20,5,7,0,0,0,0.0,5.0,0,0,False,16,16,0,24412,24,0,0,25.1,3.1000000000000014,90,1.5,0.0,2021-07,113.59146665450682,0.40853334549318276,0.40853334549318276,0.16689949437985224,True,172.0,False,False
2021-07-16 21:00:00,20210716,114,120,21,5,7,0,0,0,0.0,5.0,0,0,False,45,45,0,24412,24,0,0,25.0,3.0,91,1.9,0.0,2021-07,111.83963529216726,2.1603647078327413,2.1603647078327413,4.667175670849246,True,172.0,False,False
2021-07-16 22:00:00,20210716,102,112,22,5,7,0,0,0,0.0,5.0,0,0,False,59,59,0,24412,24,0,0,24.7,2.6999999999999993,93,1.9,0.3,2021-07,111.48682232661879,-9.486822326618793,9.486822326618793,89.9997978568328,False,172.0,False,False
2021-07-16 23:00:00,20210716,101,118,23,5,7,0,0,0,0.0,5.0,0,0,False,330,330,0,24412,24,0,0,24.8,2.8000000000000007,96,1.6,0.3,2021-07,101.77269364940172,-0.7726936494017167,0.7726936494017167,0.597055475825743,False,172.0,False,False
2021-07-17 00:00:00,20210717,64,66,0,6,7,1,0,0,0.0,6.0,0,0,False,21,21,0,1867,8,0,0,24.6,2.6000000000000014,95,1.1,0.0,2021-07,68.29959412541815,-4.299594125418153,4.299594125418153,18.486509643330294,False,172.0,False,False
2021-07-17 01:00:00,20210717,101,110,1,6,7,1,0,0,0.0,6.0,0,0,False,130,130,0,1867,8,0,0,24.6,2.6000000000000014,95,0.9,0.0,2021-07,110.4518325804866,-9.451832580486595,9.451832580486595,89.3371391295479,False,172.0,False,False
2021-07-17 02:00:00,20210717,98,105,2,6,7,1,0,0,0.0,6.0,0,0,False,426,426,0,1867,8,0,0,24.4,2.3999999999999986,96,1.3,0.0,2021-07,109.0014705984518,-11.001470598451803,11.001470598451803,121.03235532859948,False,172.0,False,False
2021-07-17 03:00:00,20210717,94,102,3,6,7,1,0,0,0.0,6.0,0,0,False,108,108,0,1867,8,0,0,23.6,1.6000000000000014,98,1.7,0.0,2021-07,107.9513915089857,-13.951391508985694,13.951391508985694,194.6413250369981,False,172.0,False,False
2021-07-17 04:00:00,20210717,96,103,4,6,7,1,0,0,0.0,6.0,0,0,False,95,95,0,1867,8,0,0,23.9,1.8999999999999986,98,1.3,0.0,2021-07,111.09067877032503,-15.090678770325027,15.090678770325027,227.7285857491385,False,172.0,False,False
2021-07-17 05:00:00,20210717,84,108,5,6,7,1,0,0,0.0,6.0,0,0,False,63,63,0,1867,8,0,0,24.3,2.3000000000000007,98,1.2,0.0,2021-07,93.16875699099495,-9.16875699099495,9.16875699099495,84.06610475991877,False,172.0,False,False
2021-07-17 06:00:00,20210717,85,96,6,6,7,1,0,0,0.0,6.0,0,0,False,30,30,0,1867,8,0,0,25.3,3.3000000000000007,94,1.8,0.0,2021-07,108.24415133867846,-23.244151338678464,23.244151338678464,540.2905714553879,False,172.0,False,True
2021-07-17 07:00:00,20210717,57,88,7,6,7,1,0,0,0.0,6.0,0,1,False,994,800,0,1867,8,0,0,25.5,3.5,87,1.0,0.0,2021-07,65.81703644065243,-8.81703644065243,8.81703644065243,77.74013159579287,False,172.0,False,False
2021-07-17 08:00:00,20210717,25,27,8,6,7,1,0,0,0.0,6.0,2,0,False,0,0,1,1867,8,0,1,25.3,3.3000000000000007,86,2.2,0.1,2021-07,28.77256816730642,-3.772568167306421,3.772568167306421,14.232270576973727,False,172.0,False,False
2021-07-17 09:00:00,20210717,23,24,9,6,7,1,0,0,0.0,6.0,2,0,False,0,0,1,1867,8,0,1,25.9,3.8999999999999986,80,1.9,0.6,2021-07,23.630923448288613,-0.6309234482886126,0.6309234482886126,0.3980643976003936,False,172.0,False,False
2021-07-17 10:00:00,20210717,23,24,10,6,7,1,0,0,0.0,6.0,2,0,False,0,0,1,1867,8,0,1,26.4,4.399999999999999,78,2.8,0.6,2021-07,23.085668931738272,-0.08566893173827239,0.08566893173827239,0.007339165865176775,False,172.0,False,False
2021-07-17 11:00:00,20210717,24,27,11,6,7,1,0,0,0.0,6.0,2,0,False,0,0,1,1867,8,0,1,26.8,4.800000000000001,81,2.1,0.6,2021-07,23.40637839053851,0.5936216094614899,0.5936216094614899,0.35238661521964965,True,172.0,False,False
2021-07-17 12:00:00,20210717,24,26,12,6,7,1,0,0,0.0,6.0,1,1,False,0,0,1,1867,8,0,1,27.0,5.0,79,2.8,0.6,2021-07,23.45808549334639,0.5419145066536117,0.5419145066536117,0.2936713325216274,True,172.0,False,False
2021-07-17 13:00:00,20210717,23,24,13,6,7,1,0,0,0.0,6.0,2,0,False,0,0,1,1867,8,0,1,27.3,5.300000000000001,76,2.5,0.6,2021-07,22.8250627481024,0.17493725189759957,0.17493725189759957,0.030603042101484203,True,172.0,False,False
2021-07-17 14:00:00,20210717,23,24,14,6,7,1,0,0,0.0,6.0,2,0,False,0,0,1,1867,8,0,1,26.8,4.800000000000001,79,1.7,0.6,2021-07,22.42358621110523,0.5764137888947687,0.5764137888947687,0.33225285602802296,True,172.0,False,False
2021-07-17 15:00:00,20210717,25,28,15,6,7,1,0,0,0.0,6.0,2,0,False,0,0,1,1867,8,0,1,28.2,6.199999999999999,69,2.1,0.6,2021-07,22.447718261697517,2.552281738302483,2.552281738302483,6.514142071672344,True,172.0,False,False
2021-07-17 16:00:00,20210717,23,24,16,6,7,1,0,0,0.0,6.0,2,0,False,0,0,1,1867,8,0,1,28.4,6.399999999999999,68,2.3,0.6,2021-07,22.46695514267634,0.5330448573236595,0.5330448573236595,0.2841368199192005,True,172.0,False,False
2021-07-17 17:00:00,20210717,22,23,17,6,7,1,0,0,0.0,6.0,2,1,False,0,0,1,1867,8,0,1,26.4,4.399999999999999,76,2.3,0.6,2021-07,22.464585926296177,-0.4645859262961771,0.4645859262961771,0.21584008291247692,False,172.0,False,False
2021-07-17 18:00:00,20210717,24,27,18,6,7,1,0,0,0.0,6.0,2,0,False,0,0,1,1867,8,0,1,25.9,3.8999999999999986,78,2.6,0.6,2021-07,22.613692375449002,1.386307624550998,1.386307624550998,1.9218488298882308,True,172.0,False,False
2021-07-17 19:00:00,20210717,23,23,19,6,7,1,0,0,0.0,6.0,2,0,False,0,0,1,1867,8,0,1,25.3,3.3000000000000007,84,0.7,0.6,2021-07,23.24767085044236,-0.24767085044236126,0.24767085044236126,0.061340850158842476,False,172.0,False,False
2021-07-17 20:00:00,20210717,23,23,20,6,7,1,0,0,0.0,6.0,0,0,False,0,0,1,1867,8,0,1,25.3,3.3000000000000007,83,1.3,0.6,2021-07,22.72890720738579,0.2710927926142084,0.2710927926142084,0.0734913022073702,True,172.0,False,False
2021-07-17 21:00:00,20210717,24,24,21,6,7,1,0,0,0.0,6.0,0,0,False,0,0,1,1867,8,0,1,25.4,3.3999999999999986,82,0.5,0.6,2021-07,22.63244494813232,1.3675550518676793,1.3675550518676793,1.870206819888811,True,172.0,False,False
2021-07-17 22:00:00,20210717,25,28,22,6,7,1,0,0,0.0,6.0,0,0,False,0,0,1,1867,8,0,1,25.3,3.3000000000000007,87,1.1,0.6,2021-07,23.86061765633597,1.1393823436640282,1.1393823436640282,1.2981921250533337,True,172.0,False,False
2021-07-17 23:00:00,20210717,23,24,23,6,7,1,0,0,0.0,6.0,0,0,False,0,0,1,1867,8,0,1,25.0,3.0,88,1.0,0.6,2021-07,23.447608186408946,-0.44760818640894584,0.44760818640894584,0.20035308854030562,False,172.0,False,False
2021-07-18 00:00:00,20210718,23,24,0,7,7,1,0,0,0.0,7.0,0,0,True,0,0,1,0,0,0,0,24.5,2.5,93,1.0,0.0,2021-07,23.513986041298363,-0.513986041298363,0.513986041298363,0.2641816506495625,False,172.0,False,False
2021-07-18 01:00:00,20210718,25,28,1,7,7,1,0,0,0.0,7.0,0,0,True,0,0,1,0,0,0,0,24.5,2.5,93,1.6,0.0,2021-07,23.428085750050144,1.571914249949856,1.571914249949856,2.470914409195418,True,172.0,False,False
2021-07-18 02:00:00,20210718,23,24,2,7,7,1,0,0,0.0,7.0,0,0,True,0,0,1,0,0,0,0,24.2,2.1999999999999993,94,1.4,0.0,2021-07,23.503827167026916,-0.5038271670269161,0.5038271670269161,0.253841814234368,False,172.0,False,False
2021-07-18 03:00:00,20210718,23,24,3,7,7,1,0,0,0.0,7.0,0,0,True,0,0,1,0,0,0,0,24.0,2.0,96,0.9,0.0,2021-07,23.539784110520483,-0.5397841105204826,0.5397841105204826,0.29136688597038857,False,172.0,False,False
2021-07-18 04:00:00,20210718,25,28,4,7,7,1,0,0,0.0,7.0,0,0,True,0,0,1,0,0,0,0,23.6,1.6000000000000014,97,1.4,0.0,2021-07,23.74240157922352,1.2575984207764783,1.2575984207764783,1.5815537879394923,True,172.0,False,False
2021-07-18 05:00:00,20210718,22,22,5,7,7,1,0,0,0.0,7.0,0,0,True,0,0,1,0,0,0,0,23.5,1.5,98,1.3,0.0,2021-07,23.464847542157205,-1.4648475421572051,1.4648475421572051,2.1457783217640047,False,172.0,False,False
2021-07-18 06:00:00,20210718,23,23,6,7,7,1,0,0,0.0,7.0,0,0,True,0,0,1,0,0,0,0,24.0,2.0,96,1.3,0.0,2021-07,23.417039132810327,-0.4170391328103271,0.4170391328103271,0.17392163829518967,False,172.0,False,False
2021-07-18 07:00:00,20210718,25,28,7,7,7,1,0,0,0.0,7.0,0,1,True,0,0,1,0,0,0,0,26.5,4.5,88,1.5,0.0,2021-07,23.0852234113952,1.9147765886047985,1.9147765886047985,3.66636938426903,True,172.0,False,False
2021-07-18 08:00:00,20210718,23,24,8,7,7,1,0,0,0.0,7.0,2,0,True,0,0,1,0,0,0,0,27.2,5.199999999999999,81,2.2,0.0,2021-07,23.185171048199923,-0.1851710481999227,0.1851710481999227,0.0342883170914581,False,172.0,False,False
2021-07-18 09:00:00,20210718,23,23,9,7,7,1,0,0,0.0,7.0,2,0,True,0,0,1,0,0,0,0,27.7,5.699999999999999,79,2.8,0.0,2021-07,23.434896074145712,-0.43489607414571196,0.43489607414571196,0.1891345953073526,False,172.0,False,False
2021-07-18 10:00:00,20210718,23,23,10,7,7,1,0,0,0.0,7.0,2,0,True,0,0,1,0,0,0,0,28.8,6.800000000000001,73,3.2,0.0,2021-07,23.646927444516965,-0.6469274445169653,0.6469274445169653,0.41851511846925116,False,172.0,False,False
2021-07-18 11:00:00,20210718,25,27,11,7,7,1,0,0,0.0,7.0,2,0,True,0,0,1,0,0,0,0,28.1,6.100000000000001,76,1.8,0.0,2021-07,23.249420575602016,1.7505794243979835,1.7505794243979835,3.064528321125575,True,172.0,False,False
2021-07-18 12:00:00,20210718,23,23,12,7,7,1,0,0,0.0,7.0,1,1,True,0,0,1,0,0,0,0,28.4,6.399999999999999,71,2.6,0.0,2021-07,23.214727274561966,-0.21472727456196594,0.21472727456196594,0.046107802440809906,False,172.0,False,False
2021-07-18 13:00:00,20210718,23,23,13,7,7,1,0,0,0.0,7.0,2,0,True,0,0,1,0,0,0,0,28.4,6.399999999999999,74,1.7,0.0,2021-07,23.126992838003503,-0.12699283800350258,0.12699283800350258,0.01612718090418385,False,172.0,False,False
2021-07-18 14:00:00,20210718,25,27,14,7,7,1,0,0,0.0,7.0,2,0,True,0,0,1,0,0,0,0,28.7,6.699999999999999,70,2.8,0.0,2021-07,23.480864836076492,1.519135163923508,1.519135163923508,2.3077716462689035,True,172.0,False,False
2021-07-18 15:00:00,20210718,24,26,15,7,7,1,0,0,0.0,7.0,2,0,True,0,0,1,0,0,0,0,27.8,5.800000000000001,74,3.1,0.0,2021-07,23.64239266255591,0.35760733744409023,0.35760733744409023,0.12788300779385142,True,172.0,False,False
2021-07-18 16:00:00,20210718,23,23,16,7,7,1,0,0,0.0,7.0,2,0,True,0,0,1,0,0,0,0,27.6,5.600000000000001,76,2.6,0.0,2021-07,23.42169674959341,-0.4216967495934085,0.4216967495934085,0.1778281486176459,False,172.0,False,False
2021-07-18 17:00:00,20210718,24,27,17,7,7,1,0,0,0.0,7.0,2,1,True,0,0,1,0,0,0,0,27.7,5.699999999999999,74,2.6,0.0,2021-07,23.35265712415141,0.6473428758485902,0.6473428758485902,0.41905279891192326,True,172.0,False,False
2021-07-18 18:00:00,20210718,24,25,18,7,7,1,0,0,0.0,7.0,2,0,True,0,0,1,0,0,0,0,26.8,4.800000000000001,80,2.1,0.0,2021-07,23.29825057146233,0.7017494285376706,0.7017494285376706,0.4924522604529473,True,172.0,False,False
2021-07-18 19:00:00,20210718,23,23,19,7,7,1,0,0,0.0,7.0,2,0,True,0,0,1,0,0,0,0,25.9,3.8999999999999986,88,1.3,0.0,2021-07,23.445653465575514,-0.4456534655755142,0.4456534655755142,0.19860701137946604,False,172.0,False,False
2021-07-18 20:00:00,20210718,23,23,20,7,7,1,0,0,0.0,7.0,0,0,True,0,0,1,0,0,0,0,25.3,3.3000000000000007,90,1.2,0.0,2021-07,23.514374904080785,-0.5143749040807855,0.5143749040807855,0.2645815419481172,False,172.0,False,False
2021-07-18 21:00:00,20210718,25,28,21,7,7,1,0,0,0.0,7.0,0,0,True,0,0,1,0,0,0,0,24.7,2.6999999999999993,93,2.1,0.0,2021-07,23.726002945439202,1.2739970545607981,1.2739970545607981,1.6230684950295893,True,172.0,False,False
2021-07-18 22:00:00,20210718,24,24,22,7,7,1,0,0,0.0,7.0,0,0,True,0,0,1,0,0,0,0,24.2,2.1999999999999993,91,0.5,0.0,2021-07,23.595767406472216,0.40423259352778373,0.40423259352778373,0.16340398967019842,True,172.0,False,False
2021-07-18 23:00:00,20210718,23,23,23,7,7,1,0,0,0.0,7.0,0,0,True,0,0,1,0,0,0,0,24.6,2.6000000000000014,92,0.7,0.0,2021-07,24.145843063358758,-1.1458430633587575,1.1458430633587575,1.3129563258473815,False,172.0,False,False
2021-07-19 00:00:00,20210719,26,28,0,1,7,0,0,1,1.0,1.0,0,0,False,0,0,1,13584,15,1,0,24.3,2.3000000000000007,91,1.9,0.0,2021-07,25.604259112876914,0.3957408871230861,0.3957408871230861,0.15661084974096717,True,172.0,False,False
2021-07-19 01:00:00,20210719,24,24,1,1,7,0,0,1,1.0,1.0,0,0,False,0,0,1,13584,15,1,0,24.1,2.1000000000000014,91,1.1,0.0,2021-07,23.438896715887306,0.5611032841126935,0.5611032841126935,0.31483689544205007,True,172.0,False,False
2021-07-19 02:00:00,20210719,23,24,2,1,7,0,0,1,1.0,1.0,0,0,False,0,0,1,13584,15,1,0,23.7,1.6999999999999993,93,1.2,0.0,2021-07,23.417107941890396,-0.41710794189039646,0.41710794189039646,0.17397903518804236,False,172.0,False,False
2021-07-19 03:00:00,20210719,23,24,3,1,7,0,0,1,1.0,1.0,0,0,False,0,0,1,13584,15,1,0,23.6,1.6000000000000014,95,1.0,0.0,2021-07,24.126321057170387,-1.1263210571703866,1.1263210571703866,1.268599123825417,False,172.0,False,False
2021-07-19 04:00:00,20210719,25,27,4,1,7,0,0,1,1.0,1.0,0,0,False,0,0,1,13584,15,1,0,23.6,1.6000000000000014,95,1.3,0.0,2021-07,24.10804931103495,0.8919506889650499,0.8919506889650499,0.7955760315452273,True,172.0,False,False
2021-07-19 05:00:00,20210719,23,23,5,1,7,0,0,1,1.0,1.0,0,0,False,0,0,1,13584,15,1,0,23.4,1.3999999999999986,98,1.1,0.0,2021-07,23.092032355889454,-0.09203235588945446,0.09203235588945446,0.008469954530563205,False,172.0,False,False
2021-07-19 06:00:00,20210719,23,23,6,1,7,0,0,1,1.0,1.0,0,0,False,0,0,1,13584,15,1,0,23.8,1.8000000000000007,97,1.3,0.0,2021-07,23.154653637714542,-0.1546536377145422,0.1546536377145422,0.023917747658340874,False,172.0,False,False
2021-07-19 07:00:00,20210719,65,119,7,1,7,0,0,1,1.0,1.0,0,1,False,0,0,1,13584,15,1,0,25.0,3.0,91,2.0,0.0,2021-07,62.00704631969412,2.992953680305881,2.992953680305881,8.957771732456518,True,172.0,False,False
2021-07-19 08:00:00,20210719,188,200,8,1,7,0,0,1,1.0,1.0,2,0,False,604,604,0,13584,15,0,0,27.3,5.300000000000001,83,1.4,0.0,2021-07,179.41721855462137,8.582781445378629,8.582781445378629,73.66413733913566,True,172.0,True,False
2021-07-19 09:00:00,20210719,179,185,9,1,7,0,0,1,1.0,1.0,2,0,False,1431,800,0,13584,15,0,0,28.3,6.300000000000001,75,0.6,0.0,2021-07,180.0785388397306,-1.0785388397306122,1.0785388397306122,1.163246028807455,False,172.0,True,False
2021-07-19 10:00:00,20210719,185,209,10,1,7,0,0,1,1.0,1.0,2,0,False,568,568,0,13584,15,0,0,27.9,5.899999999999999,76,0.8,0.0,2021-07,180.46125298754086,4.53874701245914,4.53874701245914,20.60022444310677,True,172.0,True,False
2021-07-19 11:00:00,20210719,199,222,11,1,7,0,0,1,1.0,1.0,2,0,False,1280,800,0,13584,15,0,0,28.4,6.399999999999999,75,1.3,0.0,2021-07,166.2999913735391,32.700008626460914,32.700008626460914,1069.2905641706182,True,172.0,True,True
2021-07-19 12:00:00,20210719,117,134,12,1,7,0,0,1,1.0,1.0,1,1,False,0,0,1,13584,15,0,0,29.8,7.800000000000001,68,1.0,0.0,2021-07,112.8096595059289,4.190340494071094,4.190340494071094,17.55895345625198,True,172.0,False,False
2021-07-19 13:00:00,20210719,178,193,13,1,7,0,0,1,1.0,1.0,2,0,False,645,645,0,13584,15,0,0,28.8,6.800000000000001,73,1.2,0.0,2021-07,178.1665580686748,-0.16655806867478873,0.16655806867478873,0.02774159024067564,False,172.0,True,False
2021-07-19 14:00:00,20210719,178,190,14,1,7,0,0,1,1.0,1.0,2,0,False,2075,800,0,13584,15,0,0,28.5,6.5,72,1.2,0.0,2021-07,177.37575416673053,0.6242458332694696,0.6242458332694696,0.38968286035429445,True,172.0,True,False
2021-07-19 15:00:00,20210719,169,201,15,1,7,0,0,1,1.0,1.0,2,0,False,2253,800,0,13584,15,0,0,28.9,6.899999999999999,69,1.2,0.0,2021-07,172.68213814318452,-3.682138143184517,3.682138143184517,13.55814130549432,False,172.0,False,False
2021-07-19 16:00:00,20210719,183,187,16,1,7,0,0,1,1.0,1.0,2,0,False,1495,800,0,13584,15,0,0,29.5,7.5,67,1.4,0.0,2021-07,173.36776669055087,9.632233309449134,9.632233309449134,92.77991852766142,True,172.0,True,False
2021-07-19 17:00:00,20210719,149,190,17,1,7,0,0,1,1.0,1.0,2,1,False,389,389,0,13584,15,0,0,29.0,7.0,67,1.5,0.0,2021-07,142.31412238465575,6.685877615344253,6.685877615344253,44.70095948736136,True,172.0,False,False
2021-07-19 18:00:00,20210719,171,188,18,1,7,0,0,1,1.0,1.0,2,0,False,465,465,0,13584,15,0,0,28.1,6.100000000000001,72,1.8,0.0,2021-07,166.28315583997258,4.716844160027421,4.716844160027421,22.248618829984785,True,172.0,False,False
2021-07-19 19:00:00,20210719,151,162,19,1,7,0,0,1,1.0,1.0,2,0,False,1962,800,0,13584,15,0,0,27.5,5.5,76,0.7,0.0,2021-07,159.69928645424716,-8.699286454247158,8.699286454247158,75.67758481304809,False,172.0,False,False
2021-07-19 20:00:00,20210719,127,136,20,1,7,0,0,1,1.0,1.0,0,0,False,72,72,0,13584,15,0,0,26.3,4.300000000000001,84,0.7,0.0,2021-07,124.37494470589672,2.6250552941032765,2.6250552941032765,6.89091529709964,True,172.0,False,False
2021-07-19 21:00:00,20210719,124,129,21,1,7,0,0,1,1.0,1.0,0,0,False,94,94,0,13584,15,0,0,25.7,3.6999999999999993,92,0.0,0.0,2021-07,122.26917450443813,1.7308254955618736,1.7308254955618736,2.995756896087005,True,172.0,False,False
2021-07-19 22:00:00,20210719,106,114,22,1,7,0,0,1,1.0,1.0,0,0,False,70,70,0,13584,15,0,0,25.4,3.3999999999999986,95,0.5,0.0,2021-07,118.6532156731427,-12.653215673142697,12.653215673142697,160.10386687106399,False,172.0,False,False
2021-07-19 23:00:00,20210719,110,120,23,1,7,0,0,1,1.0,1.0,0,0,False,181,181,0,13584,15,0,0,25.7,3.6999999999999993,97,1.3,0.0,2021-07,108.48688120476591,1.5131187952340923,1.5131187952340923,2.289528488490671,True,172.0,False,False
2021-07-20 00:00:00,20210720,71,76,0,2,7,0,0,0,0.0,2.0,0,0,False,1584,800,0,23473,23,0,0,26.1,4.100000000000001,93,0.9,0.0,2021-07,83.66040263502585,-12.660402635025847,12.660402635025847,160.2857948809694,False,172.0,False,False
2021-07-20 01:00:00,20210720,100,112,1,2,7,0,0,0,0.0,2.0,0,0,False,567,567,0,23473,23,0,0,25.7,3.6999999999999993,93,0.2,0.0,2021-07,108.56443013026922,-8.564430130269216,8.564430130269216,73.34946345626318,False,172.0,False,False
2021-07-20 02:00:00,20210720,103,106,2,2,7,0,0,0,0.0,2.0,0,0,False,591,591,0,23473,23,0,0,25.7,3.6999999999999993,94,0.2,0.0,2021-07,115.92125930947903,-12.921259309479026,12.921259309479026,166.9589421427984,False,172.0,False,False
2021-07-20 03:00:00,20210720,105,116,3,2,7,0,0,0,0.0,2.0,0,0,False,392,392,0,23473,23,0,0,25.2,3.1999999999999993,97,0.2,0.0,2021-07,114.26944910653121,-9.269449106531212,9.269449106531212,85.92268673857228,False,172.0,False,False
2021-07-20 04:00:00,20210720,107,110,4,2,7,0,0,0,0.0,2.0,0,0,False,796,796,0,23473,23,0,0,25.2,3.1999999999999993,97,0.8,0.0,2021-07,113.36692179343201,-6.366921793432013,6.366921793432013,40.537693123679524,False,172.0,False,False
2021-07-20 05:00:00,20210720,91,106,5,2,7,0,0,0,0.0,2.0,0,0,False,388,388,0,23473,23,0,0,25.1,3.1000000000000014,98,0.6,0.0,2021-07,137.7024951649112,-46.7024951649112,46.7024951649112,2181.1230546285537,False,172.0,False,True
2021-07-20 06:00:00,20210720,110,117,6,2,7,0,0,0,0.0,2.0,0,0,False,102,102,0,23473,23,0,0,26.7,4.699999999999999,90,0.8,0.0,2021-07,120.95989110342941,-10.959891103429413,10.959891103429413,120.1192129990312,False,172.0,False,False
2021-07-20 07:00:00,20210720,133,148,7,2,7,0,0,0,0.0,2.0,0,1,False,1086,800,0,23473,23,0,0,28.4,6.399999999999999,81,1.1,0.0,2021-07,122.89995687786522,10.100043122134778,10.100043122134778,102.01087106898204,True,172.0,False,False
2021-07-20 08:00:00,20210720,188,201,8,2,7,0,0,0,0.0,2.0,2,0,False,1248,800,0,23473,23,0,0,29.7,7.699999999999999,68,0.6,0.0,2021-07,151.7285924359073,36.2714075640927,36.2714075640927,1315.615006680521,True,172.0,True,True
2021-07-20 09:00:00,20210720,191,200,9,2,7,0,0,0,0.0,2.0,2,0,False,1828,800,0,23473,23,0,0,30.8,8.8,57,1.4,0.0,2021-07,145.94042662711186,45.05957337288814,45.05957337288814,2030.3651525466898,True,172.0,True,True
2021-07-20 10:00:00,20210720,189,197,10,2,7,0,0,0,0.0,2.0,2,0,False,1282,800,0,23473,23,0,0,31.1,9.100000000000001,58,1.2,0.0,2021-07,143.68647567128008,45.31352432871992,45.31352432871992,2053.3154870894923,True,172.0,True,True
2021-07-20 11:00:00,20210720,190,192,11,2,7,0,0,0,0.0,2.0,2,0,False,1327,800,0,23473,23,0,0,31.7,9.7,60,2.8,0.0,2021-07,153.4428367953628,36.55716320463719,36.55716320463719,1336.4261815704795,True,172.0,True,True
2021-07-20 12:00:00,20210720,121,142,12,2,7,0,0,0,0.0,2.0,1,1,False,0,0,1,23473,23,0,0,31.7,9.7,57,1.9,0.0,2021-07,112.03521527564608,8.964784724353919,8.964784724353919,80.36736515400938,True,172.0,False,False
2021-07-20 13:00:00,20210720,178,194,13,2,7,0,0,0,0.0,2.0,2,0,False,1234,800,0,23473,23,0,0,30.1,8.100000000000001,60,3.8,0.0,2021-07,144.56665503851335,33.433344961486654,33.433344961486654,1117.788555313765,True,172.0,True,True
2021-07-20 14:00:00,20210720,187,192,14,2,7,0,0,0,0.0,2.0,2,0,False,823,800,0,23473,23,0,0,29.9,7.899999999999999,63,3.6,0.0,2021-07,166.15744812046412,20.842551879535876,20.842551879535876,434.4119688511445,True,172.0,True,True
2021-07-20 15:00:00,20210720,167,199,15,2,7,0,0,0,0.0,2.0,2,0,False,419,419,0,23473,23,0,0,30.2,8.2,65,3.2,0.0,2021-07,165.2982587416503,1.7017412583496991,1.7017412583496991,2.8959233103696174,True,172.0,False,False
2021-07-20 16:00:00,20210720,185,201,16,2,7,0,0,0,0.0,2.0,2,0,False,2403,800,0,23473,23,0,0,29.7,7.699999999999999,63,3.1,0.0,2021-07,163.59197380698106,21.40802619301894,21.40802619301894,458.303585480985,True,172.0,True,True
2021-07-20 17:00:00,20210720,132,159,17,2,7,0,0,0,0.0,2.0,2,1,False,881,800,0,23473,23,0,0,29.1,7.100000000000001,63,2.1,0.0,2021-07,143.17152735374947,-11.171527353749468,11.171527353749468,124.8030234155726,False,172.0,False,False
2021-07-20 18:00:00,20210720,175,182,18,2,7,0,0,0,0.0,2.0,2,0,False,2031,800,0,23473,23,0,0,27.5,5.5,74,1.3,0.0,2021-07,160.24467188478158,14.755328115218418,14.755328115218418,217.7197077877551,True,172.0,True,False
2021-07-20 19:00:00,20210720,170,176,19,2,7,0,0,0,0.0,2.0,2,0,False,3506,800,0,23473,23,0,0,26.5,4.5,80,1.1,0.0,2021-07,160.28519368247163,9.714806317528371,9.714806317528371,94.37746178708915,True,172.0,False,False
2021-07-20 20:00:00,20210720,127,132,20,2,7,0,0,0,0.0,2.0,0,0,False,80,80,0,23473,23,0,0,26.0,4.0,83,1.2,0.0,2021-07,151.88599906121792,-24.885999061217916,24.885999061217916,619.312949274939,False,172.0,False,True
2021-07-20 21:00:00,20210720,130,137,21,2,7,0,0,0,0.0,2.0,0,0,False,562,562,0,23473,23,0,0,26.1,4.100000000000001,79,1.5,0.0,2021-07,151.16461110844287,-21.16461110844287,21.16461110844287,447.9407633716233,False,172.0,False,True
2021-07-20 22:00:00,20210720,112,121,22,2,7,0,0,0,0.0,2.0,0,0,False,235,235,0,23473,23,0,0,25.9,3.8999999999999986,79,1.4,0.0,2021-07,150.95803069413458,-38.95803069413458,38.95803069413458,1517.7281555651318,False,172.0,False,True
2021-07-20 23:00:00,20210720,109,117,23,2,7,0,0,0,0.0,2.0,0,0,False,108,108,0,23473,23,0,0,25.3,3.3000000000000007,83,1.4,0.0,2021-07,143.92926102028835,-34.92926102028835,34.92926102028835,1220.0532754234353,False,172.0,False,True
2021-07-21 00:00:00,20210721,78,85,0,3,7,0,0,0,0.0,3.0,0,0,False,286,286,0,19461,23,0,0,24.5,2.5,86,1.0,0.0,2021-07,80.40212030226711,-2.4021203022671074,2.4021203022671074,5.770181946563819,False,172.0,False,False
2021-07-21 01:00:00,20210721,107,113,1,3,7,0,0,0,0.0,3.0,0,0,False,270,270,0,19461,23,0,0,24.1,2.1000000000000014,90,0.9,0.0,2021-07,107.6869818013907,-0.6869818013907008,0.6869818013907008,0.4719439954420122,False,172.0,False,False
2021-07-21 02:00:00,20210721,100,108,2,3,7,0,0,0,0.0,3.0,0,0,False,126,126,0,19461,23,0,0,24.3,2.3000000000000007,89,1.3,0.0,2021-07,111.11991830942993,-11.119918309429934,11.119918309429934,123.65258320839509,False,172.0,False,False
2021-07-21 03:00:00,20210721,102,111,3,3,7,0,0,0,0.0,3.0,0,0,False,528,528,0,19461,23,0,0,23.2,1.1999999999999993,95,1.3,0.0,2021-07,107.15285441842519,-5.152854418425193,5.152854418425193,26.55190865748403,False,172.0,False,False
2021-07-21 04:00:00,20210721,107,117,4,3,7,0,0,0,0.0,3.0,0,0,False,158,158,0,19461,23,0,0,23.0,1.0,98,0.9,0.0,2021-07,109.99160180489481,-2.991601804894813,2.991601804894813,8.949681359049904,False,172.0,False,False
2021-07-21 05:00:00,20210721,94,111,5,3,7,0,0,0,0.0,3.0,0,0,False,187,187,0,19461,23,0,0,24.0,2.0,93,1.6,0.0,2021-07,98.11215382393156,-4.112153823931564,4.112153823931564,16.909809071674985,False,172.0,False,False
2021-07-21 06:00:00,20210721,106,110,6,3,7,0,0,0,0.0,3.0,0,0,False,56,56,0,19461,23,0,0,24.7,2.6999999999999993,92,1.7,0.0,2021-07,112.43276437891659,-6.432764378916588,6.432764378916588,41.38045755465811,False,172.0,False,False
2021-07-21 07:00:00,20210721,128,149,7,3,7,0,0,0,0.0,3.0,0,1,False,842,800,0,19461,23,0,0,27.0,5.0,83,2.1,0.0,2021-07,134.53259493524993,-6.532594935249932,6.532594935249932,42.67479658805306,False,172.0,False,False
2021-07-21 08:00:00,20210721,193,209,8,3,7,0,0,0,0.0,3.0,2,0,False,933,800,0,19461,23,0,0,28.3,6.300000000000001,75,1.9,0.0,2021-07,175.3387397720783,17.6612602279217,17.6612602279217,311.92011283836894,True,172.0,True,False
2021-07-21 09:00:00,20210721,204,214,9,3,7,0,0,0,0.0,3.0,2,0,False,1013,800,0,19461,23,0,0,29.1,7.100000000000001,72,2.8,0.0,2021-07,175.4318867546606,28.56811324533939,28.56811324533939,816.1370943985359,True,172.0,True,True
2021-07-21 10:00:00,20210721,179,197,10,3,7,0,0,0,0.0,3.0,2,0,False,628,628,0,19461,23,0,0,29.1,7.100000000000001,67,3.8,0.0,2021-07,175.76362098569984,3.236379014300155,3.236379014300155,10.474149124202444,True,172.0,True,False
2021-07-21 11:00:00,20210721,197,206,11,3,7,0,0,0,0.0,3.0,2,0,False,1336,800,0,19461,23,0,0,29.3,7.300000000000001,71,3.0,0.0,2021-07,176.54704169149056,20.452958308509437,20.452958308509437,418.32350356962525,True,172.0,True,True
2021-07-21 12:00:00,20210721,128,150,12,3,7,0,0,0,0.0,3.0,1,1,False,88,88,0,19461,23,0,0,29.7,7.699999999999999,63,2.6,0.0,2021-07,108.20030604928196,19.799693950718037,19.799693950718037,392.02788054210043,True,172.0,False,True
2021-07-21 13:00:00,20210721,189,204,13,3,7,0,0,0,0.0,3.0,2,0,False,1911,800,0,19461,23,0,0,29.2,7.199999999999999,72,2.6,0.0,2021-07,177.12530769540066,11.874692304599336,11.874692304599336,141.0083173289107,True,172.0,True,False
2021-07-21 14:00:00,20210721,199,203,14,3,7,0,0,0,0.0,3.0,2,0,False,972,800,0,19461,23,0,0,29.4,7.399999999999999,75,2.5,0.0,2021-07,173.50797930593987,25.49202069406013,25.49202069406013,649.8431190663899,True,172.0,True,True
2021-07-21 15:00:00,20210721,171,199,15,3,7,0,0,0,0.0,3.0,2,0,False,4021,800,0,19461,23,0,0,28.9,6.899999999999999,77,2.9,0.0,2021-07,149.43859177000073,21.561408229999273,21.561408229999273,464.8943248606804,True,172.0,False,True
2021-07-21 16:00:00,20210721,182,189,16,3,7,0,0,0,0.0,3.0,2,0,False,865,800,0,19461,23,0,0,28.1,6.100000000000001,79,2.5,0.0,2021-07,170.06821530816305,11.931784691836953,11.931784691836953,142.36748593235464,True,172.0,True,False
2021-07-21 17:00:00,20210721,138,153,17,3,7,0,0,0,0.0,3.0,2,1,False,593,593,0,19461,23,0,0,27.3,5.300000000000001,81,2.3,0.0,2021-07,144.49476924744218,-6.4947692474421785,6.4947692474421785,42.18202757752064,False,172.0,False,False
2021-07-21 18:00:00,20210721,162,168,18,3,7,0,0,0,0.0,3.0,2,0,False,972,800,0,19461,23,0,0,27.0,5.0,82,2.5,0.0,2021-07,162.6287592983076,-0.6287592983076138,0.6287592983076138,0.39533825520828286,False,172.0,False,False
2021-07-21 19:00:00,20210721,162,174,19,3,7,0,0,0,0.0,3.0,2,0,False,3122,800,0,19461,23,0,0,26.6,4.600000000000001,83,1.9,0.0,2021-07,142.31206688645463,19.68793311354537,19.68793311354537,387.6147102834363,True,172.0,False,True
2021-07-21 20:00:00,20210721,131,138,20,3,7,0,0,0,0.0,3.0,0,0,False,0,0,1,19461,23,0,0,26.3,4.300000000000001,85,2.8,0.0,2021-07,111.87039225725066,19.129607742749343,19.129607742749343,365.9418923914556,True,172.0,False,True
2021-07-21 21:00:00,20210721,117,118,21,3,7,0,0,0,0.0,3.0,0,0,False,273,273,0,19461,23,0,0,26.4,4.399999999999999,82,2.7,0.0,2021-07,118.91422072204091,-1.914220722040909,1.914220722040909,3.6642409726908194,False,172.0,False,False
2021-07-21 22:00:00,20210721,104,114,22,3,7,0,0,0,0.0,3.0,0,0,False,275,275,0,19461,23,0,0,26.0,4.0,84,1.7,0.0,2021-07,113.57228917689962,-9.572289176899616,9.572289176899616,91.62872008618953,False,172.0,False,False
2021-07-21 23:00:00,20210721,103,111,23,3,7,0,0,0,0.0,3.0,0,0,False,6,6,0,19461,23,0,0,26.1,4.100000000000001,85,1.5,0.0,2021-07,108.84310784787185,-5.843107847871849,5.843107847871849,34.14190932186159,False,172.0,False,False
2021-07-22 00:00:00,20210722,71,73,0,4,7,0,0,0,0.0,4.0,0,0,False,222,222,0,15801,22,0,0,25.7,3.6999999999999993,87,1.8,0.0,2021-07,76.29417523642921,-5.294175236429211,5.294175236429211,28.028291434020296,False,172.0,False,False
2021-07-22 01:00:00,20210722,99,106,1,4,7,0,0,0,0.0,4.0,0,0,False,150,150,0,15801,22,0,0,25.4,3.3999999999999986,89,2.0,0.0,2021-07,100.7978212779171,-1.7978212779170946,1.7978212779170946,3.2321613473314548,False,172.0,False,False
2021-07-22 02:00:00,20210722,103,111,2,4,7,0,0,0,0.0,4.0,0,0,False,23,23,0,15801,22,0,0,25.2,3.1999999999999993,91,1.8,0.0,2021-07,112.57320938506523,-9.573209385065226,9.573209385065226,91.64633793030093,False,172.0,False,False
2021-07-22 03:00:00,20210722,100,105,3,4,7,0,0,0,0.0,4.0,0,0,False,162,162,0,15801,22,0,0,25.1,3.1000000000000014,91,2.3,0.0,2021-07,111.82753920838842,-11.827539208388416,11.827539208388416,139.89068372596526,False,172.0,False,False
2021-07-22 04:00:00,20210722,105,108,4,4,7,0,0,0,0.0,4.0,0,0,False,82,82,0,15801,22,0,0,25.2,3.1999999999999993,91,1.0,0.0,2021-07,109.52180603743454,-4.521806037434544,4.521806037434544,20.446729840179493,False,172.0,False,False
2021-07-22 05:00:00,20210722,86,103,5,4,7,0,0,0,0.0,4.0,0,0,False,0,0,1,15801,22,0,0,25.2,3.1999999999999993,91,1.4,0.0,2021-07,98.21829248076496,-12.218292480764958,12.218292480764958,149.28667114551752,False,172.0,False,False
2021-07-22 06:00:00,20210722,106,109,6,4,7,0,0,0,0.0,4.0,0,0,False,482,482,0,15801,22,0,0,25.7,3.6999999999999993,90,1.6,0.0,2021-07,107.37857803457457,-1.3785780345745735,1.3785780345745735,1.900477397411494,False,172.0,False,False
2021-07-22 07:00:00,20210722,122,146,7,4,7,0,0,0,0.0,4.0,0,1,False,1255,800,0,15801,22,0,0,27.1,5.100000000000001,84,1.9,0.0,2021-07,122.14035057736912,-0.14035057736911938,0.14035057736911938,0.019698284567845163,False,172.0,False,False
2021-07-22 08:00:00,20210722,197,213,8,4,7,0,0,0,0.0,4.0,2,0,False,709,709,0,15801,22,0,0,27.7,5.699999999999999,80,2.4,0.0,2021-07,150.6479429216354,46.352057078364595,46.352057078364595,2148.5131953959694,True,172.0,True,True
2021-07-22 09:00:00,20210722,192,197,9,4,7,0,0,0,0.0,4.0,2,0,False,491,491,0,15801,22,0,0,28.1,6.100000000000001,76,2.9,0.0,2021-07,141.15671253082397,50.84328746917603,50.84328746917603,2585.039880673273,True,172.0,True,True
2021-07-22 10:00:00,20210722,180,192,10,4,7,0,0,0,0.0,4.0,2,0,False,679,679,0,15801,22,0,0,28.7,6.699999999999999,78,3.6,0.0,2021-07,142.70928255804063,37.29071744195937,37.29071744195937,1390.597607336053,True,172.0,True,True
2021-07-22 11:00:00,20210722,186,192,11,4,7,0,0,0,0.0,4.0,2,0,False,691,691,0,15801,22,0,0,29.5,7.5,73,3.1,0.0,2021-07,152.5787412594763,33.42125874052371,33.42125874052371,1116.9805358010326,True,172.0,True,True
2021-07-22 12:00:00,20210722,104,119,12,4,7,0,0,0,0.0,4.0,1,1,False,30,30,0,15801,22,0,0,29.2,7.199999999999999,73,3.2,0.0,2021-07,115.09439128662352,-11.09439128662352,11.09439128662352,123.08551802070787,False,172.0,False,False
2021-07-22 13:00:00,20210722,171,177,13,4,7,0,0,0,0.0,4.0,2,0,False,2297,800,0,15801,22,0,0,28.3,6.300000000000001,77,2.8,0.0,2021-07,144.78220938863768,26.217790611362318,26.217790611362318,687.3725445412381,True,172.0,False,True
2021-07-22 14:00:00,20210722,182,189,14,4,7,0,0,0,0.0,4.0,2,0,False,383,383,0,15801,22,0,0,28.6,6.600000000000001,76,3.2,0.0,2021-07,169.89951444133064,12.100485558669362,12.100485558669362,146.4217507555658,True,172.0,True,False
2021-07-22 15:00:00,20210722,164,182,15,4,7,0,0,0,0.0,4.0,2,0,False,727,727,0,15801,22,0,0,28.7,6.699999999999999,77,3.4,0.0,2021-07,160.96262224597248,3.037377754027517,3.037377754027517,9.225663620661244,True,172.0,False,False
2021-07-22 16:00:00,20210722,165,172,16,4,7,0,0,0,0.0,4.0,2,0,False,634,634,0,15801,22,0,0,29.3,7.300000000000001,75,2.2,0.0,2021-07,165.77697567355986,-0.7769756735598605,0.7769756735598605,0.6036911973037989,False,172.0,False,False
2021-07-22 17:00:00,20210722,124,155,17,4,7,0,0,0,0.0,4.0,2,1,False,552,552,0,15801,22,0,0,27.4,5.399999999999999,80,2.1,0.0,2021-07,152.39454451213422,-28.394544512134217,28.394544512134217,806.2501580515714,False,172.0,False,True
2021-07-22 18:00:00,20210722,164,169,18,4,7,0,0,0,0.0,4.0,2,0,False,992,800,0,15801,22,0,0,26.8,4.800000000000001,85,1.9,0.0,2021-07,158.74217187072767,5.257828129272326,5.257828129272326,27.64475663696733,True,172.0,False,False
2021-07-22 19:00:00,20210722,154,163,19,4,7,0,0,0,0.0,4.0,2,0,False,4520,800,0,15801,22,0,0,26.0,4.0,90,2.6,0.0,2021-07,155.39827103131393,-1.398271031313925,1.398271031313925,1.9551618770117076,False,172.0,False,False
2021-07-22 20:00:00,20210722,132,138,20,4,7,0,0,0,0.0,4.0,0,0,False,368,368,0,15801,22,0,0,25.5,3.5,92,1.2,0.0,2021-07,142.96320020438478,-10.963200204384776,10.963200204384776,120.1917587214224,False,172.0,False,False
2021-07-22 21:00:00,20210722,120,123,21,4,7,0,0,0,0.0,4.0,0,0,False,0,0,1,15801,22,0,0,25.8,3.8000000000000007,89,1.7,0.0,2021-07,128.93895694055527,-8.938956940555272,8.938956940555272,79.90495118510127,False,172.0,False,False
2021-07-22 22:00:00,20210722,115,122,22,4,7,0,0,0,0.0,4.0,0,0,False,270,270,0,15801,22,0,0,25.3,3.3000000000000007,90,0.9,0.0,2021-07,148.9281800340033,-33.928180034003304,33.928180034003304,1151.1214004197404,False,172.0,False,True
2021-07-22 23:00:00,20210722,107,114,23,4,7,0,0,0,0.0,4.0,0,0,False,82,82,0,15801,22,0,0,25.2,3.1999999999999993,92,1.3,0.0,2021-07,140.75087572480479,-33.750875724804786,33.750875724804786,1139.121612191217,False,172.0,False,True
2021-07-23 00:00:00,20210723,78,87,0,5,7,0,0,0,0.0,5.0,0,0,False,200,200,0,23560,21,0,0,24.9,2.8999999999999986,94,1.2,0.0,2021-07,78.35881224527816,-0.358812245278159,0.358812245278159,0.12874622736155375,False,172.0,False,False
2021-07-23 01:00:00,20210723,105,111,1,5,7,0,0,0,0.0,5.0,0,0,False,91,91,0,23560,21,0,0,24.5,2.5,96,1.2,0.0,2021-07,110.11232883376113,-5.112328833761126,5.112328833761126,26.13590610450539,False,172.0,False,False
2021-07-23 02:00:00,20210723,105,110,2,5,7,0,0,0,0.0,5.0,0,0,False,376,376,0,23560,21,0,0,24.4,2.3999999999999986,97,1.2,0.0,2021-07,109.73085439347007,-4.730854393470068,4.730854393470068,22.380983292215046,False,172.0,False,False
2021-07-23 03:00:00,20210723,102,109,3,5,7,0,0,0,0.0,5.0,0,0,False,102,102,0,23560,21,0,0,24.2,2.1999999999999993,98,1.3,0.0,2021-07,110.79439427198655,-8.794394271986548,8.794394271986548,77.3413706111498,False,172.0,False,False
2021-07-23 04:00:00,20210723,99,101,4,5,7,0,0,0,0.0,5.0,0,0,False,162,162,0,23560,21,0,0,24.1,2.1000000000000014,98,1.6,0.0,2021-07,108.88209259936502,-9.882092599365023,9.882092599365023,97.65575414242497,False,172.0,False,False
2021-07-23 05:00:00,20210723,89,99,5,5,7,0,0,0,0.0,5.0,0,0,False,0,0,1,23560,21,0,0,24.1,2.1000000000000014,96,1.0,0.0,2021-07,96.55343442180269,-7.553434421802692,7.553434421802692,57.05437156447376,False,172.0,False,False
2021-07-23 06:00:00,20210723,103,105,6,5,7,0,0,0,0.0,5.0,0,0,False,0,0,1,23560,21,0,0,24.6,2.6000000000000014,95,2.0,0.0,2021-07,103.30395989234336,-0.3039598923433573,0.3039598923433573,0.09239161615338536,False,172.0,False,False
2021-07-23 07:00:00,20210723,122,144,7,5,7,0,0,0,0.0,5.0,0,1,False,2387,800,0,23560,21,0,0,26.2,4.199999999999999,88,2.2,0.0,2021-07,138.78281582950243,-16.782815829502425,16.782815829502425,281.6629071669972,False,172.0,False,False
2021-07-23 08:00:00,20210723,191,202,8,5,7,0,0,0,0.0,5.0,2,0,False,999,800,0,23560,21,0,0,26.8,4.800000000000001,85,1.9,0.0,2021-07,172.3656290555459,18.634370944454105,18.634370944454105,347.2397804955154,True,172.0,True,True
2021-07-23 09:00:00,20210723,185,190,9,5,7,0,0,0,0.0,5.0,2,0,False,1838,800,0,23560,21,0,0,27.8,5.800000000000001,81,1.6,0.0,2021-07,171.41425148809785,13.585748511902153,13.585748511902153,184.57256262865158,True,172.0,True,False
2021-07-23 10:00:00,20210723,179,189,10,5,7,0,0,0,0.0,5.0,2,0,False,1231,800,0,23560,21,0,0,28.9,6.899999999999999,73,2.7,0.0,2021-07,170.74760675121843,8.252393248781573,8.252393248781573,68.10199433253568,True,172.0,True,False
2021-07-23 11:00:00,20210723,188,199,11,5,7,0,0,0,0.0,5.0,2,0,False,1813,800,0,23560,21,0,0,28.9,6.899999999999999,73,2.9,0.0,2021-07,163.9887642840255,24.011235715974493,24.011235715974493,576.5394406080891,True,172.0,True,True
2021-07-23 12:00:00,20210723,113,125,12,5,7,0,0,0,0.0,5.0,1,1,False,0,0,1,23560,21,0,0,29.2,7.199999999999999,74,2.0,0.0,2021-07,111.88918164564556,1.1108183543544357,1.1108183543544357,1.2339174163706965,True,172.0,False,False
2021-07-23 13:00:00,20210723,180,192,13,5,7,0,0,0,0.0,5.0,2,0,False,979,800,0,23560,21,0,0,29.2,7.199999999999999,73,2.8,0.0,2021-07,174.35517452586114,5.644825474138855,5.644825474138855,31.86405463348695,True,172.0,True,False
2021-07-23 14:00:00,20210723,184,190,14,5,7,0,0,0,0.0,5.0,2,0,False,1335,800,0,23560,21,0,0,29.3,7.300000000000001,75,4.3,0.0,2021-07,173.59487510959465,10.405124890405347,10.405124890405347,108.26662398493288,True,172.0,True,False
2021-07-23 15:00:00,20210723,175,206,15,5,7,0,0,0,0.0,5.0,2,0,False,923,800,0,23560,21,0,0,28.4,6.399999999999999,77,2.5,0.0,2021-07,164.2635466808274,10.736453319172597,10.736453319172597,115.27142987477227,True,172.0,True,False
2021-07-23 16:00:00,20210723,189,197,16,5,7,0,0,0,0.0,5.0,2,0,False,6161,800,0,23560,21,0,0,28.1,6.100000000000001,78,1.9,0.0,2021-07,165.20939174874266,23.79060825125734,23.79060825125734,565.9930409647937,True,172.0,True,True
2021-07-23 17:00:00,20210723,138,178,17,5,7,0,0,0,0.0,5.0,2,1,False,555,555,0,23560,21,0,0,27.8,5.800000000000001,78,2.4,0.0,2021-07,140.7490709985744,-2.7490709985744104,2.7490709985744104,7.557391355202906,False,172.0,False,False
2021-07-23 18:00:00,20210723,175,176,18,5,7,0,0,0,0.0,5.0,2,0,False,1693,800,0,23560,21,0,0,26.6,4.600000000000001,86,1.8,0.0,2021-07,159.29251463640992,15.70748536359008,15.70748536359008,246.72509644739662,True,172.0,True,False
2021-07-23 19:00:00,20210723,145,165,19,5,7,0,0,0,0.0,5.0,2,0,False,2039,800,0,23560,21,0,0,25.9,3.8999999999999986,88,1.6,0.0,2021-07,140.32625669500047,4.673743304999533,4.673743304999533,21.84387648102796,True,172.0,False,False
2021-07-23 20:00:00,20210723,111,115,20,5,7,0,0,0,0.0,5.0,0,0,False,113,113,0,23560,21,0,0,25.6,3.6000000000000014,91,1.6,0.0,2021-07,119.41819501568546,-8.418195015685455,8.418195015685455,70.86600732211144,False,172.0,False,False
2021-07-23 21:00:00,20210723,107,110,21,5,7,0,0,0,0.0,5.0,0,0,False,12,12,0,23560,21,0,0,24.9,2.8999999999999986,93,0.2,0.0,2021-07,119.16994945064708,-12.169949450647081,12.169949450647081,148.10766963130519,False,172.0,False,False
2021-07-23 22:00:00,20210723,100,107,22,5,7,0,0,0,0.0,5.0,0,0,False,371,371,0,23560,21,0,0,25.0,3.0,94,0.9,0.0,2021-07,113.06061341013815,-13.060613410138146,13.060613410138146,170.57962264908036,False,172.0,False,False
2021-07-23 23:00:00,20210723,102,111,23,5,7,0,0,0,0.0,5.0,0,0,False,180,180,0,23560,21,0,0,24.9,2.8999999999999986,92,1.2,0.0,2021-07,106.78965927039377,-4.78965927039377,4.78965927039377,22.94083592646898,False,172.0,False,False
2021-07-24 00:00:00,20210724,68,72,0,6,7,1,0,0,0.0,6.0,0,0,False,0,0,1,2319,7,1,0,24.7,2.6999999999999993,91,1.2,0.0,2021-07,60.90731980063418,7.092680199365823,7.092680199365823,50.30611241047601,True,172.0,False,False
2021-07-24 01:00:00,20210724,96,101,1,6,7,1,0,0,0.0,6.0,0,0,False,501,501,0,2319,7,0,0,24.6,2.6000000000000014,91,1.1,0.0,2021-07,102.27597457588962,-6.27597457588962,6.27597457588962,39.3878568772129,False,172.0,False,False
2021-07-24 02:00:00,20210724,95,100,2,6,7,1,0,0,0.0,6.0,0,0,False,51,51,0,2319,7,0,0,24.4,2.3999999999999986,94,0.9,0.0,2021-07,104.76651106574046,-9.76651106574046,9.76651106574046,95.38473839723085,False,172.0,False,False
2021-07-24 03:00:00,20210724,93,104,3,6,7,1,0,0,0.0,6.0,0,0,False,42,42,0,2319,7,0,0,24.0,2.0,96,0.8,0.0,2021-07,102.47560647904204,-9.475606479042042,9.475606479042042,89.78711814566353,False,172.0,False,False
2021-07-24 04:00:00,20210724,97,100,4,6,7,1,0,0,0.0,6.0,0,0,False,262,262,0,2319,7,0,0,23.9,1.8999999999999986,97,1.2,0.0,2021-07,106.64371187279181,-9.643711872791812,9.643711872791812,93.00117868542576,False,172.0,False,False
2021-07-24 05:00:00,20210724,81,91,5,6,7,1,0,0,0.0,6.0,0,0,False,62,62,0,2319,7,0,0,23.8,1.8000000000000007,98,0.8,0.0,2021-07,94.07758070051938,-13.077580700519377,13.077580700519377,171.02311697859687,False,172.0,False,False
2021-07-24 06:00:00,20210724,95,98,6,6,7,1,0,0,0.0,6.0,0,0,False,919,800,0,2319,7,0,0,24.9,2.8999999999999986,96,0.7,0.0,2021-07,107.30154186271055,-12.30154186271055,12.30154186271055,151.32793220002017,False,172.0,False,False
2021-07-24 07:00:00,20210724,61,81,7,6,7,1,0,0,0.0,6.0,0,1,False,482,482,0,2319,7,0,0,25.8,3.8000000000000007,90,0.6,0.0,2021-07,70.40781264370513,-9.407812643705128,9.407812643705128,88.50693873905807,False,172.0,False,False
2021-07-24 08:00:00,20210724,25,28,8,6,7,1,0,0,0.0,6.0,2,0,False,0,0,1,2319,7,0,1,26.9,4.899999999999999,84,2.0,0.0,2021-07,32.55422784836675,-7.55422784836675,7.55422784836675,57.06635838503974,False,172.0,False,False
2021-07-24 09:00:00,20210724,24,24,9,6,7,1,0,0,0.0,6.0,2,0,False,0,0,1,2319,7,0,1,29.1,7.100000000000001,78,1.3,0.0,2021-07,23.350101237910774,0.6498987620892258,0.6498987620892258,0.42236840096510814,True,172.0,False,False
2021-07-24 10:00:00,20210724,24,24,10,6,7,1,0,0,0.0,6.0,2,0,False,0,0,1,2319,7,0,1,28.8,6.800000000000001,74,2.5,0.0,2021-07,23.421028767595427,0.578971232404573,0.578971232404573,0.3352076879520701,True,172.0,False,False
2021-07-24 11:00:00,20210724,27,29,11,6,7,1,0,0,0.0,6.0,2,0,False,0,0,1,2319,7,0,1,28.5,6.5,76,3.2,0.0,2021-07,23.964719420298767,3.035280579701233,3.035280579701233,9.212928197511452,True,172.0,False,False
2021-07-24 12:00:00,20210724,23,24,12,6,7,1,0,0,0.0,6.0,1,1,False,0,0,1,2319,7,0,1,29.6,7.600000000000001,72,3.5,0.0,2021-07,23.583794855907655,-0.5837948559076551,0.5837948559076551,0.3408164337842398,False,172.0,False,False
2021-07-24 13:00:00,20210724,24,24,13,6,7,1,0,0,0.0,6.0,2,0,False,0,0,1,2319,7,0,1,30.0,8.0,71,3.2,0.0,2021-07,23.602269615678665,0.3977303843213349,0.3977303843213349,0.15818945861239675,True,172.0,False,False
2021-07-24 14:00:00,20210724,24,24,14,6,7,1,0,0,0.0,6.0,2,0,False,0,0,1,2319,7,0,1,29.8,7.800000000000001,69,3.0,0.0,2021-07,22.70608432803125,1.293915671968751,1.293915671968751,1.6742177661663444,True,172.0,False,False
2021-07-24 15:00:00,20210724,26,28,15,6,7,1,0,0,0.0,6.0,2,0,False,0,0,1,2319,7,0,1,29.3,7.300000000000001,64,3.5,0.0,2021-07,23.45881777212303,2.54118222787697,2.54118222787697,6.457607115277759,True,172.0,False,False
2021-07-24 16:00:00,20210724,24,25,16,6,7,1,0,0,0.0,6.0,2,0,False,0,0,1,2319,7,0,1,29.2,7.199999999999999,68,1.5,0.0,2021-07,22.92759004268528,1.0724099573147186,1.0724099573147186,1.1500631165477564,True,172.0,False,False
2021-07-24 17:00:00,20210724,24,24,17,6,7,1,0,0,0.0,6.0,2,1,False,0,0,1,2319,7,0,1,28.7,6.699999999999999,70,1.6,0.0,2021-07,22.5106568893589,1.4893431106411015,1.4893431106411015,2.218142901214112,True,172.0,False,False
2021-07-24 18:00:00,20210724,25,29,18,6,7,1,0,0,0.0,6.0,2,0,False,0,0,1,2319,7,0,1,26.9,4.899999999999999,82,1.8,0.0,2021-07,22.71748791428067,2.282512085719329,2.282512085719329,5.209861421454802,True,172.0,False,False
2021-07-24 19:00:00,20210724,25,28,19,6,7,1,0,0,0.0,6.0,2,0,False,0,0,1,2319,7,0,1,26.3,4.300000000000001,85,1.4,0.0,2021-07,23.396816250550156,1.603183749449844,1.603183749449844,2.57019813450006,True,172.0,False,False
2021-07-24 20:00:00,20210724,24,25,20,6,7,1,0,0,0.0,6.0,0,0,False,0,0,1,2319,7,0,1,26.1,4.100000000000001,89,2.5,0.0,2021-07,23.097907028427368,0.9020929715726318,0.9020929715726318,0.813771729360741,True,172.0,False,False
2021-07-24 21:00:00,20210724,25,25,21,6,7,1,0,0,0.0,6.0,0,0,False,0,0,1,2319,7,0,1,26.2,4.199999999999999,90,2.7,0.0,2021-07,23.55910632800489,1.4408936719951093,1.4408936719951093,2.0761745739955497,True,172.0,False,False
2021-07-24 22:00:00,20210724,26,28,22,6,7,1,0,0,0.0,6.0,0,0,False,0,0,1,2319,7,0,1,26.1,4.100000000000001,91,1.3,0.0,2021-07,24.49864752288344,1.5013524771165585,1.5013524771165585,2.254059260544026,True,172.0,False,False
2021-07-24 23:00:00,20210724,24,24,23,6,7,1,0,0,0.0,6.0,0,0,False,0,0,1,2319,7,0,1,26.0,4.0,91,1.0,0.0,2021-07,23.812218107895905,0.1877818921040948,0.1877818921040948,0.0352620390021939,True,172.0,False,False
2021-07-25 00:00:00,20210725,24,24,0,7,7,1,0,0,0.0,7.0,0,0,True,0,0,1,0,0,0,0,25.6,3.6000000000000014,92,1.2,0.0,2021-07,23.413897414266955,0.5861025857330446,0.5861025857330446,0.3435162410029609,True,172.0,False,False
2021-07-25 01:00:00,20210725,25,26,1,7,7,1,0,0,0.0,7.0,0,0,True,0,0,1,0,0,0,0,24.8,2.8000000000000007,96,0.4,0.0,2021-07,23.38255514728986,1.6174448527101397,1.6174448527101397,2.6161278515585256,True,172.0,False,False
2021-07-25 02:00:00,20210725,25,29,2,7,7,1,0,0,0.0,7.0,0,0,True,0,0,1,0,0,0,0,24.9,2.8999999999999986,95,0.8,0.0,2021-07,23.4922721338986,1.5077278661014013,1.5077278661014013,2.273243318218685,True,172.0,False,False
2021-07-25 03:00:00,20210725,24,26,3,7,7,1,0,0,0.0,7.0,0,0,True,0,0,1,0,0,0,0,24.3,2.3000000000000007,97,1.3,0.0,2021-07,23.52674673282506,0.47325326717493965,0.47325326717493965,0.22396865489175483,True,172.0,False,False
2021-07-25 04:00:00,20210725,24,24,4,7,7,1,0,0,0.0,7.0,0,0,True,0,0,1,0,0,0,0,24.5,2.5,98,2.0,0.0,2021-07,23.609167157501776,0.3908328424982237,0.3908328424982237,0.15275031077524134,True,172.0,False,False
2021-07-25 05:00:00,20210725,26,28,5,7,7,1,0,0,0.0,7.0,0,0,True,0,0,1,0,0,0,0,24.7,2.6999999999999993,98,1.6,0.0,2021-07,23.319180414230033,2.6808195857699673,2.6808195857699673,7.186793651447859,True,172.0,False,False
2021-07-25 06:00:00,20210725,24,24,6,7,7,1,0,0,0.0,7.0,0,0,True,0,0,1,0,0,0,0,25.5,3.5,95,0.6,0.0,2021-07,23.345918308172912,0.6540816918270878,0.6540816918270878,0.4278228595833854,True,172.0,False,False
2021-07-25 07:00:00,20210725,24,24,7,7,7,1,0,0,0.0,7.0,0,1,True,0,0,1,0,0,0,0,27.1,5.100000000000001,89,1.5,0.0,2021-07,23.04703623841658,0.952963761583419,0.952963761583419,0.9081399308912195,True,172.0,False,False
2021-07-25 08:00:00,20210725,24,24,8,7,7,1,0,0,0.0,7.0,2,0,True,0,0,1,0,0,0,0,28.4,6.399999999999999,81,3.0,0.0,2021-07,23.524765780716862,0.4752342192831378,0.4752342192831378,0.2258475631776535,True,172.0,False,False
2021-07-25 09:00:00,20210725,26,29,9,7,7,1,0,0,0.0,7.0,2,0,True,0,0,1,0,0,0,0,28.1,6.100000000000001,80,2.6,0.0,2021-07,23.34807328432551,2.6519267156744917,2.6519267156744917,7.032715305308097,True,172.0,False,False
2021-07-25 10:00:00,20210725,24,24,10,7,7,1,0,0,0.0,7.0,2,0,True,0,0,1,0,0,0,0,28.8,6.800000000000001,76,2.7,0.0,2021-07,23.486203421716795,0.5137965782832055,0.5137965782832055,0.2639869238555301,True,172.0,False,False
2021-07-25 11:00:00,20210725,24,24,11,7,7,1,0,0,0.0,7.0,2,0,True,0,0,1,0,0,0,0,29.0,7.0,77,3.0,0.0,2021-07,23.704348753729448,0.29565124627055184,0.29565124627055184,0.08740965942133049,True,172.0,False,False
2021-07-25 12:00:00,20210725,26,28,12,7,7,1,0,0,0.0,7.0,1,1,True,0,0,1,0,0,0,0,30.5,8.5,62,2.9,0.0,2021-07,23.12177192296147,2.8782280770385285,2.8782280770385285,8.284196863452905,True,172.0,False,False
2021-07-25 13:00:00,20210725,24,24,13,7,7,1,0,0,0.0,7.0,2,0,True,0,0,1,0,0,0,0,31.0,9.0,58,2.4,0.0,2021-07,23.0714467732938,0.9285532267061996,0.9285532267061996,0.8622110948264948,True,172.0,False,False
2021-07-25 14:00:00,20210725,24,25,14,7,7,1,0,0,0.0,7.0,2,0,True,0,0,1,0,0,0,0,30.5,8.5,58,2.8,0.0,2021-07,23.305516275953817,0.694483724046183,0.694483724046183,0.4823076429650548,True,172.0,False,False
2021-07-25 15:00:00,20210725,25,25,15,7,7,1,0,0,0.0,7.0,2,0,True,0,0,1,0,0,0,0,30.0,8.0,58,2.5,0.0,2021-07,23.102519703938345,1.897480296061655,1.897480296061655,3.600431473942226,True,172.0,False,False
2021-07-25 16:00:00,20210725,26,29,16,7,7,1,0,0,0.0,7.0,2,0,True,0,0,1,0,0,0,0,29.2,7.199999999999999,66,2.5,0.0,2021-07,23.193821744866426,2.806178255133574,2.806178255133574,7.874636399584509,True,172.0,False,False
2021-07-25 17:00:00,20210725,24,24,17,7,7,1,0,0,0.0,7.0,2,1,True,0,0,1,0,0,0,0,28.0,6.0,69,2.4,0.0,2021-07,23.210479537841604,0.7895204621583964,0.7895204621583964,0.6233425601668079,True,172.0,False,False
2021-07-25 18:00:00,20210725,23,24,18,7,7,1,0,0,0.0,7.0,2,0,True,0,0,1,0,0,0,0,27.6,5.600000000000001,70,1.1,0.0,2021-07,23.183776734239615,-0.18377673423961483,0.18377673423961483,0.03377388804777801,False,172.0,False,False
2021-07-25 19:00:00,20210725,25,28,19,7,7,1,0,0,0.0,7.0,2,0,True,0,0,1,0,0,0,0,26.2,4.199999999999999,85,0.9,0.0,2021-07,23.200185582121495,1.7998144178785047,1.7998144178785047,3.239331938803341,True,172.0,False,False
2021-07-25 20:00:00,20210725,24,24,20,7,7,1,0,0,0.0,7.0,0,0,True,0,0,1,0,0,0,0,25.9,3.8999999999999986,92,2.2,0.0,2021-07,23.570088636270196,0.4299113637298042,0.4299113637298042,0.18482378066402003,True,172.0,False,False
2021-07-25 21:00:00,20210725,24,24,21,7,7,1,0,0,0.0,7.0,0,0,True,0,0,1,0,0,0,0,25.0,3.0,91,0.5,0.0,2021-07,23.599531012287827,0.40046898771217343,0.40046898771217343,0.1603754101192129,True,172.0,False,False
2021-07-25 22:00:00,20210725,24,24,22,7,7,1,0,0,0.0,7.0,0,0,True,0,0,1,0,0,0,0,25.5,3.5,94,1.3,0.0,2021-07,23.49465989850408,0.5053401014959213,0.5053401014959213,0.2553686181799081,True,172.0,False,False
2021-07-25 23:00:00,20210725,26,28,23,7,7,1,0,0,0.0,7.0,0,0,True,0,0,1,0,0,0,0,25.3,3.3000000000000007,95,0.4,0.0,2021-07,24.08882842232688,1.9111715776731195,1.9111715776731195,3.6525767993055607,True,172.0,False,False
2021-07-26 00:00:00,20210726,24,24,0,1,7,0,0,1,1.0,1.0,0,0,False,0,0,1,24022,14,1,0,25.1,3.1000000000000014,97,1.0,0.0,2021-07,26.043423900176347,-2.0434239001763466,2.0434239001763466,4.1755812358119115,False,172.0,False,False
2021-07-26 01:00:00,20210726,24,24,1,1,7,0,0,1,1.0,1.0,0,0,False,0,0,1,24022,14,1,0,24.8,2.8000000000000007,98,1.2,0.0,2021-07,22.98269642212333,1.017303577876671,1.017303577876671,1.034906569560676,True,172.0,False,False
2021-07-26 02:00:00,20210726,25,27,2,1,7,0,0,1,1.0,1.0,0,0,False,0,0,1,24022,14,1,0,24.6,2.6000000000000014,98,1.6,0.0,2021-07,22.84991814608124,2.15008185391876,2.15008185391876,4.622851978550731,True,172.0,False,False
2021-07-26 03:00:00,20210726,25,27,3,1,7,0,0,1,1.0,1.0,0,0,False,0,0,1,24022,14,1,0,24.5,2.5,98,1.5,0.0,2021-07,23.600504968151583,1.3994950318484172,1.3994950318484172,1.9585863441684022,True,172.0,False,False
2021-07-26 04:00:00,20210726,24,24,4,1,7,0,0,1,1.0,1.0,0,0,False,0,0,1,24022,14,1,0,24.4,2.3999999999999986,98,1.1,0.0,2021-07,22.935377866862336,1.0646221331376644,1.0646221331376644,1.1334202863665908,True,172.0,False,False
2021-07-26 05:00:00,20210726,24,24,5,1,7,0,0,1,1.0,1.0,0,0,False,0,0,1,24022,14,1,0,24.7,2.6999999999999993,98,1.1,0.0,2021-07,22.643864172826294,1.3561358271737056,1.3561358271737056,1.8391043817441108,True,172.0,False,False
2021-07-26 06:00:00,20210726,26,27,6,1,7,0,0,1,1.0,1.0,0,0,False,0,0,1,24022,14,1,0,26.9,4.899999999999999,91,0.9,0.0,2021-07,24.037626212153892,1.9623737878461078,1.9623737878461078,3.850910883225481,True,172.0,False,False
2021-07-26 07:00:00,20210726,71,127,7,1,7,0,0,1,1.0,1.0,0,1,False,0,0,1,24022,14,1,0,27.9,5.899999999999999,82,1.9,0.0,2021-07,61.471058066078086,9.528941933921914,9.528941933921914,90.8007343800555,True,172.0,False,False
2021-07-26 08:00:00,20210726,198,217,8,1,7,0,0,1,1.0,1.0,2,0,False,805,800,0,24022,14,0,0,29.4,7.399999999999999,69,2.1,0.0,2021-07,181.0485477295716,16.951452270428405,16.951452270428405,287.35173407661233,True,172.0,True,False
2021-07-26 09:00:00,20210726,184,189,9,1,7,0,0,1,1.0,1.0,2,0,False,1283,800,0,24022,14,0,0,29.8,7.800000000000001,62,2.9,0.0,2021-07,181.86974223268007,2.1302577673199323,2.1302577673199323,4.537998155226903,True,172.0,True,False
2021-07-26 10:00:00,20210726,185,207,10,1,7,0,0,1,1.0,1.0,2,0,False,1149,800,0,24022,14,0,0,29.9,7.899999999999999,60,2.2,0.0,2021-07,182.23288006079133,2.767119939208669,2.767119939208669,7.656952757966189,True,172.0,True,False
2021-07-26 11:00:00,20210726,190,202,11,1,7,0,0,1,1.0,1.0,2,0,False,3069,800,0,24022,14,0,0,30.8,8.8,58,2.0,0.0,2021-07,164.58281464517697,25.417185354823033,25.417185354823033,646.0333113614305,True,172.0,True,True
2021-07-26 12:00:00,20210726,113,130,12,1,7,0,0,1,1.0,1.0,1,1,False,0,0,1,24022,14,0,0,30.7,8.7,53,2.7,0.0,2021-07,108.83885675085924,4.161143249140764,4.161143249140764,17.315113139869755,True,172.0,False,False
2021-07-26 13:00:00,20210726,169,180,13,1,7,0,0,1,1.0,1.0,2,0,False,1969,800,0,24022,14,0,0,31.1,9.100000000000001,50,2.7,0.0,2021-07,179.54293302348947,-10.542933023489468,10.542933023489468,111.15343673778477,False,172.0,False,False
2021-07-26 14:00:00,20210726,186,199,14,1,7,0,0,1,1.0,1.0,2,0,False,669,669,0,24022,14,0,0,30.5,8.5,53,3.0,0.0,2021-07,179.84398228098564,6.156017719014358,6.156017719014358,37.89655415681874,True,172.0,True,False
2021-07-26 15:00:00,20210726,158,180,15,1,7,0,0,1,1.0,1.0,2,0,False,2463,800,0,24022,14,0,0,30.4,8.399999999999999,57,2.4,0.0,2021-07,170.67276984346987,-12.672769843469865,12.672769843469865,160.59909550555923,False,172.0,False,False
2021-07-26 16:00:00,20210726,169,177,16,1,7,0,0,1,1.0,1.0,2,0,False,1238,800,0,24022,14,0,0,29.3,7.300000000000001,62,2.6,0.0,2021-07,176.4832205046911,-7.483220504691104,7.483220504691104,55.99858912182938,False,172.0,False,False
2021-07-26 17:00:00,20210726,136,169,17,1,7,0,0,1,1.0,1.0,2,1,False,6579,800,0,24022,14,0,0,28.3,6.300000000000001,65,2.9,0.0,2021-07,150.7299889728816,-14.729988972881614,14.729988972881614,216.97257514121395,False,172.0,False,False
2021-07-26 18:00:00,20210726,175,186,18,1,7,0,0,1,1.0,1.0,2,0,False,1120,800,0,24022,14,0,0,27.3,5.300000000000001,77,2.3,0.0,2021-07,168.84759245052905,6.152407549470951,6.152407549470951,37.85211865478715,True,172.0,True,False
2021-07-26 19:00:00,20210726,157,177,19,1,7,0,0,1,1.0,1.0,2,0,False,3479,800,0,24022,14,0,0,26.4,4.399999999999999,81,1.4,0.0,2021-07,159.9755703908422,-2.9755703908421935,2.9755703908421935,8.854019150856764,False,172.0,False,False
2021-07-26 20:00:00,20210726,102,103,20,1,7,0,0,1,1.0,1.0,0,0,False,19,19,0,24022,14,0,0,25.9,3.8999999999999986,86,1.5,0.0,2021-07,121.81079695518736,-19.810796955187357,19.810796955187357,392.4676759996606,False,172.0,False,True
2021-07-26 21:00:00,20210726,110,116,21,1,7,0,0,1,1.0,1.0,0,0,False,0,0,1,24022,14,0,0,25.6,3.6000000000000014,87,1.3,0.0,2021-07,111.73242838831402,-1.7324283883140197,1.7324283883140197,3.001308120636312,False,172.0,False,False
2021-07-26 22:00:00,20210726,110,116,22,1,7,0,0,1,1.0,1.0,0,0,False,132,132,0,24022,14,0,0,24.9,2.8999999999999986,90,1.3,0.0,2021-07,112.05480295296259,-2.0548029529625893,2.0548029529625893,4.222215175503777,False,172.0,False,False
2021-07-26 23:00:00,20210726,95,107,23,1,7,0,0,1,1.0,1.0,0,0,False,48,48,0,24022,14,0,0,24.7,2.6999999999999993,92,1.6,0.0,2021-07,108.85282827654267,-13.852828276542667,13.852828276542667,191.90085125938006,False,172.0,False,False
2021-07-27 00:00:00,20210727,68,70,0,2,7,0,0,0,0.0,2.0,0,0,False,89,89,0,20776,24,0,0,24.8,2.8000000000000007,94,1.8,0.0,2021-07,77.38782231596143,-9.38782231596143,9.38782231596143,88.13120783606341,False,172.0,False,False
2021-07-27 01:00:00,20210727,102,110,1,2,7,0,0,0,0.0,2.0,0,0,False,63,63,0,20776,24,0,0,24.4,2.3999999999999986,93,1.7,0.0,2021-07,107.58359334575685,-5.583593345756853,5.583593345756853,31.176514650780206,False,172.0,False,False
2021-07-27 02:00:00,20210727,115,119,2,2,7,0,0,0,0.0,2.0,0,0,False,4,4,0,20776,24,0,0,23.9,1.8999999999999986,96,1.0,0.0,2021-07,112.4123208660792,2.587679133920801,2.587679133920801,6.696083300129108,True,172.0,False,False
2021-07-27 03:00:00,20210727,105,111,3,2,7,0,0,0,0.0,2.0,0,0,False,74,74,0,20776,24,0,0,23.5,1.5,98,0.6,0.0,2021-07,111.48546761277369,-6.485467612773689,6.485467612773689,42.06129015633646,False,172.0,False,False
2021-07-27 04:00:00,20210727,108,114,4,2,7,0,0,0,0.0,2.0,0,0,False,36,36,0,20776,24,0,0,23.4,1.3999999999999986,98,1.1,0.0,2021-07,113.48354938651535,-5.4835493865153495,5.4835493865153495,30.069313874352865,False,172.0,False,False
2021-07-27 05:00:00,20210727,89,106,5,2,7,0,0,0,0.0,2.0,0,0,False,2,2,0,20776,24,0,0,23.5,1.5,98,0.7,0.0,2021-07,110.59655389799552,-21.59655389799552,21.59655389799552,466.4111402690255,False,172.0,False,True
2021-07-27 06:00:00,20210727,105,111,6,2,7,0,0,0,0.0,2.0,0,0,False,229,229,0,20776,24,0,0,24.9,2.8999999999999986,98,0.9,0.0,2021-07,115.21276734930329,-10.212767349303292,10.212767349303292,104.30061693099537,False,172.0,False,False
2021-07-27 07:00:00,20210727,134,161,7,2,7,0,0,0,0.0,2.0,0,1,False,1262,800,0,20776,24,0,0,27.1,5.100000000000001,86,1.9,0.0,2021-07,135.86263897023528,-1.862638970235281,1.862638970235281,3.469423933439148,False,172.0,False,False
2021-07-27 08:00:00,20210727,194,207,8,2,7,0,0,0,0.0,2.0,2,0,False,1862,800,0,20776,24,0,0,27.8,5.800000000000001,81,1.7,0.0,2021-07,169.3779457212904,24.622054278709612,24.622054278709612,606.2455569037223,True,172.0,True,True
2021-07-27 09:00:00,20210727,181,192,9,2,7,0,0,0,0.0,2.0,2,0,False,593,593,0,20776,24,0,0,29.9,7.899999999999999,70,2.0,0.0,2021-07,169.47228858776162,11.527711412238375,11.527711412238375,132.88813040385088,True,172.0,True,False
2021-07-27 10:00:00,20210727,188,206,10,2,7,0,0,0,0.0,2.0,2,0,False,976,800,0,20776,24,0,0,30.0,8.0,65,3.3,0.0,2021-07,168.28588161142088,19.714118388579124,19.714118388579124,388.6464638389135,True,172.0,True,True
2021-07-27 11:00:00,20210727,207,211,11,2,7,0,0,0,0.0,2.0,2,0,False,857,800,0,20776,24,0,0,30.7,8.7,65,3.5,0.0,2021-07,173.19282420233893,33.807175797661074,33.807175797661074,1142.9251354139608,True,172.0,True,True
2021-07-27 12:00:00,20210727,110,124,12,2,7,0,0,0,0.0,2.0,1,1,False,184,184,0,20776,24,0,0,30.0,8.0,67,4.8,0.0,2021-07,123.9402919279321,-13.940291927932094,13.940291927932094,194.3317390359687,False,172.0,False,False
2021-07-27 13:00:00,20210727,182,198,13,2,7,0,0,0,0.0,2.0,2,0,False,606,606,0,20776,24,0,0,29.7,7.699999999999999,68,4.4,0.0,2021-07,165.80236061196732,16.197639388032684,16.197639388032684,262.3635217447478,True,172.0,True,False
2021-07-27 14:00:00,20210727,195,199,14,2,7,0,0,0,0.0,2.0,2,0,False,1654,800,0,20776,24,0,0,29.6,7.600000000000001,69,3.8,0.0,2021-07,172.16943486618277,22.83056513381723,22.83056513381723,521.234704329471,True,172.0,True,True
2021-07-27 15:00:00,20210727,179,201,15,2,7,0,0,0,0.0,2.0,2,0,False,1224,800,0,20776,24,0,0,29.2,7.199999999999999,73,3.8,0.0,2021-07,168.93391664650355,10.066083353496452,10.066083353496452,101.32603407953839,True,172.0,True,False
2021-07-27 16:00:00,20210727,186,187,16,2,7,0,0,0,0.0,2.0,2,0,False,1271,800,0,20776,24,0,0,28.6,6.600000000000001,75,3.6,0.0,2021-07,170.1081765261471,15.891823473852895,15.891823473852895,252.5500533241019,True,172.0,True,False
2021-07-27 17:00:00,20210727,159,184,17,2,7,0,0,0,0.0,2.0,2,1,False,350,350,0,20776,24,0,0,28.4,6.399999999999999,77,2.0,0.0,2021-07,141.43466080473186,17.565339195268137,17.565339195268137,308.5411410448231,True,172.0,False,False
2021-07-27 18:00:00,20210727,169,174,18,2,7,0,0,0,0.0,2.0,2,0,False,5796,800,0,20776,24,0,0,27.1,5.100000000000001,79,2.0,0.0,2021-07,160.7313258802271,8.268674119772896,8.268674119772896,68.37097169900208,True,172.0,False,False
2021-07-27 19:00:00,20210727,169,180,19,2,7,0,0,0,0.0,2.0,2,0,False,3392,800,0,20776,24,0,0,26.4,4.399999999999999,85,2.1,0.0,2021-07,161.59980970066584,7.400190299334156,7.400190299334156,54.76281646635935,True,172.0,False,False
2021-07-27 20:00:00,20210727,144,147,20,2,7,0,0,0,0.0,2.0,0,0,False,2,2,0,20776,24,0,0,26.0,4.0,86,1.3,0.0,2021-07,126.8959439953224,17.104056004677602,17.104056004677602,292.54873181114795,True,172.0,False,False
2021-07-27 21:00:00,20210727,144,148,21,2,7,0,0,0,0.0,2.0,0,0,False,8,8,0,20776,24,0,0,25.6,3.6000000000000014,87,1.4,0.0,2021-07,132.98586270738693,11.014137292613071,11.014137292613071,121.31122030053,True,172.0,False,False
2021-07-27 22:00:00,20210727,129,132,22,2,7,0,0,0,0.0,2.0,0,0,False,41,41,0,20776,24,0,0,25.0,3.0,89,1.8,0.0,2021-07,129.28046670724595,-0.28046670724594946,0.28046670724594946,0.07866157387338513,False,172.0,False,False
2021-07-27 23:00:00,20210727,122,139,23,2,7,0,0,0,0.0,2.0,0,0,False,201,201,0,20776,24,0,0,24.7,2.6999999999999993,92,1.4,0.0,2021-07,123.3389763345185,-1.338976334518506,1.338976334518506,1.792857624400614,False,172.0,False,False
2021-07-29 00:00:00,20210729,68,70,0,4,7,0,0,0,0.0,4.0,0,0,False,0,0,1,25698,23,1,0,24.0,2.0,93,0.9,0.0,2021-07,62.329242185280236,5.670757814719764,5.670757814719764,32.15749419320527,True,172.0,False,False
2021-07-29 01:00:00,20210729,110,118,1,4,7,0,0,0,0.0,4.0,0,0,False,313,313,0,25698,23,0,0,23.5,1.5,95,1.8,0.0,2021-07,98.5510028202571,11.448997179742904,11.448997179742904,131.07953642176096,True,172.0,False,False
2021-07-29 02:00:00,20210729,111,118,2,4,7,0,0,0,0.0,4.0,0,0,False,206,206,0,25698,23,0,0,23.1,1.1000000000000014,98,0.6,0.0,2021-07,107.21151592614467,3.7884840738553294,3.7884840738553294,14.352611577855473,True,172.0,False,False
2021-07-29 03:00:00,20210729,110,117,3,4,7,0,0,0,0.0,4.0,0,0,False,49,49,0,25698,23,0,0,23.5,1.5,98,0.6,0.0,2021-07,106.77791720783011,3.2220827921698856,3.2220827921698856,10.381817519597286,True,172.0,False,False
2021-07-29 04:00:00,20210729,111,116,4,4,7,0,0,0,0.0,4.0,0,0,False,100,100,0,25698,23,0,0,23.4,1.3999999999999986,97,0.7,0.0,2021-07,107.8304142374655,3.1695857625344956,3.1695857625344956,10.04627390606138,True,172.0,False,False
2021-07-29 05:00:00,20210729,94,119,5,4,7,0,0,0,0.0,4.0,0,0,False,156,156,0,25698,23,0,0,23.8,1.8000000000000007,98,1.0,0.0,2021-07,93.93295540288364,0.06704459711636446,0.06704459711636446,0.004494978002495625,True,172.0,False,False
2021-07-29 06:00:00,20210729,116,121,6,4,7,0,0,0,0.0,4.0,0,0,False,94,94,0,25698,23,0,0,26.0,4.0,90,0.9,0.0,2021-07,111.05907048477047,4.940929515229527,4.940929515229527,24.41278447446629,True,172.0,False,False
2021-07-29 07:00:00,20210729,141,159,7,4,7,0,0,0,0.0,4.0,0,1,False,925,800,0,25698,23,0,0,27.0,5.0,84,1.2,0.0,2021-07,121.9733978942783,19.026602105721693,19.026602105721693,362.01158768945317,True,172.0,False,True
2021-07-29 08:00:00,20210729,192,204,8,4,7,0,0,0,0.0,4.0,2,0,False,909,800,0,25698,23,0,0,28.6,6.600000000000001,72,1.4,0.0,2021-07,166.77119387140075,25.228806128599246,25.228806128599246,636.4926586744468,True,172.0,True,True
2021-07-29 09:00:00,20210729,198,205,9,4,7,0,0,0,0.0,4.0,2,0,False,1181,800,0,25698,23,0,0,30.1,8.100000000000001,66,1.1,0.0,2021-07,166.53106230755216,31.468937692447838,31.468937692447838,990.2940394911643,True,172.0,True,True
2021-07-29 10:00:00,20210729,187,203,10,4,7,0,0,0,0.0,4.0,2,0,False,884,800,0,25698,23,0,0,30.5,8.5,65,1.5,0.0,2021-07,161.17990458593485,25.82009541406515,25.82009541406515,666.6773271914282,True,172.0,True,True
2021-07-29 11:00:00,20210729,207,211,11,4,7,0,0,0,0.0,4.0,2,0,False,1597,800,0,25698,23,0,0,30.2,8.2,61,1.9,0.0,2021-07,166.426098797194,40.57390120280601,40.57390120280601,1646.2414588150632,True,172.0,True,True
2021-07-29 12:00:00,20210729,112,133,12,4,7,0,0,0,0.0,4.0,1,1,False,200,200,0,25698,23,0,0,31.6,9.600000000000001,60,2.3,0.0,2021-07,110.89236096215711,1.1076390378428869,1.1076390378428869,1.2268642381535162,True,172.0,False,False
2021-07-29 13:00:00,20210729,192,206,13,4,7,0,0,0,0.0,4.0,2,0,False,1480,800,0,25698,23,0,0,31.6,9.600000000000001,60,2.7,0.0,2021-07,164.40996527088157,27.59003472911843,27.59003472911843,761.210016353961,True,172.0,True,True
2021-07-29 14:00:00,20210729,187,201,14,4,7,0,0,0,0.0,4.0,2,0,False,3092,800,0,25698,23,0,0,30.7,8.7,64,2.2,0.0,2021-07,165.33498309890084,21.665016901099165,21.665016901099165,469.3729573249125,True,172.0,True,True
2021-07-29 15:00:00,20210729,164,186,15,4,7,0,0,0,0.0,4.0,2,0,False,2184,800,0,25698,23,0,0,30.3,8.3,63,1.5,0.0,2021-07,159.42924890927267,4.570751090727327,4.570751090727327,20.891765533385055,True,172.0,False,False
2021-07-29 16:00:00,20210729,166,172,16,4,7,0,0,0,0.0,4.0,2,0,False,2656,800,0,25698,23,0,0,29.7,7.699999999999999,61,2.7,0.0,2021-07,161.86134148483487,4.138658515165133,4.138658515165133,17.128494305148866,True,172.0,False,False
2021-07-29 17:00:00,20210729,129,152,17,4,7,0,0,0,0.0,4.0,2,1,False,735,735,0,25698,23,0,0,29.9,7.899999999999999,59,1.8,0.0,2021-07,131.17292567170668,-2.172925671706679,2.172925671706679,4.721605974761922,False,172.0,False,False
2021-07-29 18:00:00,20210729,174,180,18,4,7,0,0,0,0.0,4.0,2,0,False,5687,800,0,25698,23,0,0,28.2,6.199999999999999,64,1.2,0.0,2021-07,157.63722811268542,16.36277188731458,16.36277188731458,267.74030383629236,True,172.0,True,False
2021-07-29 19:00:00,20210729,169,181,19,4,7,0,0,0,0.0,4.0,2,0,False,2616,800,0,25698,23,0,0,27.5,5.5,67,1.4,0.0,2021-07,155.24744703954727,13.752552960452732,13.752552960452732,189.1327129300572,True,172.0,False,False
2021-07-29 20:00:00,20210729,128,134,20,4,7,0,0,0,0.0,4.0,0,0,False,149,149,0,25698,23,0,0,26.9,4.899999999999999,77,0.7,0.0,2021-07,131.64555973945076,-3.6455597394507606,3.6455597394507606,13.290105813904297,False,172.0,False,False
2021-07-29 21:00:00,20210729,126,131,21,4,7,0,0,0,0.0,4.0,0,0,False,131,131,0,25698,23,0,0,25.8,3.8000000000000007,79,0.8,0.0,2021-07,127.70225043426258,-1.7022504342625808,1.7022504342625808,2.897656540947145,False,172.0,False,False
2021-07-29 22:00:00,20210729,122,130,22,4,7,0,0,0,0.0,4.0,0,0,False,180,180,0,25698,23,0,0,25.3,3.3000000000000007,84,0.2,0.0,2021-07,127.10662638794928,-5.106626387949277,5.106626387949277,26.077633066099875,False,172.0,False,False
2021-07-29 23:00:00,20210729,114,127,23,4,7,0,0,0,0.0,4.0,0,0,False,174,174,0,25698,23,0,0,25.2,3.1999999999999993,86,0.5,0.0,2021-07,121.26005583693556,-7.260055836935564,7.260055836935564,52.70841075542215,False,172.0,False,False
2021-07-31 00:00:00,20210731,23,24,0,6,7,1,0,0,0.0,6.0,0,0,True,0,0,1,0,0,0,0,25.1,3.1000000000000014,86,1.0,0.0,2021-07,24.649436825363065,-1.6494368253630647,1.6494368253630647,2.7206418408637854,False,172.0,False,False
2021-07-31 01:00:00,20210731,21,21,1,6,7,1,0,0,0.0,6.0,0,0,True,0,0,1,0,0,0,0,25.4,3.3999999999999986,82,1.4,0.0,2021-07,34.31017220279214,-13.310172202792138,13.310172202792138,177.16068406798053,False,172.0,False,False
2021-07-31 02:00:00,20210731,21,21,2,6,7,1,0,0,0.0,6.0,0,0,True,0,0,1,0,0,0,0,24.4,2.3999999999999986,89,1.3,0.0,2021-07,34.449263721570055,-13.449263721570055,13.449263721570055,180.8826946523404,False,172.0,False,False
2021-07-31 03:00:00,20210731,21,21,3,6,7,1,0,0,0.0,6.0,0,0,True,0,0,1,0,0,0,0,24.0,2.0,90,0.4,0.0,2021-07,31.41073358527019,-10.41073358527019,10.41073358527019,108.3833737834727,False,172.0,False,False
2021-07-31 04:00:00,20210731,23,26,4,6,7,1,0,0,0.0,6.0,0,0,True,0,0,1,0,0,0,0,23.9,1.8999999999999986,92,1.1,0.0,2021-07,34.80951572187103,-11.80951572187103,11.80951572187103,139.46466158511902,False,172.0,False,False
2021-07-31 05:00:00,20210731,20,21,5,6,7,1,0,0,0.0,6.0,0,0,True,0,0,1,0,0,0,0,23.6,1.6000000000000014,94,0.3,0.0,2021-07,26.954977110906963,-6.954977110906963,6.954977110906963,48.371706613239766,False,172.0,False,False
2021-07-31 06:00:00,20210731,21,21,6,6,7,1,0,0,0.0,6.0,0,0,True,0,0,1,0,0,0,0,26.4,4.399999999999999,84,0.6,0.0,2021-07,31.91966337048325,-10.91966337048325,10.91966337048325,119.2390481246736,False,172.0,False,False
2021-07-31 07:00:00,20210731,22,23,7,6,7,1,0,0,0.0,6.0,0,1,True,0,0,1,0,0,0,0,28.3,6.300000000000001,77,1.6,0.0,2021-07,23.072812810167488,-1.0728128101674876,1.0728128101674876,1.1509273256594619,False,172.0,False,False
2021-07-31 08:00:00,20210731,21,21,8,6,7,1,0,0,0.0,6.0,2,0,True,0,0,1,0,0,0,0,29.8,7.800000000000001,73,1.2,0.0,2021-07,22.56498384917312,-1.564983849173121,1.564983849173121,2.449174448172718,False,172.0,False,False
2021-07-31 09:00:00,20210731,21,21,9,6,7,1,0,0,0.0,6.0,2,0,True,0,0,1,0,0,0,0,31.3,9.3,67,1.6,0.0,2021-07,21.276516165743796,-0.27651616574379645,0.27651616574379645,0.0764611899176507,False,172.0,False,False
2021-07-31 10:00:00,20210731,22,23,10,6,7,1,0,0,0.0,6.0,2,0,True,0,0,1,0,0,0,0,32.4,10.399999999999999,68,2.8,0.0,2021-07,21.43880360764395,0.5611963923560488,0.5611963923560488,0.31494139079344424,True,172.0,False,False
2021-07-31 11:00:00,20210731,23,26,11,6,7,1,0,0,0.0,6.0,2,0,True,0,0,1,0,0,0,0,32.7,10.700000000000003,65,2.0,0.0,2021-07,22.626396945024737,0.3736030549752627,0.3736030549752627,0.13957924268684915,True,172.0,False,False
2021-07-31 12:00:00,20210731,21,21,12,6,7,1,0,0,0.0,6.0,1,1,True,0,0,1,0,0,0,0,32.8,10.799999999999997,69,2.1,0.0,2021-07,22.17859500671956,-1.1785950067195614,1.1785950067195614,1.389086189864283,False,172.0,False,False
2021-07-31 13:00:00,20210731,21,21,13,6,7,1,0,0,0.0,6.0,2,0,True,0,0,1,0,0,0,0,32.1,10.100000000000001,71,2.4,0.0,2021-07,21.432985016423753,-0.4329850164237534,0.4329850164237534,0.18747602444747802,False,172.0,False,False
2021-07-31 14:00:00,20210731,22,25,14,6,7,1,0,0,0.0,6.0,2,0,True,0,0,1,0,0,0,0,30.8,8.8,75,2.4,0.0,2021-07,21.623544053483055,0.3764559465169448,0.3764559465169448,0.14171907966796882,True,172.0,False,False
2021-07-31 15:00:00,20210731,22,23,15,6,7,1,0,0,0.0,6.0,2,0,True,0,0,1,0,0,0,0,29.5,7.5,83,1.6,0.0,2021-07,22.85327316418203,-0.8532731641820313,0.8532731641820313,0.7280750927132157,False,172.0,False,False
2021-07-31 16:00:00,20210731,21,21,16,6,7,1,0,0,0.0,6.0,2,0,True,0,0,1,0,0,0,0,28.4,6.399999999999999,85,1.8,0.0,2021-07,21.887033003736352,-0.8870330037363523,0.8870330037363523,0.7868275497175355,False,172.0,False,False
2021-07-31 17:00:00,20210731,21,21,17,6,7,1,0,0,0.0,6.0,2,1,True,0,0,1,0,0,0,0,28.5,6.5,86,1.7,0.0,2021-07,21.654132499558216,-0.6541324995582158,0.6541324995582158,0.42788932697827925,False,172.0,False,False
2021-07-31 18:00:00,20210731,23,28,18,6,7,1,0,0,0.0,6.0,2,0,True,0,0,1,0,0,0,0,28.4,6.399999999999999,87,1.0,0.0,2021-07,22.64648470628251,0.35351529371748924,0.35351529371748924,0.12497306289216269,True,172.0,False,False
2021-07-31 19:00:00,20210731,21,21,19,6,7,1,0,0,0.0,6.0,2,0,True,0,0,1,0,0,0,0,28.0,6.0,90,0.3,0.0,2021-07,22.429931184860365,-1.429931184860365,1.429931184860365,2.0447031934361677,False,172.0,False,False
2021-07-31 20:00:00,20210731,21,21,20,6,7,1,0,0,0.0,6.0,0,0,True,0,0,1,0,0,0,0,27.6,5.600000000000001,92,0.8,0.0,2021-07,21.936540667072055,-0.9365406670720553,0.9365406670720553,0.8771084210797703,False,172.0,False,False
2021-07-31 21:00:00,20210731,23,25,21,6,7,1,0,0,0.0,6.0,0,0,True,0,0,1,0,0,0,0,27.6,5.600000000000001,93,1.5,0.0,2021-07,22.96584271531863,0.03415728468137047,0.03415728468137047,0.0011667200968041858,True,172.0,False,False
2021-07-31 22:00:00,20210731,21,21,22,6,7,1,0,0,0.0,6.0,0,0,True,0,0,1,0,0,0,0,27.6,5.600000000000001,94,1.0,0.0,2021-07,23.21465234962281,-2.21465234962281,2.21465234962281,4.9046850296898326,False,172.0,False,False
2021-07-31 23:00:00,20210731,21,21,23,6,7,1,0,0,0.0,6.0,0,0,True,0,0,1,0,0,0,0,27.6,5.600000000000001,94,1.0,0.0,2021-07,22.469679017196967,-1.4696790171969667,1.4696790171969667,2.159956413589042,False,172.0,False,False
2021-08-01 00:00:00,20210801,21,21,0,7,8,1,0,1,1.0,1.0,0,0,True,0,0,1,0,0,0,0,27.4,5.399999999999999,94,1.3,0.0,2021-08,27.868787250156743,-6.868787250156743,6.868787250156743,47.18023828791583,False,177.0,False,False
2021-08-01 01:00:00,20210801,23,26,1,7,8,1,0,1,1.0,1.0,0,0,True,0,0,1,0,0,0,0,27.2,5.199999999999999,94,1.7,0.0,2021-08,27.934041471543626,-4.934041471543626,4.934041471543626,24.34476524291239,False,177.0,False,False
2021-08-01 02:00:00,20210801,21,21,2,7,8,1,0,1,1.0,1.0,0,0,True,0,0,1,0,0,0,0,25.5,3.5,93,2.1,0.0,2021-08,27.974780113904753,-6.974780113904753,6.974780113904753,48.6475576373212,False,177.0,False,False
2021-08-01 03:00:00,20210801,21,21,3,7,8,1,0,1,1.0,1.0,0,0,True,0,0,1,0,0,0,0,25.2,3.1999999999999993,97,0.3,0.1,2021-08,27.524896693564937,-6.524896693564937,6.524896693564937,42.57427686169465,False,177.0,False,False
2021-08-01 04:00:00,20210801,22,25,4,7,8,1,0,1,1.0,1.0,0,0,True,0,0,1,0,0,0,0,24.9,2.8999999999999986,98,0.4,0.1,2021-08,27.455507211004942,-5.455507211004942,5.455507211004942,29.762558929326925,False,177.0,False,False
2021-08-01 05:00:00,20210801,22,24,5,7,8,1,0,1,1.0,1.0,0,0,True,0,0,1,0,0,0,0,24.8,2.8000000000000007,98,0.9,0.2,2021-08,27.153526170426158,-5.153526170426158,5.153526170426158,26.5588319892673,False,177.0,False,False
2021-08-01 06:00:00,20210801,20,21,6,7,8,1,0,1,1.0,1.0,0,0,True,0,0,1,0,0,0,0,26.0,4.0,98,0.6,0.2,2021-08,27.5218609488074,-7.521860948807401,7.521860948807401,56.57839213319377,False,177.0,False,False
2021-08-01 07:00:00,20210801,20,21,7,7,8,1,0,1,1.0,1.0,0,1,True,0,0,1,0,0,0,0,27.9,5.899999999999999,91,1.1,0.2,2021-08,27.528098973200972,-7.528098973200972,7.528098973200972,56.67227415030953,False,177.0,False,False
2021-08-01 08:00:00,20210801,23,28,8,7,8,1,0,1,1.0,1.0,2,0,True,0,0,1,0,0,0,0,29.2,7.199999999999999,82,1.4,0.2,2021-08,27.051749118201787,-4.051749118201787,4.051749118201787,16.416670916848958,False,177.0,False,False
2021-08-01 09:00:00,20210801,22,24,9,7,8,1,0,1,1.0,1.0,2,0,True,0,0,1,0,0,0,0,31.0,9.0,74,1.5,0.2,2021-08,27.436385238236998,-5.436385238236998,5.436385238236998,29.55428445852114,False,177.0,False,False
2021-08-01 10:00:00,20210801,21,21,10,7,8,1,0,1,1.0,1.0,2,0,True,0,0,1,0,0,0,0,31.3,9.3,68,1.2,0.2,2021-08,27.29801706169245,-6.298017061692448,6.298017061692448,39.66501890936918,False,177.0,False,False
2021-08-01 11:00:00,20210801,21,21,11,7,8,1,0,1,1.0,1.0,2,0,True,0,0,1,0,0,0,0,32.6,10.600000000000001,71,2.1,0.2,2021-08,27.335006718012963,-6.335006718012963,6.335006718012963,40.13231011726937,False,177.0,False,False
2021-08-01 12:00:00,20210801,23,25,12,7,8,1,0,1,1.0,1.0,1,1,True,0,0,1,0,0,0,0,31.9,9.899999999999999,71,2.4,0.2,2021-08,26.864032516594182,-3.8640325165941825,3.8640325165941825,14.930747289297171,False,177.0,False,False
2021-08-01 13:00:00,20210801,21,21,13,7,8,1,0,1,1.0,1.0,2,0,True,0,0,1,0,0,0,0,30.0,8.0,76,2.3,0.2,2021-08,26.99600952037593,-5.996009520375932,5.996009520375932,35.952130168438806,False,177.0,False,False
2021-08-01 14:00:00,20210801,21,21,14,7,8,1,0,1,1.0,1.0,2,0,True,0,0,1,0,0,0,0,28.7,6.699999999999999,87,2.1,0.2,2021-08,27.139743012647482,-6.139743012647482,6.139743012647482,37.696444261353584,False,177.0,False,False
2021-08-01 15:00:00,20210801,22,23,15,7,8,1,0,1,1.0,1.0,2,0,True,0,0,1,0,0,0,0,28.7,6.699999999999999,89,1.2,0.2,2021-08,27.16531658606101,-5.16531658606101,5.16531658606101,26.68049543423697,False,177.0,False,False
2021-08-01 16:00:00,20210801,23,25,16,7,8,1,0,1,1.0,1.0,2,0,True,0,0,1,0,0,0,0,28.7,6.699999999999999,88,0.9,0.2,2021-08,27.194661710079885,-4.194661710079885,4.194661710079885,17.5951868620103,False,177.0,False,False
2021-08-01 17:00:00,20210801,21,21,17,7,8,1,0,1,1.0,1.0,2,1,True,0,0,1,0,0,0,0,28.5,6.5,90,1.5,0.2,2021-08,27.057204206093758,-6.057204206093758,6.057204206093758,36.689722794319906,False,177.0,False,False
2021-08-01 18:00:00,20210801,20,21,18,7,8,1,0,1,1.0,1.0,2,0,True,0,0,1,0,0,0,0,28.3,6.300000000000001,91,1.5,0.2,2021-08,27.36783685400174,-7.367836854001741,7.367836854001741,54.28501990718627,False,177.0,False,False
2021-08-01 19:00:00,20210801,21,22,19,7,8,1,0,1,1.0,1.0,2,0,True,0,0,1,0,0,0,0,27.2,5.199999999999999,98,1.9,5.3,2021-08,27.44900832386735,-6.44900832386735,6.44900832386735,41.589708361310365,False,177.0,False,False
2021-08-01 20:00:00,20210801,23,26,20,7,8,1,0,1,1.0,1.0,0,0,True,0,0,1,0,0,0,0,26.7,4.699999999999999,98,1.5,20.2,2021-08,27.924730469156078,-4.924730469156078,4.924730469156078,24.25297019383424,False,177.0,False,False
2021-08-01 21:00:00,20210801,22,22,21,7,8,1,0,1,1.0,1.0,0,0,True,0,0,1,0,0,0,0,25.9,3.8999999999999986,98,1.5,20.2,2021-08,27.936765646506245,-5.936765646506245,5.936765646506245,35.245186341536716,False,177.0,False,False
2021-08-01 22:00:00,20210801,22,23,22,7,8,1,0,1,1.0,1.0,0,0,True,0,0,1,0,0,0,0,26.0,4.0,98,1.8,20.2,2021-08,27.80487483204979,-5.804874832049791,5.804874832049791,33.69657181576508,False,177.0,False,False
2021-08-01 23:00:00,20210801,22,24,23,7,8,1,0,1,1.0,1.0,0,0,True,0,0,1,0,0,0,0,26.3,4.300000000000001,98,1.4,20.2,2021-08,28.437036248001377,-6.437036248001377,6.437036248001377,41.43543565808364,False,177.0,False,False
2021-08-02 00:00:00,20210802,21,23,0,1,8,0,0,1,2.0,1.0,0,0,True,0,0,1,0,0,0,0,26.0,4.0,98,1.3,0.0,2021-08,21.072421097631032,-0.07242109763103244,0.07242109763103244,0.005244815382083532,False,177.0,False,False
2021-08-02 01:00:00,20210802,21,21,1,1,8,0,0,1,2.0,1.0,0,0,True,0,0,1,0,0,0,0,25.9,3.8999999999999986,98,1.9,0.0,2021-08,20.57397065153525,0.4260293484647484,0.4260293484647484,0.181501005753298,True,177.0,False,False
2021-08-02 02:00:00,20210802,21,21,2,1,8,0,0,1,2.0,1.0,0,0,True,0,0,1,0,0,0,0,25.5,3.5,98,0.3,0.0,2021-08,19.95481028678945,1.0451897132105508,1.0451897132105508,1.0924215366011534,True,177.0,False,False
2021-08-02 03:00:00,20210802,23,26,3,1,8,0,0,1,2.0,1.0,0,0,True,0,0,1,0,0,0,0,25.5,3.5,98,0.9,0.0,2021-08,20.250636623450372,2.7493633765496277,2.7493633765496277,7.5589989763123695,True,177.0,False,False
2021-08-02 04:00:00,20210802,21,21,4,1,8,0,0,1,2.0,1.0,0,0,True,0,0,1,0,0,0,0,25.3,3.3000000000000007,98,1.2,0.0,2021-08,20.50266289924006,0.497337100759939,0.497337100759939,0.2473441917923017,True,177.0,False,False
2021-08-02 05:00:00,20210802,21,21,5,1,8,0,0,1,2.0,1.0,0,0,True,0,0,1,0,0,0,0,25.4,3.3999999999999986,98,1.4,0.0,2021-08,19.774643947325703,1.2253560526742966,1.2253560526742966,1.5014974558255336,True,177.0,False,False
2021-08-02 06:00:00,20210802,22,25,6,1,8,0,0,1,2.0,1.0,0,0,True,0,0,1,0,0,0,0,26.3,4.300000000000001,98,0.7,0.0,2021-08,20.836350240960993,1.1636497590390071,1.1636497590390071,1.3540807617115393,True,177.0,False,False
2021-08-02 07:00:00,20210802,21,24,7,1,8,0,0,1,2.0,1.0,0,1,True,0,0,1,0,0,0,0,26.7,4.699999999999999,98,1.4,0.0,2021-08,20.42398976417564,0.5760102358243593,0.5760102358243593,0.331787791774434,True,177.0,False,False
2021-08-02 08:00:00,20210802,20,21,8,1,8,0,0,1,2.0,1.0,2,0,True,0,0,1,0,0,0,0,28.4,6.399999999999999,95,1.3,0.0,2021-08,21.493038921230447,-1.493038921230447,1.493038921230447,2.2291652203089765,False,177.0,False,False
2021-08-02 09:00:00,20210802,21,21,9,1,8,0,0,1,2.0,1.0,2,0,True,0,0,1,0,0,0,0,28.5,6.5,90,0.9,0.0,2021-08,21.255041734331783,-0.25504173433178323,0.25504173433178323,0.0650462862509639,False,177.0,False,False
2021-08-02 10:00:00,20210802,22,25,10,1,8,0,0,1,2.0,1.0,2,0,True,0,0,1,0,0,0,0,31.6,9.600000000000001,71,2.0,0.0,2021-08,21.484187055980968,0.5158129440190322,0.5158129440190322,0.26606299321758126,True,177.0,False,False
2021-08-02 11:00:00,20210802,21,21,11,1,8,0,0,1,2.0,1.0,2,0,True,0,0,1,0,0,0,0,28.8,6.800000000000001,91,1.5,4.6,2021-08,21.255348836259646,-0.2553488362596461,0.2553488362596461,0.06520302817915556,False,177.0,False,False
2021-08-02 12:00:00,20210802,21,21,12,1,8,0,0,1,2.0,1.0,1,1,True,0,0,1,0,0,0,0,27.3,5.300000000000001,94,2.0,16.7,2021-08,21.756067227106517,-0.7560672271065165,0.7560672271065165,0.5716376519045369,False,177.0,False,False
2021-08-02 13:00:00,20210802,22,23,13,1,8,0,0,1,2.0,1.0,2,0,True,0,0,1,0,0,0,0,29.9,7.899999999999999,86,0.6,16.7,2021-08,20.297224060596804,1.702775939403196,1.702775939403196,2.899445899810437,True,177.0,False,False
2021-08-02 14:00:00,20210802,23,25,14,1,8,0,0,1,2.0,1.0,2,0,True,0,0,1,0,0,0,0,31.3,9.3,70,1.5,16.7,2021-08,22.24886573497078,0.7511342650292185,0.7511342650292185,0.5642026841009843,True,177.0,False,False
2021-08-02 15:00:00,20210802,21,21,15,1,8,0,0,1,2.0,1.0,2,0,True,0,0,1,0,0,0,0,32.0,10.0,66,3.1,16.7,2021-08,19.409577673800133,1.5904223261998673,1.5904223261998673,2.5294431756749973,True,177.0,False,False
2021-08-02 16:00:00,20210802,21,21,16,1,8,0,0,1,2.0,1.0,2,0,True,0,0,1,0,0,0,0,31.0,9.0,70,3.8,16.7,2021-08,20.67239411380924,0.32760588619076003,0.32760588619076003,0.10732561666683321,True,177.0,False,False
2021-08-02 17:00:00,20210802,22,24,17,1,8,0,0,1,2.0,1.0,2,1,True,0,0,1,0,0,0,0,30.1,8.100000000000001,75,3.2,16.7,2021-08,18.2670039019929,3.7329960980070993,3.7329960980070993,13.93525986773623,True,177.0,False,False
2021-08-02 18:00:00,20210802,22,26,18,1,8,0,0,1,2.0,1.0,2,0,True,0,0,1,0,0,0,0,29.3,7.300000000000001,78,1.3,16.7,2021-08,20.73188688260854,1.2681131173914615,1.2681131173914615,1.6081108785002907,True,177.0,False,False
2021-08-02 19:00:00,20210802,21,21,19,1,8,0,0,1,2.0,1.0,2,0,True,0,0,1,0,0,0,0,28.4,6.399999999999999,82,1.9,16.7,2021-08,18.699740658257458,2.3002593417425423,2.3002593417425423,5.291193039273834,True,177.0,False,False
2021-08-02 20:00:00,20210802,22,24,20,1,8,0,0,1,2.0,1.0,0,0,True,0,0,1,0,0,0,0,27.6,5.600000000000001,82,1.1,16.7,2021-08,34.410612957848464,-12.410612957848464,12.410612957848464,154.0233139895162,False,177.0,False,False
2021-08-02 21:00:00,20210802,22,24,21,1,8,0,0,1,2.0,1.0,0,0,True,0,0,1,0,0,0,0,26.9,4.899999999999999,84,0.5,16.7,2021-08,30.925043248683185,-8.925043248683185,8.925043248683185,79.6563969908653,False,177.0,False,False
2021-08-02 22:00:00,20210802,22,24,22,1,8,0,0,1,2.0,1.0,0,0,True,0,0,1,0,0,0,0,26.7,4.699999999999999,81,1.2,16.7,2021-08,34.733388773977076,-12.733388773977076,12.733388773977076,162.1391896692454,False,177.0,False,False
2021-08-02 23:00:00,20210802,21,21,23,1,8,0,0,1,2.0,1.0,0,0,True,0,0,1,0,0,0,0,25.6,3.6000000000000014,89,0.2,16.7,2021-08,33.08326039191834,-12.083260391918337,12.083260391918337,146.00518169890248,False,177.0,False,False
2021-08-03 00:00:00,20210803,21,22,0,2,8,0,0,1,3.0,1.0,0,0,True,0,0,1,0,0,0,0,25.5,3.5,87,1.1,0.0,2021-08,22.095935344459818,-1.0959353444598179,1.0959353444598179,1.2010742792362596,False,177.0,False,False
2021-08-03 01:00:00,20210803,23,26,1,2,8,0,0,1,3.0,1.0,0,0,True,0,0,1,0,0,0,0,24.6,2.6000000000000014,90,0.4,0.0,2021-08,34.77325085561426,-11.773250855614258,11.773250855614258,138.60943570922186,False,177.0,False,False
2021-08-03 02:00:00,20210803,21,21,2,2,8,0,0,1,3.0,1.0,0,0,True,0,0,1,0,0,0,0,23.9,1.8999999999999986,96,0.2,0.0,2021-08,23.176235387593504,-2.176235387593504,2.176235387593504,4.736000462214249,False,177.0,False,False
2021-08-03 03:00:00,20210803,21,22,3,2,8,0,0,1,3.0,1.0,0,0,True,0,0,1,0,0,0,0,24.3,2.3000000000000007,96,1.1,0.0,2021-08,37.980982637679894,-16.980982637679894,16.980982637679894,288.353771341186,False,177.0,False,False
2021-08-03 04:00:00,20210803,21,21,4,2,8,0,0,1,3.0,1.0,0,0,True,0,0,1,0,0,0,0,23.9,1.8999999999999986,98,0.7,0.0,2021-08,35.786825674764906,-14.786825674764906,14.786825674764906,218.6502135358866,False,177.0,False,False
2021-08-03 05:00:00,20210803,22,24,5,2,8,0,0,1,3.0,1.0,0,0,True,0,0,1,0,0,0,0,24.1,2.1000000000000014,94,1.1,0.0,2021-08,30.066086973543822,-8.066086973543822,8.066086973543822,65.06175906477333,False,177.0,False,False
2021-08-03 06:00:00,20210803,21,21,6,2,8,0,0,1,3.0,1.0,0,0,True,0,0,1,0,0,0,0,25.3,3.3000000000000007,91,0.1,0.0,2021-08,37.25610404176123,-16.256104041761233,16.256104041761233,264.2609186165659,False,177.0,False,False
2021-08-03 07:00:00,20210803,20,21,7,2,8,0,0,1,3.0,1.0,0,1,True,0,0,1,0,0,0,0,25.7,3.6999999999999993,89,0.9,0.0,2021-08,20.90527470093817,-0.9052747009381683,0.9052747009381683,0.8195222841586901,False,177.0,False,False
2021-08-03 08:00:00,20210803,22,25,8,2,8,0,0,1,3.0,1.0,2,0,True,0,0,1,0,0,0,0,26.7,4.699999999999999,82,1.0,0.0,2021-08,24.62843454929234,-2.62843454929234,2.62843454929234,6.908668179913627,False,177.0,False,False
2021-08-03 09:00:00,20210803,21,21,9,2,8,0,0,1,3.0,1.0,2,0,True,0,0,1,0,0,0,0,27.1,5.100000000000001,85,1.4,0.0,2021-08,24.356455723440842,-3.356455723440842,3.356455723440842,11.265795023418786,False,177.0,False,False
2021-08-03 10:00:00,20210803,21,21,10,2,8,0,0,1,3.0,1.0,2,0,True,0,0,1,0,0,0,0,27.6,5.600000000000001,87,2.3,0.0,2021-08,24.8288037791031,-3.828803779103101,3.828803779103101,14.659738378874186,False,177.0,False,False
2021-08-03 11:00:00,20210803,22,24,11,2,8,0,0,1,3.0,1.0,2,0,True,0,0,1,0,0,0,0,29.5,7.5,79,1.1,0.0,2021-08,24.210073239659284,-2.210073239659284,2.210073239659284,4.884423724658083,False,177.0,False,False
2021-08-03 12:00:00,20210803,23,25,12,2,8,0,0,1,3.0,1.0,1,1,True,0,0,1,0,0,0,0,30.9,8.899999999999999,68,1.0,0.0,2021-08,34.71029911251417,-11.710299112514171,11.710299112514171,137.13110530455018,False,177.0,False,False
2021-08-03 13:00:00,20210803,21,21,13,2,8,0,0,1,3.0,1.0,2,0,True,0,0,1,0,0,0,0,29.9,7.899999999999999,74,1.0,0.0,2021-08,22.972776273540976,-1.9727762735409762,1.9727762735409762,3.8918462254462205,False,177.0,False,False
2021-08-03 14:00:00,20210803,21,22,14,2,8,0,0,1,3.0,1.0,2,0,True,0,0,1,0,0,0,0,28.4,6.399999999999999,84,1.3,0.7,2021-08,23.533386961480744,-2.533386961480744,2.533386961480744,6.418049496600637,False,177.0,False,False
2021-08-03 15:00:00,20210803,23,26,15,2,8,0,0,1,3.0,1.0,2,0,True,0,0,1,0,0,0,0,29.5,7.5,76,2.6,0.7,2021-08,21.610193369284545,1.389806630715455,1.389806630715455,1.9315624707806454,True,177.0,False,False
2021-08-03 16:00:00,20210803,22,24,16,2,8,0,0,1,3.0,1.0,2,0,True,0,0,1,0,0,0,0,29.4,7.399999999999999,73,3.0,0.7,2021-08,23.99795745553835,-1.9979574555383515,1.9979574555383515,3.9918339941412837,False,177.0,False,False
2021-08-03 17:00:00,20210803,21,21,17,2,8,0,0,1,3.0,1.0,2,1,True,0,0,1,0,0,0,0,29.0,7.0,76,1.3,0.7,2021-08,22.0227395794693,-1.0227395794692988,1.0227395794692988,1.0459962474130382,False,177.0,False,False
2021-08-03 18:00:00,20210803,22,24,18,2,8,0,0,1,3.0,1.0,2,0,True,0,0,1,0,0,0,0,28.1,6.100000000000001,83,1.2,0.7,2021-08,23.033924617698812,-1.033924617698812,1.033924617698812,1.0690001150836344,False,177.0,False,False
2021-08-03 19:00:00,20210803,23,25,19,2,8,0,0,1,3.0,1.0,2,0,True,0,0,1,0,0,0,0,27.4,5.399999999999999,87,0.6,0.7,2021-08,22.475581120092247,0.5244188799077527,0.5244188799077527,0.275015161603702,True,177.0,False,False
2021-08-03 20:00:00,20210803,21,22,20,2,8,0,0,1,3.0,1.0,0,0,True,0,0,1,0,0,0,0,27.3,5.300000000000001,86,0.6,0.7,2021-08,22.675722002584262,-1.675722002584262,1.675722002584262,2.8080442299450095,False,177.0,False,False
2021-08-03 21:00:00,20210803,22,22,21,2,8,0,0,1,3.0,1.0,0,0,True,0,0,1,0,0,0,0,27.3,5.300000000000001,85,1.0,0.7,2021-08,22.867333348698992,-0.8673333486989918,0.8673333486989918,0.7522671377654069,False,177.0,False,False
2021-08-03 22:00:00,20210803,21,21,22,2,8,0,0,1,3.0,1.0,0,0,True,0,0,1,0,0,0,0,25.9,3.8999999999999986,92,0.4,0.7,2021-08,22.236471152669086,-1.2364711526690861,1.2364711526690861,1.5288609113828184,False,177.0,False,False
2021-08-03 23:00:00,20210803,23,26,23,2,8,0,0,1,3.0,1.0,0,0,True,0,0,1,0,0,0,0,25.6,3.6000000000000014,93,0.5,0.7,2021-08,22.063660245259484,0.9363397547405157,0.9363397547405157,0.876732136307529,True,177.0,False,False
2021-08-04 00:00:00,20210804,21,21,0,3,8,0,0,1,4.0,1.0,0,0,True,0,0,1,0,0,0,0,25.9,3.8999999999999986,93,0.9,0.0,2021-08,29.079995332814775,-8.079995332814775,8.079995332814775,65.28632457830855,False,177.0,False,False
2021-08-04 01:00:00,20210804,21,21,1,3,8,0,0,1,4.0,1.0,0,0,True,0,0,1,0,0,0,0,24.7,2.6999999999999993,95,0.1,0.0,2021-08,23.85996278510517,-2.8599627851051714,2.8599627851051714,8.179387132186529,False,177.0,False,False
2021-08-04 02:00:00,20210804,20,21,2,3,8,0,0,1,4.0,1.0,0,0,True,0,0,1,0,0,0,0,24.3,2.3000000000000007,93,0.6,0.0,2021-08,24.15410742848862,-4.154107428488619,4.154107428488619,17.256608527424323,False,177.0,False,False
2021-08-04 03:00:00,20210804,22,25,3,3,8,0,0,1,4.0,1.0,0,0,True,0,0,1,0,0,0,0,24.4,2.3999999999999986,96,0.2,0.0,2021-08,23.80256076623897,-1.8025607662389689,1.8025607662389689,3.2492253159840185,False,177.0,False,False
2021-08-04 04:00:00,20210804,21,21,4,3,8,0,0,1,4.0,1.0,0,0,True,0,0,1,0,0,0,0,24.1,2.1000000000000014,98,0.3,0.0,2021-08,23.801352869716435,-2.8013528697164354,2.8013528697164354,7.847577900668508,False,177.0,False,False
2021-08-04 05:00:00,20210804,21,21,5,3,8,0,0,1,4.0,1.0,0,0,True,0,0,1,0,0,0,0,24.3,2.3000000000000007,92,1.0,0.0,2021-08,33.52027325148972,-12.52027325148972,12.52027325148972,156.75724229196894,False,177.0,False,False
2021-08-04 06:00:00,20210804,23,26,6,3,8,0,0,1,4.0,1.0,0,0,True,0,0,1,0,0,0,0,26.6,4.600000000000001,83,0.4,0.0,2021-08,26.282293376828274,-3.2822933768282745,3.2822933768282745,10.773449811570757,False,177.0,False,False
2021-08-04 07:00:00,20210804,20,21,7,3,8,0,0,1,4.0,1.0,0,1,True,0,0,1,0,0,0,0,28.0,6.0,79,0.7,0.0,2021-08,23.27833880123742,-3.278338801237421,3.278338801237421,10.747505295698812,False,177.0,False,False
2021-08-04 08:00:00,20210804,21,23,8,3,8,0,0,1,4.0,1.0,2,0,True,0,0,1,0,0,0,0,29.6,7.600000000000001,67,0.9,0.0,2021-08,24.808139894425654,-3.808139894425654,3.808139894425654,14.501929455516231,False,177.0,False,False
2021-08-04 09:00:00,20210804,21,21,9,3,8,0,0,1,4.0,1.0,2,0,True,0,0,1,0,0,0,0,31.3,9.3,58,1.0,0.0,2021-08,24.788451717621836,-3.788451717621836,3.788451717621836,14.352366416751838,False,177.0,False,False
2021-08-04 10:00:00,20210804,22,25,10,3,8,0,0,1,4.0,1.0,2,0,True,0,0,1,0,0,0,0,32.3,10.299999999999997,53,1.7,0.0,2021-08,25.412703511107143,-3.412703511107143,3.412703511107143,11.646545254723021,False,177.0,False,False
2021-08-04 11:00:00,20210804,21,21,11,3,8,0,0,1,4.0,1.0,2,0,True,0,0,1,0,0,0,0,32.9,10.899999999999999,57,1.5,0.0,2021-08,24.628289232623903,-3.628289232623903,3.628289232623903,13.16448275557455,False,177.0,False,False
2021-08-04 12:00:00,20210804,21,21,12,3,8,0,0,1,4.0,1.0,1,1,True,0,0,1,0,0,0,0,32.0,10.0,67,2.3,0.0,2021-08,22.33430262725612,-1.3343026272561183,1.3343026272561183,1.7803635011025796,False,177.0,False,False
2021-08-04 13:00:00,20210804,22,25,13,3,8,0,0,1,4.0,1.0,2,0,True,0,0,1,0,0,0,0,32.6,10.600000000000001,65,1.7,0.0,2021-08,24.264470738901526,-2.264470738901526,2.264470738901526,5.127827727341223,False,177.0,False,False
2021-08-04 14:00:00,20210804,22,24,14,3,8,0,0,1,4.0,1.0,2,0,True,0,0,1,0,0,0,0,31.9,9.899999999999999,59,2.1,0.0,2021-08,23.944368852825544,-1.9443688528255443,1.9443688528255443,3.7805702358381232,False,177.0,False,False
2021-08-04 15:00:00,20210804,22,24,15,3,8,0,0,1,4.0,1.0,2,0,True,0,0,1,0,0,0,0,32.0,10.0,59,1.8,0.0,2021-08,22.422457697937073,-0.4224576979370731,0.4224576979370731,0.1784705065462913,False,177.0,False,False
2021-08-04 16:00:00,20210804,21,22,16,3,8,0,0,1,4.0,1.0,2,0,True,0,0,1,0,0,0,0,31.9,9.899999999999999,55,1.6,0.0,2021-08,23.33511372513897,-2.335113725138971,2.335113725138971,5.452756109332401,False,177.0,False,False
2021-08-04 17:00:00,20210804,23,26,17,3,8,0,0,1,4.0,1.0,2,1,True,0,0,1,0,0,0,0,30.5,8.5,63,1.8,0.0,2021-08,22.97021596921647,0.029784030783531534,0.029784030783531534,0.0008870884897143541,True,177.0,False,False
2021-08-04 18:00:00,20210804,21,22,18,3,8,0,0,1,4.0,1.0,2,0,True,0,0,1,0,0,0,0,29.5,7.5,65,1.1,0.0,2021-08,22.392252609210214,-1.3922526092102139,1.3922526092102139,1.9383673278526485,False,177.0,False,False
2021-08-04 19:00:00,20210804,21,21,19,3,8,0,0,1,4.0,1.0,2,0,True,0,0,1,0,0,0,0,28.3,6.300000000000001,79,1.3,0.0,2021-08,23.378056203474305,-2.378056203474305,2.378056203474305,5.655151306882624,False,177.0,False,False
2021-08-04 20:00:00,20210804,21,21,20,3,8,0,0,1,4.0,1.0,0,0,True,0,0,1,0,0,0,0,27.6,5.600000000000001,87,0.4,0.0,2021-08,35.060558271395045,-14.060558271395045,14.060558271395045,197.69929890329564,False,177.0,False,False
2021-08-04 21:00:00,20210804,23,26,21,3,8,0,0,1,4.0,1.0,0,0,True,0,0,1,0,0,0,0,26.6,4.600000000000001,91,0.7,0.0,2021-08,34.414590211594074,-11.414590211594074,11.414590211594074,130.29286969861926,False,177.0,False,False
2021-08-04 22:00:00,20210804,21,21,22,3,8,0,0,1,4.0,1.0,0,0,True,0,0,1,0,0,0,0,26.3,4.300000000000001,91,0.1,0.0,2021-08,39.407997689852444,-18.407997689852444,18.407997689852444,338.8543789496129,False,177.0,False,True
2021-08-04 23:00:00,20210804,21,22,23,3,8,0,0,1,4.0,1.0,0,0,True,0,0,1,0,0,0,0,25.9,3.8999999999999986,88,0.6,0.0,2021-08,38.6501235264393,-17.6501235264393,17.6501235264393,311.5268604985661,False,177.0,False,False
2021-08-05 00:00:00,20210805,21,21,0,4,8,0,0,1,5.0,1.0,0,0,True,0,0,1,0,0,0,0,25.7,3.6999999999999993,90,0.7,0.0,2021-08,22.40179506236602,-1.4017950623660198,1.4017950623660198,1.9650293968737533,False,177.0,False,False
2021-08-05 01:00:00,20210805,22,25,1,4,8,0,0,1,5.0,1.0,0,0,True,0,0,1,0,0,0,0,25.6,3.6000000000000014,89,1.7,0.0,2021-08,33.66899367792533,-11.668993677925329,11.668993677925329,136.16541345546128,False,177.0,False,False
2021-08-05 02:00:00,20210805,21,21,2,4,8,0,0,1,5.0,1.0,0,0,True,0,0,1,0,0,0,0,25.1,3.1000000000000014,90,1.2,0.0,2021-08,35.86108167289623,-14.861081672896233,14.861081672896233,220.85174848849232,False,177.0,False,False
2021-08-05 03:00:00,20210805,21,21,3,4,8,0,0,1,5.0,1.0,0,0,True,0,0,1,0,0,0,0,24.9,2.8999999999999986,93,1.0,0.0,2021-08,36.05521656709934,-15.055216567099343,15.055216567099343,226.65954588226253,False,177.0,False,False
2021-08-05 04:00:00,20210805,22,25,4,4,8,0,0,1,5.0,1.0,0,0,True,0,0,1,0,0,0,0,24.4,2.3999999999999986,93,0.1,0.0,2021-08,35.43024519431645,-13.430245194316448,13.430245194316448,180.37148597946006,False,177.0,False,False
2021-08-05 05:00:00,20210805,21,22,5,4,8,0,0,1,5.0,1.0,0,0,True,0,0,1,0,0,0,0,24.5,2.5,93,1.7,0.0,2021-08,27.795728319764958,-6.795728319764958,6.795728319764958,46.18192339605546,False,177.0,False,False
2021-08-05 06:00:00,20210805,21,22,6,4,8,0,0,1,5.0,1.0,0,0,True,0,0,1,0,0,0,0,27.1,5.100000000000001,87,0.6,0.0,2021-08,26.402343343565658,-5.402343343565658,5.402343343565658,29.185313601768172,False,177.0,False,False
2021-08-05 07:00:00,20210805,20,20,7,4,8,0,0,1,5.0,1.0,0,1,True,0,0,1,0,0,0,0,28.4,6.399999999999999,81,0.9,0.0,2021-08,23.200045134757108,-3.200045134757108,3.200045134757108,10.240288864482638,False,177.0,False,False
2021-08-05 08:00:00,20210805,22,24,8,4,8,0,0,1,5.0,1.0,2,0,True,0,0,1,0,0,0,0,30.4,8.399999999999999,72,1.0,0.0,2021-08,25.040889255754873,-3.0408892557548732,3.0408892557548732,9.247007465765426,False,177.0,False,False
2021-08-05 09:00:00,20210805,21,21,9,4,8,0,0,1,5.0,1.0,2,0,True,0,0,1,0,0,0,0,31.3,9.3,62,2.4,0.0,2021-08,24.47377242185864,-3.4737724218586408,3.4737724218586408,12.067094838865646,False,177.0,False,False
2021-08-05 10:00:00,20210805,21,21,10,4,8,0,0,1,5.0,1.0,2,0,True,0,0,1,0,0,0,0,32.3,10.299999999999997,62,1.9,0.0,2021-08,25.321810952462567,-4.321810952462567,4.321810952462567,18.678049908825397,False,177.0,False,False
2021-08-05 11:00:00,20210805,22,25,11,4,8,0,0,1,5.0,1.0,2,0,True,0,0,1,0,0,0,0,32.3,10.299999999999997,63,1.6,0.0,2021-08,25.017651532708186,-3.017651532708186,3.017651532708186,9.106220772856064,False,177.0,False,False
2021-08-05 12:00:00,20210805,22,24,12,4,8,0,0,1,5.0,1.0,1,1,True,0,0,1,0,0,0,0,32.8,10.799999999999997,63,2.1,0.0,2021-08,23.51157100231282,-1.5115710023128202,1.5115710023128202,2.2848468950329837,False,177.0,False,False
2021-08-05 13:00:00,20210805,22,24,13,4,8,0,0,1,5.0,1.0,2,0,True,0,0,1,0,0,0,0,32.3,10.299999999999997,63,2.5,0.0,2021-08,23.84779449080246,-1.8477944908024604,1.8477944908024604,3.4143444802399237,False,177.0,False,False
2021-08-05 14:00:00,20210805,21,22,14,4,8,0,0,1,5.0,1.0,2,0,True,0,0,1,0,0,0,0,33.3,11.299999999999997,57,1.9,0.0,2021-08,25.124356225453358,-4.124356225453358,4.124356225453358,17.01031427443587,False,177.0,False,False
2021-08-05 15:00:00,20210805,23,25,15,4,8,0,0,1,5.0,1.0,2,0,True,0,0,1,0,0,0,0,32.6,10.600000000000001,62,2.1,0.0,2021-08,21.27998663605224,1.7200133639477606,1.7200133639477606,2.9584459721588914,True,177.0,False,False
2021-08-05 16:00:00,20210805,22,22,16,4,8,0,0,1,5.0,1.0,2,0,True,0,0,1,0,0,0,0,31.8,9.8,59,2.1,0.0,2021-08,21.47252353781671,0.5274764621832908,0.5274764621832908,0.2782314181574006,True,177.0,False,False
2021-08-05 17:00:00,20210805,22,22,17,4,8,0,0,1,5.0,1.0,2,1,True,0,0,1,0,0,0,0,31.5,9.5,59,1.4,0.0,2021-08,23.663782680059427,-1.6637826800594269,1.6637826800594269,2.768172806465729,False,177.0,False,False
2021-08-05 18:00:00,20210805,21,21,18,4,8,0,0,1,5.0,1.0,2,0,True,0,0,1,0,0,0,0,30.0,8.0,62,1.4,0.0,2021-08,22.834520360826676,-1.8345203608266765,1.8345203608266765,3.3654649542876394,False,177.0,False,False
2021-08-05 19:00:00,20210805,22,25,19,4,8,0,0,1,5.0,1.0,2,0,True,0,0,1,0,0,0,0,29.5,7.5,68,1.2,0.0,2021-08,22.119600838948255,-0.11960083894825502,0.11960083894825502,0.014304360677126435,False,177.0,False,False
2021-08-05 20:00:00,20210805,21,22,20,4,8,0,0,1,5.0,1.0,0,0,True,0,0,1,0,0,0,0,29.0,7.0,68,0.9,0.0,2021-08,23.880111397067495,-2.8801113970674947,2.8801113970674947,8.295041659518077,False,177.0,False,False
2021-08-05 21:00:00,20210805,21,22,21,4,8,0,0,1,5.0,1.0,0,0,True,0,0,1,0,0,0,0,27.8,5.800000000000001,77,0.7,0.0,2021-08,24.05832393175712,-3.058323931757119,3.058323931757119,9.353345271558323,False,177.0,False,False
2021-08-05 22:00:00,20210805,22,23,22,4,8,0,0,1,5.0,1.0,0,0,True,0,0,1,0,0,0,0,26.8,4.800000000000001,84,0.3,0.0,2021-08,23.449853095426352,-1.4498530954263522,1.4498530954263522,2.1020739983173753,False,177.0,False,False
2021-08-05 23:00:00,20210805,23,26,23,4,8,0,0,1,5.0,1.0,0,0,True,0,0,1,0,0,0,0,26.6,4.600000000000001,84,1.6,0.0,2021-08,23.66501798587881,-0.6650179858788086,0.6650179858788086,0.4422489215423072,False,177.0,False,False
2021-08-06 00:00:00,20210806,21,21,0,5,8,0,0,1,6.0,1.0,0,0,True,0,0,1,0,0,0,0,25.6,3.6000000000000014,86,0.8,0.0,2021-08,29.124503901948277,-8.124503901948277,8.124503901948277,66.00756365277277,False,177.0,False,False
2021-08-06 01:00:00,20210806,21,21,1,5,8,0,0,1,6.0,1.0,0,0,True,0,0,1,0,0,0,0,25.6,3.6000000000000014,86,1.1,0.0,2021-08,24.231799047614743,-3.231799047614743,3.231799047614743,10.444525084163558,False,177.0,False,False
2021-08-06 02:00:00,20210806,20,21,2,5,8,0,0,1,6.0,1.0,0,0,True,0,0,1,0,0,0,0,25.0,3.0,91,0.5,0.0,2021-08,23.961092778569054,-3.9610927785690535,3.9610927785690535,15.690256000431905,False,177.0,False,False
2021-08-06 03:00:00,20210806,22,25,3,5,8,0,0,1,6.0,1.0,0,0,True,0,0,1,0,0,0,0,25.4,3.3999999999999986,92,1.4,0.0,2021-08,24.221359436039474,-2.2213594360394744,2.2213594360394744,4.934437744081611,False,177.0,False,False
2021-08-06 04:00:00,20210806,22,23,4,5,8,0,0,1,6.0,1.0,0,0,True,0,0,1,0,0,0,0,24.8,2.8000000000000007,95,1.1,0.0,2021-08,24.610147756006672,-2.610147756006672,2.610147756006672,6.812871308186665,False,177.0,False,False
2021-08-06 05:00:00,20210806,21,21,5,5,8,0,0,1,6.0,1.0,0,0,True,0,0,1,0,0,0,0,24.9,2.8999999999999986,96,1.1,0.0,2021-08,33.616767402119955,-12.616767402119955,12.616767402119955,159.1828196791967,False,177.0,False,False
2021-08-06 06:00:00,20210806,22,25,6,5,8,0,0,1,6.0,1.0,0,0,True,0,0,1,0,0,0,0,26.7,4.699999999999999,87,1.5,0.0,2021-08,26.301534308124587,-4.301534308124587,4.301534308124587,18.503197403972873,False,177.0,False,False
2021-08-06 07:00:00,20210806,20,21,7,5,8,0,0,1,6.0,1.0,0,1,True,0,0,1,0,0,0,0,28.5,6.5,78,2.1,0.0,2021-08,22.950177886242276,-2.950177886242276,2.950177886242276,8.703549560472943,False,177.0,False,False
2021-08-06 08:00:00,20210806,20,21,8,5,8,0,0,1,6.0,1.0,2,0,True,0,0,1,0,0,0,0,30.7,8.7,69,1.5,0.0,2021-08,25.514634012059684,-5.514634012059684,5.514634012059684,30.411188286965487,False,177.0,False,False
2021-08-06 09:00:00,20210806,21,21,9,5,8,0,0,1,6.0,1.0,2,0,True,0,0,1,0,0,0,0,31.8,9.8,62,2.9,0.0,2021-08,25.425853345983015,-4.425853345983015,4.425853345983015,19.588177840149047,False,177.0,False,False
2021-08-06 10:00:00,20210806,24,25,10,5,8,0,0,1,6.0,1.0,2,0,True,0,0,1,0,0,0,0,32.7,10.700000000000003,60,2.1,0.0,2021-08,25.669863376686767,-1.6698633766867665,1.6698633766867665,2.78844369679973,False,177.0,False,False
2021-08-06 11:00:00,20210806,24,25,11,5,8,0,0,1,6.0,1.0,2,0,True,0,0,1,0,0,0,0,32.7,10.700000000000003,59,2.6,0.0,2021-08,25.005605268417003,-1.0056052684170034,1.0056052684170034,1.0112419558680334,False,177.0,False,False
2021-08-06 12:00:00,20210806,24,24,12,5,8,0,0,1,6.0,1.0,1,1,True,0,0,1,0,0,0,0,32.7,10.700000000000003,58,3.4,0.0,2021-08,25.942169176797876,-1.9421691767978757,1.9421691767978757,3.7720211113037383,False,177.0,False,False
2021-08-06 13:00:00,20210806,23,24,13,5,8,0,0,1,6.0,1.0,2,0,True,0,0,1,0,0,0,0,32.9,10.899999999999999,59,2.9,0.0,2021-08,25.00871041527293,-2.0087104152729296,2.0087104152729296,4.034917532425945,False,177.0,False,False
2021-08-06 14:00:00,20210806,24,27,14,5,8,0,0,1,6.0,1.0,2,0,True,0,0,1,0,0,0,0,32.2,10.200000000000003,59,3.0,0.0,2021-08,25.003739202756435,-1.0037392027564351,1.0037392027564351,1.007492387150124,False,177.0,False,False
2021-08-06 15:00:00,20210806,22,22,15,5,8,0,0,1,6.0,1.0,2,0,True,0,0,1,0,0,0,0,32.0,10.0,59,3.3,0.0,2021-08,23.247933632491414,-1.2479336324914136,1.2479336324914136,1.5573383511032146,False,177.0,False,False
2021-08-06 16:00:00,20210806,22,22,16,5,8,0,0,1,6.0,1.0,2,0,True,0,0,1,0,0,0,0,31.3,9.3,66,2.9,0.0,2021-08,23.63751390657235,-1.6375139065723516,1.6375139065723516,2.6814517942178444,False,177.0,False,False
2021-08-06 17:00:00,20210806,23,25,17,5,8,0,0,1,6.0,1.0,2,1,True,0,0,1,0,0,0,0,31.4,9.399999999999999,68,1.6,0.0,2021-08,22.890427034243658,0.10957296575634246,0.10957296575634246,0.012006234824640596,True,177.0,False,False
2021-08-06 18:00:00,20210806,22,22,18,5,8,0,0,1,6.0,1.0,2,0,True,0,0,1,0,0,0,0,29.7,7.699999999999999,78,1.3,0.0,2021-08,23.02049661009956,-1.0204966100995598,1.0204966100995598,1.0414133312246932,False,177.0,False,False
2021-08-06 19:00:00,20210806,21,21,19,5,8,0,0,1,6.0,1.0,2,0,True,0,0,1,0,0,0,0,28.6,6.600000000000001,85,0.7,0.0,2021-08,22.04231759886983,-1.042317598869829,1.042317598869829,1.0864259769137659,False,177.0,False,False
2021-08-06 20:00:00,20210806,21,21,20,5,8,0,0,1,6.0,1.0,0,0,True,0,0,1,0,0,0,0,27.9,5.899999999999999,90,1.0,0.0,2021-08,39.389708112557145,-18.389708112557145,18.389708112557145,338.1813644650501,False,177.0,False,False
2021-08-06 21:00:00,20210806,23,26,21,5,8,0,0,1,6.0,1.0,0,0,True,0,0,1,0,0,0,0,27.4,5.399999999999999,94,0.7,0.0,2021-08,38.257202276498695,-15.257202276498695,15.257202276498695,232.78222130599698,False,177.0,False,False
2021-08-06 22:00:00,20210806,21,21,22,5,8,0,0,1,6.0,1.0,0,0,True,0,0,1,0,0,0,0,27.4,5.399999999999999,94,1.4,0.0,2021-08,38.187394362792276,-17.187394362792276,17.187394362792276,295.4065249821437,False,177.0,False,False
2021-08-06 23:00:00,20210806,21,21,23,5,8,0,0,1,6.0,1.0,0,0,True,0,0,1,0,0,0,0,26.7,4.699999999999999,92,1.9,0.0,2021-08,40.212569813227454,-19.212569813227454,19.212569813227454,369.1228388281388,False,177.0,False,True
2021-08-07 00:00:00,20210807,22,24,0,6,8,1,0,1,7.0,1.0,0,0,True,0,0,1,0,0,0,0,26.2,4.199999999999999,91,1.0,0.0,2021-08,23.53913363949736,-1.5391336394973614,1.5391336394973614,2.3689323602323937,False,177.0,False,False
2021-08-07 01:00:00,20210807,22,25,1,6,8,1,0,1,7.0,1.0,0,0,True,0,0,1,0,0,0,0,25.8,3.8000000000000007,97,1.9,0.0,2021-08,23.332451796704703,-1.332451796704703,1.332451796704703,1.775427790541591,False,177.0,False,False
2021-08-07 02:00:00,20210807,21,21,2,6,8,1,0,1,7.0,1.0,0,0,True,0,0,1,0,0,0,0,25.9,3.8999999999999986,98,2.5,0.0,2021-08,21.80682281491974,-0.806822814919741,0.806822814919741,0.6509630546750146,False,177.0,False,False
2021-08-07 03:00:00,20210807,21,21,3,6,8,1,0,1,7.0,1.0,0,0,True,0,0,1,0,0,0,0,26.1,4.100000000000001,98,2.0,0.0,2021-08,21.443246771277387,-0.4432467712773871,0.4432467712773871,0.1964677002478283,False,177.0,False,False
2021-08-07 04:00:00,20210807,21,21,4,6,8,1,0,1,7.0,1.0,0,0,True,0,0,1,0,0,0,0,25.9,3.8999999999999986,98,0.5,0.0,2021-08,23.168081335452598,-2.168081335452598,2.168081335452598,4.700576677137921,False,177.0,False,False
2021-08-07 05:00:00,20210807,22,24,5,6,8,1,0,1,7.0,1.0,0,0,True,0,0,1,0,0,0,0,26.1,4.100000000000001,98,1.7,0.0,2021-08,22.10074940535814,-0.10074940535814036,0.10074940535814036,0.010150442680018882,False,177.0,False,False
2021-08-07 06:00:00,20210807,21,21,6,6,8,1,0,1,7.0,1.0,0,0,True,0,0,1,0,0,0,0,26.6,4.600000000000001,96,0.6,0.0,2021-08,22.3851241142884,-1.3851241142883985,1.3851241142883985,1.9185688119832205,False,177.0,False,False
2021-08-07 07:00:00,20210807,21,21,7,6,8,1,0,1,7.0,1.0,0,1,True,0,0,1,0,0,0,0,28.1,6.100000000000001,88,1.3,0.0,2021-08,22.823097294912973,-1.823097294912973,1.823097294912973,3.3236837467189995,False,177.0,False,False
2021-08-07 08:00:00,20210807,22,25,8,6,8,1,0,1,7.0,1.0,2,0,True,0,0,1,0,0,0,0,30.2,8.2,81,1.3,0.0,2021-08,22.19620163325979,-0.1962016332597898,0.1962016332597898,0.03849508089380905,False,177.0,False,False
2021-08-07 09:00:00,20210807,22,24,9,6,8,1,0,1,7.0,1.0,2,0,True,0,0,1,0,0,0,0,30.6,8.600000000000001,77,0.9,0.0,2021-08,21.90816133105405,0.09183866894595027,0.09183866894595027,0.00843434111376385,True,177.0,False,False
2021-08-07 10:00:00,20210807,21,21,10,6,8,1,0,1,7.0,1.0,2,0,True,0,0,1,0,0,0,0,31.9,9.899999999999999,62,1.5,0.0,2021-08,21.7030546194004,-0.703054619400401,0.703054619400401,0.49428579786024274,False,177.0,False,False
2021-08-07 11:00:00,20210807,21,21,11,6,8,1,0,1,7.0,1.0,2,0,True,0,0,1,0,0,0,0,33.4,11.399999999999999,52,2.1,0.0,2021-08,21.926411516369768,-0.9264115163697682,0.9264115163697682,0.8582382976625332,False,177.0,False,False
2021-08-07 12:00:00,20210807,23,26,12,6,8,1,0,1,7.0,1.0,1,1,True,0,0,1,0,0,0,0,32.9,10.899999999999999,55,2.1,0.0,2021-08,20.914985695391533,2.0850143046084675,2.0850143046084675,4.347284650421932,True,177.0,False,False
2021-08-07 13:00:00,20210807,21,21,13,6,8,1,0,1,7.0,1.0,2,0,True,0,0,1,0,0,0,0,32.9,10.899999999999999,59,2.0,0.0,2021-08,21.5143497153435,-0.5143497153434993,0.5143497153434993,0.26455562967393875,False,177.0,False,False
2021-08-07 14:00:00,20210807,21,21,14,6,8,1,0,1,7.0,1.0,2,0,True,0,0,1,0,0,0,0,32.3,10.299999999999997,66,2.5,0.0,2021-08,21.496188593472638,-0.4961885934726382,0.4961885934726382,0.24620312029235503,False,177.0,False,False
2021-08-07 15:00:00,20210807,21,22,15,6,8,1,0,1,7.0,1.0,2,0,True,0,0,1,0,0,0,0,31.6,9.600000000000001,68,1.9,0.0,2021-08,21.80478457450525,-0.8047845745052484,0.8047845745052484,0.6476782113615938,False,177.0,False,False
2021-08-07 16:00:00,20210807,24,25,16,6,8,1,0,1,7.0,1.0,2,0,True,0,0,1,0,0,0,0,31.4,9.399999999999999,65,2.1,0.0,2021-08,21.528179080804346,2.471820919195654,2.471820919195654,6.109898656573248,True,177.0,False,False
2021-08-07 17:00:00,20210807,21,21,17,6,8,1,0,1,7.0,1.0,2,1,True,0,0,1,0,0,0,0,29.7,7.699999999999999,76,3.0,0.0,2021-08,21.411494792812267,-0.41149479281226675,0.41149479281226675,0.16932796451161033,False,177.0,False,False
2021-08-07 18:00:00,20210807,21,21,18,6,8,1,0,1,7.0,1.0,2,0,True,0,0,1,0,0,0,0,28.6,6.600000000000001,86,3.1,0.0,2021-08,21.83484527426499,-0.834845274264989,0.834845274264989,0.6969666319625847,False,177.0,False,False
2021-08-07 19:00:00,20210807,22,24,19,6,8,1,0,1,7.0,1.0,2,0,True,0,0,1,0,0,0,0,28.2,6.199999999999999,89,1.1,0.0,2021-08,21.810341576680983,0.18965842331901683,0.18965842331901683,0.03597031753585539,True,177.0,False,False
2021-08-07 20:00:00,20210807,23,26,20,6,8,1,0,1,7.0,1.0,0,0,True,0,0,1,0,0,0,0,28.2,6.199999999999999,89,1.4,0.0,2021-08,21.76108422324478,1.2389157767552206,1.2389157767552206,1.5349123018929915,True,177.0,False,False
2021-08-07 21:00:00,20210807,22,22,21,6,8,1,0,1,7.0,1.0,0,0,True,0,0,1,0,0,0,0,28.0,6.0,88,0.9,0.0,2021-08,22.078632510621233,-0.07863251062123311,0.07863251062123311,0.006183071726598338,False,177.0,False,False
2021-08-07 22:00:00,20210807,21,21,22,6,8,1,0,1,7.0,1.0,0,0,True,0,0,1,0,0,0,0,26.8,4.800000000000001,95,1.3,0.3,2021-08,22.413361738095407,-1.413361738095407,1.413361738095407,1.9975914027120703,False,177.0,False,False
2021-08-07 23:00:00,20210807,23,25,23,6,8,1,0,1,7.0,1.0,0,0,True,0,0,1,0,0,0,0,26.2,4.199999999999999,98,0.8,1.1,2021-08,21.812878867767505,1.1871211322324946,1.1871211322324946,1.40925658259296,True,177.0,False,False
2021-08-08 00:00:00,20210808,21,21,0,7,8,1,0,1,8.0,1.0,0,0,True,0,0,1,0,0,0,0,25.1,3.1000000000000014,98,1.6,1.1,2021-08,26.333426453014113,-5.333426453014113,5.333426453014113,28.445437729710697,False,177.0,False,False
2021-08-08 01:00:00,20210808,21,21,1,7,8,1,0,1,8.0,1.0,0,0,True,0,0,1,0,0,0,0,24.1,2.1000000000000014,98,1.5,5.2,2021-08,26.071356451326874,-5.071356451326874,5.071356451326874,25.718656256414707,False,177.0,False,False
2021-08-08 02:00:00,20210808,21,21,2,7,8,1,0,1,8.0,1.0,0,0,True,0,0,1,0,0,0,0,23.9,1.8999999999999986,98,2.6,7.3,2021-08,26.15075543335313,-5.15075543335313,5.15075543335313,26.530281534216787,False,177.0,False,False
2021-08-08 03:00:00,20210808,23,24,3,7,8,1,0,1,8.0,1.0,0,0,True,0,0,1,0,0,0,0,23.5,1.5,98,1.7,7.9,2021-08,26.057887921293787,-3.057887921293787,3.057887921293787,9.350678539194439,False,177.0,False,False
2021-08-08 04:00:00,20210808,21,21,4,7,8,1,0,1,8.0,1.0,0,0,True,0,0,1,0,0,0,0,23.2,1.1999999999999993,98,0.3,7.9,2021-08,25.998138291611102,-4.998138291611102,4.998138291611102,24.98138638206915,False,177.0,False,False
2021-08-08 05:00:00,20210808,21,21,5,7,8,1,0,1,8.0,1.0,0,0,True,0,0,1,0,0,0,0,23.5,1.5,98,2.1,7.9,2021-08,25.846981776017802,-4.8469817760178024,4.8469817760178024,23.493232337048692,False,177.0,False,False
2021-08-08 06:00:00,20210808,21,23,6,7,8,1,0,1,8.0,1.0,0,0,True,0,0,1,0,0,0,0,24.6,2.6000000000000014,98,1.9,7.9,2021-08,26.080326932236062,-5.080326932236062,5.080326932236062,25.809721738403077,False,177.0,False,False
2021-08-08 07:00:00,20210808,22,25,7,7,8,1,0,1,8.0,1.0,0,1,True,0,0,1,0,0,0,0,25.9,3.8999999999999986,92,1.2,7.9,2021-08,26.5363511884848,-4.536351188484801,4.536351188484801,20.578482105267465,False,177.0,False,False
2021-08-08 08:00:00,20210808,21,21,8,7,8,1,0,1,8.0,1.0,2,0,True,0,0,1,0,0,0,0,26.4,4.399999999999999,92,1.4,7.9,2021-08,26.38453457209002,-5.384534572090018,5.384534572090018,28.99321255803264,False,177.0,False,False
2021-08-08 09:00:00,20210808,21,21,9,7,8,1,0,1,8.0,1.0,2,0,True,0,0,1,0,0,0,0,27.6,5.600000000000001,88,2.2,7.9,2021-08,26.229529401428067,-5.229529401428067,5.229529401428067,27.3479777604006,False,177.0,False,False
2021-08-08 10:00:00,20210808,23,25,10,7,8,1,0,1,8.0,1.0,2,0,True,0,0,1,0,0,0,0,28.0,6.0,84,2.1,7.9,2021-08,26.61559817515763,-3.615598175157629,3.615598175157629,13.072550164203179,False,177.0,False,False
2021-08-08 11:00:00,20210808,21,21,11,7,8,1,0,1,8.0,1.0,2,0,True,0,0,1,0,0,0,0,27.2,5.199999999999999,89,1.8,8.0,2021-08,26.963912415697052,-5.963912415697052,5.963912415697052,35.56825130210545,False,177.0,False,False
2021-08-08 12:00:00,20210808,21,21,12,7,8,1,0,1,8.0,1.0,1,1,True,0,0,1,0,0,0,0,23.1,1.1000000000000014,97,2.4,22.9,2021-08,25.757858307490604,-4.757858307490604,4.757858307490604,22.637215674157357,False,177.0,False,False
2021-08-08 13:00:00,20210808,21,23,13,7,8,1,0,1,8.0,1.0,2,0,True,0,0,1,0,0,0,0,23.8,1.8000000000000007,98,2.2,23.4,2021-08,25.897336631814643,-4.8973366318146425,4.8973366318146425,23.98390608531359,False,177.0,False,False
2021-08-08 14:00:00,20210808,22,25,14,7,8,1,0,1,8.0,1.0,2,0,True,0,0,1,0,0,0,0,23.9,1.8999999999999986,98,1.6,23.7,2021-08,25.96095633739293,-3.960956337392929,3.960956337392929,15.689175106733208,False,177.0,False,False
2021-08-08 15:00:00,20210808,21,21,15,7,8,1,0,1,8.0,1.0,2,0,True,0,0,1,0,0,0,0,24.1,2.1000000000000014,98,2.0,24.2,2021-08,25.863098941697917,-4.863098941697917,4.863098941697917,23.6497313167434,False,177.0,False,False
2021-08-08 16:00:00,20210808,21,21,16,7,8,1,0,1,8.0,1.0,2,0,True,0,0,1,0,0,0,0,24.2,2.1999999999999993,98,1.4,24.6,2021-08,25.976618453430586,-4.976618453430586,4.976618453430586,24.766731231025837,False,177.0,False,False
2021-08-08 17:00:00,20210808,22,25,17,7,8,1,0,1,8.0,1.0,2,1,True,0,0,1,0,0,0,0,24.8,2.8000000000000007,98,2.0,24.8,2021-08,25.618582425114667,-3.618582425114667,3.618582425114667,13.094138767348744,False,177.0,False,False
2021-08-08 18:00:00,20210808,22,24,18,7,8,1,0,1,8.0,1.0,2,0,True,0,0,1,0,0,0,0,24.4,2.3999999999999986,98,1.9,24.8,2021-08,26.040053293202316,-4.040053293202316,4.040053293202316,16.32203061191488,False,177.0,False,False
2021-08-08 19:00:00,20210808,21,21,19,7,8,1,0,1,8.0,1.0,2,0,True,0,0,1,0,0,0,0,23.9,1.8999999999999986,98,1.7,25.7,2021-08,25.899436970432333,-4.899436970432333,4.899436970432333,24.00448262723916,False,177.0,False,False
2021-08-08 20:00:00,20210808,21,22,20,7,8,1,0,1,8.0,1.0,0,0,True,0,0,1,0,0,0,0,23.2,1.1999999999999993,98,2.3,28.0,2021-08,26.105501803704446,-5.1055018037044455,5.1055018037044455,26.066148667629346,False,177.0,False,False
2021-08-08 21:00:00,20210808,22,26,21,7,8,1,0,1,8.0,1.0,0,0,True,0,0,1,0,0,0,0,22.7,0.6999999999999993,98,2.4,29.5,2021-08,26.20485562134432,-4.2048556213443185,4.2048556213443185,17.680810796350915,False,177.0,False,False
2021-08-08 22:00:00,20210808,21,22,22,7,8,1,0,1,8.0,1.0,0,0,True,0,0,1,0,0,0,0,23.3,1.3000000000000007,98,2.5,34.7,2021-08,26.600987361617797,-5.600987361617797,5.600987361617797,31.37105942500229,False,177.0,False,False
2021-08-08 23:00:00,20210808,21,21,23,7,8,1,0,1,8.0,1.0,0,0,True,0,0,1,0,0,0,0,23.1,1.1000000000000014,98,2.8,37.2,2021-08,27.02665803179112,-6.0266580317911185,6.0266580317911185,36.320607032152395,False,177.0,False,False
2021-08-09 00:00:00,20210809,21,21,0,1,8,0,0,1,9.0,1.0,0,0,False,0,0,1,20689,15,1,0,23.3,1.3000000000000007,98,3.3,5.2,2021-08,24.956694901443996,-3.9566949014439956,3.9566949014439956,15.65543454311291,False,177.0,False,False
2021-08-09 01:00:00,20210809,23,25,1,1,8,0,0,1,9.0,1.0,0,0,False,0,0,1,20689,15,1,0,23.6,1.6000000000000014,98,3.3,7.1,2021-08,24.778962011027957,-1.7789620110279571,1.7789620110279571,3.1647058366806333,False,177.0,False,False
2021-08-09 02:00:00,20210809,20,21,2,1,8,0,0,1,9.0,1.0,0,0,False,0,0,1,20689,15,1,0,23.4,1.3999999999999986,98,4.5,7.6,2021-08,24.820002923898922,-4.820002923898922,4.820002923898922,23.23242818639416,False,177.0,False,False
2021-08-09 03:00:00,20210809,22,23,3,1,8,0,0,1,9.0,1.0,0,0,False,0,0,1,20689,15,1,0,22.7,0.6999999999999993,98,4.5,8.3,2021-08,24.87376609573241,-2.8737660957324103,2.8737660957324103,8.2585315729811,False,177.0,False,False
2021-08-09 04:00:00,20210809,21,22,4,1,8,0,0,1,9.0,1.0,0,0,False,0,0,1,20689,15,1,0,22.7,0.6999999999999993,96,4.3,8.5,2021-08,24.924795679065397,-3.9247956790653973,3.9247956790653973,15.404021122410413,False,177.0,False,False
2021-08-09 05:00:00,20210809,21,25,5,1,8,0,0,1,9.0,1.0,0,0,False,0,0,1,20689,15,1,0,22.7,0.6999999999999993,96,4.1,8.8,2021-08,24.626550659550144,-3.626550659550144,3.626550659550144,13.151869686283586,False,177.0,False,False
2021-08-09 06:00:00,20210809,20,20,6,1,8,0,0,1,9.0,1.0,0,0,False,0,0,1,20689,15,1,0,22.6,0.6000000000000014,97,4.1,9.0,2021-08,33.511288818410456,-13.511288818410456,13.511288818410456,182.5549255345034,False,177.0,False,False
2021-08-09 07:00:00,20210809,70,112,7,1,8,0,0,1,9.0,1.0,0,1,False,10,10,0,20689,15,0,0,22.5,0.5,98,3.3,9.7,2021-08,68.88510357366712,1.1148964263328764,1.1148964263328764,1.242994041449819,True,177.0,False,False
2021-08-09 08:00:00,20210809,193,215,8,1,8,0,0,1,9.0,1.0,2,0,False,749,749,0,20689,15,0,0,23.6,1.6000000000000014,93,2.6,9.7,2021-08,175.02149070438114,17.978509295618863,17.978509295618863,323.2267964926539,True,177.0,True,False
2021-08-09 09:00:00,20210809,191,197,9,1,8,0,0,1,9.0,1.0,2,0,False,773,773,0,20689,15,0,0,25.0,3.0,85,2.7,9.7,2021-08,175.61434074071417,15.38565925928583,15.38565925928583,236.71851084284782,True,177.0,True,False
2021-08-09 10:00:00,20210809,182,201,10,1,8,0,0,1,9.0,1.0,2,0,False,408,408,0,20689,15,0,0,26.5,4.5,75,2.6,9.7,2021-08,172.35168956464187,9.648310435358127,9.648310435358127,93.08989425704053,True,177.0,True,False
2021-08-09 11:00:00,20210809,187,192,11,1,8,0,0,1,9.0,1.0,2,0,False,1431,800,0,20689,15,0,0,26.5,4.5,76,1.8,9.7,2021-08,178.49488803529553,8.505111964704469,8.505111964704469,72.3369295321591,True,177.0,True,False
2021-08-09 12:00:00,20210809,129,144,12,1,8,0,0,1,9.0,1.0,1,1,False,120,120,0,20689,15,0,0,28.2,6.199999999999999,69,3.1,9.7,2021-08,110.30027534617788,18.699724653822116,18.699724653822116,349.67970212876264,True,177.0,False,True
2021-08-09 13:00:00,20210809,182,200,13,1,8,0,0,1,9.0,1.0,2,0,False,7569,800,0,20689,15,0,0,29.2,7.199999999999999,64,2.8,9.7,2021-08,172.52365134860634,9.476348651393664,9.476348651393664,89.80118376277052,True,177.0,True,False
2021-08-09 14:00:00,20210809,183,191,14,1,8,0,0,1,9.0,1.0,2,0,False,3753,800,0,20689,15,0,0,28.2,6.199999999999999,70,2.1,9.7,2021-08,177.4825236876685,5.517476312331496,5.517476312331496,30.442544857139165,True,177.0,True,False
2021-08-09 15:00:00,20210809,167,183,15,1,8,0,0,1,9.0,1.0,2,0,False,1087,800,0,20689,15,0,0,28.7,6.699999999999999,69,3.5,9.7,2021-08,169.07217310805956,-2.072173108059559,2.072173108059559,4.293901389765212,False,177.0,False,False
2021-08-09 16:00:00,20210809,184,191,16,1,8,0,0,1,9.0,1.0,2,0,False,1416,800,0,20689,15,0,0,28.1,6.100000000000001,69,2.9,9.7,2021-08,170.14886248171635,13.85113751828365,13.85113751828365,191.85401055040495,True,177.0,True,False
2021-08-09 17:00:00,20210809,146,169,17,1,8,0,0,1,9.0,1.0,2,1,False,3120,800,0,20689,15,0,0,27.5,5.5,73,2.6,9.7,2021-08,133.6260305816445,12.3739694183555,12.3739694183555,153.11511916639716,True,177.0,False,False
2021-08-09 18:00:00,20210809,98,103,18,1,8,0,0,1,9.0,1.0,2,0,False,0,0,1,20689,15,0,0,26.1,4.100000000000001,79,1.4,9.7,2021-08,98.84658999638589,-0.8465899963858874,0.8465899963858874,0.7167146219806568,False,177.0,False,False
2021-08-09 19:00:00,20210809,93,95,19,1,8,0,0,1,9.0,1.0,2,0,False,0,0,1,20689,15,0,0,25.4,3.3999999999999986,83,1.3,9.7,2021-08,92.4648625724159,0.5351374275841039,0.5351374275841039,0.286372066401332,True,177.0,False,False
2021-08-09 20:00:00,20210809,109,113,20,1,8,0,0,1,9.0,1.0,0,0,False,36,36,0,20689,15,0,0,24.8,2.8000000000000007,83,1.0,9.7,2021-08,100.76641154853371,8.23358845146629,8.23358845146629,67.79197878811905,True,177.0,False,False
2021-08-09 21:00:00,20210809,115,119,21,1,8,0,0,1,9.0,1.0,0,0,False,114,114,0,20689,15,0,0,23.3,1.3000000000000007,94,2.2,9.8,2021-08,110.38849765917648,4.61150234082352,4.61150234082352,21.265953839420806,True,177.0,False,False
2021-08-09 22:00:00,20210809,109,112,22,1,8,0,0,1,9.0,1.0,0,0,False,63,63,0,20689,15,0,0,22.0,0.0,98,1.3,18.0,2021-08,103.79456626114573,5.205433738854268,5.205433738854268,27.09654040960232,True,177.0,False,False
2021-08-09 23:00:00,20210809,98,108,23,1,8,0,0,1,9.0,1.0,0,0,False,40,40,0,20689,15,0,0,22.0,0.0,98,0.7,19.8,2021-08,92.74216527480905,5.257834725190946,5.257834725190946,27.644825997423755,True,177.0,False,False
2021-08-10 00:00:00,20210810,68,71,0,2,8,0,0,0,0.0,2.0,0,0,False,0,0,1,17425,21,1,0,22.1,0.10000000000000142,98,1.1,0.3,2021-08,59.47544598095927,8.524554019040728,8.524554019040728,72.66802122354343,True,177.0,False,False
2021-08-10 01:00:00,20210810,99,104,1,2,8,0,0,0,0.0,2.0,0,0,False,30,30,0,17425,21,0,0,22.1,0.10000000000000142,98,1.7,0.3,2021-08,97.8191093520549,1.1808906479451053,1.1808906479451053,1.3945027224042108,True,177.0,False,False
2021-08-10 02:00:00,20210810,96,97,2,2,8,0,0,0,0.0,2.0,0,0,False,435,435,0,17425,21,0,0,21.9,0.0,98,1.3,0.3,2021-08,103.36698176222103,-7.36698176222103,7.36698176222103,54.27242028489728,False,177.0,False,False
2021-08-10 03:00:00,20210810,98,104,3,2,8,0,0,0,0.0,2.0,0,0,False,18,18,0,17425,21,0,0,22.0,0.0,98,0.6,0.3,2021-08,103.66872253562549,-5.668722535625491,5.668722535625491,32.1344151859083,False,177.0,False,False
2021-08-10 04:00:00,20210810,101,103,4,2,8,0,0,0,0.0,2.0,0,0,False,88,88,0,17425,21,0,0,22.0,0.0,98,2.3,0.3,2021-08,103.54192566093997,-2.5419256609399667,2.5419256609399667,6.461386065745087,False,177.0,False,False
2021-08-10 05:00:00,20210810,85,99,5,2,8,0,0,0,0.0,2.0,0,0,False,10,10,0,17425,21,0,0,21.9,0.0,98,2.4,0.3,2021-08,94.03907667336686,-9.039076673366864,9.039076673366864,81.70490710700497,False,177.0,False,False
2021-08-10 06:00:00,20210810,100,105,6,2,8,0,0,0,0.0,2.0,0,0,False,194,194,0,17425,21,0,0,21.8,0.0,98,1.8,0.3,2021-08,108.10621823316562,-8.10621823316562,8.10621823316562,65.71077404370675,False,177.0,False,False
2021-08-10 07:00:00,20210810,128,138,7,2,8,0,0,0,0.0,2.0,0,1,False,1883,800,0,17425,21,0,0,22.5,0.5,98,0.9,0.3,2021-08,127.8887935548084,0.11120644519159839,0.11120644519159839,0.012366873452151976,True,177.0,False,False
2021-08-10 08:00:00,20210810,183,195,8,2,8,0,0,0,0.0,2.0,2,0,False,503,503,0,17425,21,0,0,23.2,1.1999999999999993,96,0.7,0.3,2021-08,171.97764868347085,11.022351316529154,11.022351316529154,121.49222854499196,True,177.0,True,False
2021-08-10 09:00:00,20210810,185,193,9,2,8,0,0,0,0.0,2.0,2,0,False,1091,800,0,17425,21,0,0,23.9,1.8999999999999986,93,1.1,0.4,2021-08,174.2843759027968,10.715624097203204,10.715624097203204,114.82459979256197,True,177.0,True,False
2021-08-10 10:00:00,20210810,175,192,10,2,8,0,0,0,0.0,2.0,2,0,False,1629,800,0,17425,21,0,0,25.0,3.0,98,0.7,1.6,2021-08,177.7321436516648,-2.7321436516648134,2.7321436516648134,7.464608933332341,False,177.0,False,False
2021-08-10 11:00:00,20210810,185,191,11,2,8,0,0,0,0.0,2.0,2,0,False,1421,800,0,17425,21,0,0,26.3,4.300000000000001,81,1.5,1.6,2021-08,171.509521687155,13.490478312845,13.490478312845,181.99300510934125,True,177.0,True,False
2021-08-10 12:00:00,20210810,107,119,12,2,8,0,0,0,0.0,2.0,1,1,False,0,0,1,17425,21,0,0,26.9,4.899999999999999,81,1.7,1.6,2021-08,100.76075530032051,6.239244699679489,6.239244699679489,38.92817442247859,True,177.0,False,False
2021-08-10 13:00:00,20210810,181,190,13,2,8,0,0,0,0.0,2.0,2,0,False,1199,800,0,17425,21,0,0,26.5,4.5,77,1.9,1.6,2021-08,162.71571262923098,18.28428737076902,18.28428737076902,334.31516465686354,True,177.0,True,False
2021-08-10 14:00:00,20210810,170,180,14,2,8,0,0,0,0.0,2.0,2,0,False,1693,800,0,17425,21,0,0,25.5,3.5,84,2.1,1.6,2021-08,176.60319242979543,-6.603192429795428,6.603192429795428,43.60215026490764,False,177.0,False,False
2021-08-10 15:00:00,20210810,155,181,15,2,8,0,0,0,0.0,2.0,2,0,False,687,687,0,17425,21,0,0,25.4,3.3999999999999986,87,2.3,1.6,2021-08,172.480589485879,-17.480589485878994,17.480589485878994,305.5710087738232,False,177.0,False,False
2021-08-10 16:00:00,20210810,169,182,16,2,8,0,0,0,0.0,2.0,2,0,False,662,662,0,17425,21,0,0,25.4,3.3999999999999986,85,1.0,1.6,2021-08,170.7805315842861,-1.7805315842861091,1.7805315842861091,3.1702927226404016,False,177.0,False,False
2021-08-10 17:00:00,20210810,126,156,17,2,8,0,0,0,0.0,2.0,2,1,False,518,518,0,17425,21,0,0,24.9,2.8999999999999986,89,1.2,1.7,2021-08,142.86461602254474,-16.864616022544737,16.864616022544737,284.41527358787266,False,177.0,False,False
2021-08-10 18:00:00,20210810,165,168,18,2,8,0,0,0,0.0,2.0,2,0,False,3333,800,0,17425,21,0,0,24.5,2.5,94,0.5,1.7,2021-08,162.29464730102424,2.7053526989757586,2.7053526989757586,7.318933225855422,True,177.0,False,False
2021-08-10 19:00:00,20210810,156,163,19,2,8,0,0,0,0.0,2.0,2,0,False,1764,800,0,17425,21,0,0,24.1,2.1000000000000014,97,0.5,1.7,2021-08,166.05444188882862,-10.05444188882862,10.05444188882862,101.09180169583163,False,177.0,False,False
2021-08-10 20:00:00,20210810,129,135,20,2,8,0,0,0,0.0,2.0,0,0,False,113,113,0,17425,21,0,0,23.9,1.8999999999999986,97,1.1,1.7,2021-08,127.54908017825522,1.450919821744776,1.450919821744776,2.105168329131893,True,177.0,False,False
2021-08-10 21:00:00,20210810,123,127,21,2,8,0,0,0,0.0,2.0,0,0,False,149,149,0,17425,21,0,0,23.9,1.8999999999999986,97,0.6,1.7,2021-08,126.46877622401644,-3.4687762240164375,3.4687762240164375,12.032408492301734,False,177.0,False,False
2021-08-10 22:00:00,20210810,106,114,22,2,8,0,0,0,0.0,2.0,0,0,False,5,5,0,17425,21,0,0,24.1,2.1000000000000014,96,2.0,1.7,2021-08,118.12075476608857,-12.120754766088567,12.120754766088567,146.91269609965872,False,177.0,False,False
2021-08-10 23:00:00,20210810,99,109,23,2,8,0,0,0,0.0,2.0,0,0,False,0,0,1,17425,21,0,1,23.5,1.5,97,1.1,1.7,2021-08,98.59706742783095,0.40293257216904976,0.40293257216904976,0.1623546577147665,True,177.0,False,False
2021-08-11 00:00:00,20210811,77,83,0,3,8,0,0,0,0.0,3.0,0,0,False,0,0,1,19587,23,1,0,23.2,1.1999999999999993,98,0.9,0.0,2021-08,71.7788566713998,5.221143328600206,5.221143328600206,27.26033765778644,True,177.0,False,False
2021-08-11 01:00:00,20210811,99,108,1,3,8,0,0,0,0.0,3.0,0,0,False,54,54,0,19587,23,0,0,23.4,1.3999999999999986,98,1.9,0.0,2021-08,99.5848685829664,-0.5848685829663935,0.5848685829663935,0.34207125934111715,False,177.0,False,False
2021-08-11 02:00:00,20210811,109,114,2,3,8,0,0,0,0.0,3.0,0,0,False,55,55,0,19587,23,0,0,23.1,1.1000000000000014,98,1.3,0.0,2021-08,105.20834876086633,3.791651239133671,3.791651239133671,14.376619119223902,True,177.0,False,False
2021-08-11 03:00:00,20210811,104,113,3,3,8,0,0,0,0.0,3.0,0,0,False,6,6,0,19587,23,0,0,22.7,0.6999999999999993,98,0.7,0.0,2021-08,107.37519001652895,-3.375190016528947,3.375190016528947,11.391907647676673,False,177.0,False,False
2021-08-11 04:00:00,20210811,111,116,4,3,8,0,0,0,0.0,3.0,0,0,False,78,78,0,19587,23,0,0,22.7,0.6999999999999993,98,1.5,0.0,2021-08,107.22678086297543,3.7732191370245687,3.7732191370245687,14.23718265600843,True,177.0,False,False
2021-08-11 05:00:00,20210811,92,105,5,3,8,0,0,0,0.0,3.0,0,0,False,900,800,0,19587,23,0,0,22.5,0.5,98,1.2,0.0,2021-08,103.99953078181268,-11.99953078181268,11.99953078181268,143.98873898367003,False,177.0,False,False
2021-08-11 06:00:00,20210811,122,129,6,3,8,0,0,0,0.0,3.0,0,0,False,69,69,0,19587,23,0,0,23.3,1.3000000000000007,98,1.0,0.0,2021-08,110.06791310156147,11.932086898438527,11.932086898438527,142.37469775188836,True,177.0,False,False
2021-08-11 07:00:00,20210811,132,150,7,3,8,0,0,0,0.0,3.0,0,1,False,527,527,0,19587,23,0,0,26.1,4.100000000000001,94,0.6,0.0,2021-08,130.92020905008613,1.0797909499138711,1.0797909499138711,1.1659484955159,True,177.0,False,False
2021-08-11 08:00:00,20210811,203,218,8,3,8,0,0,0,0.0,3.0,2,0,False,783,783,0,19587,23,0,0,25.6,3.6000000000000014,94,1.6,0.0,2021-08,179.57458194066976,23.42541805933024,23.42541805933024,548.7502112543954,True,177.0,True,True
2021-08-11 09:00:00,20210811,179,189,9,3,8,0,0,0,0.0,3.0,2,0,False,885,800,0,19587,23,0,0,27.3,5.300000000000001,79,0.9,0.0,2021-08,180.68545173816906,-1.6854517381690641,1.6854517381690641,2.8407475616971194,False,177.0,True,False
2021-08-11 10:00:00,20210811,183,192,10,3,8,0,0,0,0.0,3.0,2,0,False,4050,800,0,19587,23,0,0,28.6,6.600000000000001,66,0.5,0.0,2021-08,179.83690395949804,3.163096040501955,3.163096040501955,10.005176561439146,True,177.0,True,False
2021-08-11 11:00:00,20210811,184,192,11,3,8,0,0,0,0.0,3.0,2,0,False,1856,800,0,19587,23,0,0,27.6,5.600000000000001,79,1.6,0.0,2021-08,181.31564692345128,2.6843530765487174,2.6843530765487174,7.205751439576564,True,177.0,True,False
2021-08-11 12:00:00,20210811,113,132,12,3,8,0,0,0,0.0,3.0,1,1,False,187,187,0,19587,23,0,0,29.4,7.399999999999999,67,2.0,0.0,2021-08,118.34604527700158,-5.346045277001579,5.346045277001579,28.58020010375089,False,177.0,False,False
2021-08-11 13:00:00,20210811,183,205,13,3,8,0,0,0,0.0,3.0,2,0,False,500,500,0,19587,23,0,0,28.7,6.699999999999999,76,2.4,0.0,2021-08,176.89918799597356,6.100812004026437,6.100812004026437,37.21990710847307,True,177.0,True,False
2021-08-11 14:00:00,20210811,187,207,14,3,8,0,0,0,0.0,3.0,2,0,False,979,800,0,19587,23,0,0,28.4,6.399999999999999,80,2.3,0.0,2021-08,179.74687200014014,7.253127999859856,7.253127999859856,52.60786578235104,True,177.0,True,False
2021-08-11 15:00:00,20210811,153,177,15,3,8,0,0,0,0.0,3.0,2,0,False,1734,800,0,19587,23,0,0,28.7,6.699999999999999,73,2.6,0.0,2021-08,163.97171125386646,-10.97171125386646,10.97171125386646,120.37844783821991,False,177.0,False,False
2021-08-11 16:00:00,20210811,182,187,16,3,8,0,0,0,0.0,3.0,2,0,False,330,330,0,19587,23,0,0,27.0,5.0,76,2.2,0.0,2021-08,168.2732885889429,13.726711411057096,13.726711411057096,188.42260616244508,True,177.0,True,False
2021-08-11 17:00:00,20210811,151,177,17,3,8,0,0,0,0.0,3.0,2,1,False,251,251,0,19587,23,0,0,25.7,3.6999999999999993,77,1.9,0.0,2021-08,133.49132651231432,17.508673487685684,17.508673487685684,306.55364729838755,True,177.0,False,False
2021-08-11 18:00:00,20210811,180,194,18,3,8,0,0,0,0.0,3.0,2,0,False,2420,800,0,19587,23,0,0,25.2,3.1999999999999993,78,2.8,0.0,2021-08,168.32543678579938,11.674563214200617,11.674563214200617,136.29542624236626,True,177.0,True,False
2021-08-11 19:00:00,20210811,150,163,19,3,8,0,0,0,0.0,3.0,2,0,False,3724,800,0,19587,23,0,0,24.4,2.3999999999999986,88,1.9,0.0,2021-08,147.82730704979693,2.1726929502030714,2.1726929502030714,4.720594655862126,True,177.0,False,False
2021-08-11 20:00:00,20210811,125,128,20,3,8,0,0,0,0.0,3.0,0,0,False,6,6,0,19587,23,0,0,23.9,1.8999999999999986,87,1.2,0.0,2021-08,114.63533772442992,10.364662275570083,10.364662275570083,107.42622408662561,True,177.0,False,False
2021-08-11 21:00:00,20210811,108,115,21,3,8,0,0,0,0.0,3.0,0,0,False,69,69,0,19587,23,0,0,23.1,1.1000000000000014,88,0.7,0.0,2021-08,111.0921652957641,-3.0921652957641044,3.0921652957641044,9.56148621632791,False,177.0,False,False
2021-08-11 22:00:00,20210811,110,116,22,3,8,0,0,0,0.0,3.0,0,0,False,98,98,0,19587,23,0,0,23.2,1.1999999999999993,91,1.2,0.0,2021-08,105.36226049078958,4.637739509210419,4.637739509210419,21.508627755291304,True,177.0,False,False
2021-08-11 23:00:00,20210811,99,109,23,3,8,0,0,0,0.0,3.0,0,0,False,26,26,0,19587,23,0,0,22.6,0.6000000000000014,93,1.2,0.0,2021-08,101.58577100526662,-2.585771005266622,2.585771005266622,6.686211691677557,False,177.0,False,False
2021-08-12 00:00:00,20210812,76,81,0,4,8,0,0,0,0.0,4.0,0,0,False,0,0,1,22339,21,1,0,21.9,0.0,96,1.2,0.0,2021-08,59.169848553120374,16.830151446879626,16.830151446879626,283.25399772490437,True,177.0,False,False
2021-08-12 01:00:00,20210812,105,115,1,4,8,0,0,0,0.0,4.0,0,0,False,139,139,0,22339,21,0,0,21.8,0.0,97,1.5,0.0,2021-08,98.27877306119997,6.721226938800029,6.721226938800029,45.174891562851215,True,177.0,False,False
2021-08-12 02:00:00,20210812,108,110,2,4,8,0,0,0,0.0,4.0,0,0,False,108,108,0,22339,21,0,0,21.4,0.0,98,1.1,0.0,2021-08,103.83087385678168,4.169126143218321,4.169126143218321,17.381612798066474,True,177.0,False,False
2021-08-12 03:00:00,20210812,104,110,3,4,8,0,0,0,0.0,4.0,0,0,False,191,191,0,22339,21,0,0,20.9,0.0,98,0.7,0.0,2021-08,104.03014624205304,-0.03014624205303562,0.03014624205303562,0.0009087959099202134,False,177.0,False,False
2021-08-12 04:00:00,20210812,107,114,4,4,8,0,0,0,0.0,4.0,0,0,False,108,108,0,22339,21,0,0,21.4,0.0,98,0.5,0.0,2021-08,104.65205727406821,2.3479427259317873,2.3479427259317873,5.512835044255993,True,177.0,False,False
2021-08-12 05:00:00,20210812,89,103,5,4,8,0,0,0,0.0,4.0,0,0,False,459,459,0,22339,21,0,0,21.5,0.0,98,0.4,0.0,2021-08,94.61761086095953,-5.61761086095953,5.61761086095953,31.557551785170475,False,177.0,False,False
2021-08-12 06:00:00,20210812,114,117,6,4,8,0,0,0,0.0,4.0,0,0,False,300,300,0,22339,21,0,0,22.4,0.3999999999999986,98,1.4,0.0,2021-08,106.19929676900479,7.800703230995211,7.800703230995211,60.850970898059124,True,177.0,False,False
2021-08-12 07:00:00,20210812,130,149,7,4,8,0,0,0,0.0,4.0,0,1,False,702,702,0,22339,21,0,0,23.6,1.6000000000000014,95,1.1,0.0,2021-08,127.7201588262886,2.2798411737114037,2.2798411737114037,5.197675777349791,True,177.0,False,False
2021-08-12 08:00:00,20210812,187,196,8,4,8,0,0,0,0.0,4.0,2,0,False,1250,800,0,22339,21,0,0,25.3,3.3000000000000007,90,1.0,0.0,2021-08,177.6360123731272,9.363987626872813,9.363987626872813,87.68426427622714,True,177.0,True,False
2021-08-12 09:00:00,20210812,181,189,9,4,8,0,0,0,0.0,4.0,2,0,False,1195,800,0,22339,21,0,0,28.1,6.100000000000001,74,1.6,0.0,2021-08,184.40732932318667,-3.407329323186673,3.407329323186673,11.60989311664775,False,177.0,True,False
2021-08-12 10:00:00,20210812,177,186,10,4,8,0,0,0,0.0,4.0,2,0,False,990,800,0,22339,21,0,0,28.8,6.800000000000001,66,2.8,0.0,2021-08,178.3440051013973,-1.3440051013973005,1.3440051013973005,1.8063497125819679,False,177.0,True,False
2021-08-12 11:00:00,20210812,188,199,11,4,8,0,0,0,0.0,4.0,2,0,False,1075,800,0,22339,21,0,0,28.2,6.199999999999999,73,2.6,0.0,2021-08,182.90917788945603,5.090822110543968,5.090822110543968,25.91646976120334,True,177.0,True,False
2021-08-12 12:00:00,20210812,120,133,12,4,8,0,0,0,0.0,4.0,1,1,False,85,85,0,22339,21,0,0,27.6,5.600000000000001,75,3.0,0.0,2021-08,106.27464868079379,13.725351319206212,13.725351319206212,188.38526883563569,True,177.0,False,False
2021-08-12 13:00:00,20210812,170,191,13,4,8,0,0,0,0.0,4.0,2,0,False,1315,800,0,22339,21,0,0,28.2,6.199999999999999,73,2.9,0.0,2021-08,181.9935758484913,-11.993575848491304,11.993575848491304,143.8458616335139,False,177.0,False,False
2021-08-12 14:00:00,20210812,184,193,14,4,8,0,0,0,0.0,4.0,2,0,False,1222,800,0,22339,21,0,0,28.0,6.0,76,3.8,0.0,2021-08,182.05825840015552,1.9417415998444767,1.9417415998444767,3.770360440566588,True,177.0,True,False
2021-08-12 15:00:00,20210812,165,197,15,4,8,0,0,0,0.0,4.0,2,0,False,768,768,0,22339,21,0,0,27.1,5.100000000000001,79,2.1,0.0,2021-08,163.3912296884432,1.6087703115568104,1.6087703115568104,2.5881419153465965,True,177.0,False,False
2021-08-12 16:00:00,20210812,170,176,16,4,8,0,0,0,0.0,4.0,2,0,False,6810,800,0,22339,21,0,0,26.7,4.699999999999999,81,2.0,0.0,2021-08,170.3433729571616,-0.34337295716159133,0.34337295716159133,0.11790498770989603,False,177.0,False,False
2021-08-12 17:00:00,20210812,135,160,17,4,8,0,0,0,0.0,4.0,2,1,False,635,635,0,22339,21,0,0,26.1,4.100000000000001,84,1.3,0.0,2021-08,135.94460148862748,-0.9446014886274838,0.9446014886274838,0.8922719723172585,False,177.0,False,False
2021-08-12 18:00:00,20210812,172,177,18,4,8,0,0,0,0.0,4.0,2,0,False,1081,800,0,22339,21,0,0,25.8,3.8000000000000007,85,1.2,0.0,2021-08,168.99756043408024,3.002439565919758,3.002439565919758,9.014643347000424,True,177.0,False,False
2021-08-12 19:00:00,20210812,161,182,19,4,8,0,0,0,0.0,4.0,2,0,False,3692,800,0,22339,21,0,0,25.4,3.3999999999999986,88,1.1,0.0,2021-08,162.81418339769164,-1.814183397691636,1.814183397691636,3.2912614004599683,False,177.0,False,False
2021-08-12 20:00:00,20210812,125,127,20,4,8,0,0,0,0.0,4.0,0,0,False,114,114,0,22339,21,0,0,24.3,2.3000000000000007,98,1.5,0.8,2021-08,118.71314951558027,6.28685048441973,6.28685048441973,39.5244890134486,True,177.0,False,False
2021-08-12 21:00:00,20210812,112,114,21,4,8,0,0,0,0.0,4.0,0,0,False,0,0,1,22339,21,0,0,24.2,2.1999999999999993,98,0.9,1.3,2021-08,99.76031322970414,12.239686770295862,12.239686770295862,149.80993223495554,True,177.0,False,False
2021-08-12 22:00:00,20210812,116,122,22,4,8,0,0,0,0.0,4.0,0,0,False,0,0,1,22339,21,0,0,24.1,2.1000000000000014,98,0.7,1.3,2021-08,95.46400508817918,20.535994911820822,20.535994911820822,421.7270870183307,True,177.0,False,True
2021-08-12 23:00:00,20210812,103,118,23,4,8,0,0,0,0.0,4.0,0,0,False,100,100,0,22339,21,0,0,23.9,1.8999999999999986,98,0.9,1.4,2021-08,101.02796274234545,1.9720372576545486,1.9720372576545486,3.8889309455776724,True,177.0,False,False
2021-08-13 00:00:00,20210813,72,79,0,5,8,0,0,0,0.0,5.0,0,0,False,137,137,0,17668,22,0,0,23.9,1.8999999999999986,98,1.2,0.0,2021-08,78.13485433198467,-6.13485433198467,6.13485433198467,37.63643767467107,False,177.0,False,False
2021-08-13 01:00:00,20210813,100,105,1,5,8,0,0,0,0.0,5.0,0,0,False,45,45,0,17668,22,0,0,23.7,1.6999999999999993,98,1.1,0.0,2021-08,105.6581848128468,-5.658184812846798,5.658184812846798,32.01505537633016,False,177.0,False,False
2021-08-13 02:00:00,20210813,112,117,2,5,8,0,0,0,0.0,5.0,0,0,False,100,100,0,17668,22,0,0,23.7,1.6999999999999993,98,1.2,0.0,2021-08,104.69714832435318,7.302851675646821,7.302851675646821,53.33164259649757,True,177.0,False,False
2021-08-13 03:00:00,20210813,116,120,3,5,8,0,0,0,0.0,5.0,0,0,False,190,190,0,17668,22,0,0,23.3,1.3000000000000007,98,1.3,0.2,2021-08,107.43782459121273,8.562175408787269,8.562175408787269,73.31084773084143,True,177.0,False,False
2021-08-13 04:00:00,20210813,110,116,4,5,8,0,0,0,0.0,5.0,0,0,False,97,97,0,17668,22,0,0,23.4,1.3999999999999986,98,1.1,0.2,2021-08,101.39653078121923,8.603469218780774,8.603469218780774,74.01968259850825,True,177.0,False,False
2021-08-13 05:00:00,20210813,88,108,5,5,8,0,0,0,0.0,5.0,0,0,False,0,0,1,17668,22,0,0,23.1,1.1000000000000014,98,1.9,0.2,2021-08,83.23189646656705,4.768103533432949,4.768103533432949,22.734811305535775,True,177.0,False,False
2021-08-13 06:00:00,20210813,110,116,6,5,8,0,0,0,0.0,5.0,0,0,False,831,800,0,17668,22,0,0,23.2,1.1999999999999993,98,1.9,0.2,2021-08,106.5213925287919,3.478607471208093,3.478607471208093,12.100709938744766,True,177.0,False,False
2021-08-13 07:00:00,20210813,136,166,7,5,8,0,0,0,0.0,5.0,0,1,False,352,352,0,17668,22,0,0,23.9,1.8999999999999986,98,1.7,0.2,2021-08,129.53324741183476,6.466752588165235,6.466752588165235,41.81888903654177,True,177.0,False,False
2021-08-13 08:00:00,20210813,196,207,8,5,8,0,0,0,0.0,5.0,2,0,False,1107,800,0,17668,22,0,0,24.9,2.8999999999999986,92,2.8,0.2,2021-08,175.24798228234127,20.75201771765873,20.75201771765873,430.6462393540219,True,177.0,True,True
2021-08-13 09:00:00,20210813,188,191,9,5,8,0,0,0,0.0,5.0,2,0,False,1246,800,0,17668,22,0,0,25.7,3.6999999999999993,88,1.7,0.2,2021-08,177.55476043977956,10.445239560220443,10.445239560220443,109.10302947039416,True,177.0,True,False
2021-08-13 10:00:00,20210813,184,201,10,5,8,0,0,0,0.0,5.0,2,0,False,1023,800,0,17668,22,0,0,23.6,1.6000000000000014,96,1.4,3.5,2021-08,172.12530129377595,11.874698706224052,11.874698706224052,141.00846936359918,True,177.0,True,False
2021-08-13 11:00:00,20210813,196,204,11,5,8,0,0,0,0.0,5.0,2,0,False,1809,800,0,17668,22,0,0,25.1,3.1000000000000014,91,2.0,3.5,2021-08,173.98495777344007,22.015042226559927,22.015042226559927,484.6620842372167,True,177.0,True,True
2021-08-13 12:00:00,20210813,111,134,12,5,8,0,0,0,0.0,5.0,1,1,False,30,30,0,17668,22,0,0,25.7,3.6999999999999993,87,2.3,3.5,2021-08,111.00246213118051,-0.002462131180507754,0.002462131180507754,6.062089950028506e-06,False,177.0,False,False
2021-08-13 13:00:00,20210813,183,195,13,5,8,0,0,0,0.0,5.0,2,0,False,1393,800,0,17668,22,0,0,25.9,3.8999999999999986,82,3.2,3.5,2021-08,174.97686276894873,8.023137231051265,8.023137231051265,64.37073102828097,True,177.0,True,False
2021-08-13 14:00:00,20210813,189,200,14,5,8,0,0,0,0.0,5.0,2,0,False,1512,800,0,17668,22,0,0,26.4,4.399999999999999,80,3.2,3.5,2021-08,177.33779505270897,11.66220494729103,11.66220494729103,136.0070242326194,True,177.0,True,False
2021-08-13 15:00:00,20210813,167,195,15,5,8,0,0,0,0.0,5.0,2,0,False,1316,800,0,17668,22,0,0,26.2,4.199999999999999,81,3.3,3.5,2021-08,169.7974532998899,-2.797453299889895,2.797453299889895,7.825744965064864,False,177.0,False,False
2021-08-13 16:00:00,20210813,183,186,16,5,8,0,0,0,0.0,5.0,2,0,False,1055,800,0,17668,22,0,0,25.5,3.5,84,1.9,3.5,2021-08,170.85693757815406,12.14306242184594,12.14306242184594,147.453964980847,True,177.0,True,False
2021-08-13 17:00:00,20210813,149,176,17,5,8,0,0,0,0.0,5.0,2,1,False,770,770,0,17668,22,0,0,25.2,3.1999999999999993,86,1.2,3.5,2021-08,139.38419175227133,9.615808247728665,9.615808247728665,92.46376825708663,True,177.0,False,False
2021-08-13 18:00:00,20210813,174,177,18,5,8,0,0,0,0.0,5.0,2,0,False,1523,800,0,17668,22,0,0,24.7,2.6999999999999993,86,1.7,3.5,2021-08,166.56012721210726,7.439872787892739,7.439872787892739,55.35170710002687,True,177.0,False,False
2021-08-13 19:00:00,20210813,146,168,19,5,8,0,0,0,0.0,5.0,2,0,False,2206,800,0,17668,22,0,0,24.7,2.6999999999999993,87,2.2,3.5,2021-08,143.14899982696133,2.8510001730386705,2.8510001730386705,8.128201986666529,True,177.0,False,False
2021-08-13 20:00:00,20210813,117,125,20,5,8,0,0,0,0.0,5.0,0,0,False,0,0,1,17668,22,0,0,24.8,2.8000000000000007,88,1.4,3.5,2021-08,85.70528631090038,31.294713689099623,31.294713689099623,979.3591048827194,True,177.0,False,True
2021-08-13 21:00:00,20210813,113,119,21,5,8,0,0,0,0.0,5.0,0,0,False,55,55,0,17668,22,0,0,24.6,2.6000000000000014,89,1.2,3.5,2021-08,98.87475771495379,14.125242285046212,14.125242285046212,199.52246961125755,True,177.0,False,False
2021-08-13 22:00:00,20210813,109,118,22,5,8,0,0,0,0.0,5.0,0,0,False,832,800,0,17668,22,0,0,24.3,2.3000000000000007,90,1.3,3.5,2021-08,104.3134741377783,4.6865258622217,4.6865258622217,21.96352465727285,True,177.0,False,False
2021-08-13 23:00:00,20210813,97,116,23,5,8,0,0,0,0.0,5.0,0,0,False,39,39,0,17668,22,0,0,24.0,2.0,91,1.9,3.5,2021-08,98.89572311060397,-1.8957231106039671,1.8957231106039671,3.593766112077981,False,177.0,False,False
2021-08-14 00:00:00,20210814,62,67,0,6,8,1,0,0,0.0,6.0,0,0,False,0,0,1,1529,7,1,0,24.0,2.0,91,1.4,0.0,2021-08,43.25136422105009,18.74863577894991,18.74863577894991,351.5113435717207,True,177.0,False,True
2021-08-14 01:00:00,20210814,97,106,1,6,8,1,0,0,0.0,6.0,0,0,False,237,237,0,1529,7,0,0,24.3,2.3000000000000007,90,1.6,0.0,2021-08,77.73740421323659,19.262595786763413,19.262595786763413,371.0475964442356,True,177.0,False,True
2021-08-14 02:00:00,20210814,107,108,2,6,8,1,0,0,0.0,6.0,0,0,False,61,61,0,1529,7,0,0,24.2,2.1999999999999993,91,1.8,0.0,2021-08,85.55880787586601,21.44119212413399,21.44119212413399,459.7247197040255,True,177.0,False,True
2021-08-14 03:00:00,20210814,91,98,3,6,8,1,0,0,0.0,6.0,0,0,False,61,61,0,1529,7,0,0,23.3,1.3000000000000007,98,1.8,0.6,2021-08,85.92610365784488,5.073896342155123,5.073896342155123,25.74442409093514,True,177.0,False,False
2021-08-14 04:00:00,20210814,98,100,4,6,8,1,0,0,0.0,6.0,0,0,False,40,40,0,1529,7,0,0,23.2,1.1999999999999993,97,2.0,1.0,2021-08,86.67127281459307,11.328727185406933,11.328727185406933,128.3400596413781,True,177.0,False,False
2021-08-14 05:00:00,20210814,83,91,5,6,8,1,0,0,0.0,6.0,0,0,False,198,198,0,1529,7,0,0,23.2,1.1999999999999993,97,1.7,1.1,2021-08,87.64120427980004,-4.641204279800036,4.641204279800036,21.540777166834168,False,177.0,False,False
2021-08-14 06:00:00,20210814,86,91,6,6,8,1,0,0,0.0,6.0,0,0,False,136,136,0,1529,7,0,0,22.6,0.6000000000000014,98,1.7,3.7,2021-08,90.55596291837423,-4.5559629183742345,4.5559629183742345,20.75679811360107,False,177.0,False,False
2021-08-14 07:00:00,20210814,53,75,7,6,8,1,0,0,0.0,6.0,0,1,False,796,796,0,1529,7,0,0,22.2,0.1999999999999993,98,1.5,12.8,2021-08,83.61242532128557,-30.61242532128557,30.61242532128557,937.120584051286,False,177.0,False,True
2021-08-14 08:00:00,20210814,23,26,8,6,8,1,0,0,0.0,6.0,2,0,False,0,0,1,1529,7,0,1,22.2,0.1999999999999993,98,2.0,16.1,2021-08,45.86905898842315,-22.86905898842315,22.86905898842315,522.9938590159776,False,177.0,False,True
2021-08-14 09:00:00,20210814,22,23,9,6,8,1,0,0,0.0,6.0,2,0,False,0,0,1,1529,7,0,1,22.1,0.10000000000000142,98,2.0,20.1,2021-08,29.180344762599713,-7.180344762599713,7.180344762599713,51.55735090979313,False,177.0,False,False
2021-08-14 10:00:00,20210814,21,21,10,6,8,1,0,0,0.0,6.0,2,0,False,0,0,1,1529,7,0,1,22.9,0.8999999999999986,98,2.8,23.7,2021-08,29.309472137597307,-8.309472137597307,8.309472137597307,69.04732720550597,False,177.0,False,False
2021-08-14 11:00:00,20210814,23,26,11,6,8,1,0,0,0.0,6.0,2,0,False,0,0,1,1529,7,0,1,22.9,0.8999999999999986,97,2.4,24.1,2021-08,29.512961069170142,-6.512961069170142,6.512961069170142,42.41866188852588,False,177.0,False,False
2021-08-14 12:00:00,20210814,22,23,12,6,8,1,0,0,0.0,6.0,1,1,False,0,0,1,1529,7,0,1,22.7,0.6999999999999993,96,2.7,25.7,2021-08,29.062067408373167,-7.062067408373167,7.062067408373167,49.8727960804065,False,177.0,False,False
2021-08-14 13:00:00,20210814,21,21,13,6,8,1,0,0,0.0,6.0,2,0,False,0,0,1,1529,7,0,1,23.7,1.6999999999999993,94,2.3,26.1,2021-08,29.191011337051382,-8.191011337051382,8.191011337051382,67.09266672370427,False,177.0,False,False
2021-08-14 14:00:00,20210814,22,22,14,6,8,1,0,0,0.0,6.0,2,0,False,0,0,1,1529,7,0,1,24.2,2.1999999999999993,86,2.2,26.1,2021-08,29.26321939724447,-7.26321939724447,7.26321939724447,52.75435601250832,False,177.0,False,False
2021-08-14 15:00:00,20210814,23,26,15,6,8,1,0,0,0.0,6.0,2,0,False,0,0,1,1529,7,0,1,24.8,2.8000000000000007,85,2.1,26.1,2021-08,29.4443958595019,-6.444395859501899,6.444395859501899,41.53023799396522,False,177.0,False,False
2021-08-14 16:00:00,20210814,22,22,16,6,8,1,0,0,0.0,6.0,2,0,False,0,0,1,1529,7,0,1,25.5,3.5,81,1.8,26.1,2021-08,29.380635626828944,-7.380635626828944,7.380635626828944,54.47378225601668,False,177.0,False,False
2021-08-14 17:00:00,20210814,21,22,17,6,8,1,0,0,0.0,6.0,2,1,False,0,0,1,1529,7,0,1,24.5,2.5,84,2.4,26.1,2021-08,28.935207184858303,-7.935207184858303,7.935207184858303,62.967513066626836,False,177.0,False,False
2021-08-14 18:00:00,20210814,22,24,18,6,8,1,0,0,0.0,6.0,2,0,False,0,0,1,1529,7,0,1,24.1,2.1000000000000014,88,1.9,26.1,2021-08,29.418403956527353,-7.418403956527353,7.418403956527353,55.032717262220686,False,177.0,False,False
2021-08-14 19:00:00,20210814,23,26,19,6,8,1,0,0,0.0,6.0,2,0,False,0,0,1,1529,7,0,1,23.5,1.5,90,1.8,26.1,2021-08,29.452158827388928,-6.452158827388928,6.452158827388928,41.63035353385286,False,177.0,False,False
2021-08-14 20:00:00,20210814,22,22,20,6,8,1,0,0,0.0,6.0,0,0,False,0,0,1,1529,7,0,1,22.6,0.6000000000000014,94,3.1,26.2,2021-08,29.49332487179362,-7.493324871793622,7.493324871793622,56.14991763424089,False,177.0,False,False
2021-08-14 21:00:00,20210814,22,23,21,6,8,1,0,0,0.0,6.0,0,0,False,0,0,1,1529,7,0,1,22.4,0.3999999999999986,94,2.8,26.5,2021-08,29.60797366436456,-7.607973664364561,7.607973664364561,57.88126327766473,False,177.0,False,False
2021-08-14 22:00:00,20210814,23,25,22,6,8,1,0,0,0.0,6.0,0,0,False,0,0,1,1529,7,0,1,22.5,0.5,93,2.3,26.5,2021-08,29.359793847234936,-6.359793847234936,6.359793847234936,40.44697777932735,False,177.0,False,False
2021-08-14 23:00:00,20210814,22,22,23,6,8,1,0,0,0.0,6.0,0,0,False,0,0,1,1529,7,0,1,22.3,0.3000000000000007,94,2.4,26.5,2021-08,29.270007176918124,-7.270007176918124,7.270007176918124,52.85300435244103,False,177.0,False,False
2021-08-15 00:00:00,20210815,22,22,0,7,8,1,1,0,0.0,7.0,0,0,True,0,0,1,0,0,0,0,22.2,0.1999999999999993,94,2.5,0.0,2021-08,23.084710311778654,-1.0847103117786538,1.0847103117786538,1.1765964604789445,False,177.0,False,False
2021-08-15 01:00:00,20210815,23,28,1,7,8,1,1,0,0.0,7.0,0,0,True,0,0,1,0,0,0,0,22.3,0.3000000000000007,92,2.2,0.0,2021-08,23.062743513744664,-0.06274351374466391,0.06274351374466391,0.00393674851702683,False,177.0,False,False
2021-08-15 02:00:00,20210815,22,24,2,7,8,1,1,0,0.0,7.0,0,0,True,0,0,1,0,0,0,0,22.5,0.5,91,2.5,0.0,2021-08,23.113586420847327,-1.1135864208473265,1.1135864208473265,1.240074716695559,False,177.0,False,False
2021-08-15 03:00:00,20210815,21,22,3,7,8,1,1,0,0.0,7.0,0,0,True,0,0,1,0,0,0,0,22.2,0.1999999999999993,92,2.8,0.0,2021-08,23.279996230710694,-2.279996230710694,2.279996230710694,5.198382812054971,False,177.0,False,False
2021-08-15 04:00:00,20210815,22,22,4,7,8,1,1,0,0.0,7.0,0,0,True,0,0,1,0,0,0,0,22.0,0.0,90,2.2,0.0,2021-08,23.143865663275175,-1.1438656632751751,1.1438656632751751,1.3084286556199562,False,177.0,False,False
2021-08-15 05:00:00,20210815,23,25,5,7,8,1,1,0,0.0,7.0,0,0,True,0,0,1,0,0,0,0,21.8,0.0,90,2.2,0.0,2021-08,22.799366681423606,0.20063331857639355,0.20063331857639355,0.04025372852297662,True,177.0,False,False
2021-08-15 06:00:00,20210815,22,22,6,7,8,1,1,0,0.0,7.0,0,0,True,0,0,1,0,0,0,0,22.4,0.3999999999999986,86,2.8,0.0,2021-08,23.2382130682293,-1.2382130682292996,1.2382130682292996,1.533171602333816,False,177.0,False,False
2021-08-15 07:00:00,20210815,21,21,7,7,8,1,1,0,0.0,7.0,0,1,True,0,0,1,0,0,0,0,23.9,1.8999999999999986,82,2.8,0.0,2021-08,22.938706256464304,-1.9387062564643038,1.9387062564643038,3.758581948853835,False,177.0,False,False
2021-08-15 08:00:00,20210815,23,26,8,7,8,1,1,0,0.0,7.0,2,0,True,0,0,1,0,0,0,0,24.5,2.5,81,3.2,0.0,2021-08,23.552405992220653,-0.5524059922206526,0.5524059922206526,0.30515238024128366,False,177.0,False,False
2021-08-15 09:00:00,20210815,23,24,9,7,8,1,1,0,0.0,7.0,2,0,True,0,0,1,0,0,0,0,25.2,3.1999999999999993,80,2.9,0.0,2021-08,23.46155022992336,-0.46155022992336114,0.46155022992336114,0.21302861474230753,False,177.0,False,False
2021-08-15 10:00:00,20210815,21,21,10,7,8,1,1,0,0.0,7.0,2,0,True,0,0,1,0,0,0,0,24.9,2.8999999999999986,82,3.4,0.0,2021-08,23.480842493059033,-2.4808424930590327,2.4808424930590327,6.154579475367357,False,177.0,False,False
2021-08-15 11:00:00,20210815,22,22,11,7,8,1,1,0,0.0,7.0,2,0,True,0,0,1,0,0,0,0,23.9,1.8999999999999986,96,1.3,0.4,2021-08,23.177455400685535,-1.1774554006855347,1.1774554006855347,1.386401220603533,False,177.0,False,False
2021-08-15 12:00:00,20210815,23,26,12,7,8,1,1,0,0.0,7.0,1,1,True,0,0,1,0,0,0,0,23.1,1.1000000000000014,98,2.9,1.5,2021-08,22.81062086751169,0.18937913248830895,0.18937913248830895,0.03586445582202447,True,177.0,False,False
2021-08-15 13:00:00,20210815,22,22,13,7,8,1,1,0,0.0,7.0,2,0,True,0,0,1,0,0,0,0,24.6,2.6000000000000014,93,2.6,1.5,2021-08,23.277584977652953,-1.2775849776529533,1.2775849776529533,1.6322233751244972,False,177.0,False,False
2021-08-15 14:00:00,20210815,22,22,14,7,8,1,1,0,0.0,7.0,2,0,True,0,0,1,0,0,0,0,24.6,2.6000000000000014,93,2.6,1.5,2021-08,23.29459863126232,-1.2945986312623212,1.2945986312623212,1.6759856160662756,False,177.0,False,False
2021-08-15 15:00:00,20210815,21,21,15,7,8,1,1,0,0.0,7.0,2,0,True,0,0,1,0,0,0,0,23.3,1.3000000000000007,98,1.5,1.5,2021-08,23.018720163616894,-2.0187201636168943,2.0187201636168943,4.07523109899342,False,177.0,False,False
2021-08-15 16:00:00,20210815,23,25,16,7,8,1,1,0,0.0,7.0,2,0,True,0,0,1,0,0,0,0,22.9,0.8999999999999986,98,1.9,1.5,2021-08,22.89558964970475,0.10441035029525025,0.10441035029525025,0.010901521248776865,True,177.0,False,False
2021-08-15 17:00:00,20210815,22,22,17,7,8,1,1,0,0.0,7.0,2,1,True,0,0,1,0,0,0,0,23.3,1.3000000000000007,95,2.3,1.5,2021-08,22.560701109836746,-0.5607011098367458,0.5607011098367458,0.3143857345721585,False,177.0,False,False
2021-08-15 18:00:00,20210815,21,21,18,7,8,1,1,0,0.0,7.0,2,0,True,0,0,1,0,0,0,0,23.0,1.0,90,2.5,0.0,2021-08,23.211205778736232,-2.2112057787362325,2.2112057787362325,4.889430995916508,False,177.0,False,False
2021-08-15 19:00:00,20210815,23,25,19,7,8,1,1,0,0.0,7.0,2,0,True,0,0,1,0,0,0,0,22.0,0.0,96,1.2,0.0,2021-08,23.166242566912164,-0.16624256691216388,0.16624256691216388,0.027636591053545285,False,177.0,False,False
2021-08-15 20:00:00,20210815,22,22,20,7,8,1,1,0,0.0,7.0,0,0,True,0,0,1,0,0,0,0,22.3,0.3000000000000007,96,1.9,0.0,2021-08,23.145261701040386,-1.1452617010403863,1.1452617010403863,1.3116243638699192,False,177.0,False,False
2021-08-15 21:00:00,20210815,22,22,21,7,8,1,1,0,0.0,7.0,0,0,True,0,0,1,0,0,0,0,22.5,0.5,91,1.4,0.0,2021-08,23.262230905086028,-1.262230905086028,1.262230905086028,1.5932268577542936,False,177.0,False,False
2021-08-15 22:00:00,20210815,23,24,22,7,8,1,1,0,0.0,7.0,0,0,True,0,0,1,0,0,0,0,22.6,0.6000000000000014,90,1.8,0.0,2021-08,23.22680614369877,-0.22680614369877006,0.22680614369877006,0.05144102681950713,False,177.0,False,False
2021-08-15 23:00:00,20210815,23,25,23,7,8,1,1,0,0.0,7.0,0,0,True,0,0,1,0,0,0,0,22.3,0.3000000000000007,94,2.0,0.0,2021-08,23.38035689279002,-0.3803568927900187,0.3803568927900187,0.1446713658928778,False,177.0,False,False
2021-08-16 00:00:00,20210816,22,22,0,1,8,0,1,1,1.0,1.0,0,0,False,0,0,1,10238,15,1,0,22.0,0.0,93,1.7,0.0,2021-08,38.03998381141373,-16.039983811413727,16.039983811413727,257.28108067041444,False,177.0,False,False
2021-08-16 01:00:00,20210816,21,23,1,1,8,0,1,1,1.0,1.0,0,0,False,0,0,1,10238,15,1,0,21.8,0.0,92,1.6,0.0,2021-08,37.367501295628436,-16.367501295628436,16.367501295628436,267.89509866239854,False,177.0,False,False
2021-08-16 02:00:00,20210816,23,26,2,1,8,0,1,1,1.0,1.0,0,0,False,0,0,1,10238,15,1,0,21.6,0.0,91,1.8,0.0,2021-08,37.69330126962594,-14.693301269625941,14.693301269625941,215.8931021999913,False,177.0,False,False
2021-08-16 03:00:00,20210816,21,21,3,1,8,0,1,1,1.0,1.0,0,0,False,0,0,1,10238,15,1,0,21.3,0.0,92,2.1,0.0,2021-08,37.46810044169564,-16.46810044169564,16.46810044169564,271.1983321577761,False,177.0,False,False
2021-08-16 04:00:00,20210816,22,22,4,1,8,0,1,1,1.0,1.0,0,0,False,0,0,1,10238,15,1,0,21.3,0.0,95,1.6,0.0,2021-08,37.936602303457754,-15.936602303457754,15.936602303457754,253.97529297857497,False,177.0,False,False
2021-08-16 05:00:00,20210816,22,22,5,1,8,0,1,1,1.0,1.0,0,0,False,0,0,1,10238,15,1,0,21.5,0.0,95,2.2,0.0,2021-08,37.31413788955351,-15.314137889553507,15.314137889553507,234.52281930025833,False,177.0,False,False
2021-08-16 06:00:00,20210816,23,26,6,1,8,0,1,1,1.0,1.0,0,0,False,0,0,1,10238,15,1,0,22.2,0.1999999999999993,94,1.8,0.0,2021-08,46.278994187556684,-23.278994187556684,23.278994187556684,541.9115703842979,False,177.0,False,True
2021-08-16 07:00:00,20210816,60,122,7,1,8,0,1,1,1.0,1.0,0,1,False,27,27,0,10238,15,0,0,22.6,0.6000000000000014,93,1.6,0.0,2021-08,75.6125293798661,-15.612529379866103,15.612529379866103,243.75107363718226,False,177.0,False,False
2021-08-16 08:00:00,20210816,174,183,8,1,8,0,1,1,1.0,1.0,2,0,False,566,566,0,10238,15,0,0,23.1,1.1000000000000014,95,1.8,0.3,2021-08,173.2122397071511,0.7877602928489011,0.7877602928489011,0.6205662789893865,True,177.0,False,False
2021-08-16 09:00:00,20210816,183,190,9,1,8,0,1,1,1.0,1.0,2,0,False,642,642,0,10238,15,0,0,25.4,3.3999999999999986,78,2.2,0.3,2021-08,174.505546806859,8.494453193140998,8.494453193140998,72.1557350504633,True,177.0,True,False
2021-08-16 10:00:00,20210816,144,157,10,1,8,0,1,1,1.0,1.0,2,0,False,1720,800,0,10238,15,0,0,25.5,3.5,74,3.5,0.3,2021-08,171.86486849798135,-27.864868497981348,27.864868497981348,776.4508964097934,False,177.0,False,True
2021-08-16 11:00:00,20210816,155,157,11,1,8,0,1,1,1.0,1.0,2,0,False,1472,800,0,10238,15,0,0,26.2,4.199999999999999,68,4.1,0.3,2021-08,177.64157984842333,-22.641579848423333,22.641579848423333,512.6411380325296,False,177.0,False,True
2021-08-16 12:00:00,20210816,97,107,12,1,8,0,1,1,1.0,1.0,1,1,False,0,0,1,10238,15,0,0,26.3,4.300000000000001,67,2.9,0.3,2021-08,94.8804301614377,2.119569838562299,2.119569838562299,4.49257630054301,True,177.0,False,False
2021-08-16 13:00:00,20210816,153,157,13,1,8,0,1,1,1.0,1.0,2,0,False,1404,800,0,10238,15,0,0,26.1,4.100000000000001,68,3.5,0.3,2021-08,171.3524304171772,-18.352430417177203,18.352430417177203,336.811702217331,False,177.0,False,False
2021-08-16 14:00:00,20210816,146,153,14,1,8,0,1,1,1.0,1.0,2,0,False,1828,800,0,10238,15,0,0,25.9,3.8999999999999986,66,3.3,0.3,2021-08,172.96376123406733,-26.963761234067334,26.963761234067334,727.0444198877924,False,177.0,False,True
2021-08-16 15:00:00,20210816,133,146,15,1,8,0,1,1,1.0,1.0,2,0,False,547,547,0,10238,15,0,0,25.0,3.0,70,3.6,0.3,2021-08,167.7886780838398,-34.78867808383981,34.78867808383981,1210.2521228210364,False,177.0,False,True
2021-08-16 16:00:00,20210816,116,125,16,1,8,0,1,1,1.0,1.0,2,0,False,1490,800,0,10238,15,0,0,24.7,2.6999999999999993,71,2.9,0.3,2021-08,166.98756300247146,-50.98756300247146,50.98756300247146,2599.7315809309966,False,177.0,False,True
2021-08-16 17:00:00,20210816,100,105,17,1,8,0,1,1,1.0,1.0,2,1,False,0,0,1,10238,15,0,0,24.6,2.6000000000000014,73,2.3,0.3,2021-08,101.38893323745448,-1.3889332374544807,1.3889332374544807,1.9291355381057849,False,177.0,False,False
2021-08-16 18:00:00,20210816,92,94,18,1,8,0,1,1,1.0,1.0,2,0,False,22,22,0,10238,15,0,0,23.9,1.8999999999999986,78,1.8,0.3,2021-08,113.38333282372513,-21.383332823725127,21.383332823725127,457.2469226502004,False,177.0,False,True
2021-08-16 19:00:00,20210816,89,95,19,1,8,0,1,1,1.0,1.0,2,0,False,31,31,0,10238,15,0,0,23.5,1.5,81,1.7,0.3,2021-08,118.31244544239246,-29.31244544239246,29.31244544239246,859.2194578132344,False,177.0,False,True
2021-08-16 20:00:00,20210816,98,102,20,1,8,0,1,1,1.0,1.0,0,0,False,130,130,0,10238,15,0,0,23.0,1.0,85,2.5,0.3,2021-08,104.05162396024484,-6.051623960244839,6.051623960244839,36.622152556209436,False,177.0,False,False
2021-08-16 21:00:00,20210816,112,116,21,1,8,0,1,1,1.0,1.0,0,0,False,138,138,0,10238,15,0,0,23.2,1.1999999999999993,85,2.9,0.3,2021-08,107.23292543171165,4.767074568288351,4.767074568288351,22.724999939621565,True,177.0,False,False
2021-08-16 22:00:00,20210816,95,102,22,1,8,0,1,1,1.0,1.0,0,0,False,35,35,0,10238,15,0,0,23.0,1.0,88,2.4,0.3,2021-08,98.77663456393509,-3.7766345639350902,3.7766345639350902,14.262968629509189,False,177.0,False,False
2021-08-16 23:00:00,20210816,96,102,23,1,8,0,1,1,1.0,1.0,0,0,False,186,186,0,10238,15,0,0,23.2,1.1999999999999993,86,2.2,0.3,2021-08,93.67002814588301,2.329971854116991,2.329971854116991,5.4287688409773684,True,177.0,False,False
2021-08-17 00:00:00,20210817,70,71,0,2,8,0,0,0,0.0,2.0,0,0,False,141,141,0,29279,23,0,0,22.7,0.6999999999999993,89,2.4,0.0,2021-08,73.7948389591049,-3.7948389591048937,3.7948389591048937,14.400802725540313,False,177.0,False,False
2021-08-17 01:00:00,20210817,96,100,1,2,8,0,0,0,0.0,2.0,0,0,False,267,267,0,29279,23,0,0,22.9,0.8999999999999986,89,2.2,0.0,2021-08,101.22423283581004,-5.224232835810042,5.224232835810042,27.292608722755837,False,177.0,False,False
2021-08-17 02:00:00,20210817,98,101,2,2,8,0,0,0,0.0,2.0,0,0,False,238,238,0,29279,23,0,0,22.5,0.5,96,1.9,0.1,2021-08,97.12049406320689,0.8795059367931088,0.8795059367931088,0.773530692854324,True,177.0,False,False
2021-08-17 03:00:00,20210817,92,99,3,2,8,0,0,0,0.0,2.0,0,0,False,127,127,0,29279,23,0,0,23.1,1.1000000000000014,92,2.4,0.1,2021-08,97.12674749866348,-5.126747498663477,5.126747498663477,26.283539915052216,False,177.0,False,False
2021-08-17 04:00:00,20210817,93,98,4,2,8,0,0,0,0.0,2.0,0,0,False,36,36,0,29279,23,0,0,23.3,1.3000000000000007,89,2.0,0.1,2021-08,100.27960572781177,-7.27960572781177,7.27960572781177,52.99265955238993,False,177.0,False,False
2021-08-17 05:00:00,20210817,86,103,5,2,8,0,0,0,0.0,2.0,0,0,False,86,86,0,29279,23,0,0,22.9,0.8999999999999986,90,2.9,0.3,2021-08,91.86227263072736,-5.862272630727361,5.862272630727361,34.366240396975094,False,177.0,False,False
2021-08-17 06:00:00,20210817,94,96,6,2,8,0,0,0,0.0,2.0,0,0,False,290,290,0,29279,23,0,0,22.1,0.10000000000000142,97,2.0,1.7,2021-08,101.55304656588964,-7.553046565889645,7.553046565889645,57.04851242649735,False,177.0,False,False
2021-08-17 07:00:00,20210817,125,146,7,2,8,0,0,0,0.0,2.0,0,1,False,1761,800,0,29279,23,0,0,21.9,0.0,98,1.2,4.4,2021-08,128.31113793286292,-3.31113793286292,3.31113793286292,10.96363441044373,False,177.0,False,False
2021-08-17 08:00:00,20210817,164,171,8,2,8,0,0,0,0.0,2.0,2,0,False,930,800,0,29279,23,0,0,22.4,0.3999999999999986,98,1.3,5.3,2021-08,174.37305696013254,-10.373056960132544,10.373056960132544,107.60031069815422,False,177.0,False,False
2021-08-17 09:00:00,20210817,163,170,9,2,8,0,0,0,0.0,2.0,2,0,False,1618,800,0,29279,23,0,0,21.4,0.0,98,3.2,7.1,2021-08,173.60582496763956,-10.605824967639563,10.605824967639563,112.48352324420674,False,177.0,False,False
2021-08-17 10:00:00,20210817,153,165,10,2,8,0,0,0,0.0,2.0,2,0,False,1182,800,0,29279,23,0,0,21.4,0.0,98,3.1,15.1,2021-08,170.436206095392,-17.43620609539201,17.43620609539201,304.0212830009855,False,177.0,False,False
2021-08-17 11:00:00,20210817,169,173,11,2,8,0,0,0,0.0,2.0,2,0,False,1144,800,0,29279,23,0,0,22.3,0.3000000000000007,98,3.0,21.1,2021-08,176.73875248688307,-7.738752486883072,7.738752486883072,59.88829005323894,False,177.0,False,False
2021-08-17 12:00:00,20210817,110,134,12,2,8,0,0,0,0.0,2.0,1,1,False,0,0,1,29279,23,0,0,22.1,0.10000000000000142,98,2.3,29.7,2021-08,105.53464596441961,4.46535403558039,4.46535403558039,19.939386663074075,True,177.0,False,False
2021-08-17 13:00:00,20210817,162,164,13,2,8,0,0,0,0.0,2.0,2,0,False,2870,800,0,29279,23,0,0,22.2,0.1999999999999993,98,2.2,32.8,2021-08,169.96843888241796,-7.968438882417956,7.968438882417956,63.49601822283033,False,177.0,False,False
2021-08-17 14:00:00,20210817,161,164,14,2,8,0,0,0,0.0,2.0,2,0,False,1412,800,0,29279,23,0,0,22.7,0.6999999999999993,93,3.8,32.9,2021-08,171.94441991167147,-10.944419911671474,10.944419911671474,119.78032720299105,False,177.0,False,False
2021-08-17 15:00:00,20210817,150,168,15,2,8,0,0,0,0.0,2.0,2,0,False,7913,800,0,29279,23,0,0,23.2,1.1999999999999993,86,3.3,32.9,2021-08,167.34508472678448,-17.345084726784478,17.345084726784478,300.8519641793322,False,177.0,False,False
2021-08-17 16:00:00,20210817,152,158,16,2,8,0,0,0,0.0,2.0,2,0,False,3108,800,0,29279,23,0,0,23.5,1.5,83,3.6,32.9,2021-08,167.03017686579418,-15.030176865794175,15.030176865794175,225.9062166170544,False,177.0,False,False
2021-08-17 17:00:00,20210817,113,135,17,2,8,0,0,0,0.0,2.0,2,1,False,540,540,0,29279,23,0,0,23.1,1.1000000000000014,84,2.8,32.9,2021-08,131.9271635625892,-18.927163562589186,18.927163562589186,358.2375205250038,False,177.0,False,True
2021-08-17 18:00:00,20210817,149,158,18,2,8,0,0,0,0.0,2.0,2,0,False,1575,800,0,29279,23,0,0,23.2,1.1999999999999993,81,4.4,32.9,2021-08,167.08119698003807,-18.081196980038072,18.081196980038072,326.9296842309379,False,177.0,False,False
2021-08-17 19:00:00,20210817,138,143,19,2,8,0,0,0,0.0,2.0,2,0,False,3586,800,0,29279,23,0,0,22.6,0.6000000000000014,86,2.7,32.9,2021-08,165.3886893512962,-27.388689351296193,27.388689351296193,750.1403043818055,False,177.0,False,True
2021-08-17 20:00:00,20210817,120,128,20,2,8,0,0,0,0.0,2.0,0,0,False,116,116,0,29279,23,0,0,21.9,0.0,91,2.8,32.9,2021-08,124.45082918360198,-4.450829183601982,4.450829183601982,19.809880421603086,False,177.0,False,False
2021-08-17 21:00:00,20210817,118,121,21,2,8,0,0,0,0.0,2.0,0,0,False,154,154,0,29279,23,0,0,21.6,0.0,89,3.3,32.9,2021-08,120.72699273023595,-2.726992730235949,2.726992730235949,7.436489350759716,False,177.0,False,False
2021-08-17 22:00:00,20210817,110,118,22,2,8,0,0,0,0.0,2.0,0,0,False,58,58,0,29279,23,0,0,21.5,0.0,95,2.5,32.9,2021-08,108.52755286349026,1.472447136509743,1.472447136509743,2.1681005698157416,True,177.0,False,False
2021-08-17 23:00:00,20210817,104,118,23,2,8,0,0,0,0.0,2.0,0,0,False,127,127,0,29279,23,0,0,21.6,0.0,93,2.5,32.9,2021-08,101.39645672139771,2.603543278602288,2.603543278602288,6.778437603555151,True,177.0,False,False
2021-08-18 00:00:00,20210818,65,66,0,3,8,0,0,0,0.0,3.0,0,0,False,4,4,0,20063,24,0,0,21.4,0.0,95,2.7,0.0,2021-08,75.2842590171435,-10.284259017143498,10.284259017143498,105.76598353169734,False,177.0,False,False
2021-08-18 01:00:00,20210818,95,105,1,3,8,0,0,0,0.0,3.0,0,0,False,270,270,0,20063,24,0,0,21.4,0.0,96,3.7,0.0,2021-08,100.20882765753278,-5.20882765753278,5.20882765753278,27.131885565878424,False,177.0,False,False
2021-08-18 02:00:00,20210818,103,105,2,3,8,0,0,0,0.0,3.0,0,0,False,344,344,0,20063,24,0,0,21.5,0.0,94,2.2,0.0,2021-08,102.80124820541101,0.19875179458898629,0.19875179458898629,0.039502275852342596,True,177.0,False,False
2021-08-18 03:00:00,20210818,91,101,3,3,8,0,0,0,0.0,3.0,0,0,False,247,247,0,20063,24,0,0,21.8,0.0,91,2.1,0.0,2021-08,100.76450946241299,-9.764509462412988,9.764509462412988,95.34564504155279,False,177.0,False,False
2021-08-18 04:00:00,20210818,95,99,4,3,8,0,0,0,0.0,3.0,0,0,False,455,455,0,20063,24,0,0,21.7,0.0,91,0.9,0.0,2021-08,104.65850821053856,-9.658508210538557,9.658508210538557,93.28678085304071,False,177.0,False,False
2021-08-18 05:00:00,20210818,83,98,5,3,8,0,0,0,0.0,3.0,0,0,False,105,105,0,20063,24,0,0,21.5,0.0,94,2.8,0.0,2021-08,92.06455704153286,-9.064557041532865,9.064557041532865,82.16619435920305,False,177.0,False,False
2021-08-18 06:00:00,20210818,101,107,6,3,8,0,0,0,0.0,3.0,0,0,False,127,127,0,20063,24,0,0,22.2,0.1999999999999993,92,2.5,0.0,2021-08,110.87373023490512,-9.873730234905125,9.873730234905125,97.49054875167961,False,177.0,False,False
2021-08-18 07:00:00,20210818,125,146,7,3,8,0,0,0,0.0,3.0,0,1,False,1144,800,0,20063,24,0,0,22.8,0.8000000000000007,90,2.2,0.0,2021-08,129.45043600979992,-4.450436009799915,4.450436009799915,19.806380677323794,False,177.0,False,False
2021-08-18 08:00:00,20210818,163,174,8,3,8,0,0,0,0.0,3.0,2,0,False,1358,800,0,20063,24,0,0,23.7,1.6999999999999993,87,2.4,0.0,2021-08,179.72255609847318,-16.722556098473177,16.722556098473177,279.64388246658245,False,177.0,False,False
2021-08-18 09:00:00,20210818,169,172,9,3,8,0,0,0,0.0,3.0,2,0,False,835,800,0,20063,24,0,0,24.0,2.0,86,2.1,0.0,2021-08,175.8186613858069,-6.818661385806905,6.818661385806905,46.494143094294145,False,177.0,False,False
2021-08-18 10:00:00,20210818,159,176,10,3,8,0,0,0,0.0,3.0,2,0,False,1429,800,0,20063,24,0,0,23.2,1.1999999999999993,92,1.7,0.5,2021-08,171.49333840118697,-12.493338401186975,12.493338401186975,156.08350440657313,False,177.0,False,False
2021-08-18 11:00:00,20210818,173,183,11,3,8,0,0,0,0.0,3.0,2,0,False,2090,800,0,20063,24,0,0,23.3,1.3000000000000007,90,2.9,0.6,2021-08,174.41533295317254,-1.4153329531725376,1.4153329531725376,2.0031673683360967,False,177.0,False,False
2021-08-18 12:00:00,20210818,102,120,12,3,8,0,0,0,0.0,3.0,1,1,False,1015,800,0,20063,24,0,0,24.2,2.1999999999999993,84,3.4,0.6,2021-08,117.00737632618939,-15.007376326189387,15.007376326189387,225.22134419586968,False,177.0,False,False
2021-08-18 13:00:00,20210818,171,177,13,3,8,0,0,0,0.0,3.0,2,0,False,565,565,0,20063,24,0,0,24.3,2.3000000000000007,82,3.1,0.6,2021-08,173.92149263311708,-2.921492633117083,2.921492633117083,8.535119205357386,False,177.0,False,False
2021-08-18 14:00:00,20210818,179,185,14,3,8,0,0,0,0.0,3.0,2,0,False,1872,800,0,20063,24,0,0,24.9,2.8999999999999986,75,3.9,0.6,2021-08,181.06825383963238,-2.0682538396323764,2.0682538396323764,4.277673945154068,False,177.0,True,False
2021-08-18 15:00:00,20210818,170,184,15,3,8,0,0,0,0.0,3.0,2,0,False,1482,800,0,20063,24,0,0,24.4,2.3999999999999986,80,3.8,0.6,2021-08,164.97164346805934,5.028356531940659,5.028356531940659,25.284369412310294,True,177.0,False,False
2021-08-18 16:00:00,20210818,166,188,16,3,8,0,0,0,0.0,3.0,2,0,False,1933,800,0,20063,24,0,0,23.5,1.5,90,2.4,0.7,2021-08,170.81320638181015,-4.813206381810147,4.813206381810147,23.166955673897927,False,177.0,False,False
2021-08-18 17:00:00,20210818,141,186,17,3,8,0,0,0,0.0,3.0,2,1,False,558,558,0,20063,24,0,0,23.2,1.1999999999999993,83,2.4,0.7,2021-08,144.10539998747723,-3.1053999874772273,3.1053999874772273,9.643509082223563,False,177.0,False,False
2021-08-18 18:00:00,20210818,164,174,18,3,8,0,0,0,0.0,3.0,2,0,False,1633,800,0,20063,24,0,0,23.4,1.3999999999999986,80,3.0,0.7,2021-08,165.97024738199673,-1.970247381996728,1.970247381996728,3.881874746264961,False,177.0,False,False
2021-08-18 19:00:00,20210818,143,158,19,3,8,0,0,0,0.0,3.0,2,0,False,2203,800,0,20063,24,0,0,22.4,0.3999999999999986,89,2.1,0.7,2021-08,155.09920714797065,-12.099207147970645,12.099207147970645,146.39081360950397,False,177.0,False,False
2021-08-18 20:00:00,20210818,120,124,20,3,8,0,0,0,0.0,3.0,0,0,False,100,100,0,20063,24,0,0,22.4,0.3999999999999986,91,2.6,0.7,2021-08,116.43998270609,3.5600172939099934,3.5600172939099934,12.673723132938232,True,177.0,False,False
2021-08-18 21:00:00,20210818,115,123,21,3,8,0,0,0,0.0,3.0,0,0,False,56,56,0,20063,24,0,0,23.1,1.1000000000000014,86,3.4,0.7,2021-08,106.2248007945157,8.775199205484299,8.775199205484299,77.00412109593226,True,177.0,False,False
2021-08-18 22:00:00,20210818,112,125,22,3,8,0,0,0,0.0,3.0,0,0,False,102,102,0,20063,24,0,0,22.2,0.1999999999999993,95,2.9,1.6,2021-08,103.85016675677635,8.149833243223654,8.149833243223654,66.41978189235338,True,177.0,False,False
2021-08-18 23:00:00,20210818,105,112,23,3,8,0,0,0,0.0,3.0,0,0,False,136,136,0,20063,24,0,0,22.7,0.6999999999999993,91,2.8,1.6,2021-08,100.78373929900842,4.216260700991583,4.216260700991583,17.776854298726036,True,177.0,False,False
2021-08-19 00:00:00,20210819,71,77,0,4,8,0,0,0,0.0,4.0,0,0,False,53,53,0,25976,24,0,0,22.7,0.6999999999999993,88,2.7,0.0,2021-08,76.38055594485058,-5.380555944850585,5.380555944850585,28.950382275666968,False,177.0,False,False
2021-08-19 01:00:00,20210819,102,114,1,4,8,0,0,0,0.0,4.0,0,0,False,85,85,0,25976,24,0,0,22.6,0.6000000000000014,82,3.2,0.0,2021-08,102.27653899624788,-0.27653899624787925,0.27653899624787925,0.07647381644578458,False,177.0,False,False
2021-08-19 02:00:00,20210819,109,116,2,4,8,0,0,0,0.0,4.0,0,0,False,173,173,0,25976,24,0,0,22.7,0.6999999999999993,82,3.5,0.0,2021-08,104.46850816147594,4.531491838524062,4.531491838524062,20.53441828261018,True,177.0,False,False
2021-08-19 03:00:00,20210819,109,119,3,4,8,0,0,0,0.0,4.0,0,0,False,60,60,0,25976,24,0,0,22.7,0.6999999999999993,82,2.9,0.0,2021-08,102.56410901556309,6.435890984436909,6.435890984436909,41.42069276355629,True,177.0,False,False
2021-08-19 04:00:00,20210819,104,108,4,4,8,0,0,0,0.0,4.0,0,0,False,114,114,0,25976,24,0,0,22.2,0.1999999999999993,87,2.7,0.0,2021-08,104.50702811949542,-0.5070281194954163,0.5070281194954163,0.2570775139590581,False,177.0,False,False
2021-08-19 05:00:00,20210819,88,106,5,4,8,0,0,0,0.0,4.0,0,0,False,399,399,0,25976,24,0,0,22.2,0.1999999999999993,88,1.9,0.0,2021-08,96.92290206118248,-8.922902061182484,8.922902061182484,79.61818119345462,False,177.0,False,False
2021-08-19 06:00:00,20210819,109,119,6,4,8,0,0,0,0.0,4.0,0,0,False,459,459,0,25976,24,0,0,22.4,0.3999999999999986,85,2.7,0.0,2021-08,111.12546765044664,-2.1254676504466374,2.1254676504466374,4.51761273309515,False,177.0,False,False
2021-08-19 07:00:00,20210819,123,143,7,4,8,0,0,0,0.0,4.0,0,1,False,745,745,0,25976,24,0,0,23.3,1.3000000000000007,82,3.3,0.0,2021-08,126.33293443533007,-3.332934435330074,3.332934435330074,11.108451950209,False,177.0,False,False
2021-08-19 08:00:00,20210819,174,185,8,4,8,0,0,0,0.0,4.0,2,0,False,670,670,0,25976,24,0,0,23.9,1.8999999999999986,84,2.9,0.0,2021-08,180.53299402186113,-6.532994021861128,6.532994021861128,42.68001088967324,False,177.0,False,False
2021-08-19 09:00:00,20210819,174,182,9,4,8,0,0,0,0.0,4.0,2,0,False,942,800,0,25976,24,0,0,24.6,2.6000000000000014,80,3.3,0.0,2021-08,175.46251295734726,-1.4625129573472577,1.4625129573472577,2.1389441504086215,False,177.0,False,False
2021-08-19 10:00:00,20210819,163,177,10,4,8,0,0,0,0.0,4.0,2,0,False,1599,800,0,25976,24,0,0,24.3,2.3000000000000007,82,3.5,0.0,2021-08,174.28562510556034,-11.285625105560342,11.285625105560342,127.36533402325388,False,177.0,False,False
2021-08-19 11:00:00,20210819,177,188,11,4,8,0,0,0,0.0,4.0,2,0,False,2542,800,0,25976,24,0,0,25.2,3.1999999999999993,79,4.1,0.0,2021-08,182.79115379039695,-5.791153790396947,5.791153790396947,33.53746222402893,False,177.0,True,False
2021-08-19 12:00:00,20210819,105,120,12,4,8,0,0,0,0.0,4.0,1,1,False,380,380,0,25976,24,0,0,25.3,3.3000000000000007,78,3.0,0.0,2021-08,110.32386921615375,-5.323869216153753,5.323869216153753,28.343583430709575,False,177.0,False,False
2021-08-19 13:00:00,20210819,168,172,13,4,8,0,0,0,0.0,4.0,2,0,False,2129,800,0,25976,24,0,0,25.4,3.3999999999999986,77,2.7,0.0,2021-08,174.32458851608465,-6.324588516084646,6.324588516084646,40.000419897789776,False,177.0,False,False
2021-08-19 14:00:00,20210819,175,184,14,4,8,0,0,0,0.0,4.0,2,0,False,2843,800,0,25976,24,0,0,25.7,3.6999999999999993,79,2.1,0.0,2021-08,176.08379186784455,-1.0837918678445533,1.0837918678445533,1.1746048128059856,False,177.0,False,False
2021-08-19 15:00:00,20210819,170,185,15,4,8,0,0,0,0.0,4.0,2,0,False,349,349,0,25976,24,0,0,25.5,3.5,79,2.4,0.0,2021-08,166.9472129945532,3.0527870054467883,3.0527870054467883,9.319508500624769,True,177.0,False,False
2021-08-19 16:00:00,20210819,166,171,16,4,8,0,0,0,0.0,4.0,2,0,False,3020,800,0,25976,24,0,0,25.8,3.8000000000000007,77,2.3,0.0,2021-08,169.63298063913138,-3.6329806391313753,3.6329806391313753,13.198548324303415,False,177.0,False,False
2021-08-19 17:00:00,20210819,130,155,17,4,8,0,0,0,0.0,4.0,2,1,False,510,510,0,25976,24,0,0,24.1,2.1000000000000014,85,1.4,0.0,2021-08,133.96833417257855,-3.968334172578551,3.968334172578551,15.747676105254694,False,177.0,False,False
2021-08-19 18:00:00,20210819,152,161,18,4,8,0,0,0,0.0,4.0,2,0,False,3195,800,0,25976,24,0,0,23.3,1.3000000000000007,84,1.8,0.0,2021-08,164.2355195333674,-12.235519533367409,12.235519533367409,149.7079382514154,False,177.0,False,False
2021-08-19 19:00:00,20210819,147,153,19,4,8,0,0,0,0.0,4.0,2,0,False,5336,800,0,25976,24,0,0,22.4,0.3999999999999986,91,0.6,0.0,2021-08,159.32360648444433,-12.323606484444326,12.323606484444326,151.87127678343825,False,177.0,False,False
2021-08-19 20:00:00,20210819,128,134,20,4,8,0,0,0,0.0,4.0,0,0,False,8,8,0,25976,24,0,0,22.0,0.0,95,0.9,0.0,2021-08,118.02265208502511,9.977347914974885,9.977347914974885,99.54747141645369,True,177.0,False,False
2021-08-19 21:00:00,20210819,121,123,21,4,8,0,0,0,0.0,4.0,0,0,False,132,132,0,25976,24,0,0,21.8,0.0,95,0.7,0.0,2021-08,113.60042975756569,7.399570242434308,7.399570242434308,54.753639772719325,True,177.0,False,False
2021-08-19 22:00:00,20210819,116,125,22,4,8,0,0,0,0.0,4.0,0,0,False,28,28,0,25976,24,0,0,21.5,0.0,96,1.2,0.0,2021-08,112.25159847334753,3.748401526652472,3.748401526652472,14.050514005010584,True,177.0,False,False
2021-08-19 23:00:00,20210819,110,117,23,4,8,0,0,0,0.0,4.0,0,0,False,205,205,0,25976,24,0,0,21.6,0.0,96,0.2,0.0,2021-08,104.1271845048063,5.872815495193706,5.872815495193706,34.48996184058729,True,177.0,False,False
2021-08-20 00:00:00,20210820,73,80,0,5,8,0,0,0,0.0,5.0,0,0,False,338,338,0,25213,24,0,0,21.7,0.0,97,1.3,0.0,2021-08,81.01744344180945,-8.017443441809448,8.017443441809448,64.27939934261333,False,177.0,False,False
2021-08-20 01:00:00,20210820,101,109,1,5,8,0,0,0,0.0,5.0,0,0,False,47,47,0,25213,24,0,0,21.0,0.0,98,1.5,0.0,2021-08,99.7605037070799,1.2394962929200943,1.2394962929200943,1.5363510601626562,True,177.0,False,False
2021-08-20 02:00:00,20210820,107,110,2,5,8,0,0,0,0.0,5.0,0,0,False,40,40,0,25213,24,0,0,20.8,0.0,98,1.7,0.0,2021-08,105.45135019921814,1.5486498007818597,1.5486498007818597,2.3983162054616938,True,177.0,False,False
2021-08-20 03:00:00,20210820,102,107,3,5,8,0,0,0,0.0,5.0,0,0,False,537,537,0,25213,24,0,0,20.4,0.0,98,0.2,0.0,2021-08,109.61395477003646,-7.613954770036457,7.613954770036457,57.97230724016092,False,177.0,False,False
2021-08-20 04:00:00,20210820,99,106,4,5,8,0,0,0,0.0,5.0,0,0,False,216,216,0,25213,24,0,0,20.0,0.0,98,0.4,0.0,2021-08,101.16323043897462,-2.1632304389746224,2.1632304389746224,4.679565932106337,False,177.0,False,False
2021-08-20 05:00:00,20210820,88,104,5,5,8,0,0,0,0.0,5.0,0,0,False,304,304,0,25213,24,0,0,20.2,0.0,98,1.5,0.0,2021-08,92.16574586748241,-4.165745867482414,4.165745867482414,17.35343863244681,False,177.0,False,False
2021-08-20 06:00:00,20210820,111,115,6,5,8,0,0,0,0.0,5.0,0,0,False,14,14,0,25213,24,0,0,21.7,0.0,98,0.9,0.0,2021-08,103.1780945151737,7.821905484826303,7.821905484826303,61.1822054135558,True,177.0,False,False
2021-08-20 07:00:00,20210820,127,146,7,5,8,0,0,0,0.0,5.0,0,1,False,793,793,0,25213,24,0,0,24.1,2.1000000000000014,88,0.7,0.0,2021-08,129.7523759619105,-2.752375961910502,2.752375961910502,7.575573435702762,False,177.0,False,False
2021-08-20 08:00:00,20210820,171,179,8,5,8,0,0,0,0.0,5.0,2,0,False,650,650,0,25213,24,0,0,25.1,3.1000000000000014,83,1.1,0.0,2021-08,181.1500246445053,-10.150024644505294,10.150024644505294,103.02300028406482,False,177.0,False,False
2021-08-20 09:00:00,20210820,165,175,9,5,8,0,0,0,0.0,5.0,2,0,False,881,800,0,25213,24,0,0,25.0,3.0,79,0.8,0.0,2021-08,181.39193691807841,-16.391936918078414,16.391936918078414,268.69559592626206,False,177.0,False,False
2021-08-20 10:00:00,20210820,157,168,10,5,8,0,0,0,0.0,5.0,2,0,False,1450,800,0,25213,24,0,0,24.5,2.5,88,0.6,0.7,2021-08,176.35425290594762,-19.354252905947618,19.354252905947618,374.58710554738184,False,177.0,False,True
2021-08-20 11:00:00,20210820,187,193,11,5,8,0,0,0,0.0,5.0,2,0,False,3707,800,0,25213,24,0,0,24.9,2.8999999999999986,85,0.9,0.9,2021-08,179.50367220763823,7.496327792361768,7.496327792361768,56.19493037053546,True,177.0,True,False
2021-08-20 12:00:00,20210820,111,134,12,5,8,0,0,0,0.0,5.0,1,1,False,5245,800,0,25213,24,0,0,24.3,2.3000000000000007,93,1.1,2.3,2021-08,108.13658780458013,2.863412195419869,2.863412195419869,8.199129400879235,True,177.0,False,False
2021-08-20 13:00:00,20210820,177,180,13,5,8,0,0,0,0.0,5.0,2,0,False,1382,800,0,25213,24,0,0,25.6,3.6000000000000014,87,1.2,2.3,2021-08,176.06467281983112,0.9353271801688834,0.9353271801688834,0.8748369339626748,True,177.0,True,False
2021-08-20 14:00:00,20210820,175,184,14,5,8,0,0,0,0.0,5.0,2,0,False,3002,800,0,25213,24,0,0,26.7,4.699999999999999,74,1.8,2.3,2021-08,185.23597148948943,-10.23597148948943,10.23597148948943,104.77511233364045,False,177.0,False,False
2021-08-20 15:00:00,20210820,159,176,15,5,8,0,0,0,0.0,5.0,2,0,False,1383,800,0,25213,24,0,0,27.0,5.0,71,2.6,2.3,2021-08,171.04069040254822,-12.040690402548222,12.040690402548222,144.97822537001687,False,177.0,False,False
2021-08-20 16:00:00,20210820,171,177,16,5,8,0,0,0,0.0,5.0,2,0,False,1774,800,0,25213,24,0,0,27.2,5.199999999999999,74,1.4,2.3,2021-08,178.6138118854959,-7.613811885495892,7.613811885495892,57.970131427718506,False,177.0,False,False
2021-08-20 17:00:00,20210820,134,164,17,5,8,0,0,0,0.0,5.0,2,1,False,282,282,0,25213,24,0,0,26.2,4.199999999999999,79,1.5,2.3,2021-08,137.0729092618201,-3.0729092618200866,3.0729092618200866,9.442771331379669,False,177.0,False,False
2021-08-20 18:00:00,20210820,155,158,18,5,8,0,0,0,0.0,5.0,2,0,False,909,800,0,25213,24,0,0,25.2,3.1999999999999993,86,1.4,2.3,2021-08,170.53314253113703,-15.533142531137031,15.533142531137031,241.27851689261814,False,177.0,False,False
2021-08-20 19:00:00,20210820,125,146,19,5,8,0,0,0,0.0,5.0,2,0,False,1199,800,0,25213,24,0,0,25.1,3.1000000000000014,89,0.5,2.3,2021-08,149.95783580363312,-24.957835803633117,24.957835803633117,622.8935680011111,False,177.0,False,True
2021-08-20 20:00:00,20210820,114,125,20,5,8,0,0,0,0.0,5.0,0,0,False,465,465,0,25213,24,0,0,24.6,2.6000000000000014,90,1.0,2.3,2021-08,110.81663774683052,3.183362253169477,3.183362253169477,10.13379523490425,True,177.0,False,False
2021-08-20 21:00:00,20210820,118,121,21,5,8,0,0,0,0.0,5.0,0,0,False,100,100,0,25213,24,0,0,24.3,2.3000000000000007,93,1.5,2.3,2021-08,107.13832475399624,10.861675246003756,10.861675246003756,117.97598914965076,True,177.0,False,False
2021-08-20 22:00:00,20210820,106,113,22,5,8,0,0,0,0.0,5.0,0,0,False,64,64,0,25213,24,0,0,23.8,1.8000000000000007,97,0.4,2.3,2021-08,103.92479517713018,2.0752048228698214,2.0752048228698214,4.306475056862167,True,177.0,False,False
2021-08-20 23:00:00,20210820,98,106,23,5,8,0,0,0,0.0,5.0,0,0,False,431,431,0,25213,24,0,0,23.7,1.6999999999999993,98,0.6,2.3,2021-08,98.8880800968492,-0.888080096849194,0.888080096849194,0.7886862584196738,False,177.0,False,False
2021-08-21 00:00:00,20210821,63,64,0,6,8,1,0,0,0.0,6.0,0,0,False,524,524,0,3794,8,0,0,23.9,1.8999999999999986,98,1.9,0.0,2021-08,74.2465664741087,-11.246566474108704,11.246566474108704,126.48525745654588,False,177.0,False,False
2021-08-21 01:00:00,20210821,95,99,1,6,8,1,0,0,0.0,6.0,0,0,False,106,106,0,3794,8,0,0,23.5,1.5,98,0.4,0.0,2021-08,91.99152284837885,3.0084771516211504,3.0084771516211504,9.05093477182651,True,177.0,False,False
2021-08-21 02:00:00,20210821,104,109,2,6,8,1,0,0,0.0,6.0,0,0,False,38,38,0,3794,8,0,0,23.9,1.8999999999999986,97,1.3,0.8,2021-08,97.74490568539522,6.255094314604776,6.255094314604776,39.12620488460099,True,177.0,False,False
2021-08-21 03:00:00,20210821,94,102,3,6,8,1,0,0,0.0,6.0,0,0,False,1064,800,0,3794,8,0,0,23.9,1.8999999999999986,98,2.1,1.8,2021-08,95.23460990496557,-1.2346099049655663,1.2346099049655663,1.5242616174390846,False,177.0,False,False
2021-08-21 04:00:00,20210821,104,107,4,6,8,1,0,0,0.0,6.0,0,0,False,156,156,0,3794,8,0,0,24.6,2.6000000000000014,98,1.3,2.0,2021-08,91.65186188547797,12.34813811452203,12.34813811452203,152.47651489531168,True,177.0,False,False
2021-08-21 05:00:00,20210821,95,110,5,6,8,1,0,0,0.0,6.0,0,0,False,30,30,0,3794,8,0,0,24.7,2.6999999999999993,98,2.1,2.1,2021-08,84.40192592515159,10.598074074848412,10.598074074848412,112.31917409597403,True,177.0,False,False
2021-08-21 06:00:00,20210821,99,103,6,6,8,1,0,0,0.0,6.0,0,0,False,522,522,0,3794,8,0,0,24.6,2.6000000000000014,98,2.1,3.2,2021-08,93.41175949984165,5.588240500158349,5.588240500158349,31.22843188761004,True,177.0,False,False
2021-08-21 07:00:00,20210821,69,94,7,6,8,1,0,0,0.0,6.0,0,1,False,1354,800,0,3794,8,0,0,24.5,2.5,98,2.8,4.2,2021-08,82.94594921103368,-13.945949211033678,13.945949211033678,194.48949939673088,False,177.0,False,False
2021-08-21 08:00:00,20210821,23,26,8,6,8,1,0,0,0.0,6.0,2,0,False,0,0,1,3794,8,0,1,23.3,1.3000000000000007,98,2.1,6.1,2021-08,45.53162964658244,-22.531629646582438,22.531629646582438,507.6743345307526,False,177.0,False,True
2021-08-21 09:00:00,20210821,21,21,9,6,8,1,0,0,0.0,6.0,2,0,False,0,0,1,3794,8,0,1,23.9,1.8999999999999986,98,2.6,9.8,2021-08,32.6209183755978,-11.620918375597803,11.620918375597803,135.0457438923067,False,177.0,False,False
2021-08-21 10:00:00,20210821,21,22,10,6,8,1,0,0,0.0,6.0,2,0,False,0,0,1,3794,8,0,1,24.1,2.1000000000000014,98,3.4,21.6,2021-08,32.86776034395729,-11.867760343957293,11.867760343957293,140.84373558160533,False,177.0,False,False
2021-08-21 11:00:00,20210821,23,26,11,6,8,1,0,0,0.0,6.0,2,0,False,0,0,1,3794,8,0,1,24.2,2.1999999999999993,98,4.1,25.5,2021-08,33.616225967126915,-10.616225967126915,10.616225967126915,112.70425378509981,False,177.0,False,False
2021-08-21 12:00:00,20210821,22,22,12,6,8,1,0,0,0.0,6.0,1,1,False,0,0,1,3794,8,0,1,24.1,2.1000000000000014,98,3.2,42.6,2021-08,31.76852622771115,-9.768526227711149,9.768526227711149,95.42410466148061,False,177.0,False,False
2021-08-21 13:00:00,20210821,21,21,13,6,8,1,0,0,0.0,6.0,2,0,False,0,0,1,3794,8,0,1,22.9,0.8999999999999986,98,2.4,68.4,2021-08,33.45113242010087,-12.451132420100869,12.451132420100869,155.03069854288694,False,177.0,False,False
2021-08-21 14:00:00,20210821,23,26,14,6,8,1,0,0,0.0,6.0,2,0,False,0,0,1,3794,8,0,1,22.7,0.6999999999999993,98,2.6,91.9,2021-08,33.66057769649006,-10.660577696490058,10.660577696490058,113.64791682290128,False,177.0,False,False
2021-08-21 15:00:00,20210821,22,23,15,6,8,1,0,0,0.0,6.0,2,0,False,0,0,1,3794,8,0,1,21.2,0.0,98,1.3,116.1,2021-08,33.26867512692258,-11.26867512692258,11.26867512692258,126.98303911612365,False,177.0,False,False
2021-08-21 16:00:00,20210821,22,22,16,6,8,1,0,0,0.0,6.0,2,0,False,0,0,1,3794,8,0,1,22.1,0.10000000000000142,98,3.0,119.2,2021-08,33.67371246291438,-11.67371246291438,11.67371246291438,136.27556266680253,False,177.0,False,False
2021-08-21 17:00:00,20210821,22,22,17,6,8,1,0,0,0.0,6.0,2,1,False,0,0,1,3794,8,0,1,21.8,0.0,98,2.9,122.2,2021-08,33.2348512766805,-11.234851276680502,11.234851276680502,126.2218832091295,False,177.0,False,False
2021-08-21 18:00:00,20210821,25,27,18,6,8,1,0,0,0.0,6.0,2,0,False,0,0,1,3794,8,0,1,22.2,0.1999999999999993,98,1.7,122.2,2021-08,33.52115379275117,-8.521153792751171,8.521153792751171,72.61006195971767,False,177.0,False,False
2021-08-21 19:00:00,20210821,21,21,19,6,8,1,0,0,0.0,6.0,2,0,False,0,0,1,3794,8,0,1,22.2,0.1999999999999993,98,1.5,122.2,2021-08,33.46236226433912,-12.46236226433912,12.46236226433912,155.3104732076237,False,177.0,False,False
2021-08-21 20:00:00,20210821,22,22,20,6,8,1,0,0,0.0,6.0,0,0,False,0,0,1,3794,8,0,1,23.0,1.0,98,2.2,122.2,2021-08,31.975311989148064,-9.975311989148064,9.975311989148064,99.50684928084111,False,177.0,False,False
2021-08-21 21:00:00,20210821,23,23,21,6,8,1,0,0,0.0,6.0,0,0,False,0,0,1,3794,8,0,1,23.5,1.5,98,3.8,122.4,2021-08,32.33380054746203,-9.333800547462033,9.333800547462033,87.11983265980255,False,177.0,False,False
2021-08-21 22:00:00,20210821,25,27,22,6,8,1,0,0,0.0,6.0,0,0,False,0,0,1,3794,8,0,1,23.9,1.8999999999999986,96,2.9,122.4,2021-08,32.149269906966566,-7.149269906966566,7.149269906966566,51.11206020265773,False,177.0,False,False
2021-08-21 23:00:00,20210821,22,23,23,6,8,1,0,0,0.0,6.0,0,0,False,0,0,1,3794,8,0,1,24.1,2.1000000000000014,98,2.8,122.4,2021-08,32.18136773908494,-10.18136773908494,10.18136773908494,103.66024903847959,False,177.0,False,False
2021-08-22 00:00:00,20210822,22,23,0,7,8,1,0,0,0.0,7.0,0,0,True,0,0,1,0,0,0,0,23.9,1.8999999999999986,98,2.1,0.2,2021-08,22.945233832182907,-0.9452338321829075,0.9452338321829075,0.8934669975031849,False,177.0,False,False
2021-08-22 01:00:00,20210822,23,26,1,7,8,1,0,0,0.0,7.0,0,0,True,0,0,1,0,0,0,0,24.7,2.6999999999999993,98,3.6,0.3,2021-08,23.321401628670767,-0.3214016286707668,0.3214016286707668,0.10329900691222148,False,177.0,False,False
2021-08-22 02:00:00,20210822,24,27,2,7,8,1,0,0,0.0,7.0,0,0,True,0,0,1,0,0,0,0,24.8,2.8000000000000007,98,2.3,0.5,2021-08,22.968089370816173,1.0319106291838267,1.0319106291838267,1.064839546622561,True,177.0,False,False
2021-08-22 03:00:00,20210822,23,24,3,7,8,1,0,0,0.0,7.0,0,0,True,0,0,1,0,0,0,0,25.0,3.0,95,2.7,0.5,2021-08,23.27802756233346,-0.2780275623334596,0.2780275623334596,0.07729932541708576,False,177.0,False,False
2021-08-22 04:00:00,20210822,22,22,4,7,8,1,0,0,0.0,7.0,0,0,True,0,0,1,0,0,0,0,23.6,1.6000000000000014,98,2.0,0.5,2021-08,23.140245803627383,-1.1402458036273835,1.1402458036273835,1.3001604926898576,False,177.0,False,False
2021-08-22 05:00:00,20210822,24,26,5,7,8,1,0,0,0.0,7.0,0,0,True,0,0,1,0,0,0,0,22.9,0.8999999999999986,97,1.3,0.5,2021-08,22.841666867972766,1.1583331320272343,1.1583331320272343,1.3417356447520223,True,177.0,False,False
2021-08-22 06:00:00,20210822,22,22,6,7,8,1,0,0,0.0,7.0,0,0,True,0,0,1,0,0,0,0,24.9,2.8999999999999986,98,0.3,0.5,2021-08,22.85905177885394,-0.8590517788539387,0.8590517788539387,0.7379699587521164,False,177.0,False,False
2021-08-22 07:00:00,20210822,22,22,7,7,8,1,0,0,0.0,7.0,0,1,True,0,0,1,0,0,0,0,25.4,3.3999999999999986,94,0.9,0.5,2021-08,23.111698166301228,-1.1116981663012275,1.1116981663012275,1.2358728129575118,False,177.0,False,False
2021-08-22 08:00:00,20210822,22,22,8,7,8,1,0,0,0.0,7.0,2,0,True,0,0,1,0,0,0,0,26.2,4.199999999999999,87,0.6,0.5,2021-08,23.457142176272487,-1.4571421762724874,1.4571421762724874,2.1232633218721206,False,177.0,False,False
2021-08-22 09:00:00,20210822,24,27,9,7,8,1,0,0,0.0,7.0,2,0,True,0,0,1,0,0,0,0,27.6,5.600000000000001,72,1.6,0.5,2021-08,23.44905317232661,0.5509468276733891,0.5509468276733891,0.3035424069233711,True,177.0,False,False
2021-08-22 10:00:00,20210822,22,22,10,7,8,1,0,0,0.0,7.0,2,0,True,0,0,1,0,0,0,0,28.2,6.199999999999999,70,2.4,0.5,2021-08,23.557292271998232,-1.5572922719982323,1.5572922719982323,2.4251592204254164,False,177.0,False,False
2021-08-22 11:00:00,20210822,22,23,11,7,8,1,0,0,0.0,7.0,2,0,True,0,0,1,0,0,0,0,28.3,6.300000000000001,64,3.0,0.5,2021-08,24.162035906334253,-2.1620359063342534,2.1620359063342534,4.674399260278577,False,177.0,False,False
2021-08-22 12:00:00,20210822,23,24,12,7,8,1,0,0,0.0,7.0,1,1,True,0,0,1,0,0,0,0,29.1,7.100000000000001,62,2.5,0.5,2021-08,22.752039715650294,0.24796028434970552,0.24796028434970552,0.061484302614786816,True,177.0,False,False
2021-08-22 13:00:00,20210822,24,26,13,7,8,1,0,0,0.0,7.0,2,0,True,0,0,1,0,0,0,0,30.4,8.399999999999999,58,2.1,0.5,2021-08,23.99704635156586,0.0029536484341399216,0.0029536484341399216,8.724039072497211e-06,True,177.0,False,False
2021-08-22 14:00:00,20210822,23,23,14,7,8,1,0,0,0.0,7.0,2,0,True,0,0,1,0,0,0,0,30.2,8.2,58,1.7,0.5,2021-08,24.225968907306125,-1.2259689073061253,1.2259689073061253,1.5029997616813748,False,177.0,False,False
2021-08-22 15:00:00,20210822,23,23,15,7,8,1,0,0,0.0,7.0,2,0,True,0,0,1,0,0,0,0,30.1,8.100000000000001,61,1.8,0.5,2021-08,24.156374236240836,-1.1563742362408362,1.1563742362408362,1.3372013742415774,False,177.0,False,False
2021-08-22 16:00:00,20210822,25,27,16,7,8,1,0,0,0.0,7.0,2,0,True,0,0,1,0,0,0,0,29.6,7.600000000000001,56,3.4,0.5,2021-08,23.848400644314534,1.151599355685466,1.151599355685466,1.3261810760151804,True,177.0,False,False
2021-08-22 17:00:00,20210822,22,22,17,7,8,1,0,0,0.0,7.0,2,1,True,0,0,1,0,0,0,0,28.9,6.899999999999999,62,3.4,0.5,2021-08,23.16751744891947,-1.1675174489194688,1.1675174489194688,1.3630969935314246,False,177.0,False,False
2021-08-22 18:00:00,20210822,22,22,18,7,8,1,0,0,0.0,7.0,2,0,True,0,0,1,0,0,0,0,27.7,5.699999999999999,74,3.1,0.5,2021-08,23.78715331406309,-1.7871533140630902,1.7871533140630902,3.193916967966686,False,177.0,False,False
2021-08-22 19:00:00,20210822,22,22,19,7,8,1,0,0,0.0,7.0,2,0,True,0,0,1,0,0,0,0,26.6,4.600000000000001,80,2.4,0.5,2021-08,23.669984109930652,-1.6699841099306525,1.6699841099306525,2.788846927420874,False,177.0,False,False
2021-08-22 20:00:00,20210822,24,26,20,7,8,1,0,0,0.0,7.0,0,0,True,0,0,1,0,0,0,0,26.0,4.0,82,2.6,0.5,2021-08,23.504917309880508,0.49508269011949224,0.49508269011949224,0.2451068700559532,True,177.0,False,False
2021-08-22 21:00:00,20210822,22,23,21,7,8,1,0,0,0.0,7.0,0,0,True,0,0,1,0,0,0,0,25.2,3.1999999999999993,85,0.8,0.5,2021-08,23.320297435998523,-1.3202974359985227,1.3202974359985227,1.743185319504273,False,177.0,False,False
2021-08-22 22:00:00,20210822,23,24,22,7,8,1,0,0,0.0,7.0,0,0,True,0,0,1,0,0,0,0,25.1,3.1000000000000014,86,1.3,0.5,2021-08,23.447825376485188,-0.44782537648518783,0.44782537648518783,0.20054756782410021,False,177.0,False,False
2021-08-22 23:00:00,20210822,23,26,23,7,8,1,0,0,0.0,7.0,0,0,True,0,0,1,0,0,0,0,24.2,2.1999999999999993,92,0.6,0.5,2021-08,23.226275383238377,-0.22627538323837726,0.22627538323837726,0.0512005490596745,False,177.0,False,False
2021-08-23 00:00:00,20210823,23,25,0,1,8,0,0,1,1.0,1.0,0,0,False,0,0,1,16580,16,1,0,23.8,1.8000000000000007,93,0.0,0.0,2021-08,22.85552980932359,0.14447019067641165,0.14447019067641165,0.02087163599407874,True,177.0,False,False
2021-08-23 01:00:00,20210823,23,23,1,1,8,0,0,1,1.0,1.0,0,0,False,0,0,1,16580,16,1,0,24.3,2.3000000000000007,92,2.1,0.0,2021-08,23.799241947720372,-0.7992419477203718,0.7992419477203718,0.6387876909958535,False,177.0,False,False
2021-08-23 02:00:00,20210823,23,23,2,1,8,0,0,1,1.0,1.0,0,0,False,0,0,1,16580,16,1,0,24.2,2.1999999999999993,93,1.4,0.0,2021-08,22.50930830890408,0.49069169109591826,0.49069169109591826,0.24077833571057206,True,177.0,False,False
2021-08-23 03:00:00,20210823,24,27,3,1,8,0,0,1,1.0,1.0,0,0,False,0,0,1,16580,16,1,0,24.0,2.0,93,2.3,0.0,2021-08,22.940963645969514,1.0590363540304857,1.0590363540304857,1.121557999158184,True,177.0,False,False
2021-08-23 04:00:00,20210823,22,22,4,1,8,0,0,1,1.0,1.0,0,0,False,0,0,1,16580,16,1,0,23.3,1.3000000000000007,96,0.2,0.0,2021-08,22.49554214708114,-0.49554214708113875,0.49554214708113875,0.24556201953378495,False,177.0,False,False
2021-08-23 05:00:00,20210823,22,22,5,1,8,0,0,1,1.0,1.0,0,0,False,0,0,1,16580,16,1,0,23.4,1.3999999999999986,98,1.5,0.1,2021-08,22.261699524791485,-0.26169952479148506,0.26169952479148506,0.06848664127608911,False,177.0,False,False
2021-08-23 06:00:00,20210823,21,22,6,1,8,0,0,1,1.0,1.0,0,0,False,0,0,1,16580,16,1,0,23.6,1.6000000000000014,96,0.8,0.1,2021-08,22.31333333082266,-1.3133333308226582,1.3133333308226582,1.7248444378497378,False,177.0,False,False
2021-08-23 07:00:00,20210823,58,92,7,1,8,0,0,1,1.0,1.0,0,1,False,0,0,1,16580,16,1,0,23.8,1.8000000000000007,98,0.4,0.1,2021-08,62.76308792690012,-4.76308792690012,4.76308792690012,22.687006599381682,False,177.0,False,False
2021-08-23 08:00:00,20210823,167,181,8,1,8,0,0,1,1.0,1.0,2,0,False,759,759,0,16580,16,0,0,24.9,2.8999999999999986,94,0.3,0.2,2021-08,174.53548883726367,-7.535488837263671,7.535488837263671,56.78359201652539,False,177.0,False,False
2021-08-23 09:00:00,20210823,180,187,9,1,8,0,0,1,1.0,1.0,2,0,False,1105,800,0,16580,16,0,0,25.6,3.6000000000000014,90,0.5,0.2,2021-08,176.12587165219887,3.8741283478011326,3.8741283478011326,15.008870455236334,True,177.0,True,False
2021-08-23 10:00:00,20210823,170,182,10,1,8,0,0,1,1.0,1.0,2,0,False,884,800,0,16580,16,0,0,26.0,4.0,89,0.9,0.2,2021-08,174.10008813278208,-4.100088132782076,4.100088132782076,16.810722696580413,False,177.0,False,False
2021-08-23 11:00:00,20210823,184,191,11,1,8,0,0,1,1.0,1.0,2,0,False,1300,800,0,16580,16,0,0,26.3,4.300000000000001,90,0.7,0.5,2021-08,178.40590621571369,5.594093784286315,5.594093784286315,31.293885267390785,True,177.0,True,False
2021-08-23 12:00:00,20210823,116,136,12,1,8,0,0,1,1.0,1.0,1,1,False,333,333,0,16580,16,0,0,24.7,2.6999999999999993,98,1.8,1.8,2021-08,112.85791569511458,3.1420843048854152,3.1420843048854152,9.872693779007262,True,177.0,False,False
2021-08-23 13:00:00,20210823,184,193,13,1,8,0,0,1,1.0,1.0,2,0,False,1758,800,0,16580,16,0,0,23.4,1.3999999999999986,98,1.0,4.5,2021-08,171.45732338192045,12.542676618079554,12.542676618079554,157.31873674571955,True,177.0,True,False
2021-08-23 14:00:00,20210823,184,190,14,1,8,0,0,1,1.0,1.0,2,0,False,4563,800,0,16580,16,0,0,22.1,0.10000000000000142,96,0.5,7.7,2021-08,168.3153127615143,15.684687238485708,15.684687238485708,246.00941376911643,True,177.0,True,False
2021-08-23 15:00:00,20210823,180,196,15,1,8,0,0,1,1.0,1.0,2,0,False,674,674,0,16580,16,0,0,22.1,0.10000000000000142,98,1.1,10.9,2021-08,154.0644817915567,25.935518208443312,25.935518208443312,672.6511047404946,True,177.0,True,True
2021-08-23 16:00:00,20210823,172,177,16,1,8,0,0,1,1.0,1.0,2,0,False,2742,800,0,16580,16,0,0,22.0,0.0,98,1.1,11.1,2021-08,156.38043633361636,15.619563666383641,15.619563666383641,243.97076912821197,True,177.0,False,False
2021-08-23 17:00:00,20210823,142,177,17,1,8,0,0,1,1.0,1.0,2,1,False,362,362,0,16580,16,0,0,22.3,0.3000000000000007,98,1.0,11.1,2021-08,131.26167520938864,10.738324790611358,10.738324790611358,115.31161930865846,True,177.0,False,False
2021-08-23 18:00:00,20210823,156,179,18,1,8,0,0,1,1.0,1.0,2,0,False,651,651,0,16580,16,0,0,21.9,0.0,98,1.0,12.4,2021-08,122.71135453967388,33.28864546032612,33.28864546032612,1108.133916583291,True,177.0,False,True
2021-08-23 19:00:00,20210823,129,137,19,1,8,0,0,1,1.0,1.0,2,0,False,1052,800,0,16580,16,0,0,21.6,0.0,98,1.2,12.4,2021-08,116.71996673670922,12.280033263290775,12.280033263290775,150.7992169475279,True,177.0,False,False
2021-08-23 20:00:00,20210823,112,118,20,1,8,0,0,1,1.0,1.0,0,0,False,8,8,0,16580,16,0,0,21.8,0.0,94,1.6,12.4,2021-08,104.2803952906999,7.7196047093001,7.7196047093001,59.59229686784828,True,177.0,False,False
2021-08-23 21:00:00,20210823,111,117,21,1,8,0,0,1,1.0,1.0,0,0,False,222,222,0,16580,16,0,0,21.8,0.0,96,1.6,14.7,2021-08,109.76139976912775,1.238600230872251,1.238600230872251,1.5341305319167935,True,177.0,False,False
2021-08-23 22:00:00,20210823,109,113,22,1,8,0,0,1,1.0,1.0,0,0,False,14,14,0,16580,16,0,0,21.9,0.0,98,2.4,20.9,2021-08,102.71742080521462,6.282579194785384,6.282579194785384,39.47080133875017,True,177.0,False,False
2021-08-23 23:00:00,20210823,96,107,23,1,8,0,0,1,1.0,1.0,0,0,False,153,153,0,16580,16,0,0,23.4,1.3999999999999986,98,3.7,35.1,2021-08,98.51335052609356,-2.5133505260935607,2.5133505260935607,6.316930867014778,False,177.0,False,False
2021-08-24 00:00:00,20210824,65,67,0,2,8,0,0,0,0.0,2.0,0,0,False,0,0,1,16955,22,1,0,23.8,1.8000000000000007,98,5.7,43.3,2021-08,68.27189972724466,-3.2718997272446586,3.2718997272446586,10.705327825143671,False,177.0,False,False
2021-08-24 01:00:00,20210824,105,111,1,2,8,0,0,0,0.0,2.0,0,0,False,109,109,0,16955,22,0,0,24.8,2.8000000000000007,98,3.6,91.4,2021-08,100.32099884197783,4.679001158022174,4.679001158022174,21.893051836772848,True,177.0,False,False
2021-08-24 02:00:00,20210824,110,115,2,2,8,0,0,0,0.0,2.0,0,0,False,127,127,0,16955,22,0,0,24.4,2.3999999999999986,98,3.2,93.0,2021-08,102.0187016696852,7.9812983303148,7.9812983303148,63.701123037485814,True,177.0,False,False
2021-08-24 03:00:00,20210824,105,115,3,2,8,0,0,0,0.0,2.0,0,0,False,12,12,0,16955,22,0,0,25.1,3.1000000000000014,93,4.2,93.0,2021-08,97.13686701104041,7.863132988959592,7.863132988959592,61.828860402064606,True,177.0,False,False
2021-08-24 04:00:00,20210824,108,113,4,2,8,0,0,0,0.0,2.0,0,0,False,4,4,0,16955,22,0,0,24.8,2.8000000000000007,88,4.6,93.0,2021-08,101.27121326939569,6.7287867306043125,6.7287867306043125,45.27657086595667,True,177.0,False,False
2021-08-24 05:00:00,20210824,88,106,5,2,8,0,0,0,0.0,2.0,0,0,False,38,38,0,16955,22,0,0,24.4,2.3999999999999986,90,1.9,93.0,2021-08,92.89419672386617,-4.894196723866173,4.894196723866173,23.953161571902385,False,177.0,False,False
2021-08-24 06:00:00,20210824,109,115,6,2,8,0,0,0,0.0,2.0,0,0,False,86,86,0,16955,22,0,0,25.8,3.8000000000000007,84,3.5,93.0,2021-08,100.1768225117197,8.823177488280294,8.823177488280294,77.84846098969615,True,177.0,False,False
2021-08-24 07:00:00,20210824,131,145,7,2,8,0,0,0,0.0,2.0,0,1,False,583,583,0,16955,22,0,0,24.9,2.8999999999999986,92,2.2,93.0,2021-08,120.44733187973002,10.552668120269985,10.552668120269985,111.35880445656245,True,177.0,False,False
2021-08-24 08:00:00,20210824,187,196,8,2,8,0,0,0,0.0,2.0,2,0,False,2623,800,0,16955,22,0,0,25.0,3.0,96,2.3,93.6,2021-08,177.16094287593452,9.839057124065477,9.839057124065477,96.8070450906236,True,177.0,True,False
2021-08-24 09:00:00,20210824,181,190,9,2,8,0,0,0,0.0,2.0,2,0,False,516,516,0,16955,22,0,0,24.5,2.5,98,0.0,95.5,2021-08,178.417185998865,2.582814001135006,2.582814001135006,6.670928164459018,True,177.0,True,False
2021-08-24 10:00:00,20210824,171,181,10,2,8,0,0,0,0.0,2.0,2,0,False,1007,800,0,16955,22,0,0,25.0,3.0,98,0.6,99.5,2021-08,178.9190242591188,-7.9190242591188,7.9190242591188,62.71094521651205,False,177.0,False,False
2021-08-24 11:00:00,20210824,183,188,11,2,8,0,0,0,0.0,2.0,2,0,False,901,800,0,16955,22,0,0,25.7,3.6999999999999993,98,2.7,103.3,2021-08,180.18105580816072,2.818944191839279,2.818944191839279,7.946446356704405,True,177.0,True,False
2021-08-24 12:00:00,20210824,115,130,12,2,8,0,0,0,0.0,2.0,1,1,False,164,164,0,16955,22,0,0,26.6,4.600000000000001,98,2.1,105.2,2021-08,110.37274468807048,4.627255311929517,4.627255311929517,21.411491721779928,True,177.0,False,False
2021-08-24 13:00:00,20210824,174,180,13,2,8,0,0,0,0.0,2.0,2,0,False,2240,800,0,16955,22,0,0,27.1,5.100000000000001,95,3.4,105.7,2021-08,182.35728378772058,-8.357283787720576,8.357283787720576,69.84419230849717,False,177.0,False,False
2021-08-24 14:00:00,20210824,186,190,14,2,8,0,0,0,0.0,2.0,2,0,False,510,510,0,16955,22,0,0,27.9,5.899999999999999,98,2.7,108.0,2021-08,178.08140127570854,7.918598724291456,7.918598724291456,62.704205756350284,True,177.0,True,False
2021-08-24 15:00:00,20210824,175,201,15,2,8,0,0,0,0.0,2.0,2,0,False,1537,800,0,16955,22,0,0,28.4,6.399999999999999,87,3.7,108.0,2021-08,171.8193208149219,3.1806791850781053,3.1806791850781053,10.11672007838912,True,177.0,False,False
2021-08-24 16:00:00,20210824,184,191,16,2,8,0,0,0,0.0,2.0,2,0,False,2281,800,0,16955,22,0,0,28.1,6.100000000000001,88,2.7,108.0,2021-08,176.5166505551493,7.483349444850688,7.483349444850688,56.00051891374711,True,177.0,True,False
2021-08-24 17:00:00,20210824,139,157,17,2,8,0,0,0,0.0,2.0,2,1,False,797,797,0,16955,22,0,0,27.8,5.800000000000001,90,2.8,108.3,2021-08,135.2234603172502,3.7765396827498137,3.7765396827498137,14.262251975384062,True,177.0,False,False
2021-08-24 18:00:00,20210824,152,156,18,2,8,0,0,0,0.0,2.0,2,0,False,1411,800,0,16955,22,0,0,27.6,5.600000000000001,89,1.9,108.3,2021-08,168.5111260090119,-16.51112600901189,16.51112600901189,272.61728208546884,False,177.0,False,False
2021-08-24 19:00:00,20210824,150,164,19,2,8,0,0,0,0.0,2.0,2,0,False,1762,800,0,16955,22,0,0,27.0,5.0,93,2.7,108.3,2021-08,163.39817127985995,-13.398171279859952,13.398171279859952,179.51099364446407,False,177.0,False,False
2021-08-24 20:00:00,20210824,121,125,20,2,8,0,0,0,0.0,2.0,0,0,False,0,0,1,16955,22,0,0,26.8,4.800000000000001,89,2.6,108.3,2021-08,118.129935522619,2.870064477381007,2.870064477381007,8.237270104324312,True,177.0,False,False
2021-08-24 21:00:00,20210824,121,123,21,2,8,0,0,0,0.0,2.0,0,0,False,135,135,0,16955,22,0,0,26.9,4.899999999999999,87,2.5,108.3,2021-08,118.9514728278333,2.0485271721667004,2.0485271721667004,4.196463575105298,True,177.0,False,False
2021-08-24 22:00:00,20210824,113,120,22,2,8,0,0,0,0.0,2.0,0,0,False,14,14,0,16955,22,0,0,26.9,4.899999999999999,85,2.5,108.3,2021-08,113.18125611415405,-0.18125611415405274,0.18125611415405274,0.032853778918226995,False,177.0,False,False
2021-08-24 23:00:00,20210824,99,107,23,2,8,0,0,0,0.0,2.0,0,0,False,98,98,0,16955,22,0,0,26.0,4.0,87,1.0,108.3,2021-08,104.95156500714563,-5.951565007145632,5.951565007145632,35.42112603428039,False,177.0,False,False
2021-08-25 00:00:00,20210825,77,81,0,3,8,0,0,0,0.0,3.0,0,0,False,0,0,1,22076,23,1,0,25.4,3.3999999999999986,92,0.4,0.0,2021-08,69.36768658475783,7.632313415242166,7.632313415242166,58.25220806848554,True,177.0,False,False
2021-08-25 01:00:00,20210825,104,111,1,3,8,0,0,0,0.0,3.0,0,0,False,56,56,0,22076,23,0,0,25.4,3.3999999999999986,90,0.9,0.0,2021-08,98.56748172447824,5.432518275521758,5.432518275521758,29.5122548138779,True,177.0,False,False
2021-08-25 02:00:00,20210825,109,115,2,3,8,0,0,0,0.0,3.0,0,0,False,227,227,0,22076,23,0,0,25.9,3.8999999999999986,88,1.9,0.0,2021-08,105.50454548892145,3.495454511078549,3.495454511078549,12.218202239019377,True,177.0,False,False
2021-08-25 03:00:00,20210825,99,106,3,3,8,0,0,0,0.0,3.0,0,0,False,28,28,0,22076,23,0,0,24.8,2.8000000000000007,93,0.6,0.0,2021-08,99.06936966272177,-0.06936966272176903,0.06936966272176903,0.004812150106131992,False,177.0,False,False
2021-08-25 04:00:00,20210825,109,110,4,3,8,0,0,0,0.0,3.0,0,0,False,63,63,0,22076,23,0,0,24.3,2.3000000000000007,96,0.4,0.0,2021-08,102.72340990248078,6.276590097519218,6.276590097519218,39.39558325227631,True,177.0,False,False
2021-08-25 05:00:00,20210825,91,107,5,3,8,0,0,0,0.0,3.0,0,0,False,46,46,0,22076,23,0,0,24.2,2.1999999999999993,98,0.6,0.0,2021-08,92.24221954139777,-1.2422195413977732,1.2422195413977732,1.543109389030494,False,177.0,False,False
2021-08-25 06:00:00,20210825,104,108,6,3,8,0,0,0,0.0,3.0,0,0,False,323,323,0,22076,23,0,0,24.2,2.1999999999999993,98,0.9,0.1,2021-08,110.19557712651807,-6.195577126518074,6.195577126518074,38.385175930633956,False,177.0,False,False
2021-08-25 07:00:00,20210825,139,162,7,3,8,0,0,0,0.0,3.0,0,1,False,506,506,0,22076,23,0,0,25.2,3.1999999999999993,98,0.6,0.1,2021-08,125.1306427965413,13.869357203458705,13.869357203458705,192.35906923713188,True,177.0,False,False
2021-08-25 08:00:00,20210825,174,182,8,3,8,0,0,0,0.0,3.0,2,0,False,470,470,0,22076,23,0,0,25.6,3.6000000000000014,95,0.2,0.1,2021-08,179.39215026157999,-5.392150261579985,5.392150261579985,29.075284443457104,False,177.0,False,False
2021-08-25 09:00:00,20210825,171,181,9,3,8,0,0,0,0.0,3.0,2,0,False,2173,800,0,22076,23,0,0,25.6,3.6000000000000014,95,0.3,0.3,2021-08,180.25706757409878,-9.257067574098784,9.257067574098784,85.69330007143114,False,177.0,False,False
2021-08-25 10:00:00,20210825,177,189,10,3,8,0,0,0,0.0,3.0,2,0,False,1134,800,0,22076,23,0,0,25.8,3.8000000000000007,97,0.8,1.5,2021-08,181.60092082865194,-4.600920828651937,4.600920828651937,21.168472471523224,False,177.0,True,False
2021-08-25 11:00:00,20210825,173,184,11,3,8,0,0,0,0.0,3.0,2,0,False,1409,800,0,22076,23,0,0,26.3,4.300000000000001,93,1.8,1.5,2021-08,185.180087575861,-12.180087575860995,12.180087575860995,148.35453335564335,False,177.0,False,False
2021-08-25 12:00:00,20210825,110,121,12,3,8,0,0,0,0.0,3.0,1,1,False,162,162,0,22076,23,0,0,25.3,3.3000000000000007,97,1.0,5.4,2021-08,105.2143401611825,4.7856598388174945,4.7856598388174945,22.902540092870687,True,177.0,False,False
2021-08-25 13:00:00,20210825,174,180,13,3,8,0,0,0,0.0,3.0,2,0,False,1825,800,0,22076,23,0,0,26.0,4.0,97,1.3,5.4,2021-08,180.32509305684164,-6.325093056841638,6.325093056841638,40.0068021777063,False,177.0,False,False
2021-08-25 14:00:00,20210825,177,184,14,3,8,0,0,0,0.0,3.0,2,0,False,2166,800,0,22076,23,0,0,26.0,4.0,94,1.0,5.4,2021-08,179.68113318613618,-2.6811331861361793,2.6811331861361793,7.18847516180074,False,177.0,True,False
2021-08-25 15:00:00,20210825,169,180,15,3,8,0,0,0,0.0,3.0,2,0,False,1786,800,0,22076,23,0,0,25.8,3.8000000000000007,93,1.8,5.4,2021-08,168.37428573632505,0.6257142636749506,0.6257142636749506,0.39151833976628564,True,177.0,False,False
2021-08-25 16:00:00,20210825,162,172,16,3,8,0,0,0,0.0,3.0,2,0,False,1158,800,0,22076,23,0,0,25.4,3.3999999999999986,94,2.7,5.4,2021-08,175.48195233094103,-13.481952330941027,13.481952330941027,181.7630386537662,False,177.0,False,False
2021-08-25 17:00:00,20210825,146,176,17,3,8,0,0,0,0.0,3.0,2,1,False,5718,800,0,22076,23,0,0,25.0,3.0,98,0.9,5.4,2021-08,147.7308565121684,-1.7308565121684012,1.7308565121684012,2.995864265715763,False,177.0,False,False
2021-08-25 18:00:00,20210825,167,172,18,3,8,0,0,0,0.0,3.0,2,0,False,1184,800,0,22076,23,0,0,25.8,3.8000000000000007,91,2.7,5.4,2021-08,174.245634840701,-7.245634840701001,7.245634840701001,52.49922424478022,False,177.0,False,False
2021-08-25 19:00:00,20210825,139,152,19,3,8,0,0,0,0.0,3.0,2,0,False,1345,800,0,22076,23,0,0,24.5,2.5,94,1.4,5.4,2021-08,153.65247434931246,-14.652474349312456,14.652474349312456,214.6950045572595,False,177.0,False,False
2021-08-25 20:00:00,20210825,111,124,20,3,8,0,0,0,0.0,3.0,0,0,False,67,67,0,22076,23,0,0,24.7,2.6999999999999993,97,0.8,5.4,2021-08,113.70857713938038,-2.708577139380381,2.708577139380381,7.336390119974008,False,177.0,False,False
2021-08-25 21:00:00,20210825,121,131,21,3,8,0,0,0,0.0,3.0,0,0,False,112,112,0,22076,23,0,0,25.0,3.0,96,1.2,5.4,2021-08,109.38054178115704,11.619458218842965,11.619458218842965,135.01180929943732,True,177.0,False,False
2021-08-25 22:00:00,20210825,110,114,22,3,8,0,0,0,0.0,3.0,0,0,False,102,102,0,22076,23,0,0,24.7,2.6999999999999993,98,0.7,5.5,2021-08,107.31081014215874,2.6891898578412565,2.6891898578412565,7.231742091516278,True,177.0,False,False
2021-08-25 23:00:00,20210825,105,119,23,3,8,0,0,0,0.0,3.0,0,0,False,16,16,0,22076,23,0,0,23.9,1.8999999999999986,98,0.4,5.5,2021-08,102.65124632818585,2.3487536718141513,2.3487536718141513,5.516643810860458,True,177.0,False,False
2021-08-26 00:00:00,20210826,72,73,0,4,8,0,0,0,0.0,4.0,0,0,False,415,415,0,20064,24,0,0,23.8,1.8000000000000007,98,0.1,0.0,2021-08,76.69801146617698,-4.698011466176979,4.698011466176979,22.07131173633037,False,177.0,False,False
2021-08-26 01:00:00,20210826,103,110,1,4,8,0,0,0,0.0,4.0,0,0,False,24,24,0,20064,24,0,0,23.9,1.8999999999999986,98,0.1,0.0,2021-08,104.78030964069224,-1.7803096406922378,1.7803096406922378,3.169502416741725,False,177.0,False,False
2021-08-26 02:00:00,20210826,115,118,2,4,8,0,0,0,0.0,4.0,0,0,False,277,277,0,20064,24,0,0,24.0,2.0,98,0.8,0.0,2021-08,105.57308019090681,9.426919809093192,9.426919809093192,88.86681708707363,True,177.0,False,False
2021-08-26 03:00:00,20210826,99,104,3,4,8,0,0,0,0.0,4.0,0,0,False,30,30,0,20064,24,0,0,23.6,1.6000000000000014,98,1.1,0.0,2021-08,106.12419603544545,-7.1241960354454505,7.1241960354454505,50.75416915145667,False,177.0,False,False
2021-08-26 04:00:00,20210826,110,115,4,4,8,0,0,0,0.0,4.0,0,0,False,96,96,0,20064,24,0,0,23.9,1.8999999999999986,98,1.8,0.0,2021-08,105.53271951419346,4.4672804858065405,4.4672804858065405,19.95659493886792,True,177.0,False,False
2021-08-26 05:00:00,20210826,92,108,5,4,8,0,0,0,0.0,4.0,0,0,False,139,139,0,20064,24,0,0,24.2,2.1999999999999993,98,1.7,0.0,2021-08,93.48012271556765,-1.4801227155676457,1.4801227155676457,2.190763253139342,False,177.0,False,False
2021-08-26 06:00:00,20210826,105,111,6,4,8,0,0,0,0.0,4.0,0,0,False,393,393,0,20064,24,0,0,25.3,3.3000000000000007,98,0.7,0.0,2021-08,109.43198814121247,-4.4319881412124715,4.4319881412124715,19.642518883847977,False,177.0,False,False
2021-08-26 07:00:00,20210826,134,147,7,4,8,0,0,0,0.0,4.0,0,1,False,1981,800,0,20064,24,0,0,26.3,4.300000000000001,90,1.3,0.0,2021-08,127.11449261544418,6.885507384555822,6.885507384555822,47.41021194277276,True,177.0,False,False
2021-08-26 08:00:00,20210826,183,196,8,4,8,0,0,0,0.0,4.0,2,0,False,592,592,0,20064,24,0,0,28.1,6.100000000000001,74,1.0,0.0,2021-08,186.1179120414754,-3.1179120414753925,3.1179120414753925,9.721375498377249,False,177.0,True,False
2021-08-26 09:00:00,20210826,195,199,9,4,8,0,0,0,0.0,4.0,2,0,False,1269,800,0,20064,24,0,0,27.8,5.800000000000001,71,1.7,0.0,2021-08,187.13050481267507,7.8694951873249295,7.8694951873249295,61.928954503330225,True,177.0,True,False
2021-08-26 10:00:00,20210826,180,193,10,4,8,0,0,0,0.0,4.0,2,0,False,286,286,0,20064,24,0,0,29.4,7.399999999999999,66,0.7,0.0,2021-08,179.22638475942313,0.7736152405768735,0.7736152405768735,0.5984805404528138,True,177.0,True,False
2021-08-26 11:00:00,20210826,188,194,11,4,8,0,0,0,0.0,4.0,2,0,False,1425,800,0,20064,24,0,0,30.2,8.2,56,1.8,0.0,2021-08,189.4351210968176,-1.4351210968175963,1.4351210968175963,2.0595725625309407,False,177.0,True,False
2021-08-26 12:00:00,20210826,111,127,12,4,8,0,0,0,0.0,4.0,1,1,False,37,37,0,20064,24,0,0,30.6,8.600000000000001,56,1.3,0.0,2021-08,115.06922393389272,-4.069223933892715,4.069223933892715,16.558583424165306,False,177.0,False,False
2021-08-26 13:00:00,20210826,183,199,13,4,8,0,0,0,0.0,4.0,2,0,False,1792,800,0,20064,24,0,0,31.8,9.8,44,1.5,0.0,2021-08,183.94957715553832,-0.9495771555383214,0.9495771555383214,0.9016967743202495,False,177.0,True,False
2021-08-26 14:00:00,20210826,185,190,14,4,8,0,0,0,0.0,4.0,2,0,False,746,746,0,20064,24,0,0,31.6,9.600000000000001,56,1.1,0.0,2021-08,185.44368774288134,-0.4436877428813375,0.4436877428813375,0.19685881318313586,False,177.0,True,False
2021-08-26 15:00:00,20210826,188,202,15,4,8,0,0,0,0.0,4.0,2,0,False,2034,800,0,20064,24,0,0,30.3,8.3,60,2.3,0.0,2021-08,179.4598978948574,8.540102105142608,8.540102105142608,72.93334396626122,True,177.0,True,False
2021-08-26 16:00:00,20210826,173,186,16,4,8,0,0,0,0.0,4.0,2,0,False,645,645,0,20064,24,0,0,29.8,7.800000000000001,67,0.9,0.0,2021-08,179.2435497911622,-6.243549791162195,6.243549791162195,38.98191399472149,False,177.0,False,False
2021-08-26 17:00:00,20210826,132,161,17,4,8,0,0,0,0.0,4.0,2,1,False,301,301,0,20064,24,0,0,30.3,8.3,55,1.7,0.0,2021-08,138.41453568780886,-6.414535687808865,6.414535687808865,41.14626809017355,False,177.0,False,False
2021-08-26 18:00:00,20210826,162,167,18,4,8,0,0,0,0.0,4.0,2,0,False,2864,800,0,20064,24,0,0,28.3,6.300000000000001,66,1.2,0.0,2021-08,176.76672409912203,-14.76672409912203,14.76672409912203,218.05614061959133,False,177.0,False,False
2021-08-26 19:00:00,20210826,156,170,19,4,8,0,0,0,0.0,4.0,2,0,False,4012,800,0,20064,24,0,0,26.3,4.300000000000001,80,0.3,0.0,2021-08,161.30886819022348,-5.308868190223478,5.308868190223478,28.18408146116671,False,177.0,False,False
2021-08-26 20:00:00,20210826,116,121,20,4,8,0,0,0,0.0,4.0,0,0,False,203,203,0,20064,24,0,0,26.4,4.399999999999999,81,1.9,0.0,2021-08,124.21350180526422,-8.213501805264215,8.213501805264215,67.46161190507853,False,177.0,False,False
2021-08-26 21:00:00,20210826,125,128,21,4,8,0,0,0,0.0,4.0,0,0,False,10,10,0,20064,24,0,0,25.3,3.3000000000000007,82,0.8,0.0,2021-08,114.46572489070763,10.534275109292366,10.534275109292366,110.9709520782567,True,177.0,False,False
2021-08-26 22:00:00,20210826,111,116,22,4,8,0,0,0,0.0,4.0,0,0,False,123,123,0,20064,24,0,0,25.3,3.3000000000000007,79,0.8,0.0,2021-08,113.71449094815328,-2.7144909481532835,2.7144909481532835,7.368461107606112,False,177.0,False,False
2021-08-26 23:00:00,20210826,105,113,23,4,8,0,0,0,0.0,4.0,0,0,False,370,370,0,20064,24,0,0,24.7,2.6999999999999993,81,1.2,0.0,2021-08,105.16601235251426,-0.16601235251425805,0.16601235251425805,0.027560101187318282,False,177.0,False,False
2021-08-27 00:00:00,20210827,72,77,0,5,8,0,0,0,0.0,5.0,0,0,False,0,0,1,25769,23,1,0,23.2,1.1999999999999993,96,1.2,0.0,2021-08,69.09314947135593,2.906850528644071,2.906850528644071,8.449779995878316,True,177.0,False,False
2021-08-27 01:00:00,20210827,102,111,1,5,8,0,0,0,0.0,5.0,0,0,False,43,43,0,25769,23,0,0,22.9,0.8999999999999986,91,0.9,0.0,2021-08,104.52777455525484,-2.5277745552548367,2.5277745552548367,6.389644202193788,False,177.0,False,False
2021-08-27 02:00:00,20210827,111,115,2,5,8,0,0,0,0.0,5.0,0,0,False,1024,800,0,25769,23,0,0,22.6,0.6000000000000014,94,1.6,0.0,2021-08,111.63421601406516,-0.63421601406516,0.63421601406516,0.4022299524966993,False,177.0,False,False
2021-08-27 03:00:00,20210827,102,114,3,5,8,0,0,0,0.0,5.0,0,0,False,334,334,0,25769,23,0,0,22.3,0.3000000000000007,93,1.3,0.0,2021-08,109.78900244578745,-7.789002445787446,7.789002445787446,60.66855910048282,False,177.0,False,False
2021-08-27 04:00:00,20210827,108,112,4,5,8,0,0,0,0.0,5.0,0,0,False,293,293,0,25769,23,0,0,22.2,0.1999999999999993,92,0.9,0.0,2021-08,106.95290065493134,1.0470993450686592,1.0470993450686592,1.096417038443215,True,177.0,False,False
2021-08-27 05:00:00,20210827,86,104,5,5,8,0,0,0,0.0,5.0,0,0,False,73,73,0,25769,23,0,0,21.8,0.0,98,0.4,0.0,2021-08,92.629567224143,-6.629567224143003,6.629567224143003,43.95116157943116,False,177.0,False,False
2021-08-27 06:00:00,20210827,101,103,6,5,8,0,0,0,0.0,5.0,0,0,False,189,189,0,25769,23,0,0,23.2,1.1999999999999993,94,0.5,0.0,2021-08,110.79556668713559,-9.79556668713559,9.79556668713559,95.95312672212052,False,177.0,False,False
2021-08-27 07:00:00,20210827,125,135,7,5,8,0,0,0,0.0,5.0,0,1,False,698,698,0,25769,23,0,0,25.5,3.5,86,0.8,0.0,2021-08,123.75131283717076,1.248687162829242,1.248687162829242,1.5592196306145418,True,177.0,False,False
2021-08-27 08:00:00,20210827,181,190,8,5,8,0,0,0,0.0,5.0,2,0,False,263,263,0,25769,23,0,0,25.0,3.0,85,0.6,0.0,2021-08,170.48206906234648,10.517930937653517,10.517930937653517,110.626871209249,True,177.0,True,False
2021-08-27 09:00:00,20210827,176,185,9,5,8,0,0,0,0.0,5.0,2,0,False,1321,800,0,25769,23,0,0,26.0,4.0,81,0.7,0.0,2021-08,179.45115093998166,-3.451150939981659,3.451150939981659,11.910442810536289,False,177.0,False,False
2021-08-27 10:00:00,20210827,169,177,10,5,8,0,0,0,0.0,5.0,2,0,False,1056,800,0,25769,23,0,0,27.8,5.800000000000001,71,1.2,0.0,2021-08,182.96074488561862,-13.960744885618624,13.960744885618624,194.90239776132657,False,177.0,False,False
2021-08-27 11:00:00,20210827,175,182,11,5,8,0,0,0,0.0,5.0,2,0,False,2214,800,0,25769,23,0,0,28.0,6.0,76,1.7,0.0,2021-08,191.55387323590583,-16.553873235905826,16.553873235905826,274.03071911043924,False,177.0,False,False
2021-08-27 12:00:00,20210827,106,125,12,5,8,0,0,0,0.0,5.0,1,1,False,326,326,0,25769,23,0,0,30.0,8.0,72,3.2,0.0,2021-08,117.12768893117853,-11.127688931178525,11.127688931178525,123.82546094907308,False,177.0,False,False
2021-08-27 13:00:00,20210827,173,179,13,5,8,0,0,0,0.0,5.0,2,0,False,1925,800,0,25769,23,0,0,31.2,9.2,66,3.1,0.0,2021-08,187.3855223163803,-14.385522316380303,14.385522316380303,206.9432523150757,False,177.0,False,False
2021-08-27 14:00:00,20210827,165,169,14,5,8,0,0,0,0.0,5.0,2,0,False,3481,800,0,25769,23,0,0,30.4,8.399999999999999,64,3.7,0.0,2021-08,184.8525394183943,-19.852539418394286,19.852539418394286,394.123321358899,False,177.0,False,True
2021-08-27 15:00:00,20210827,162,175,15,5,8,0,0,0,0.0,5.0,2,0,False,4309,800,0,25769,23,0,0,30.4,8.399999999999999,61,5.2,0.0,2021-08,175.48335543275843,-13.48335543275843,13.48335543275843,181.80087372609626,False,177.0,False,False
2021-08-27 16:00:00,20210827,156,161,16,5,8,0,0,0,0.0,5.0,2,0,False,3764,800,0,25769,23,0,0,30.0,8.0,63,5.2,0.0,2021-08,181.42835240237034,-25.428352402370336,25.428352402370336,646.6011058991332,False,177.0,False,True
2021-08-27 17:00:00,20210827,142,163,17,5,8,0,0,0,0.0,5.0,2,1,False,1054,800,0,25769,23,0,0,29.1,7.100000000000001,68,4.6,0.0,2021-08,146.041775910172,-4.041775910171992,4.041775910171992,16.33595250804664,False,177.0,False,False
2021-08-27 18:00:00,20210827,143,157,18,5,8,0,0,0,0.0,5.0,2,0,False,672,672,0,25769,23,0,0,28.1,6.100000000000001,72,4.1,0.0,2021-08,174.91925790507878,-31.91925790507878,31.91925790507878,1018.8390252109342,False,177.0,False,True
2021-08-27 19:00:00,20210827,127,138,19,5,8,0,0,0,0.0,5.0,2,0,False,1643,800,0,25769,23,0,0,27.7,5.699999999999999,76,1.5,0.0,2021-08,142.81151803402415,-15.811518034024147,15.811518034024147,250.00410254027082,False,177.0,False,False
2021-08-27 20:00:00,20210827,108,111,20,5,8,0,0,0,0.0,5.0,0,0,False,518,518,0,25769,23,0,0,23.9,1.8999999999999986,90,2.8,0.0,2021-08,113.08308250226723,-5.0830825022672315,5.0830825022672315,25.8377277248553,False,177.0,False,False
2021-08-27 21:00:00,20210827,107,115,21,5,8,0,0,0,0.0,5.0,0,0,False,238,238,0,25769,23,0,0,22.6,0.6000000000000014,97,1.7,0.0,2021-08,111.69104634738619,-4.691046347386191,4.691046347386191,22.005915833325325,False,177.0,False,False
2021-08-27 22:00:00,20210827,96,105,22,5,8,0,0,0,0.0,5.0,0,0,False,61,61,0,25769,23,0,0,22.5,0.5,98,0.4,0.3,2021-08,106.07444186191219,-10.074441861912192,10.074441861912192,101.49437882904878,False,177.0,False,False
2021-08-27 23:00:00,20210827,102,113,23,5,8,0,0,0,0.0,5.0,0,0,False,270,270,0,25769,23,0,0,22.8,0.8000000000000007,98,0.5,0.3,2021-08,100.55633449259034,1.443665507409662,1.443665507409662,2.084170097284397,True,177.0,False,False
2021-08-28 00:00:00,20210828,72,75,0,6,8,1,0,0,0.0,6.0,0,0,False,174,174,0,1799,8,0,0,22.7,0.6999999999999993,98,1.9,0.2,2021-08,65.49568101037389,6.504318989626114,6.504318989626114,42.30616551881087,True,177.0,False,False
2021-08-28 01:00:00,20210828,104,111,1,6,8,1,0,0,0.0,6.0,0,0,False,160,160,0,1799,8,0,0,22.4,0.3999999999999986,98,1.0,0.2,2021-08,97.47319158198279,6.526808418017211,6.526808418017211,42.59922812550033,True,177.0,False,False
2021-08-28 02:00:00,20210828,111,119,2,6,8,1,0,0,0.0,6.0,0,0,False,68,68,0,1799,8,0,0,22.1,0.10000000000000142,98,2.3,0.2,2021-08,104.21498277154895,6.7850172284510535,6.7850172284510535,46.036458790377615,True,177.0,False,False
2021-08-28 03:00:00,20210828,102,109,3,6,8,1,0,0,0.0,6.0,0,0,False,54,54,0,1799,8,0,0,21.9,0.0,98,1.3,0.2,2021-08,93.12984071490746,8.87015928509254,8.87015928509254,78.67972574291342,True,177.0,False,False
2021-08-28 04:00:00,20210828,103,107,4,6,8,1,0,0,0.0,6.0,0,0,False,440,440,0,1799,8,0,0,22.4,0.3999999999999986,95,1.9,0.2,2021-08,100.17327619862492,2.8267238013750813,2.8267238013750813,7.99036744926039,True,177.0,False,False
2021-08-28 05:00:00,20210828,87,107,5,6,8,1,0,0,0.0,6.0,0,0,False,29,29,0,1799,8,0,0,22.2,0.1999999999999993,96,1.0,0.2,2021-08,89.8986530745391,-2.898653074539098,2.898653074539098,8.402189646534966,False,177.0,False,False
2021-08-28 06:00:00,20210828,98,103,6,6,8,1,0,0,0.0,6.0,0,0,False,332,332,0,1799,8,0,0,22.5,0.5,92,1.8,0.2,2021-08,98.4533061356937,-0.45330613569369405,0.45330613569369405,0.20548645265754975,False,177.0,False,False
2021-08-28 07:00:00,20210828,66,94,7,6,8,1,0,0,0.0,6.0,0,1,False,542,542,0,1799,8,0,0,23.0,1.0,87,2.1,0.2,2021-08,69.64521235417601,-3.64521235417601,3.64521235417601,13.28757310703741,False,177.0,False,False
2021-08-28 08:00:00,20210828,35,36,8,6,8,1,0,0,0.0,6.0,2,0,False,0,0,1,1799,8,0,1,24.7,2.6999999999999993,75,1.4,0.2,2021-08,31.990227865550427,3.009772134449573,3.009772134449573,9.05872830130914,True,177.0,False,False
2021-08-28 09:00:00,20210828,36,36,9,6,8,1,0,0,0.0,6.0,2,0,False,0,0,1,1799,8,0,1,26.9,4.899999999999999,72,1.0,0.2,2021-08,22.249079179263088,13.750920820736912,13.750920820736912,189.0878234181759,True,177.0,False,False
2021-08-28 10:00:00,20210828,38,41,10,6,8,1,0,0,0.0,6.0,2,0,False,0,0,1,1799,8,0,1,27.8,5.800000000000001,61,1.9,0.2,2021-08,22.175305425460866,15.824694574539134,15.824694574539134,250.4209583774483,True,177.0,False,False
2021-08-28 11:00:00,20210828,37,39,11,6,8,1,0,0,0.0,6.0,2,0,False,0,0,1,1799,8,0,1,28.6,6.600000000000001,54,2.4,0.2,2021-08,23.251635691988312,13.748364308011688,13.748364308011688,189.0175211458097,True,177.0,False,False
2021-08-28 12:00:00,20210828,38,38,12,6,8,1,0,0,0.0,6.0,1,1,False,0,0,1,1799,8,0,1,29.2,7.199999999999999,49,2.1,0.2,2021-08,22.07260719386313,15.927392806136869,15.927392806136869,253.68184160098048,True,177.0,False,False
2021-08-28 13:00:00,20210828,38,41,13,6,8,1,0,0,0.0,6.0,2,0,False,0,0,1,1799,8,0,1,30.3,8.3,51,1.6,0.2,2021-08,23.591136295263727,14.408863704736273,14.408863704736273,207.6153532616663,True,177.0,False,False
2021-08-28 14:00:00,20210828,38,41,14,6,8,1,0,0,0.0,6.0,2,0,False,0,0,1,1799,8,0,1,29.4,7.399999999999999,49,1.8,0.2,2021-08,23.37160698314386,14.62839301685614,14.62839301685614,213.9898822556055,True,177.0,False,False
2021-08-28 15:00:00,20210828,38,38,15,6,8,1,0,0,0.0,6.0,2,0,False,0,0,1,1799,8,0,1,29.2,7.199999999999999,50,1.5,0.2,2021-08,23.037995076566556,14.962004923433444,14.962004923433444,223.8615913288466,True,177.0,False,False
2021-08-28 16:00:00,20210828,46,52,16,6,8,1,0,0,0.0,6.0,2,0,False,0,0,1,1799,8,0,1,28.2,6.199999999999999,64,1.5,0.2,2021-08,23.348730660520136,22.651269339479864,22.651269339479864,513.0800026896605,True,177.0,False,True
2021-08-29 12:00:00,20210829,22,23,12,7,8,1,0,0,0.0,7.0,1,1,True,0,0,1,0,0,0,0,24.8,2.8000000000000007,80,1.6,0.0,2021-08,23.303818780952824,-1.3038187809528239,1.3038187809528239,1.6999434135653078,False,177.0,False,False
2021-08-29 13:00:00,20210829,19,19,13,7,8,1,0,0,0.0,7.0,2,0,True,0,0,1,0,0,0,0,26.5,4.5,79,1.5,0.0,2021-08,23.813216256814258,-4.813216256814258,4.813216256814258,23.167050734861053,False,177.0,False,False
2021-08-29 14:00:00,20210829,22,22,14,7,8,1,0,0,0.0,7.0,2,0,True,0,0,1,0,0,0,0,26.3,4.300000000000001,81,0.9,0.0,2021-08,23.80403134998552,-1.8040313499855216,1.8040313499855216,3.2545291117305837,False,177.0,False,False
2021-08-29 15:00:00,20210829,21,21,15,7,8,1,0,0,0.0,7.0,2,0,True,0,0,1,0,0,0,0,25.2,3.1999999999999993,91,1.1,0.2,2021-08,23.26051395140421,-2.26051395140421,2.26051395140421,5.109923324493075,False,177.0,False,False
2021-08-29 16:00:00,20210829,22,23,16,7,8,1,0,0,0.0,7.0,2,0,True,0,0,1,0,0,0,0,25.3,3.3000000000000007,91,1.3,0.2,2021-08,23.19093183561631,-1.1909318356163112,1.1909318356163112,1.4183186370844365,False,177.0,False,False
2021-08-29 17:00:00,20210829,26,26,17,7,8,1,0,0,0.0,7.0,2,1,True,0,0,1,0,0,0,0,25.8,3.8000000000000007,86,0.9,0.2,2021-08,23.08802274489536,2.9119772551046417,2.9119772551046417,8.479611534246763,True,177.0,False,False
2021-08-29 18:00:00,20210829,24,25,18,7,8,1,0,0,0.0,7.0,2,0,True,0,0,1,0,0,0,0,24.6,2.6000000000000014,93,0.7,0.2,2021-08,23.190044538666246,0.8099554613337538,0.8099554613337538,0.656027849344374,True,177.0,False,False
2021-08-29 19:00:00,20210829,21,21,19,7,8,1,0,0,0.0,7.0,2,0,True,0,0,1,0,0,0,0,23.9,1.8999999999999986,95,1.1,0.2,2021-08,23.133616866601287,-2.1336168666012867,2.1336168666012867,4.552320933445492,False,177.0,False,False
2021-08-29 20:00:00,20210829,20,20,20,7,8,1,0,0,0.0,7.0,0,0,True,0,0,1,0,0,0,0,23.8,1.8000000000000007,97,0.7,0.2,2021-08,23.03953631925773,-3.0395363192577314,3.0395363192577314,9.238781036086838,False,177.0,False,False
2021-08-29 21:00:00,20210829,20,21,21,7,8,1,0,0,0.0,7.0,0,0,True,0,0,1,0,0,0,0,24.1,2.1000000000000014,96,2.1,0.2,2021-08,23.187206194453932,-3.187206194453932,3.187206194453932,10.158283325965515,False,177.0,False,False
2021-08-29 22:00:00,20210829,22,24,22,7,8,1,0,0,0.0,7.0,0,0,True,0,0,1,0,0,0,0,24.0,2.0,94,1.1,0.2,2021-08,23.16588787041265,-1.16588787041265,1.16588787041265,1.3592945263753444,False,177.0,False,False
2021-08-29 23:00:00,20210829,20,21,23,7,8,1,0,0,0.0,7.0,0,0,True,0,0,1,0,0,0,0,23.7,1.6999999999999993,95,0.6,0.2,2021-08,23.195221265470426,-3.195221265470426,3.195221265470426,10.20943893531443,False,177.0,False,False
2021-08-30 00:00:00,20210830,20,20,0,1,8,0,0,1,1.0,1.0,0,0,False,0,0,1,10719,16,1,0,23.9,1.8999999999999986,93,1.0,0.0,2021-08,22.666266210272344,-2.666266210272344,2.666266210272344,7.108975504040046,False,177.0,False,False
2021-08-30 01:00:00,20210830,21,23,1,1,8,0,0,1,1.0,1.0,0,0,False,0,0,1,10719,16,1,0,23.8,1.8000000000000007,91,1.6,0.0,2021-08,22.364572688722674,-1.3645726887226743,1.3645726887226743,1.8620586228078286,False,177.0,False,False
2021-08-30 02:00:00,20210830,21,24,2,1,8,0,0,1,1.0,1.0,0,0,False,0,0,1,10719,16,1,0,23.6,1.6000000000000014,88,1.6,0.0,2021-08,22.84732547117149,-1.8473254711714908,1.8473254711714908,3.4126113964389706,False,177.0,False,False
2021-08-30 03:00:00,20210830,20,21,3,1,8,0,0,1,1.0,1.0,0,0,False,0,0,1,10719,16,1,0,23.1,1.1000000000000014,90,0.3,0.0,2021-08,22.141398205663005,-2.1413982056630054,2.1413982056630054,4.585586275216739,False,177.0,False,False
2021-08-30 04:00:00,20210830,20,20,4,1,8,0,0,1,1.0,1.0,0,0,False,0,0,1,10719,16,1,0,23.1,1.1000000000000014,88,1.4,0.0,2021-08,22.4706363968741,-2.4706363968740988,2.4706363968740988,6.104044205559029,False,177.0,False,False
2021-08-30 05:00:00,20210830,20,20,5,1,8,0,0,1,1.0,1.0,0,0,False,0,0,1,10719,16,1,0,22.8,0.8000000000000007,89,1.0,0.0,2021-08,22.040094787813384,-2.040094787813384,2.040094787813384,4.161986743263337,False,177.0,False,False
2021-08-30 06:00:00,20210830,21,24,6,1,8,0,0,1,1.0,1.0,0,0,False,0,0,1,10719,16,1,0,23.0,1.0,90,0.5,0.0,2021-08,22.568720994304154,-1.5687209943041545,1.5687209943041545,2.460885557970615,False,177.0,False,False
2021-08-30 07:00:00,20210830,52,80,7,1,8,0,0,1,1.0,1.0,0,1,False,0,0,1,10719,16,1,0,24.8,2.8000000000000007,81,1.7,0.0,2021-08,62.19628737303691,-10.19628737303691,10.19628737303691,103.96427619355192,False,177.0,False,False
2021-08-30 08:00:00,20210830,167,183,8,1,8,0,0,1,1.0,1.0,2,0,False,879,800,0,10719,16,0,0,25.5,3.5,77,1.5,0.0,2021-08,173.35900752348866,-6.359007523488657,6.359007523488657,40.43697668378534,False,177.0,False,False
2021-08-30 09:00:00,20210830,170,180,9,1,8,0,0,1,1.0,1.0,2,0,False,1343,800,0,10719,16,0,0,26.4,4.399999999999999,69,1.9,0.0,2021-08,179.13729600105341,-9.137296001053414,9.137296001053414,83.49017821086672,False,177.0,False,False
2021-08-30 10:00:00,20210830,171,186,10,1,8,0,0,1,1.0,1.0,2,0,False,844,800,0,10719,16,0,0,27.1,5.100000000000001,64,2.7,0.0,2021-08,175.11965673187638,-4.1196567318763755,4.1196567318763755,16.97157158849434,False,177.0,False,False
2021-08-30 11:00:00,20210830,171,180,11,1,8,0,0,1,1.0,1.0,2,0,False,766,766,0,10719,16,0,0,27.3,5.300000000000001,60,2.3,0.0,2021-08,177.7495935817757,-6.749593581775713,6.749593581775713,45.557013519147894,False,177.0,False,False
2021-08-30 12:00:00,20210830,114,134,12,1,8,0,0,1,1.0,1.0,1,1,False,448,448,0,10719,16,0,0,28.4,6.399999999999999,50,1.5,0.0,2021-08,114.6693956742124,-0.6693956742123959,0.6693956742123959,0.44809056865426805,False,177.0,False,False
2021-08-30 13:00:00,20210830,172,177,13,1,8,0,0,1,1.0,1.0,2,0,False,383,383,0,10719,16,0,0,28.5,6.5,58,2.4,0.0,2021-08,177.23254808701586,-5.232548087015857,5.232548087015857,27.379559482933306,False,177.0,False,False
2021-08-30 14:00:00,20210830,171,174,14,1,8,0,0,1,1.0,1.0,2,0,False,1151,800,0,10719,16,0,0,28.1,6.100000000000001,54,3.5,0.0,2021-08,176.26298324341676,-5.262983243416755,5.262983243416755,27.69899262048555,False,177.0,False,False
2021-08-30 15:00:00,20210830,160,177,15,1,8,0,0,1,1.0,1.0,2,0,False,1585,800,0,10719,16,0,0,27.5,5.5,62,2.1,0.0,2021-08,163.94193725903514,-3.941937259035143,3.941937259035143,15.538869354169496,False,177.0,False,False
2021-08-30 16:00:00,20210830,170,174,16,1,8,0,0,1,1.0,1.0,2,0,False,1095,800,0,10719,16,0,0,26.5,4.5,66,1.2,0.0,2021-08,162.01303899720307,7.9869610027969316,7.9869610027969316,63.79154606019897,True,177.0,False,False
2021-08-30 17:00:00,20210830,140,172,17,1,8,0,0,1,1.0,1.0,2,1,False,140,140,0,10719,16,0,0,26.0,4.0,72,0.2,0.0,2021-08,126.74163341945935,13.258366580540653,13.258366580540653,175.78428438399723,True,177.0,False,False
2021-08-30 18:00:00,20210830,168,172,18,1,8,0,0,1,1.0,1.0,2,0,False,579,579,0,10719,16,0,0,25.0,3.0,81,1.0,0.0,2021-08,136.57665341889222,31.42334658110778,31.42334658110778,987.426710356418,True,177.0,False,True
2021-08-30 19:00:00,20210830,144,162,19,1,8,0,0,1,1.0,1.0,2,0,False,827,800,0,10719,16,0,0,24.7,2.6999999999999993,79,1.1,0.0,2021-08,128.22358991521108,15.776410084788921,15.776410084788921,248.89511516342958,True,177.0,False,False
2021-08-30 20:00:00,20210830,128,132,20,1,8,0,0,1,1.0,1.0,0,0,False,13,13,0,10719,16,0,0,23.8,1.8000000000000007,84,0.5,0.0,2021-08,107.37414746038702,20.62585253961298,20.62585253961298,425.4257929858592,True,177.0,False,True
2021-08-30 21:00:00,20210830,129,135,21,1,8,0,0,1,1.0,1.0,0,0,False,54,54,0,10719,16,0,0,23.9,1.8999999999999986,85,0.7,0.0,2021-08,109.63883715751143,19.361162842488568,19.361162842488568,374.85462661336,True,177.0,False,True
2021-08-30 22:00:00,20210830,116,123,22,1,8,0,0,1,1.0,1.0,0,0,False,461,461,0,10719,16,0,0,23.6,1.6000000000000014,85,0.6,0.0,2021-08,103.78941428728909,12.210585712710909,12.210585712710909,149.0984034474598,True,177.0,False,False
2021-08-30 23:00:00,20210830,105,115,23,1,8,0,0,1,1.0,1.0,0,0,False,151,151,0,10719,16,0,0,23.3,1.3000000000000007,89,0.8,0.0,2021-08,96.78931961468443,8.21068038531557,8.21068038531557,67.41527238980584,True,177.0,False,False
2021-08-31 00:00:00,20210831,73,76,0,2,8,0,0,0,0.0,2.0,0,0,False,204,204,0,16443,24,0,0,23.4,1.3999999999999986,88,0.8,0.0,2021-08,70.68896736049281,2.3110326395071894,2.3110326395071894,5.3408718608675665,True,177.0,False,False
2021-08-31 01:00:00,20210831,106,111,1,2,8,0,0,0,0.0,2.0,0,0,False,353,353,0,16443,24,0,0,22.9,0.8999999999999986,94,0.6,0.0,2021-08,104.70684549207262,1.2931545079273832,1.2931545079273832,1.6722485813729124,True,177.0,False,False
2021-08-31 02:00:00,20210831,108,114,2,2,8,0,0,0,0.0,2.0,0,0,False,306,306,0,16443,24,0,0,22.9,0.8999999999999986,93,0.2,0.0,2021-08,106.23921950018409,1.7607804998159082,1.7607804998159082,3.1003479685319597,True,177.0,False,False
2021-08-31 03:00:00,20210831,101,107,3,2,8,0,0,0,0.0,2.0,0,0,False,378,378,0,16443,24,0,0,22.7,0.6999999999999993,93,1.3,0.0,2021-08,104.5479752162007,-3.5479752162006974,3.5479752162006974,12.588128134774387,False,177.0,False,False
2021-08-31 04:00:00,20210831,110,114,4,2,8,0,0,0,0.0,2.0,0,0,False,248,248,0,16443,24,0,0,22.9,0.8999999999999986,92,1.1,0.0,2021-08,105.13318646395585,4.866813536044148,4.866813536044148,23.685873994622547,True,177.0,False,False
2021-08-31 05:00:00,20210831,93,114,5,2,8,0,0,0,0.0,2.0,0,0,False,200,200,0,16443,24,0,0,22.5,0.5,95,1.2,0.0,2021-08,94.68057517011232,-1.68057517011232,1.68057517011232,2.8243329023980532,False,177.0,False,False
2021-08-31 06:00:00,20210831,113,114,6,2,8,0,0,0,0.0,2.0,0,0,False,266,266,0,16443,24,0,0,22.9,0.8999999999999986,94,1.4,0.0,2021-08,106.55443173128758,6.445568268712421,6.445568268712421,41.545350306632436,True,177.0,False,False
2021-08-31 07:00:00,20210831,123,144,7,2,8,0,0,0,0.0,2.0,0,1,False,919,800,0,16443,24,0,0,23.5,1.5,92,0.9,0.0,2021-08,125.75538481369061,-2.755384813690611,2.755384813690611,7.592145471516844,False,177.0,False,False
2021-08-31 08:00:00,20210831,167,177,8,2,8,0,0,0,0.0,2.0,2,0,False,653,653,0,16443,24,0,0,24.1,2.1000000000000014,89,1.3,0.0,2021-08,181.86175762525704,-14.861757625257042,14.861757625257042,220.87183971188583,False,177.0,False,False
2021-08-31 09:00:00,20210831,169,185,9,2,8,0,0,0,0.0,2.0,2,0,False,942,800,0,16443,24,0,0,22.5,0.5,98,2.4,0.8,2021-08,174.7107413069068,-5.710741306906812,5.710741306906812,32.61256627441172,False,177.0,False,False
2021-08-31 10:00:00,20210831,176,187,10,2,8,0,0,0,0.0,2.0,2,0,False,1026,800,0,16443,24,0,0,23.8,1.8000000000000007,96,1.8,1.0,2021-08,176.25445120847175,-0.2544512084717496,0.2544512084717496,0.06474541749273378,False,177.0,False,False
2021-08-31 11:00:00,20210831,165,182,11,2,8,0,0,0,0.0,2.0,2,0,False,1255,800,0,16443,24,0,0,25.6,3.6000000000000014,81,1.1,1.0,2021-08,179.08272922227965,-14.082729222279653,14.082729222279653,198.32326234804927,False,177.0,False,False
2021-08-31 12:00:00,20210831,112,135,12,2,8,0,0,0,0.0,2.0,1,1,False,194,194,0,16443,24,0,0,27.7,5.699999999999999,68,1.2,1.0,2021-08,114.94648608644599,-2.9464860864459865,2.9464860864459865,8.681780257619785,False,177.0,False,False
2021-08-31 13:00:00,20210831,174,184,13,2,8,0,0,0,0.0,2.0,2,0,False,710,710,0,16443,24,0,0,26.1,4.100000000000001,69,1.9,1.0,2021-08,177.18620554820868,-3.186205548208676,3.186205548208676,10.151905795435749,False,177.0,False,False
2021-08-31 14:00:00,20210831,182,187,14,2,8,0,0,0,0.0,2.0,2,0,False,1198,800,0,16443,24,0,0,25.3,3.3000000000000007,78,1.5,1.0,2021-08,179.3721918141692,2.627808185830787,2.627808185830787,6.905375861519293,True,177.0,True,False
2021-08-31 15:00:00,20210831,157,170,15,2,8,0,0,0,0.0,2.0,2,0,False,1803,800,0,16443,24,0,0,25.1,3.1000000000000014,79,1.3,1.0,2021-08,163.21119257788612,-6.2111925778861234,6.2111925778861234,38.57891323958767,False,177.0,False,False
2021-08-31 16:00:00,20210831,167,180,16,2,8,0,0,0,0.0,2.0,2,0,False,2164,800,0,16443,24,0,0,24.7,2.6999999999999993,80,1.3,1.0,2021-08,172.14618288583043,-5.146182885830427,5.146182885830427,26.483198294413985,False,177.0,False,False
2021-08-31 17:00:00,20210831,125,139,17,2,8,0,0,0,0.0,2.0,2,1,False,350,350,0,16443,24,0,0,24.5,2.5,84,1.0,1.0,2021-08,134.35329581962208,-9.353295819622076,9.353295819622076,87.4841426893598,False,177.0,False,False
2021-08-31 18:00:00,20210831,156,162,18,2,8,0,0,0,0.0,2.0,2,0,False,1029,800,0,16443,24,0,0,24.4,2.3999999999999986,85,1.1,1.0,2021-08,158.83600466057783,-2.836004660577828,2.836004660577828,8.042922434819161,False,177.0,False,False
2021-08-31 19:00:00,20210831,148,154,19,2,8,0,0,0,0.0,2.0,2,0,False,1381,800,0,16443,24,0,0,24.3,2.3000000000000007,87,0.5,1.0,2021-08,149.92090010476247,-1.9209001047624668,1.9209001047624668,3.689857212476456,False,177.0,False,False
2021-08-31 20:00:00,20210831,147,152,20,2,8,0,0,0,0.0,2.0,0,0,False,179,179,0,16443,24,0,0,24.1,2.1000000000000014,86,1.6,1.0,2021-08,120.5569229712163,26.443077028783705,26.443077028783705,699.2363227501885,True,177.0,False,True
2021-08-31 21:00:00,20210831,131,132,21,2,8,0,0,0,0.0,2.0,0,0,False,133,133,0,16443,24,0,0,23.7,1.6999999999999993,91,1.3,1.0,2021-08,118.45528496132316,12.544715038676841,12.544715038676841,157.3698754016049,True,177.0,False,False
2021-08-31 22:00:00,20210831,119,127,22,2,8,0,0,0,0.0,2.0,0,0,False,366,366,0,16443,24,0,0,23.2,1.1999999999999993,93,1.3,1.0,2021-08,111.20523201874677,7.79476798125323,7.79476798125323,60.758407881570555,True,177.0,False,False
2021-08-31 23:00:00,20210831,112,128,23,2,8,0,0,0,0.0,2.0,0,0,False,186,186,0,16443,24,0,0,21.8,0.0,94,2.7,1.0,2021-08,105.81499024234186,6.185009757658136,6.185009757658136,38.254345702326354,True,177.0,False,False
2021-09-01 00:00:00,20210901,74,83,0,3,9,0,0,0,0.0,3.0,0,0,False,178,178,0,19638,24,0,0,21.8,0.0,94,1.7,0.0,2021-09,75.2824141143671,-1.2824141143671,1.2824141143671,1.6445859607279534,False,177.0,False,False
2021-09-01 01:00:00,20210901,109,117,1,3,9,0,0,0,0.0,3.0,0,0,False,1160,800,0,19638,24,0,0,21.5,0.0,95,1.5,0.0,2021-09,106.99988598663481,2.0001140133651916,2.0001140133651916,4.000456066459813,True,177.0,False,False
2021-09-01 02:00:00,20210901,114,121,2,3,9,0,0,0,0.0,3.0,0,0,False,414,414,0,19638,24,0,0,21.4,0.0,95,1.1,0.0,2021-09,107.180079631032,6.819920368967999,6.819920368967999,46.511313839064606,True,177.0,False,False
2021-09-01 03:00:00,20210901,99,103,3,3,9,0,0,0,0.0,3.0,0,0,False,507,507,0,19638,24,0,0,21.3,0.0,97,0.6,0.0,2021-09,101.7758303674201,-2.775830367420099,2.775830367420099,7.705234228691601,False,177.0,False,False
2021-09-01 04:00:00,20210901,115,119,4,3,9,0,0,0,0.0,3.0,0,0,False,154,154,0,19638,24,0,0,20.9,0.0,98,0.6,0.0,2021-09,105.89471969708593,9.105280302914068,9.105280302914068,82.9061293946349,True,177.0,False,False
2021-09-01 05:00:00,20210901,92,112,5,3,9,0,0,0,0.0,3.0,0,0,False,248,248,0,19638,24,0,0,20.9,0.0,98,0.7,0.0,2021-09,91.67398620057314,0.3260137994268604,0.3260137994268604,0.10628499741673715,True,177.0,False,False
2021-09-01 06:00:00,20210901,116,119,6,3,9,0,0,0,0.0,3.0,0,0,False,88,88,0,19638,24,0,0,21.1,0.0,98,0.5,0.0,2021-09,107.05221679488962,8.947783205110383,8.947783205110383,80.06282428565544,True,177.0,False,False
2021-09-01 07:00:00,20210901,124,139,7,3,9,0,0,0,0.0,3.0,0,1,False,1747,800,0,19638,24,0,0,21.3,0.0,98,0.7,0.1,2021-09,134.03344803538326,-10.033448035383259,10.033448035383259,100.67007947873618,False,177.0,False,False
2021-09-01 08:00:00,20210901,180,198,8,3,9,0,0,0,0.0,3.0,2,0,False,829,800,0,19638,24,0,0,21.7,0.0,98,0.0,1.4,2021-09,172.0067722760191,7.993227723980908,7.993227723980908,63.89168944741701,True,177.0,True,False
2021-09-01 09:00:00,20210901,182,189,9,3,9,0,0,0,0.0,3.0,2,0,False,1338,800,0,19638,24,0,0,22.6,0.6000000000000014,98,0.3,3.6,2021-09,175.88426226072147,6.115737739278529,6.115737739278529,37.402248095635656,True,177.0,True,False
2021-09-01 10:00:00,20210901,185,196,10,3,9,0,0,0,0.0,3.0,2,0,False,806,800,0,19638,24,0,0,23.8,1.8000000000000007,98,2.2,3.8,2021-09,177.05739838930708,7.942601610692918,7.942601610692918,63.08492034618174,True,177.0,True,False
2021-09-01 11:00:00,20210901,174,180,11,3,9,0,0,0,0.0,3.0,2,0,False,1677,800,0,19638,24,0,0,25.0,3.0,98,2.4,5.1,2021-09,183.7127087558193,-9.712708755819307,9.712708755819307,94.33671137536902,False,177.0,False,False
2021-09-01 12:00:00,20210901,117,138,12,3,9,0,0,0,0.0,3.0,1,1,False,36,36,0,19638,24,0,0,26.6,4.600000000000001,89,3.6,5.1,2021-09,110.06110006200224,6.9388999379977605,6.9388999379977605,48.14833234954533,True,177.0,False,False
2021-09-01 13:00:00,20210901,182,190,13,3,9,0,0,0,0.0,3.0,2,0,False,1498,800,0,19638,24,0,0,27.9,5.899999999999999,82,1.8,5.1,2021-09,184.28175388420834,-2.2817538842083422,2.2817538842083422,5.206400788099857,False,177.0,True,False
2021-09-01 14:00:00,20210901,184,192,14,3,9,0,0,0,0.0,3.0,2,0,False,2107,800,0,19638,24,0,0,24.7,2.6999999999999993,91,2.9,5.1,2021-09,180.68427594915707,3.315724050842931,3.315724050842931,10.994025981338256,True,177.0,True,False
2021-09-01 15:00:00,20210901,173,182,15,3,9,0,0,0,0.0,3.0,2,0,False,1155,800,0,19638,24,0,0,23.7,1.6999999999999993,92,1.9,5.1,2021-09,172.8338864001124,0.1661135998876091,0.1661135998876091,0.027593728067620685,True,177.0,False,False
2021-09-01 16:00:00,20210901,176,187,16,3,9,0,0,0,0.0,3.0,2,0,False,1460,800,0,19638,24,0,0,22.6,0.6000000000000014,93,2.2,5.1,2021-09,170.80348907453205,5.196510925467948,5.196510925467948,27.003725798507745,True,177.0,False,False
2021-09-01 17:00:00,20210901,139,180,17,3,9,0,0,0,0.0,3.0,2,1,False,437,437,0,19638,24,0,0,21.8,0.0,96,2.8,5.5,2021-09,141.77602006223222,-2.77602006223222,2.77602006223222,7.70628738591578,False,177.0,False,False
2021-09-01 18:00:00,20210901,163,167,18,3,9,0,0,0,0.0,3.0,2,0,False,1288,800,0,19638,24,0,0,20.7,0.0,98,2.1,14.9,2021-09,164.9074157710464,-1.9074157710464021,1.9074157710464021,3.6382349236365408,False,177.0,False,False
2021-09-01 19:00:00,20210901,152,163,19,3,9,0,0,0,0.0,3.0,2,0,False,1332,800,0,19638,24,0,0,20.6,0.0,98,2.1,35.8,2021-09,147.55164725995303,4.448352740046971,4.448352740046971,19.787842099883395,True,177.0,False,False
2021-09-01 20:00:00,20210901,129,139,20,3,9,0,0,0,0.0,3.0,0,0,False,379,379,0,19638,24,0,0,20.8,0.0,98,1.5,36.2,2021-09,119.78096418421786,9.219035815782135,9.219035815782135,84.99062137267377,True,177.0,False,False
2021-09-01 21:00:00,20210901,131,133,21,3,9,0,0,0,0.0,3.0,0,0,False,386,386,0,19638,24,0,0,21.1,0.0,98,2.1,36.2,2021-09,115.39440491428327,15.605595085716729,15.605595085716729,243.53459797934613,True,177.0,False,False
2021-09-01 22:00:00,20210901,119,128,22,3,9,0,0,0,0.0,3.0,0,0,False,120,120,0,19638,24,0,0,21.2,0.0,98,1.7,36.2,2021-09,109.80314653581188,9.196853464188123,9.196853464188123,84.58211364174909,True,177.0,False,False
2021-09-01 23:00:00,20210901,114,121,23,3,9,0,0,0,0.0,3.0,0,0,False,294,294,0,19638,24,0,0,21.2,0.0,97,1.4,36.2,2021-09,106.16328170648877,7.836718293511225,7.836718293511225,61.41415361185349,True,177.0,False,False
2021-09-02 00:00:00,20210902,79,87,0,4,9,0,0,0,0.0,4.0,0,0,False,190,190,0,19351,24,0,0,21.1,0.0,98,1.9,0.0,2021-09,70.73260975495953,8.267390245040474,8.267390245040474,68.3497414637904,True,177.0,False,False
2021-09-02 01:00:00,20210902,112,119,1,4,9,0,0,0,0.0,4.0,0,0,False,216,216,0,19351,24,0,0,21.0,0.0,98,1.7,0.3,2021-09,104.84716975943876,7.152830240561244,7.152830240561244,51.16298045028742,True,177.0,False,False
2021-09-02 02:00:00,20210902,114,119,2,4,9,0,0,0,0.0,4.0,0,0,False,367,367,0,19351,24,0,0,21.2,0.0,98,2.1,2.5,2021-09,106.66361709147635,7.336382908523646,7.336382908523646,53.822514180477874,True,177.0,False,False
2021-09-02 03:00:00,20210902,106,118,3,4,9,0,0,0,0.0,4.0,0,0,False,64,64,0,19351,24,0,0,21.3,0.0,98,1.8,2.8,2021-09,104.15859555141708,1.8414044485829208,1.8414044485829208,3.3907703432609706,True,177.0,False,False
2021-09-02 04:00:00,20210902,114,120,4,4,9,0,0,0,0.0,4.0,0,0,False,310,310,0,19351,24,0,0,21.2,0.0,98,1.1,3.1,2021-09,104.39364175681567,9.606358243184332,9.606358243184332,92.28211869639556,True,177.0,False,False
2021-09-02 05:00:00,20210902,93,108,5,4,9,0,0,0,0.0,4.0,0,0,False,320,320,0,19351,24,0,0,20.9,0.0,98,1.5,3.4,2021-09,92.30621504540666,0.6937849545933403,0.6937849545933403,0.4813375632200833,True,177.0,False,False
2021-09-02 06:00:00,20210902,115,117,6,4,9,0,0,0,0.0,4.0,0,0,False,654,654,0,19351,24,0,0,20.6,0.0,98,1.9,3.5,2021-09,105.20906727500365,9.790932724996352,9.790932724996352,95.8623636254045,True,177.0,False,False
2021-09-02 07:00:00,20210902,141,160,7,4,9,0,0,0,0.0,4.0,0,1,False,598,598,0,19351,24,0,0,20.9,0.0,96,2.5,3.5,2021-09,126.39525544958205,14.604744550417948,14.604744550417948,213.29856338296275,True,177.0,False,False
2021-09-02 08:00:00,20210902,166,171,8,4,9,0,0,0,0.0,4.0,2,0,False,811,800,0,19351,24,0,0,20.6,0.0,97,1.3,3.5,2021-09,174.04713661840518,-8.047136618405176,8.047136618405176,64.7564077552775,False,177.0,False,False
2021-09-02 09:00:00,20210902,184,198,9,4,9,0,0,0,0.0,4.0,2,0,False,990,800,0,19351,24,0,0,21.2,0.0,92,2.0,3.5,2021-09,180.2162990817042,3.783700918295807,3.783700918295807,14.316392639112534,True,177.0,True,False
2021-09-02 10:00:00,20210902,179,188,10,4,9,0,0,0,0.0,4.0,2,0,False,770,770,0,19351,24,0,0,21.0,0.0,96,1.3,3.6,2021-09,170.45716314520038,8.542836854799617,8.542836854799617,72.98006152772261,True,177.0,True,False
2021-09-02 11:00:00,20210902,182,188,11,4,9,0,0,0,0.0,4.0,2,0,False,661,661,0,19351,24,0,0,22.2,0.1999999999999993,93,1.5,4.0,2021-09,179.55835836085745,2.4416416391425457,2.4416416391425457,5.961613893994698,True,177.0,True,False
2021-09-02 12:00:00,20210902,112,130,12,4,9,0,0,0,0.0,4.0,1,1,False,73,73,0,19351,24,0,0,22.7,0.6999999999999993,81,1.7,4.0,2021-09,107.59464855770551,4.405351442294489,4.405351442294489,19.40712133012613,True,177.0,False,False
2021-09-02 13:00:00,20210902,174,183,13,4,9,0,0,0,0.0,4.0,2,0,False,1379,800,0,19351,24,0,0,23.3,1.3000000000000007,73,2.2,4.0,2021-09,170.81049071392218,3.189509286077822,3.189509286077822,10.172969485976658,True,177.0,False,False
2021-09-02 14:00:00,20210902,192,195,14,4,9,0,0,0,0.0,4.0,2,0,False,1151,800,0,19351,24,0,0,23.0,1.0,74,1.8,4.0,2021-09,175.6410381624471,16.358961837552897,16.358961837552897,267.61563240251206,True,177.0,True,False
2021-09-02 15:00:00,20210902,170,177,15,4,9,0,0,0,0.0,4.0,2,0,False,929,800,0,19351,24,0,0,22.4,0.3999999999999986,80,1.4,4.0,2021-09,172.25633326570278,-2.2563332657027786,2.2563332657027786,5.0910398059169655,False,177.0,False,False
2021-09-02 16:00:00,20210902,174,181,16,4,9,0,0,0,0.0,4.0,2,0,False,1385,800,0,19351,24,0,0,22.0,0.0,83,1.3,4.0,2021-09,163.8910580027194,10.108941997280596,10.108941997280596,102.19070830438339,True,177.0,False,False
2021-09-02 17:00:00,20210902,132,153,17,4,9,0,0,0,0.0,4.0,2,1,False,1297,800,0,19351,24,0,0,20.9,0.0,88,1.8,4.2,2021-09,133.649479768906,-1.6494797689059908,1.6494797689059908,2.720783508030161,False,177.0,False,False
2021-09-02 18:00:00,20210902,159,167,18,4,9,0,0,0,0.0,4.0,2,0,False,4490,800,0,19351,24,0,0,20.2,0.0,93,1.2,5.2,2021-09,155.18201511174365,3.8179848882563476,3.8179848882563476,14.577008606953836,True,177.0,False,False
2021-09-02 19:00:00,20210902,161,173,19,4,9,0,0,0,0.0,4.0,2,0,False,1893,800,0,19351,24,0,0,20.2,0.0,91,1.1,5.2,2021-09,153.17706960444605,7.8229303955539535,7.8229303955539535,61.198239973681936,True,177.0,False,False
2021-09-02 20:00:00,20210902,132,143,20,4,9,0,0,0,0.0,4.0,0,0,False,82,82,0,19351,24,0,0,20.1,0.0,93,1.9,5.2,2021-09,119.3058156940222,12.6941843059778,12.6941843059778,161.14231519413306,True,177.0,False,False
2021-09-02 21:00:00,20210902,131,138,21,4,9,0,0,0,0.0,4.0,0,0,False,446,446,0,19351,24,0,0,19.8,0.0,98,1.9,5.3,2021-09,121.44413520417618,9.555864795823823,9.555864795823823,91.31455199606506,True,177.0,False,False
2021-09-02 22:00:00,20210902,114,129,22,4,9,0,0,0,0.0,4.0,0,0,False,145,145,0,19351,24,0,0,19.7,0.0,98,1.6,5.3,2021-09,109.7842244752086,4.215775524791397,4.215775524791397,17.772763275430176,True,177.0,False,False
2021-09-02 23:00:00,20210902,119,129,23,4,9,0,0,0,0.0,4.0,0,0,False,130,130,0,19351,24,0,0,19.7,0.0,98,1.7,5.3,2021-09,104.86731972098505,14.132680279014949,14.132680279014949,199.73265186885806,True,177.0,False,False
2021-09-03 00:00:00,20210903,69,71,0,5,9,0,0,0,0.0,5.0,0,0,False,26,26,0,12845,24,0,0,19.7,0.0,98,0.7,0.0,2021-09,67.84078959930385,1.1592104006961534,1.1592104006961534,1.3437687530821367,True,177.0,False,False
2021-09-03 01:00:00,20210903,109,119,1,5,9,0,0,0,0.0,5.0,0,0,False,188,188,0,12845,24,0,0,19.5,0.0,98,1.5,0.0,2021-09,106.37574656199138,2.6242534380086227,2.6242534380086227,6.886706106900076,True,177.0,False,False
2021-09-03 02:00:00,20210903,112,117,2,5,9,0,0,0,0.0,5.0,0,0,False,402,402,0,12845,24,0,0,19.6,0.0,98,1.6,0.0,2021-09,106.28328724087783,5.716712759122174,5.716712759122174,32.68080477031026,True,177.0,False,False
2021-09-03 03:00:00,20210903,110,114,3,5,9,0,0,0,0.0,5.0,0,0,False,512,512,0,12845,24,0,0,19.8,0.0,97,1.9,0.0,2021-09,103.74688492836522,6.253115071634781,6.253115071634781,39.10144809910605,True,177.0,False,False
2021-09-03 04:00:00,20210903,107,113,4,5,9,0,0,0,0.0,5.0,0,0,False,290,290,0,12845,24,0,0,19.4,0.0,98,1.9,0.1,2021-09,105.33754559315543,1.6624544068445744,1.6624544068445744,2.7637546548369456,True,177.0,False,False
2021-09-03 05:00:00,20210903,93,111,5,5,9,0,0,0,0.0,5.0,0,0,False,122,122,0,12845,24,0,0,19.7,0.0,98,2.3,0.1,2021-09,89.85336019693653,3.146639803063465,3.146639803063465,9.901342050223281,True,177.0,False,False
2021-09-03 06:00:00,20210903,107,114,6,5,9,0,0,0,0.0,5.0,0,0,False,280,280,0,12845,24,0,0,19.4,0.0,98,1.6,0.5,2021-09,106.67334926225158,0.3266507377484231,0.3266507377484231,0.1067007044715891,True,177.0,False,False
2021-09-03 07:00:00,20210903,134,147,7,5,9,0,0,0,0.0,5.0,0,1,False,800,800,0,12845,24,0,0,19.7,0.0,98,1.5,1.0,2021-09,124.60533135891147,9.39466864108853,9.39466864108853,88.2597988758522,True,177.0,False,False
2021-09-03 08:00:00,20210903,170,179,8,5,9,0,0,0,0.0,5.0,2,0,False,706,706,0,12845,24,0,0,20.4,0.0,98,2.3,1.2,2021-09,168.65093224235287,1.3490677576471342,1.3490677576471342,1.8199838147230667,True,177.0,False,False
2021-09-03 09:00:00,20210903,171,178,9,5,9,0,0,0,0.0,5.0,2,0,False,1005,800,0,12845,24,0,0,21.0,0.0,98,1.7,1.2,2021-09,167.60590907107584,3.3940909289241574,3.3940909289241574,11.51985323380525,True,177.0,False,False
2021-09-03 10:00:00,20210903,163,169,10,5,9,0,0,0,0.0,5.0,2,0,False,517,517,0,12845,24,0,0,21.3,0.0,98,2.1,1.3,2021-09,168.71169655981137,-5.711696559811372,5.711696559811372,32.623477591361066,False,177.0,False,False
2021-09-03 11:00:00,20210903,187,190,11,5,9,0,0,0,0.0,5.0,2,0,False,337,337,0,12845,24,0,0,21.0,0.0,98,2.6,1.7,2021-09,170.47479574708703,16.52520425291297,16.52520425291297,273.0823756004929,True,177.0,True,False
2021-09-03 12:00:00,20210903,108,122,12,5,9,0,0,0,0.0,5.0,1,1,False,372,372,0,12845,24,0,0,21.5,0.0,93,3.1,1.7,2021-09,107.57782971242993,0.4221702875700686,0.4221702875700686,0.1782277517069944,True,177.0,False,False
2021-09-03 13:00:00,20210903,169,176,13,5,9,0,0,0,0.0,5.0,2,0,False,1240,800,0,12845,24,0,0,22.2,0.1999999999999993,88,2.4,1.7,2021-09,170.71393126583078,-1.7139312658307801,1.7139312658307801,2.9375603839923006,False,177.0,False,False
2021-09-03 14:00:00,20210903,178,181,14,5,9,0,0,0,0.0,5.0,2,0,False,280,280,0,12845,24,0,0,22.2,0.1999999999999993,89,2.2,1.7,2021-09,167.2686149530656,10.731385046934406,10.731385046934406,115.16262502556737,True,177.0,True,False
2021-09-03 15:00:00,20210903,154,162,15,5,9,0,0,0,0.0,5.0,2,0,False,2229,800,0,12845,24,0,0,21.4,0.0,91,3.1,1.7,2021-09,162.3586098407923,-8.358609840792298,8.358609840792298,69.86635847058983,False,177.0,False,False
2021-09-03 16:00:00,20210903,161,165,16,5,9,0,0,0,0.0,5.0,2,0,False,348,348,0,12845,24,0,0,21.0,0.0,89,3.0,1.7,2021-09,165.8590622278938,-4.859062227893787,4.859062227893787,23.610485734544135,False,177.0,False,False
2021-09-03 17:00:00,20210903,147,170,17,5,9,0,0,0,0.0,5.0,2,1,False,51,51,0,12845,24,0,0,20.4,0.0,92,2.7,1.7,2021-09,131.96168561417247,15.038314385827533,15.038314385827533,226.15089956698733,True,177.0,False,False
2021-09-03 18:00:00,20210903,154,158,18,5,9,0,0,0,0.0,5.0,2,0,False,473,473,0,12845,24,0,0,20.2,0.0,91,2.4,1.7,2021-09,155.8172589372954,-1.8172589372954064,1.8172589372954064,3.30243004518003,False,177.0,False,False
2021-09-03 19:00:00,20210903,143,156,19,5,9,0,0,0,0.0,5.0,2,0,False,1928,800,0,12845,24,0,0,20.7,0.0,91,1.9,1.7,2021-09,131.096612247061,11.903387752939011,11.903387752939011,141.69063999681845,True,177.0,False,False
2021-09-03 20:00:00,20210903,115,118,20,5,9,0,0,0,0.0,5.0,0,0,False,75,75,0,12845,24,0,0,21.0,0.0,89,1.9,1.7,2021-09,110.79894550579115,4.201054494208847,4.201054494208847,17.648858863312352,True,177.0,False,False
2021-09-03 21:00:00,20210903,110,113,21,5,9,0,0,0,0.0,5.0,0,0,False,42,42,0,12845,24,0,0,20.4,0.0,93,2.0,1.7,2021-09,111.15374423761769,-1.153744237617687,1.153744237617687,1.3311257658360178,False,177.0,False,False
2021-09-03 22:00:00,20210903,105,119,22,5,9,0,0,0,0.0,5.0,0,0,False,505,505,0,12845,24,0,0,20.4,0.0,95,1.4,1.7,2021-09,105.30351336746044,-0.30351336746043955,0.30351336746043955,0.0921203642271758,False,177.0,False,False
2021-09-03 23:00:00,20210903,101,112,23,5,9,0,0,0,0.0,5.0,0,0,False,117,117,0,12845,24,0,0,20.6,0.0,91,2.4,1.7,2021-09,103.61779080286409,-2.617790802864093,2.617790802864093,6.852828687559832,False,177.0,False,False
2021-09-04 00:00:00,20210904,64,69,0,6,9,1,0,0,0.0,6.0,0,0,False,156,156,0,3431,8,0,0,20.0,0.0,96,0.1,0.0,2021-09,70.58753009435053,-6.587530094350527,6.587530094350527,43.39555274397386,False,177.0,False,False
2021-09-04 01:00:00,20210904,106,114,1,6,9,1,0,0,0.0,6.0,0,0,False,740,740,0,3431,8,0,0,19.8,0.0,97,1.5,0.0,2021-09,102.21243823940142,3.787561760598578,3.787561760598578,14.3456240903486,True,177.0,False,False
2021-09-04 02:00:00,20210904,104,107,2,6,9,1,0,0,0.0,6.0,0,0,False,287,287,0,3431,8,0,0,19.7,0.0,98,0.5,0.0,2021-09,106.84248876946799,-2.842488769467991,2.842488769467991,8.079742404551654,False,177.0,False,False
2021-09-04 03:00:00,20210904,98,103,3,6,9,1,0,0,0.0,6.0,0,0,False,509,509,0,3431,8,0,0,19.5,0.0,98,1.0,0.0,2021-09,101.89109528524476,-3.8910952852447593,3.8910952852447593,15.140622518853995,False,177.0,False,False
2021-09-04 04:00:00,20210904,109,112,4,6,9,1,0,0,0.0,6.0,0,0,False,183,183,0,3431,8,0,0,19.4,0.0,98,1.4,0.0,2021-09,105.83241523415717,3.1675847658428324,3.1675847658428324,10.033593248799592,True,177.0,False,False
2021-09-04 05:00:00,20210904,88,105,5,6,9,1,0,0,0.0,6.0,0,0,False,745,745,0,3431,8,0,0,19.1,0.0,98,1.7,0.0,2021-09,93.35521948283832,-5.355219482838322,5.355219482838322,28.678375709371146,False,177.0,False,False
2021-09-04 06:00:00,20210904,111,116,6,6,9,1,0,0,0.0,6.0,0,0,False,118,118,0,3431,8,0,0,19.9,0.0,94,1.9,0.0,2021-09,100.8520679996446,10.147932000355397,10.147932000355397,102.98052388383708,True,177.0,False,False
2021-09-04 07:00:00,20210904,70,97,7,6,9,1,0,0,0.0,6.0,0,1,False,693,693,0,3431,8,0,0,21.1,0.0,88,2.5,0.0,2021-09,69.50071737618961,0.49928262381038735,0.49928262381038735,0.24928313843898478,True,177.0,False,False
2021-09-04 08:00:00,20210904,33,37,8,6,9,1,0,0,0.0,6.0,2,0,False,0,0,1,3431,8,0,1,22.2,0.1999999999999993,82,2.7,0.0,2021-09,41.83705026193131,-8.83705026193131,8.83705026193131,78.09345733190024,False,177.0,False,False
2021-09-04 09:00:00,20210904,32,32,9,6,9,1,0,0,0.0,6.0,2,0,False,0,0,1,3431,8,0,1,23.1,1.1000000000000014,81,2.3,0.0,2021-09,22.513975192786003,9.486024807213997,9.486024807213997,89.98466664307935,True,177.0,False,False
2021-09-04 10:00:00,20210904,34,36,10,6,9,1,0,0,0.0,6.0,2,0,False,0,0,1,3431,8,0,1,24.0,2.0,76,1.9,0.0,2021-09,22.676601426979,11.323398573020999,11.323398573020999,128.219355243494,True,177.0,False,False
2021-09-04 11:00:00,20210904,32,32,11,6,9,1,0,0,0.0,6.0,2,0,False,0,0,1,3431,8,0,1,24.2,2.1999999999999993,71,2.4,0.0,2021-09,23.2528694821002,8.747130517899802,8.747130517899802,76.51229229717406,True,177.0,False,False
2021-09-04 12:00:00,20210904,33,34,12,6,9,1,0,0,0.0,6.0,1,1,False,0,0,1,3431,8,0,1,24.2,2.1999999999999993,71,2.8,0.0,2021-09,22.745698598408197,10.254301401591803,10.254301401591803,105.15069723468763,True,177.0,False,False
2021-09-04 13:00:00,20210904,34,37,13,6,9,1,0,0,0.0,6.0,2,0,False,0,0,1,3431,8,0,1,23.6,1.6000000000000014,69,2.9,0.0,2021-09,22.885306795658114,11.114693204341886,11.114693204341886,123.5364050266437,True,177.0,False,False
2021-09-04 14:00:00,20210904,34,35,14,6,9,1,0,0,0.0,6.0,2,0,False,0,0,1,3431,8,0,1,24.5,2.5,68,2.1,0.0,2021-09,23.194345896202034,10.805654103797966,10.805654103797966,116.76216061092583,True,177.0,False,False
2021-09-04 15:00:00,20210904,33,33,15,6,9,1,0,0,0.0,6.0,2,0,False,0,0,1,3431,8,0,1,23.5,1.5,74,2.5,0.0,2021-09,22.90455845686868,10.095441543131319,10.095441543131319,101.91793995078166,True,177.0,False,False
2021-09-04 16:00:00,20210904,36,43,16,6,9,1,0,0,0.0,6.0,2,0,False,0,0,1,3431,8,0,1,23.3,1.3000000000000007,74,2.9,0.0,2021-09,22.95182240185061,13.04817759814939,13.04817759814939,170.2549386328476,True,177.0,False,False
2021-09-04 17:00:00,20210904,35,40,17,6,9,1,0,0,0.0,6.0,2,1,False,0,0,1,3431,8,0,1,22.7,0.6999999999999993,75,2.5,0.0,2021-09,22.58576396084423,12.414236039155771,12.414236039155771,154.11325643587395,True,177.0,False,False
2021-09-04 18:00:00,20210904,26,29,18,6,9,1,0,0,0.0,6.0,2,0,False,0,0,1,3431,8,0,1,21.9,0.0,80,2.7,0.0,2021-09,23.08940219702983,2.9105978029701696,2.9105978029701696,8.471579570654779,True,177.0,False,False
2021-09-04 19:00:00,20210904,23,25,19,6,9,1,0,0,0.0,6.0,2,0,False,0,0,1,3431,8,0,1,22.0,0.0,77,3.2,0.0,2021-09,22.859918396222156,0.14008160377784407,0.14008160377784407,0.019622855716972896,True,177.0,False,False
2021-09-04 20:00:00,20210904,25,27,20,6,9,1,0,0,0.0,6.0,0,0,False,0,0,1,3431,8,0,1,22.0,0.0,77,2.7,0.0,2021-09,22.884132626252054,2.115867373747946,2.115867373747946,4.47689474329103,True,177.0,False,False
2021-09-04 21:00:00,20210904,23,23,21,6,9,1,0,0,0.0,6.0,0,0,False,0,0,1,3431,8,0,1,21.4,0.0,82,1.6,0.0,2021-09,23.0425786852655,-0.04257868526550013,0.04257868526550013,0.0018129444389385176,False,177.0,False,False
2021-09-04 22:00:00,20210904,23,23,22,6,9,1,0,0,0.0,6.0,0,0,False,0,0,1,3431,8,0,1,20.8,0.0,83,2.3,0.0,2021-09,23.178922420368565,-0.17892242036856487,0.17892242036856487,0.032013232510545435,False,177.0,False,False
2021-09-04 23:00:00,20210904,23,23,23,6,9,1,0,0,0.0,6.0,0,0,False,0,0,1,3431,8,0,1,20.6,0.0,79,3.0,0.0,2021-09,23.167547323557272,-0.16754732355727242,0.16754732355727242,0.028072105631205335,False,177.0,False,False
2021-09-05 00:00:00,20210905,24,26,0,7,9,1,0,0,0.0,7.0,0,0,True,0,0,1,0,0,0,0,20.6,0.0,82,1.4,0.0,2021-09,22.049120107602125,1.9508798923978752,1.9508798923978752,3.805932354562345,True,177.0,False,False
2021-09-05 01:00:00,20210905,22,22,1,7,9,1,0,0,0.0,7.0,0,0,True,0,0,1,0,0,0,0,20.6,0.0,83,2.3,0.0,2021-09,22.120280143123207,-0.12028014312320678,0.12028014312320678,0.014467312829739109,False,177.0,False,False
2021-09-05 02:00:00,20210905,22,22,2,7,9,1,0,0,0.0,7.0,0,0,True,0,0,1,0,0,0,0,20.5,0.0,85,2.3,0.0,2021-09,22.11900193016614,-0.11900193016613869,0.11900193016613869,0.01416145938326655,False,177.0,False,False
2021-09-05 03:00:00,20210905,22,22,3,7,9,1,0,0,0.0,7.0,0,0,True,0,0,1,0,0,0,0,20.6,0.0,86,1.6,0.0,2021-09,22.120959886682982,-0.12095988668298219,0.12095988668298219,0.014631294186359892,False,177.0,False,False
2021-09-05 04:00:00,20210905,24,27,4,7,9,1,0,0,0.0,7.0,0,0,True,0,0,1,0,0,0,0,20.7,0.0,88,2.1,0.0,2021-09,22.1222138655877,1.8777861344123004,1.8777861344123004,3.5260807665910896,True,177.0,False,False
2021-09-05 05:00:00,20210905,22,22,5,7,9,1,0,0,0.0,7.0,0,0,True,0,0,1,0,0,0,0,20.6,0.0,89,2.5,0.0,2021-09,21.951451870265217,0.048548129734783174,0.048548129734783174,0.0023569209007453383,True,177.0,False,False
2021-09-05 06:00:00,20210905,22,22,6,7,9,1,0,0,0.0,7.0,0,0,True,0,0,1,0,0,0,0,21.6,0.0,86,2.3,0.0,2021-09,21.995769772676322,0.004230227323677838,0.004230227323677838,1.789482320999056e-05,True,177.0,False,False
2021-09-05 07:00:00,20210905,22,22,7,7,9,1,0,0,0.0,7.0,0,1,True,0,0,1,0,0,0,0,22.9,0.8999999999999986,79,2.7,0.0,2021-09,22.000261795828695,-0.0002617958286954547,0.0002617958286954547,6.853705592233987e-08,False,177.0,False,False
2021-09-05 08:00:00,20210905,25,27,8,7,9,1,0,0,0.0,7.0,2,0,True,0,0,1,0,0,0,0,22.8,0.8000000000000007,79,1.8,0.0,2021-09,22.112676909900202,2.887323090099798,2.887323090099798,8.336634626623447,True,177.0,False,False
2021-09-05 09:00:00,20210905,22,23,9,7,9,1,0,0,0.0,7.0,2,0,True,0,0,1,0,0,0,0,23.3,1.3000000000000007,70,3.0,0.0,2021-09,22.221535255971176,-0.22153525597117607,0.22153525597117607,0.049077869638214505,False,177.0,False,False
2021-09-05 10:00:00,20210905,22,22,10,7,9,1,0,0,0.0,7.0,2,0,True,0,0,1,0,0,0,0,24.1,2.1000000000000014,64,2.9,0.0,2021-09,22.25752732749238,-0.2575273274923795,0.2575273274923795,0.06632032440536728,False,177.0,False,False
2021-09-05 11:00:00,20210905,22,22,11,7,9,1,0,0,0.0,7.0,2,0,True,0,0,1,0,0,0,0,24.6,2.6000000000000014,68,2.7,0.0,2021-09,22.625820575340526,-0.6258205753405264,0.6258205753405264,0.39165139251954745,False,177.0,False,False
2021-09-05 12:00:00,20210905,24,26,12,7,9,1,0,0,0.0,7.0,1,1,True,0,0,1,0,0,0,0,23.5,1.5,69,2.1,0.0,2021-09,22.16601555061411,1.8339844493858912,1.8339844493858912,3.3634989605892707,True,177.0,False,False
2021-09-05 13:00:00,20210905,22,23,13,7,9,1,0,0,0.0,7.0,2,0,True,0,0,1,0,0,0,0,23.7,1.6999999999999993,69,1.4,0.0,2021-09,22.211467698707754,-0.21146769870775373,0.21146769870775373,0.044718587596753304,False,177.0,False,False
2021-09-05 14:00:00,20210905,23,23,14,7,9,1,0,0,0.0,7.0,2,0,True,0,0,1,0,0,0,0,24.1,2.1000000000000014,69,1.7,0.0,2021-09,22.229566005853183,0.770433994146817,0.770433994146817,0.5935685393370177,True,177.0,False,False
2021-09-05 15:00:00,20210905,24,28,15,7,9,1,0,0,0.0,7.0,2,0,True,0,0,1,0,0,0,0,23.6,1.6000000000000014,76,2.5,0.0,2021-09,22.169372783444704,1.8306272165552961,1.8306272165552961,3.3511960059929913,True,177.0,False,False
2021-09-05 16:00:00,20210905,23,25,16,7,9,1,0,0,0.0,7.0,2,0,True,0,0,1,0,0,0,0,23.1,1.1000000000000014,77,2.3,0.0,2021-09,22.203189716176777,0.7968102838232234,0.7968102838232234,0.6349066284064458,True,177.0,False,False
2021-09-05 17:00:00,20210905,23,23,17,7,9,1,0,0,0.0,7.0,2,1,True,0,0,1,0,0,0,0,22.6,0.6000000000000014,81,1.7,0.0,2021-09,22.138329519057134,0.8616704809428661,0.8616704809428661,0.7424760177283102,True,177.0,False,False
2021-09-05 18:00:00,20210905,22,22,18,7,9,1,0,0,0.0,7.0,2,0,True,0,0,1,0,0,0,0,22.1,0.10000000000000142,82,1.6,0.0,2021-09,22.217259870872592,-0.21725987087259213,0.21725987087259213,0.04720185149157541,False,177.0,False,False
2021-09-05 19:00:00,20210905,24,27,19,7,9,1,0,0,0.0,7.0,2,0,True,0,0,1,0,0,0,0,21.9,0.0,83,1.8,0.0,2021-09,22.170296877446862,1.8297031225531377,1.8297031225531377,3.3478135166807026,True,177.0,False,False
2021-09-05 20:00:00,20210905,23,23,20,7,9,1,0,0,0.0,7.0,0,0,True,0,0,1,0,0,0,0,21.6,0.0,84,1.7,0.0,2021-09,22.23200115558922,0.7679988444107799,0.7679988444107799,0.5898222250162933,True,177.0,False,False
2021-09-05 21:00:00,20210905,23,23,21,7,9,1,0,0,0.0,7.0,0,0,True,0,0,1,0,0,0,0,21.5,0.0,84,2.1,0.0,2021-09,22.307563015095752,0.6924369849042478,0.6924369849042478,0.4794689780632854,True,177.0,False,False
2021-09-05 22:00:00,20210905,24,27,22,7,9,1,0,0,0.0,7.0,0,0,True,0,0,1,0,0,0,0,21.3,0.0,88,2.4,0.0,2021-09,22.232597059074084,1.7674029409259155,1.7674029409259155,3.1237131555935753,True,177.0,False,False
2021-09-05 23:00:00,20210905,23,24,23,7,9,1,0,0,0.0,7.0,0,0,True,0,0,1,0,0,0,0,21.4,0.0,88,1.8,0.0,2021-09,22.524215889165742,0.4757841108342582,0.4757841108342582,0.22637052012234568,True,177.0,False,False
2021-09-06 00:00:00,20210906,22,22,0,1,9,0,0,1,1.0,1.0,0,0,False,0,0,1,16628,16,1,0,20.6,0.0,96,1.9,0.1,2021-09,21.665100647790965,0.33489935220903533,0.33489935220903533,0.11215757611003149,True,177.0,False,False
2021-09-06 01:00:00,20210906,22,22,1,1,9,0,0,1,1.0,1.0,0,0,False,0,0,1,16628,16,1,0,20.7,0.0,98,1.3,0.2,2021-09,21.89888382685658,0.1011161731434207,0.1011161731434207,0.010224480471170232,True,177.0,False,False
2021-09-06 02:00:00,20210906,24,27,2,1,9,0,0,1,1.0,1.0,0,0,False,0,0,1,16628,16,1,0,20.6,0.0,98,1.5,0.4,2021-09,21.892426153615933,2.107573846384067,2.107573846384067,4.441867517962132,True,177.0,False,False
2021-09-06 03:00:00,20210906,22,22,3,1,9,0,0,1,1.0,1.0,0,0,False,0,0,1,16628,16,1,0,20.8,0.0,98,2.6,0.5,2021-09,21.992451023412155,0.0075489765878451465,0.0075489765878451465,5.6987047523834154e-05,True,177.0,False,False
2021-09-06 04:00:00,20210906,22,22,4,1,9,0,0,1,1.0,1.0,0,0,False,0,0,1,16628,16,1,0,20.9,0.0,98,2.9,0.8,2021-09,21.789872254092884,0.21012774590711558,0.21012774590711558,0.04415366960000533,True,177.0,False,False
2021-09-06 05:00:00,20210906,23,24,5,1,9,0,0,1,1.0,1.0,0,0,False,0,0,1,16628,16,1,0,21.7,0.0,93,2.9,0.8,2021-09,21.653266293185222,1.3467337068147778,1.3467337068147778,1.8136916770710718,True,177.0,False,False
2021-09-06 06:00:00,20210906,24,26,6,1,9,0,0,1,1.0,1.0,0,0,False,0,0,1,16628,16,1,0,22.4,0.3999999999999986,89,2.0,0.8,2021-09,21.395999290014384,2.604000709985616,2.604000709985616,6.780819697605593,True,177.0,False,False
2021-09-06 07:00:00,20210906,52,81,7,1,9,0,0,1,1.0,1.0,0,1,False,0,0,1,16628,16,1,0,22.3,0.3000000000000007,89,2.0,0.8,2021-09,57.87253263173611,-5.872532631736107,5.872532631736107,34.486639510805404,False,177.0,False,False
2021-09-06 08:00:00,20210906,171,180,8,1,9,0,0,1,1.0,1.0,2,0,False,158,158,0,16628,16,0,0,23.3,1.3000000000000007,84,3.0,0.8,2021-09,166.9656301246957,4.034369875304293,4.034369875304293,16.276140290762775,True,177.0,False,False
2021-09-06 09:00:00,20210906,157,165,9,1,9,0,0,1,1.0,1.0,2,0,False,976,800,0,16628,16,0,0,23.6,1.6000000000000014,80,3.2,0.8,2021-09,176.14991753920694,-19.14991753920694,19.14991753920694,366.71934175842557,False,177.0,False,True
2021-09-06 10:00:00,20210906,171,190,10,1,9,0,0,1,1.0,1.0,2,0,False,615,615,0,16628,16,0,0,24.6,2.6000000000000014,76,3.1,0.8,2021-09,174.93399469546634,-3.933994695466339,3.933994695466339,15.476314263957294,False,177.0,False,False
2021-09-06 11:00:00,20210906,176,180,11,1,9,0,0,1,1.0,1.0,2,0,False,2362,800,0,16628,16,0,0,23.9,1.8999999999999986,75,3.2,0.8,2021-09,178.19328872206745,-2.19328872206745,2.19328872206745,4.810515418348269,False,177.0,False,False
2021-09-06 12:00:00,20210906,109,124,12,1,9,0,0,1,1.0,1.0,1,1,False,800,800,0,16628,16,0,0,24.7,2.6999999999999993,73,3.8,0.8,2021-09,114.89049097717192,-5.890490977171922,5.890490977171922,34.69788395214382,False,177.0,False,False
2021-09-06 13:00:00,20210906,160,164,13,1,9,0,0,1,1.0,1.0,2,0,False,1112,800,0,16628,16,0,0,24.4,2.3999999999999986,74,3.5,0.8,2021-09,178.3882862350464,-18.388286235046394,18.388286235046394,338.1290706619967,False,177.0,False,False
2021-09-06 14:00:00,20210906,160,163,14,1,9,0,0,1,1.0,1.0,2,0,False,3967,800,0,16628,16,0,0,23.6,1.6000000000000014,76,3.0,0.8,2021-09,176.39937886131224,-16.399378861312243,16.399378861312243,268.93962703685486,False,177.0,False,False
2021-09-06 15:00:00,20210906,158,171,15,1,9,0,0,1,1.0,1.0,2,0,False,1044,800,0,16628,16,0,0,23.5,1.5,75,2.7,0.8,2021-09,171.75200608773739,-13.752006087737385,13.752006087737385,189.1176714371661,False,177.0,False,False
2021-09-06 16:00:00,20210906,146,152,16,1,9,0,0,1,1.0,1.0,2,0,False,2139,800,0,16628,16,0,0,23.2,1.1999999999999993,75,2.8,0.8,2021-09,167.90056955299374,-21.900569552993744,21.900569552993744,479.63494674551663,False,177.0,False,True
2021-09-06 17:00:00,20210906,128,148,17,1,9,0,0,1,1.0,1.0,2,1,False,499,499,0,16628,16,0,0,22.7,0.6999999999999993,78,1.9,0.8,2021-09,139.78194466562863,-11.781944665628629,11.781944665628629,138.8142201039349,False,177.0,False,False
2021-09-06 18:00:00,20210906,152,154,18,1,9,0,0,1,1.0,1.0,2,0,False,963,800,0,16628,16,0,0,22.5,0.5,79,1.4,0.8,2021-09,148.37784676450497,3.622153235495034,3.622153235495034,13.119994061407144,True,177.0,False,False
2021-09-06 19:00:00,20210906,135,145,19,1,9,0,0,1,1.0,1.0,2,0,False,1591,800,0,16628,16,0,0,22.3,0.3000000000000007,79,1.6,0.8,2021-09,138.93469860721697,-3.9346986072169727,3.9346986072169727,15.481853129635185,False,177.0,False,False
2021-09-06 20:00:00,20210906,121,128,20,1,9,0,0,1,1.0,1.0,0,0,False,120,120,0,16628,16,0,0,22.4,0.3999999999999986,80,1.2,0.8,2021-09,119.83658428085255,1.1634157191474515,1.1634157191474515,1.3535361355593816,True,177.0,False,False
2021-09-06 21:00:00,20210906,123,133,21,1,9,0,0,1,1.0,1.0,0,0,False,26,26,0,16628,16,0,0,22.4,0.3999999999999986,82,1.2,0.8,2021-09,118.37204500067219,4.627954999327812,4.627954999327812,21.41796747580329,True,177.0,False,False
2021-09-06 22:00:00,20210906,110,114,22,1,9,0,0,1,1.0,1.0,0,0,False,39,39,0,16628,16,0,0,22.5,0.5,79,0.6,0.8,2021-09,111.43052665474147,-1.4305266547414703,1.4305266547414703,2.0464065099258217,False,177.0,False,False
2021-09-06 23:00:00,20210906,104,118,23,1,9,0,0,1,1.0,1.0,0,0,False,217,217,0,16628,16,0,0,22.2,0.1999999999999993,81,1.5,0.8,2021-09,105.58583162040617,-1.585831620406168,1.585831620406168,2.5148619282800526,False,177.0,False,False
2021-09-07 00:00:00,20210907,72,74,0,2,9,0,0,0,0.0,2.0,0,0,False,0,0,1,16424,22,1,0,22.2,0.1999999999999993,84,1.2,0.0,2021-09,66.0476025494733,5.952397450526703,5.952397450526703,35.4310354090368,True,177.0,False,False
2021-09-07 01:00:00,20210907,109,121,1,2,9,0,0,0,0.0,2.0,0,0,False,54,54,0,16424,22,0,0,21.8,0.0,89,1.6,0.0,2021-09,102.85912935140254,6.140870648597456,6.140870648597456,37.71029232280574,True,177.0,False,False
2021-09-07 02:00:00,20210907,111,118,2,2,9,0,0,0,0.0,2.0,0,0,False,258,258,0,16424,22,0,0,21.4,0.0,93,1.2,0.0,2021-09,105.35331196518275,5.646688034817245,5.646688034817245,31.885085762548243,True,177.0,False,False
2021-09-07 03:00:00,20210907,109,123,3,2,9,0,0,0,0.0,2.0,0,0,False,304,304,0,16424,22,0,0,21.0,0.0,98,2.3,0.1,2021-09,103.27096179729138,5.729038202708622,5.729038202708622,32.821878728094845,True,177.0,False,False
2021-09-07 04:00:00,20210907,109,120,4,2,9,0,0,0,0.0,2.0,0,0,False,0,0,1,16424,22,0,0,20.7,0.0,98,1.8,0.5,2021-09,108.49109075265017,0.508909247349834,0.508909247349834,0.2589886220381745,True,177.0,False,False
2021-09-07 05:00:00,20210907,96,116,5,2,9,0,0,0,0.0,2.0,0,0,False,150,150,0,16424,22,0,0,20.6,0.0,98,1.6,1.8,2021-09,93.42638594959026,2.573614050409745,2.573614050409745,6.623489280466453,True,177.0,False,False
2021-09-07 06:00:00,20210907,115,124,6,2,9,0,0,0,0.0,2.0,0,0,False,205,205,0,16424,22,0,0,20.7,0.0,98,2.5,1.8,2021-09,109.03127143629378,5.968728563706222,5.968728563706222,35.625720667202536,True,177.0,False,False
2021-09-07 07:00:00,20210907,140,160,7,2,9,0,0,0,0.0,2.0,0,1,False,548,548,0,16424,22,0,0,21.1,0.0,98,2.2,1.8,2021-09,123.88781678012452,16.112183219875476,16.112183219875476,259.60244811083686,True,177.0,False,False
2021-09-07 08:00:00,20210907,173,192,8,2,9,0,0,0,0.0,2.0,2,0,False,1236,800,0,16424,22,0,0,21.7,0.0,98,0.8,1.8,2021-09,175.672072183109,-2.672072183109009,2.672072183109009,7.139969751744944,False,177.0,False,False
2021-09-07 09:00:00,20210907,170,174,9,2,9,0,0,0,0.0,2.0,2,0,False,1727,800,0,16424,22,0,0,22.1,0.10000000000000142,98,0.6,1.8,2021-09,175.5611584696046,-5.561158469604607,5.561158469604607,30.92648352405505,False,177.0,False,False
2021-09-07 10:00:00,20210907,164,178,10,2,9,0,0,0,0.0,2.0,2,0,False,1118,800,0,16424,22,0,0,23.3,1.3000000000000007,98,0.6,1.8,2021-09,175.79730418850082,-11.797304188500817,11.797304188500817,139.17638611601893,False,177.0,False,False
2021-09-07 11:00:00,20210907,174,183,11,2,9,0,0,0,0.0,2.0,2,0,False,1540,800,0,16424,22,0,0,24.5,2.5,87,1.3,1.8,2021-09,179.29274615878379,-5.292746158783785,5.292746158783785,28.013161901320515,False,177.0,False,False
2021-09-07 12:00:00,20210907,116,140,12,2,9,0,0,0,0.0,2.0,1,1,False,1184,800,0,16424,22,0,0,26.9,4.899999999999999,77,2.2,1.8,2021-09,112.04380695853511,3.9561930414648856,3.9561930414648856,15.651463381335182,True,177.0,False,False
2021-09-07 13:00:00,20210907,181,189,13,2,9,0,0,0,0.0,2.0,2,0,False,1548,800,0,16424,22,0,0,27.3,5.300000000000001,73,3.4,1.8,2021-09,180.4271040410342,0.5728959589658018,0.5728959589658018,0.3282097797993457,True,177.0,True,False
2021-09-07 14:00:00,20210907,182,191,14,2,9,0,0,0,0.0,2.0,2,0,False,1395,800,0,16424,22,0,0,26.5,4.5,78,2.9,1.8,2021-09,181.71619511605377,0.2838048839462317,0.2838048839462317,0.08054521215173405,True,177.0,True,False
2021-09-07 15:00:00,20210907,166,174,15,2,9,0,0,0,0.0,2.0,2,0,False,751,751,0,16424,22,0,0,26.1,4.100000000000001,84,3.1,1.8,2021-09,173.98993325996233,-7.989933259962328,7.989933259962328,63.839033498652235,False,177.0,False,False
2021-09-07 16:00:00,20210907,160,167,16,2,9,0,0,0,0.0,2.0,2,0,False,1375,800,0,16424,22,0,0,26.3,4.300000000000001,88,1.7,1.8,2021-09,180.19564150777873,-20.19564150777873,20.19564150777873,407.8639359107152,False,177.0,False,True
2021-09-07 17:00:00,20210907,135,161,17,2,9,0,0,0,0.0,2.0,2,1,False,606,606,0,16424,22,0,0,26.3,4.300000000000001,88,2.7,1.8,2021-09,133.01862328847776,1.9813767115222447,1.9813767115222447,3.9258536729627047,True,177.0,False,False
2021-09-07 18:00:00,20210907,156,165,18,2,9,0,0,0,0.0,2.0,2,0,False,685,685,0,16424,22,0,0,25.8,3.8000000000000007,91,1.4,1.8,2021-09,158.88069313822618,-2.880693138226178,2.880693138226178,8.298392956623386,False,177.0,False,False
2021-09-07 19:00:00,20210907,152,158,19,2,9,0,0,0,0.0,2.0,2,0,False,1376,800,0,16424,22,0,0,25.4,3.3999999999999986,93,0.8,1.8,2021-09,146.324020401834,5.675979598166009,5.675979598166009,32.21674439879677,True,177.0,False,False
2021-09-07 20:00:00,20210907,134,141,20,2,9,0,0,0,0.0,2.0,0,0,False,201,201,0,16424,22,0,0,25.6,3.6000000000000014,90,2.5,1.8,2021-09,125.18904224019832,8.810957759801681,8.810957759801681,77.63297664500946,True,177.0,False,False
2021-09-07 21:00:00,20210907,131,134,21,2,9,0,0,0,0.0,2.0,0,0,False,78,78,0,16424,22,0,0,25.5,3.5,85,2.2,1.8,2021-09,120.24523212064067,10.754767879359335,10.754767879359335,115.66503213889928,True,177.0,False,False
2021-09-07 22:00:00,20210907,115,122,22,2,9,0,0,0,0.0,2.0,0,0,False,12,12,0,16424,22,0,0,24.9,2.8999999999999986,85,1.6,1.8,2021-09,111.05913356839072,3.9408664316092796,3.9408664316092796,15.530428231784857,True,177.0,False,False
2021-09-07 23:00:00,20210907,111,126,23,2,9,0,0,0,0.0,2.0,0,0,False,73,73,0,16424,22,0,0,25.2,3.1999999999999993,79,1.5,1.8,2021-09,105.34679988079263,5.653200119207369,5.653200119207369,31.958671587806215,True,177.0,False,False
2021-09-08 00:00:00,20210908,72,78,0,3,9,0,0,0,0.0,3.0,0,0,False,0,0,1,20831,23,1,0,24.4,2.3999999999999986,83,1.8,0.0,2021-09,70.88641975900863,1.113580240991368,1.113580240991368,1.2400609531263933,True,177.0,False,False
2021-09-08 01:00:00,20210908,110,115,1,3,9,0,0,0,0.0,3.0,0,0,False,687,687,0,20831,23,0,0,23.2,1.1999999999999993,93,0.9,0.0,2021-09,104.46307626329991,5.536923736700089,5.536923736700089,30.65752446603288,True,177.0,False,False
2021-09-08 02:00:00,20210908,118,126,2,3,9,0,0,0,0.0,3.0,0,0,False,109,109,0,20831,23,0,0,22.8,0.8000000000000007,93,0.8,0.0,2021-09,109.0216871530021,8.978312846997895,8.978312846997895,80.61010157856744,True,177.0,False,False
2021-09-08 03:00:00,20210908,112,122,3,3,9,0,0,0,0.0,3.0,0,0,False,177,177,0,20831,23,0,0,22.7,0.6999999999999993,96,1.0,0.0,2021-09,104.352272988882,7.647727011117993,7.647727011117993,58.48772843658376,True,177.0,False,False
2021-09-08 04:00:00,20210908,113,116,4,3,9,0,0,0,0.0,3.0,0,0,False,110,110,0,20831,23,0,0,22.3,0.3000000000000007,94,1.0,0.0,2021-09,109.39085022367355,3.609149776326447,3.609149776326447,13.025962107957243,True,177.0,False,False
2021-09-08 05:00:00,20210908,97,109,5,3,9,0,0,0,0.0,3.0,0,0,False,120,120,0,20831,23,0,0,22.2,0.1999999999999993,90,1.6,0.0,2021-09,93.87266196660005,3.127338033399951,3.127338033399951,9.780243175149874,True,177.0,False,False
2021-09-08 06:00:00,20210908,118,123,6,3,9,0,0,0,0.0,3.0,0,0,False,233,233,0,20831,23,0,0,22.3,0.3000000000000007,86,1.5,0.0,2021-09,109.68358102008118,8.316418979918822,8.316418979918822,69.16282464955403,True,177.0,False,False
2021-09-08 07:00:00,20210908,135,154,7,3,9,0,0,0,0.0,3.0,0,1,False,2206,800,0,20831,23,0,0,22.3,0.3000000000000007,90,1.9,0.0,2021-09,126.34315895381629,8.656841046183715,8.656841046183715,74.94089689889115,True,177.0,False,False
2021-09-08 08:00:00,20210908,171,181,8,3,9,0,0,0,0.0,3.0,2,0,False,476,476,0,20831,23,0,0,23.3,1.3000000000000007,83,1.6,0.0,2021-09,174.21817783984966,-3.218177839849659,3.218177839849659,10.356668608899417,False,177.0,False,False
2021-09-08 09:00:00,20210908,160,163,9,3,9,0,0,0,0.0,3.0,2,0,False,1154,800,0,20831,23,0,0,23.4,1.3999999999999986,82,1.5,0.0,2021-09,171.93752502000208,-11.937525020002084,11.937525020002084,142.50450360317578,False,177.0,False,False
2021-09-08 10:00:00,20210908,152,160,10,3,9,0,0,0,0.0,3.0,2,0,False,1369,800,0,20831,23,0,0,25.5,3.5,69,2.2,0.0,2021-09,181.17977226364277,-29.179772263642775,29.179772263642775,851.4591093580563,False,177.0,False,True
2021-09-08 11:00:00,20210908,156,168,11,3,9,0,0,0,0.0,3.0,2,0,False,857,800,0,20831,23,0,0,26.5,4.5,65,2.6,0.0,2021-09,181.59525889590256,-25.59525889590256,25.59525889590256,655.1172779482791,False,177.0,False,True
2021-09-08 13:00:00,20210908,152,165,13,3,9,0,0,0,0.0,3.0,2,0,False,1160,800,0,20831,23,0,0,25.6,3.6000000000000014,74,2.2,0.0,2021-09,176.96697672448363,-24.96697672448363,24.96697672448363,623.3499267609074,False,177.0,False,True
2021-09-08 14:00:00,20210908,165,178,14,3,9,0,0,0,0.0,3.0,2,0,False,6214,800,0,20831,23,0,0,25.7,3.6999999999999993,74,2.6,0.0,2021-09,176.6940107405396,-11.694010740539596,11.694010740539596,136.74988719985544,False,177.0,False,False
2021-09-08 15:00:00,20210908,165,183,15,3,9,0,0,0,0.0,3.0,2,0,False,1042,800,0,20831,23,0,0,24.7,2.6999999999999993,77,2.8,0.0,2021-09,170.20743440091636,-5.207434400916355,5.207434400916355,27.11737303984708,False,177.0,False,False
2021-09-08 16:00:00,20210908,166,170,16,3,9,0,0,0,0.0,3.0,2,0,False,513,513,0,20831,23,0,0,23.9,1.8999999999999986,84,2.1,0.0,2021-09,168.0385783807652,-2.0385783807651876,2.0385783807651876,4.1558018145232145,False,177.0,False,False
2021-09-08 17:00:00,20210908,144,182,17,3,9,0,0,0,0.0,3.0,2,1,False,616,616,0,20831,23,0,0,23.4,1.3999999999999986,86,1.7,0.0,2021-09,142.53659157251874,1.463408427481255,1.463408427481255,2.14156422562316,True,177.0,False,False
2021-09-08 18:00:00,20210908,164,170,18,3,9,0,0,0,0.0,3.0,2,0,False,737,737,0,20831,23,0,0,22.9,0.8999999999999986,89,1.7,0.0,2021-09,162.08553974822277,1.9144602517772285,1.9144602517772285,3.665158055634929,True,177.0,False,False
2021-09-08 19:00:00,20210908,150,163,19,3,9,0,0,0,0.0,3.0,2,0,False,2621,800,0,20831,23,0,0,22.7,0.6999999999999993,90,1.0,0.0,2021-09,145.345895370311,4.654104629688987,4.654104629688987,21.660689904092468,True,177.0,False,False
2021-09-08 20:00:00,20210908,103,111,20,3,9,0,0,0,0.0,3.0,0,0,False,175,175,0,20831,23,0,0,22.0,0.0,92,0.3,0.0,2021-09,123.33013272127046,-20.33013272127046,20.33013272127046,413.3142964644718,False,177.0,False,True
2021-09-08 21:00:00,20210908,122,127,21,3,9,0,0,0,0.0,3.0,0,0,False,17,17,0,20831,23,0,0,21.3,0.0,96,0.7,0.0,2021-09,120.66692557596565,1.3330744240343506,1.3330744240343506,1.7770874200145157,True,177.0,False,False
2021-09-08 22:00:00,20210908,106,116,22,3,9,0,0,0,0.0,3.0,0,0,False,144,144,0,20831,23,0,0,21.9,0.0,94,0.8,0.0,2021-09,113.62445063155815,-7.6244506315581475,7.6244506315581475,58.132247433067434,False,177.0,False,False
2021-09-08 23:00:00,20210908,101,111,23,3,9,0,0,0,0.0,3.0,0,0,False,91,91,0,20831,23,0,0,21.3,0.0,96,1.7,0.0,2021-09,107.67521917067593,-6.6752191706759305,6.6752191706759305,44.55855097655946,False,177.0,False,False
2021-09-09 00:00:00,20210909,72,79,0,4,9,0,0,0,0.0,4.0,0,0,False,0,0,1,17162,23,1,0,20.7,0.0,98,1.7,0.0,2021-09,69.68259129065747,2.31740870934253,2.31740870934253,5.370383126136611,True,177.0,False,False
2021-09-09 01:00:00,20210909,97,99,1,4,9,0,0,0,0.0,4.0,0,0,False,222,222,0,17162,23,0,0,19.6,0.0,98,0.1,0.0,2021-09,107.41702182696129,-10.417021826961289,10.417021826961289,108.51434374338791,False,177.0,False,False
2021-09-09 02:00:00,20210909,110,114,2,4,9,0,0,0,0.0,4.0,0,0,False,72,72,0,17162,23,0,0,19.7,0.0,98,0.7,0.0,2021-09,108.83391057628825,1.1660894237117532,1.1660894237117532,1.3597645440924087,True,177.0,False,False
2021-09-09 03:00:00,20210909,109,116,3,4,9,0,0,0,0.0,4.0,0,0,False,2,2,0,17162,23,0,0,19.3,0.0,98,0.5,0.0,2021-09,107.3792599667617,1.620740033238306,1.620740033238306,2.626798255341305,True,177.0,False,False
2021-09-09 04:00:00,20210909,107,114,4,4,9,0,0,0,0.0,4.0,0,0,False,69,69,0,17162,23,0,0,19.3,0.0,98,1.9,0.0,2021-09,108.84737536726847,-1.8473753672684694,1.8473753672684694,3.4127957475903123,False,177.0,False,False
2021-09-09 05:00:00,20210909,92,109,5,4,9,0,0,0,0.0,4.0,0,0,False,26,26,0,17162,23,0,0,19.2,0.0,98,1.1,0.0,2021-09,97.11392373526161,-5.113923735261608,5.113923735261608,26.152215970072035,False,177.0,False,False
2021-09-09 06:00:00,20210909,119,121,6,4,9,0,0,0,0.0,4.0,0,0,False,346,346,0,17162,23,0,0,20.1,0.0,98,2.1,0.0,2021-09,108.19869692916139,10.801303070838614,10.801303070838614,116.66814802810767,True,177.0,False,False
2021-09-09 07:00:00,20210909,139,152,7,4,9,0,0,0,0.0,4.0,0,1,False,2056,800,0,17162,23,0,0,20.9,0.0,98,1.6,0.0,2021-09,132.04243609832147,6.957563901678526,6.957563901678526,48.407695445940114,True,177.0,False,False
2021-09-09 08:00:00,20210909,172,187,8,4,9,0,0,0,0.0,4.0,2,0,False,434,434,0,17162,23,0,0,22.4,0.3999999999999986,90,1.0,0.0,2021-09,174.11493784774052,-2.1149378477405207,2.1149378477405207,4.472962099805306,False,177.0,False,False
2021-09-09 09:00:00,20210909,170,176,9,4,9,0,0,0,0.0,4.0,2,0,False,1125,800,0,17162,23,0,0,23.5,1.5,81,1.4,0.0,2021-09,175.6903614168268,-5.690361416826789,5.690361416826789,32.38021305411098,False,177.0,False,False
2021-09-09 10:00:00,20210909,155,169,10,4,9,0,0,0,0.0,4.0,2,0,False,1248,800,0,17162,23,0,0,24.8,2.8000000000000007,72,1.2,0.0,2021-09,180.09413167520958,-25.09413167520958,25.09413167520958,629.7154445327568,False,177.0,False,True
2021-09-09 11:00:00,20210909,174,190,11,4,9,0,0,0,0.0,4.0,2,0,False,688,688,0,17162,23,0,0,26.3,4.300000000000001,66,0.8,0.0,2021-09,180.2050623841944,-6.205062384194406,6.205062384194406,38.502799191744366,False,177.0,False,False
2021-09-09 12:00:00,20210909,111,129,12,4,9,0,0,0,0.0,4.0,1,1,False,194,194,0,17162,23,0,0,26.7,4.699999999999999,64,1.7,0.0,2021-09,110.62469289252637,0.37530710747363116,0.37530710747363116,0.14085542492022374,True,177.0,False,False
2021-09-09 13:00:00,20210909,171,176,13,4,9,0,0,0,0.0,4.0,2,0,False,1542,800,0,17162,23,0,0,26.4,4.399999999999999,66,1.4,0.0,2021-09,182.41833368138904,-11.418333681389043,11.418333681389043,130.37834405954348,False,177.0,False,False
2021-09-09 14:00:00,20210909,165,168,14,4,9,0,0,0,0.0,4.0,2,0,False,2666,800,0,17162,23,0,0,26.8,4.800000000000001,58,1.5,0.0,2021-09,185.13103323149417,-20.131033231494172,20.131033231494172,405.25849896752266,False,177.0,False,True
2021-09-09 15:00:00,20210909,173,185,15,4,9,0,0,0,0.0,4.0,2,0,False,888,800,0,17162,23,0,0,26.7,4.699999999999999,65,2.2,0.0,2021-09,175.73542910452582,-2.7354291045258208,2.7354291045258208,7.482572385886933,False,177.0,False,False
2021-09-09 16:00:00,20210909,160,168,16,4,9,0,0,0,0.0,4.0,2,0,False,950,800,0,17162,23,0,0,25.2,3.1999999999999993,72,2.1,0.0,2021-09,175.74325127456265,-15.743251274562652,15.743251274562652,247.8499606940186,False,177.0,False,False
2021-09-09 17:00:00,20210909,140,168,17,4,9,0,0,0,0.0,4.0,2,1,False,494,494,0,17162,23,0,0,24.4,2.3999999999999986,79,1.6,0.0,2021-09,135.38908030691493,4.610919693085066,4.610919693085066,21.260580416079677,True,177.0,False,False
2021-09-09 18:00:00,20210909,162,172,18,4,9,0,0,0,0.0,4.0,2,0,False,1136,800,0,17162,23,0,0,23.4,1.3999999999999986,87,1.2,0.0,2021-09,161.30059698697622,0.6994030130237832,0.6994030130237832,0.4891645746267462,True,177.0,False,False
2021-09-09 19:00:00,20210909,142,158,19,4,9,0,0,0,0.0,4.0,2,0,False,2702,800,0,17162,23,0,0,23.1,1.1000000000000014,88,1.5,0.0,2021-09,156.59193587924537,-14.59193587924537,14.59193587924537,212.92459270400832,False,177.0,False,False
2021-09-09 20:00:00,20210909,128,134,20,4,9,0,0,0,0.0,4.0,0,0,False,2,2,0,17162,23,0,0,22.9,0.8999999999999986,91,0.7,0.0,2021-09,121.39925272725202,6.600747272747981,6.600747272747981,43.56986455868991,True,177.0,False,False
2021-09-09 21:00:00,20210909,128,134,21,4,9,0,0,0,0.0,4.0,0,0,False,84,84,0,17162,23,0,0,22.5,0.5,92,1.0,0.0,2021-09,122.82983959429167,5.17016040570833,5.17016040570833,26.730558620754124,True,177.0,False,False
2021-09-09 22:00:00,20210909,109,118,22,4,9,0,0,0,0.0,4.0,0,0,False,30,30,0,17162,23,0,0,22.8,0.8000000000000007,92,1.7,0.0,2021-09,112.90434429093801,-3.9043442909380133,3.9043442909380133,15.243904342180258,False,177.0,False,False
2021-09-09 23:00:00,20210909,109,116,23,4,9,0,0,0,0.0,4.0,0,0,False,186,186,0,17162,23,0,0,22.0,0.0,96,0.3,0.0,2021-09,110.24870383194532,-1.2487038319453205,1.2487038319453205,1.5592612599149274,False,177.0,False,False
2021-09-10 00:00:00,20210910,77,83,0,5,9,0,0,0,0.0,5.0,0,0,False,0,0,1,18789,23,1,0,21.6,0.0,97,1.3,0.0,2021-09,67.69060473380677,9.309395266193235,9.309395266193235,86.66484022222102,True,177.0,False,False
2021-09-10 01:00:00,20210910,102,109,1,5,9,0,0,0,0.0,5.0,0,0,False,270,270,0,18789,23,0,0,20.9,0.0,98,0.3,0.0,2021-09,105.523559239007,-3.5235592390069996,3.5235592390069996,12.415469710791587,False,177.0,False,False
2021-09-10 02:00:00,20210910,112,118,2,5,9,0,0,0,0.0,5.0,0,0,False,143,143,0,18789,23,0,0,21.1,0.0,98,1.8,0.0,2021-09,107.8606023871573,4.1393976128427,4.1393976128427,17.13461259720784,True,177.0,False,False
2021-09-10 03:00:00,20210910,106,116,3,5,9,0,0,0,0.0,5.0,0,0,False,144,144,0,18789,23,0,0,20.5,0.0,98,1.4,0.0,2021-09,107.16652693361358,-1.1665269336135822,1.1665269336135822,1.3607850868459068,False,177.0,False,False
2021-09-10 04:00:00,20210910,108,117,4,5,9,0,0,0,0.0,5.0,0,0,False,125,125,0,18789,23,0,0,20.4,0.0,98,0.0,0.0,2021-09,106.3616579231112,1.6383420768888044,1.6383420768888044,2.684164760904321,True,177.0,False,False
2021-09-10 05:00:00,20210910,92,107,5,5,9,0,0,0,0.0,5.0,0,0,False,13,13,0,18789,23,0,0,20.3,0.0,98,0.8,0.0,2021-09,94.56853618683904,-2.56853618683904,2.56853618683904,6.597378143101636,False,177.0,False,False
2021-09-10 06:00:00,20210910,111,118,6,5,9,0,0,0,0.0,5.0,0,0,False,54,54,0,18789,23,0,0,20.7,0.0,98,0.3,0.0,2021-09,106.99695654661502,4.003043453384976,4.003043453384976,16.024356889688313,True,177.0,False,False
2021-09-10 07:00:00,20210910,132,150,7,5,9,0,0,0,0.0,5.0,0,1,False,1777,800,0,18789,23,0,0,21.0,0.0,98,1.1,0.1,2021-09,130.0063682437779,1.9936317562221006,1.9936317562221006,3.9745675794172173,True,177.0,False,False
2021-09-10 08:00:00,20210910,180,192,8,5,9,0,0,0,0.0,5.0,2,0,False,196,196,0,18789,23,0,0,21.9,0.0,91,0.9,0.1,2021-09,169.2949453555468,10.705054644453213,10.705054644453213,114.59819494072931,True,177.0,True,False
2021-09-10 09:00:00,20210910,184,204,9,5,9,0,0,0,0.0,5.0,2,0,False,1038,800,0,18789,23,0,0,21.8,0.0,95,1.5,0.2,2021-09,174.18829010899506,9.811709891004938,9.811709891004938,96.26965098524413,True,177.0,True,False
2021-09-10 10:00:00,20210910,168,181,10,5,9,0,0,0,0.0,5.0,2,0,False,1409,800,0,18789,23,0,0,21.9,0.0,92,0.6,0.2,2021-09,171.13521478150162,-3.1352147815016167,3.1352147815016167,9.82957172614623,False,177.0,False,False
2021-09-10 11:00:00,20210910,181,188,11,5,9,0,0,0,0.0,5.0,2,0,False,1647,800,0,18789,23,0,0,23.2,1.1999999999999993,86,1.3,0.2,2021-09,180.12837682928281,0.8716231707171858,0.8716231707171858,0.7597269517310804,True,177.0,True,False
2021-09-10 12:00:00,20210910,116,128,12,5,9,0,0,0,0.0,5.0,1,1,False,480,480,0,18789,23,0,0,24.2,2.1999999999999993,77,1.6,0.2,2021-09,107.53871025378949,8.461289746210511,8.461289746210511,71.59342416932714,True,177.0,False,False
2021-09-10 13:00:00,20210910,180,191,13,5,9,0,0,0,0.0,5.0,2,0,False,838,800,0,18789,23,0,0,24.9,2.8999999999999986,69,3.0,0.2,2021-09,178.74313510637657,1.2568648936234297,1.2568648936234297,1.5797093608230353,True,177.0,True,False
2021-09-10 14:00:00,20210910,178,190,14,5,9,0,0,0,0.0,5.0,2,0,False,968,800,0,18789,23,0,0,25.5,3.5,68,2.2,0.2,2021-09,173.0064491008085,4.99355089919149,4.99355089919149,24.935550582816138,True,177.0,True,False
2021-09-10 15:00:00,20210910,171,191,15,5,9,0,0,0,0.0,5.0,2,0,False,1214,800,0,18789,23,0,0,25.3,3.3000000000000007,67,2.6,0.2,2021-09,165.27157359556693,5.7284264044330655,5.7284264044330655,32.81486907100594,True,177.0,False,False
2021-09-10 16:00:00,20210910,164,171,16,5,9,0,0,0,0.0,5.0,2,0,False,5858,800,0,18789,23,0,0,24.7,2.6999999999999993,71,0.7,0.2,2021-09,165.0471073802164,-1.0471073802164028,1.0471073802164028,1.0964338657036583,False,177.0,False,False
2021-09-10 17:00:00,20210910,138,157,17,5,9,0,0,0,0.0,5.0,2,1,False,261,261,0,18789,23,0,0,24.0,2.0,77,3.1,0.2,2021-09,136.24627962746675,1.7537203725332517,1.7537203725332517,3.075535145038167,True,177.0,False,False
2021-09-10 18:00:00,20210910,155,162,18,5,9,0,0,0,0.0,5.0,2,0,False,774,774,0,18789,23,0,0,23.4,1.3999999999999986,77,2.9,0.2,2021-09,154.97497267835413,0.025027321645865186,0.025027321645865186,0.0006263668287655921,True,177.0,False,False
2021-09-10 19:00:00,20210910,142,148,19,5,9,0,0,0,0.0,5.0,2,0,False,1387,800,0,18789,23,0,0,22.2,0.1999999999999993,86,1.0,0.2,2021-09,139.369372070935,2.630627929065014,2.630627929065014,6.920203301176883,True,177.0,False,False
2021-09-10 20:00:00,20210910,116,121,20,5,9,0,0,0,0.0,5.0,0,0,False,3,3,0,18789,23,0,0,22.1,0.10000000000000142,86,1.1,0.2,2021-09,113.10577107096942,2.894228929030575,2.894228929030575,8.37656109363747,True,177.0,False,False
2021-09-10 21:00:00,20210910,117,126,21,5,9,0,0,0,0.0,5.0,0,0,False,9,9,0,18789,23,0,0,22.0,0.0,84,0.8,0.2,2021-09,110.61131545674084,6.38868454325916,6.38868454325916,40.8152901932785,True,177.0,False,False
2021-09-10 22:00:00,20210910,102,109,22,5,9,0,0,0,0.0,5.0,0,0,False,157,157,0,18789,23,0,0,21.6,0.0,85,0.7,0.2,2021-09,107.39436637317071,-5.394366373170712,5.394366373170712,29.09918856799494,False,177.0,False,False
2021-09-10 23:00:00,20210910,88,105,23,5,9,0,0,0,0.0,5.0,0,0,False,24,24,0,18789,23,0,0,21.5,0.0,85,0.5,0.2,2021-09,103.58485243635671,-15.584852436356712,15.584852436356712,242.88762546301376,False,177.0,False,False
2021-09-11 00:00:00,20210911,61,69,0,6,9,1,0,0,0.0,6.0,0,0,False,0,0,1,2173,6,1,0,21.2,0.0,86,2.0,0.0,2021-09,54.10030446644125,6.899695533558749,6.899695533558749,47.60579845581054,True,177.0,False,False
2021-09-11 01:00:00,20210911,97,105,1,6,9,1,0,0,0.0,6.0,0,0,False,4,4,0,2173,6,0,0,20.3,0.0,89,1.1,0.0,2021-09,96.98807458317388,0.011925416826116475,0.011925416826116475,0.00014221556647662194,True,177.0,False,False
2021-09-11 02:00:00,20210911,95,99,2,6,9,1,0,0,0.0,6.0,0,0,False,155,155,0,2173,6,0,0,20.5,0.0,91,1.5,0.0,2021-09,94.278966500267,0.7210334997329966,0.7210334997329966,0.5198893077372132,True,177.0,False,False
2021-09-11 03:00:00,20210911,94,107,3,6,9,1,0,0,0.0,6.0,0,0,False,0,0,1,2173,6,0,0,19.3,0.0,97,0.3,0.0,2021-09,94.27020951892905,-0.2702095189290503,0.2702095189290503,0.0730131841198688,False,177.0,False,False
2021-09-11 04:00:00,20210911,89,93,4,6,9,1,0,0,0.0,6.0,0,0,False,144,144,0,2173,6,0,0,20.1,0.0,93,1.5,0.0,2021-09,103.6080091084242,-14.608009108424199,14.608009108424199,213.39393011180434,False,177.0,False,False
2021-09-11 05:00:00,20210911,82,98,5,6,9,1,0,0,0.0,6.0,0,0,False,48,48,0,2173,6,0,0,20.1,0.0,93,1.4,0.0,2021-09,87.71591715601842,-5.7159171560184205,5.7159171560184205,32.671708934465705,False,177.0,False,False
2021-09-11 06:00:00,20210911,86,97,6,6,9,1,0,0,0.0,6.0,0,0,False,104,104,0,2173,6,0,0,21.3,0.0,89,1.7,0.0,2021-09,103.2794958594062,-17.279495859406197,17.279495859406197,298.58097715523587,False,177.0,False,False
2021-09-11 07:00:00,20210911,51,73,7,6,9,1,0,0,0.0,6.0,0,1,False,1718,800,0,2173,6,0,0,23.7,1.6999999999999993,83,1.2,0.0,2021-09,67.04367103629069,-16.04367103629069,16.04367103629069,257.39938032071274,False,177.0,False,False
2021-09-11 08:00:00,20210911,23,23,8,6,9,1,0,0,0.0,6.0,2,0,False,0,0,1,2173,6,0,1,24.3,2.3000000000000007,76,1.9,0.0,2021-09,42.11521436735012,-19.11521436735012,19.11521436735012,365.39142030974847,False,177.0,False,True
2021-09-11 09:00:00,20210911,23,23,9,6,9,1,0,0,0.0,6.0,2,0,False,0,0,1,2173,6,0,1,25.6,3.6000000000000014,72,3.1,0.0,2021-09,23.902556589505178,-0.9025565895051777,0.9025565895051777,0.8146083972592179,False,177.0,False,False
2021-09-11 10:00:00,20210911,22,23,10,6,9,1,0,0,0.0,6.0,2,0,False,0,0,1,2173,6,0,1,26.7,4.699999999999999,67,2.2,0.0,2021-09,24.387379020332542,-2.387379020332542,2.387379020332542,5.699578586723968,False,177.0,False,False
2021-09-11 11:00:00,20210911,23,23,11,6,9,1,0,0,0.0,6.0,2,0,False,0,0,1,2173,6,0,1,28.3,6.300000000000001,60,1.5,0.0,2021-09,25.77388172735253,-2.7738817273525314,2.7738817273525314,7.694419837340263,False,177.0,False,False
2021-09-11 12:00:00,20210911,25,28,12,6,9,1,0,0,0.0,6.0,1,1,False,0,0,1,2173,6,0,1,27.9,5.899999999999999,63,1.7,0.0,2021-09,25.138478118006073,-0.13847811800607346,0.13847811800607346,0.019176189166504005,False,177.0,False,False
2021-09-11 13:00:00,20210911,23,25,13,6,9,1,0,0,0.0,6.0,2,0,False,0,0,1,2173,6,0,1,28.7,6.699999999999999,62,2.0,0.0,2021-09,25.418325912275893,-2.4183259122758933,2.4183259122758933,5.848300217985032,False,177.0,False,False
2021-09-11 14:00:00,20210911,23,24,14,6,9,1,0,0,0.0,6.0,2,0,False,0,0,1,2173,6,0,1,27.9,5.899999999999999,65,2.3,0.0,2021-09,25.527939545227525,-2.5279395452275253,2.5279395452275253,6.390478344325147,False,177.0,False,False
2021-09-11 15:00:00,20210911,24,24,15,6,9,1,0,0,0.0,6.0,2,0,False,0,0,1,2173,6,0,1,27.5,5.5,64,2.0,0.0,2021-09,25.021541402205617,-1.0215414022056173,1.0215414022056173,1.0435468364202187,False,177.0,False,False
2021-09-11 16:00:00,20210911,24,24,16,6,9,1,0,0,0.0,6.0,2,0,False,0,0,1,2173,6,0,1,26.5,4.5,68,1.3,0.0,2021-09,24.513344106265805,-0.5133441062658051,0.5133441062658051,0.2635221714378382,False,177.0,False,False
2021-09-11 17:00:00,20210911,23,24,17,6,9,1,0,0,0.0,6.0,2,1,False,0,0,1,2173,6,0,1,25.7,3.6999999999999993,69,1.2,0.0,2021-09,28.51794889275376,-5.517948892753761,5.517948892753761,30.44775998304246,False,177.0,False,False
2021-09-11 18:00:00,20210911,23,24,18,6,9,1,0,0,0.0,6.0,2,0,False,0,0,1,2173,6,0,1,23.9,1.8999999999999986,80,1.0,0.0,2021-09,28.090525769314038,-5.090525769314038,5.090525769314038,25.913452608050275,False,177.0,False,False
2021-09-11 19:00:00,20210911,25,28,19,6,9,1,0,0,0.0,6.0,2,0,False,0,0,1,2173,6,0,1,23.5,1.5,85,0.8,0.0,2021-09,27.855529147064555,-2.855529147064555,2.855529147064555,8.154046709735224,False,177.0,False,False
2021-09-11 20:00:00,20210911,23,24,20,6,9,1,0,0,0.0,6.0,0,0,False,0,0,1,2173,6,0,1,22.4,0.3999999999999986,92,0.9,0.0,2021-09,27.965106855923125,-4.965106855923125,4.965106855923125,24.65228609073482,False,177.0,False,False
2021-09-11 21:00:00,20210911,23,24,21,6,9,1,0,0,0.0,6.0,0,0,False,0,0,1,2173,6,0,1,22.1,0.10000000000000142,94,1.3,0.0,2021-09,27.81908785972792,-4.819087859727919,4.819087859727919,23.223607799777014,False,177.0,False,False
2021-09-11 22:00:00,20210911,23,24,22,6,9,1,0,0,0.0,6.0,0,0,False,0,0,1,2173,6,0,1,21.0,0.0,96,0.0,0.0,2021-09,28.249490436578863,-5.2494904365788635,5.2494904365788635,27.557149843732947,False,177.0,False,False
2021-09-11 23:00:00,20210911,23,23,23,6,9,1,0,0,0.0,6.0,0,0,False,0,0,1,2173,6,0,1,21.0,0.0,98,2.0,0.0,2021-09,28.19822442045317,-5.198224420453169,5.198224420453169,27.021537125395685,False,177.0,False,False
2021-09-12 00:00:00,20210912,23,23,0,7,9,1,0,0,0.0,7.0,0,0,True,0,0,1,0,0,0,0,20.9,0.0,98,1.5,0.0,2021-09,22.014815760281767,0.9851842397182331,0.9851842397182331,0.970587986189193,True,177.0,False,False
2021-09-12 01:00:00,20210912,23,24,1,7,9,1,0,0,0.0,7.0,0,0,True,0,0,1,0,0,0,0,20.2,0.0,98,0.6,0.0,2021-09,22.098514142246373,0.9014858577536273,0.9014858577536273,0.8126767517297933,True,177.0,False,False
2021-09-12 02:00:00,20210912,24,27,2,7,9,1,0,0,0.0,7.0,0,0,True,0,0,1,0,0,0,0,19.8,0.0,98,0.2,0.0,2021-09,21.97561168394019,2.0243883160598095,2.0243883160598095,4.098148054199471,True,177.0,False,False
2021-09-12 03:00:00,20210912,23,23,3,7,9,1,0,0,0.0,7.0,0,0,True,0,0,1,0,0,0,0,19.5,0.0,98,1.1,0.0,2021-09,22.132527143622898,0.8674728563771019,0.8674728563771019,0.7525091565510481,True,177.0,False,False
2021-09-12 04:00:00,20210912,23,23,4,7,9,1,0,0,0.0,7.0,0,0,True,0,0,1,0,0,0,0,19.5,0.0,98,1.0,0.0,2021-09,22.145496203308,0.8545037966920006,0.8545037966920006,0.7301767385610439,True,177.0,False,False
2021-09-12 05:00:00,20210912,23,23,5,7,9,1,0,0,0.0,7.0,0,0,True,0,0,1,0,0,0,0,20.2,0.0,98,1.9,0.0,2021-09,21.93572488188094,1.0642751181190597,1.0642751181190597,1.1326815270473385,True,177.0,False,False
2021-09-12 06:00:00,20210912,23,23,6,7,9,1,0,0,0.0,7.0,0,0,True,0,0,1,0,0,0,0,20.7,0.0,96,2.0,0.0,2021-09,21.96703976852487,1.0329602314751298,1.0329602314751298,1.067006839809154,True,177.0,False,False
2021-09-12 07:00:00,20210912,23,23,7,7,9,1,0,0,0.0,7.0,0,1,True,0,0,1,0,0,0,0,22.9,0.8999999999999986,88,1.3,0.0,2021-09,21.988785449127317,1.0112145508726833,1.0112145508726833,1.0225548678966425,True,177.0,False,False
2021-09-12 08:00:00,20210912,25,28,8,7,9,1,0,0,0.0,7.0,2,0,True,0,0,1,0,0,0,0,24.3,2.3000000000000007,79,2.0,0.0,2021-09,22.299041644291606,2.7009583557083943,2.7009583557083943,7.295176039270993,True,177.0,False,False
2021-09-12 09:00:00,20210912,23,24,9,7,9,1,0,0,0.0,7.0,2,0,True,0,0,1,0,0,0,0,25.9,3.8999999999999986,66,1.9,0.0,2021-09,22.475506792000086,0.5244932079999138,0.5244932079999138,0.27509312523804086,True,177.0,False,False
2021-09-12 10:00:00,20210912,23,24,10,7,9,1,0,0,0.0,7.0,2,0,True,0,0,1,0,0,0,0,27.3,5.300000000000001,60,3.3,0.0,2021-09,22.68350624238182,0.3164937576181792,0.3164937576181792,0.10016829861127477,True,177.0,False,False
2021-09-12 11:00:00,20210912,23,23,11,7,9,1,0,0,0.0,7.0,2,0,True,0,0,1,0,0,0,0,28.1,6.100000000000001,57,2.2,0.0,2021-09,23.053745884877518,-0.05374588487751808,0.05374588487751808,0.0028886201412674267,False,177.0,False,False
2021-09-12 12:00:00,20210912,23,23,12,7,9,1,0,0,0.0,7.0,1,1,True,0,0,1,0,0,0,0,27.5,5.5,46,3.5,0.0,2021-09,22.414787922536902,0.5852120774630976,0.5852120774630976,0.3424731756086745,True,177.0,False,False
2021-09-12 13:00:00,20210912,23,23,13,7,9,1,0,0,0.0,7.0,2,0,True,0,0,1,0,0,0,0,27.3,5.300000000000001,51,2.9,0.0,2021-09,22.627318636462068,0.37268136353793224,0.37268136353793224,0.1388913987284924,True,177.0,False,False
2021-09-12 14:00:00,20210912,25,28,14,7,9,1,0,0,0.0,7.0,2,0,True,0,0,1,0,0,0,0,26.8,4.800000000000001,57,2.6,0.0,2021-09,22.628122300373963,2.3718776996260367,2.3718776996260367,5.6258038219832995,True,177.0,False,False
2021-09-12 15:00:00,20210912,23,24,15,7,9,1,0,0,0.0,7.0,2,0,True,0,0,1,0,0,0,0,25.9,3.8999999999999986,74,2.0,0.0,2021-09,22.51406767117682,0.4859323288231785,0.4859323288231785,0.23613022819551766,True,177.0,False,False
2021-09-12 16:00:00,20210912,24,24,16,7,9,1,0,0,0.0,7.0,2,0,True,0,0,1,0,0,0,0,25.1,3.1000000000000014,76,1.7,0.0,2021-09,22.373936073284227,1.6260639267157728,1.6260639267157728,2.644083893766318,True,177.0,False,False
2021-09-12 17:00:00,20210912,23,23,17,7,9,1,0,0,0.0,7.0,2,1,True,0,0,1,0,0,0,0,24.1,2.1000000000000014,81,2.3,0.0,2021-09,22.08616284693294,0.9138371530670604,0.9138371530670604,0.8350983423257099,True,177.0,False,False
2021-09-12 18:00:00,20210912,23,24,18,7,9,1,0,0,0.0,7.0,2,0,True,0,0,1,0,0,0,0,23.7,1.6999999999999993,81,2.3,0.0,2021-09,22.160093977457706,0.8399060225422943,0.8399060225422943,0.7054421267028169,True,177.0,False,False
2021-09-12 19:00:00,20210912,23,24,19,7,9,1,0,0,0.0,7.0,2,0,True,0,0,1,0,0,0,0,23.2,1.1999999999999993,78,1.3,0.0,2021-09,22.22347834043927,0.7765216595607285,0.7765216595607285,0.602985887766948,True,177.0,False,False
2021-09-12 20:00:00,20210912,23,24,20,7,9,1,0,0,0.0,7.0,0,0,True,0,0,1,0,0,0,0,22.6,0.6000000000000014,81,1.1,0.0,2021-09,22.285862108427903,0.7141378915720971,0.7141378915720971,0.5099929281790403,True,177.0,False,False
2021-09-12 21:00:00,20210912,25,28,21,7,9,1,0,0,0.0,7.0,0,0,True,0,0,1,0,0,0,0,22.5,0.5,84,1.3,0.0,2021-09,22.352421876687316,2.647578123312684,2.647578123312684,7.009669919043913,True,177.0,False,False
2021-09-12 22:00:00,20210912,23,24,22,7,9,1,0,0,0.0,7.0,0,0,True,0,0,1,0,0,0,0,22.3,0.3000000000000007,85,1.8,0.0,2021-09,22.29711580630962,0.7028841936903802,0.7028841936903802,0.494046189739776,True,177.0,False,False
2021-09-12 23:00:00,20210912,23,24,23,7,9,1,0,0,0.0,7.0,0,0,True,0,0,1,0,0,0,0,22.3,0.3000000000000007,85,1.4,0.0,2021-09,22.56954901639575,0.43045098360424916,0.43045098360424916,0.1852880492858656,True,177.0,False,False
2021-09-13 00:00:00,20210913,23,23,0,1,9,0,0,1,1.0,1.0,0,0,False,0,0,1,14174,17,1,0,22.2,0.1999999999999993,86,1.2,0.0,2021-09,24.237944904873842,-1.2379449048738422,1.2379449048738422,1.5325075875031062,False,177.0,False,False
2021-09-13 01:00:00,20210913,23,23,1,1,9,0,0,1,1.0,1.0,0,0,False,0,0,1,14174,17,1,0,22.3,0.3000000000000007,89,1.3,0.0,2021-09,24.368600504146702,-1.368600504146702,1.368600504146702,1.8730673399506068,False,177.0,False,False
2021-09-13 02:00:00,20210913,23,23,2,1,9,0,0,1,1.0,1.0,0,0,False,0,0,1,14174,17,1,0,22.2,0.1999999999999993,90,1.4,0.0,2021-09,24.533871549948767,-1.533871549948767,1.533871549948767,2.352761931742233,False,177.0,False,False
2021-09-13 03:00:00,20210913,24,25,3,1,9,0,0,1,1.0,1.0,0,0,False,0,0,1,14174,17,1,0,22.4,0.3999999999999986,89,1.7,0.0,2021-09,24.291615340711616,-0.29161534071161554,0.29161534071161554,0.08503950693835162,False,177.0,False,False
2021-09-13 04:00:00,20210913,24,28,4,1,9,0,0,1,1.0,1.0,0,0,False,0,0,1,14174,17,1,0,22.6,0.6000000000000014,86,2.5,0.0,2021-09,24.290747431525705,-0.2907474315257055,0.2907474315257055,0.0845340689387948,False,177.0,False,False
2021-09-13 05:00:00,20210913,23,23,5,1,9,0,0,1,1.0,1.0,0,0,False,0,0,1,14174,17,1,0,22.5,0.5,86,1.6,0.0,2021-09,24.19273870097388,-1.1927387009738801,1.1927387009738801,1.422625608800859,False,177.0,False,False
2021-09-13 06:00:00,20210913,23,24,6,1,9,0,0,1,1.0,1.0,0,0,False,0,0,1,14174,17,1,0,22.6,0.6000000000000014,84,1.8,0.0,2021-09,43.84785679000172,-20.84785679000172,20.84785679000172,434.63313273642086,False,177.0,False,True
2021-09-13 07:00:00,20210913,63,111,7,1,9,0,0,1,1.0,1.0,0,1,False,196,196,0,14174,17,0,0,23.3,1.3000000000000007,80,2.2,0.0,2021-09,79.63343373758791,-16.633433737587907,16.633433737587907,276.67111790272764,False,177.0,False,False
2021-09-13 08:00:00,20210913,185,196,8,1,9,0,0,1,1.0,1.0,2,0,False,630,630,0,14174,17,0,0,23.6,1.6000000000000014,78,2.7,0.0,2021-09,173.2017297253602,11.798270274639805,11.798270274639805,139.19918147344922,True,177.0,True,False
2021-09-13 09:00:00,20210913,183,188,9,1,9,0,0,1,1.0,1.0,2,0,False,1043,800,0,14174,17,0,0,24.4,2.3999999999999986,75,2.9,0.0,2021-09,171.40051613416026,11.599483865839744,11.599483865839744,134.54802595387653,True,177.0,True,False
2021-09-13 10:00:00,20210913,177,189,10,1,9,0,0,1,1.0,1.0,2,0,False,1924,800,0,14174,17,0,0,23.9,1.8999999999999986,75,3.2,0.0,2021-09,172.3406735157996,4.659326484200392,4.659326484200392,21.709323286371184,True,177.0,True,False
2021-09-13 11:00:00,20210913,182,191,11,1,9,0,0,1,1.0,1.0,2,0,False,946,800,0,14174,17,0,0,24.3,2.3000000000000007,72,3.7,0.0,2021-09,174.86519171626887,7.134808283731132,7.134808283731132,50.90548924559839,True,177.0,True,False
2021-09-13 12:00:00,20210913,117,130,12,1,9,0,0,1,1.0,1.0,1,1,False,20,20,0,14174,17,0,0,24.3,2.3000000000000007,72,2.8,0.0,2021-09,107.04045441262058,9.959545587379424,9.959545587379424,99.19254830708896,True,177.0,False,False
2021-09-13 13:00:00,20210913,184,191,13,1,9,0,0,1,1.0,1.0,2,0,False,1996,800,0,14174,17,0,0,24.6,2.6000000000000014,72,2.2,0.0,2021-09,173.441543492129,10.558456507871,10.558456507871,111.48100382860348,True,177.0,True,False
2021-09-13 14:00:00,20210913,180,182,14,1,9,0,0,1,1.0,1.0,2,0,False,1018,800,0,14174,17,0,0,24.2,2.1999999999999993,71,2.6,0.0,2021-09,172.7971571921436,7.202842807856399,7.202842807856399,51.88094451468866,True,177.0,True,False
2021-09-13 15:00:00,20210913,168,177,15,1,9,0,0,1,1.0,1.0,2,0,False,1138,800,0,14174,17,0,0,23.7,1.6999999999999993,74,3.1,0.0,2021-09,163.40310996601158,4.596890033988416,4.596890033988416,21.13139798458202,True,177.0,False,False
2021-09-13 16:00:00,20210913,175,182,16,1,9,0,0,1,1.0,1.0,2,0,False,982,800,0,14174,17,0,0,23.4,1.3999999999999986,74,1.7,0.0,2021-09,161.24353170019026,13.75646829980974,13.75646829980974,189.24042008367027,True,177.0,False,False
2021-09-13 17:00:00,20210913,132,160,17,1,9,0,0,1,1.0,1.0,2,1,False,435,435,0,14174,17,0,0,22.7,0.6999999999999993,76,2.2,0.0,2021-09,132.92123119589172,-0.9212311958917212,0.9212311958917212,0.8486669162840907,False,177.0,False,False
2021-09-13 18:00:00,20210913,145,162,18,1,9,0,0,1,1.0,1.0,2,0,False,584,584,0,14174,17,0,0,22.4,0.3999999999999986,78,1.6,0.0,2021-09,154.14977021466225,-9.149770214662254,9.149770214662254,83.71829498112055,False,177.0,False,False
2021-09-13 19:00:00,20210913,148,162,19,1,9,0,0,1,1.0,1.0,2,0,False,2820,800,0,14174,17,0,0,22.3,0.3000000000000007,78,2.1,0.0,2021-09,137.1516803906445,10.848319609355514,10.848319609355514,117.68603834672736,True,177.0,False,False
2021-09-13 20:00:00,20210913,121,126,20,1,9,0,0,1,1.0,1.0,0,0,False,14,14,0,14174,17,0,0,22.2,0.1999999999999993,78,1.3,0.0,2021-09,118.66867587250731,2.3313241274926924,2.3313241274926924,5.435072187429563,True,177.0,False,False
2021-09-13 21:00:00,20210913,123,131,21,1,9,0,0,1,1.0,1.0,0,0,False,72,72,0,14174,17,0,0,21.9,0.0,77,1.9,0.0,2021-09,118.26964599803307,4.73035400196693,4.73035400196693,22.37624898392455,True,177.0,False,False
2021-09-13 22:00:00,20210913,110,122,22,1,9,0,0,1,1.0,1.0,0,0,False,11,11,0,14174,17,0,0,21.7,0.0,77,1.4,0.0,2021-09,108.98347203514008,1.0165279648599181,1.0165279648599181,1.033329103342247,True,177.0,False,False
2021-09-13 23:00:00,20210913,108,123,23,1,9,0,0,1,1.0,1.0,0,0,False,345,345,0,14174,17,0,0,21.4,0.0,80,1.4,0.0,2021-09,104.20058070061292,3.7994192993870826,3.7994192993870826,14.435587012555029,True,177.0,False,False
2021-09-14 00:00:00,20210914,70,72,0,2,9,0,0,0,0.0,2.0,0,0,False,128,128,0,19318,24,0,0,21.9,0.0,80,1.6,0.0,2021-09,71.4709486045872,-1.4709486045872069,1.4709486045872069,2.1636897973370512,False,177.0,False,False
2021-09-14 01:00:00,20210914,110,116,1,2,9,0,0,0,0.0,2.0,0,0,False,45,45,0,19318,24,0,0,21.8,0.0,81,1.5,0.0,2021-09,107.44748163963989,2.5525183603601107,2.5525183603601107,6.515349979975468,True,177.0,False,False
2021-09-14 02:00:00,20210914,112,115,2,2,9,0,0,0,0.0,2.0,0,0,False,479,479,0,19318,24,0,0,22.2,0.1999999999999993,80,2.0,0.0,2021-09,105.42975241894233,6.5702475810576715,6.5702475810576715,43.168153276394186,True,177.0,False,False
2021-09-14 03:00:00,20210914,105,114,3,2,9,0,0,0,0.0,2.0,0,0,False,93,93,0,19318,24,0,0,22.5,0.5,81,2.6,0.0,2021-09,107.07727273665965,-2.0772727366596513,2.0772727366596513,4.315062022469477,False,177.0,False,False
2021-09-14 04:00:00,20210914,111,115,4,2,9,0,0,0,0.0,2.0,0,0,False,255,255,0,19318,24,0,0,21.1,0.0,94,1.9,0.0,2021-09,106.79088971049543,4.209110289504565,4.209110289504565,17.716609429213204,True,177.0,False,False
2021-09-14 05:00:00,20210914,93,115,5,2,9,0,0,0,0.0,2.0,0,0,False,76,76,0,19318,24,0,0,21.5,0.0,85,3.1,0.0,2021-09,100.16427947022424,-7.164279470224244,7.164279470224244,51.32690032747657,False,177.0,False,False
2021-09-14 06:00:00,20210914,108,112,6,2,9,0,0,0,0.0,2.0,0,0,False,1228,800,0,19318,24,0,0,21.3,0.0,85,2.8,0.0,2021-09,111.58376702092418,-3.583767020924185,3.583767020924185,12.843386060263807,False,177.0,False,False
2021-09-14 07:00:00,20210914,140,156,7,2,9,0,0,0,0.0,2.0,0,1,False,1110,800,0,19318,24,0,0,21.7,0.0,83,3.3,0.0,2021-09,130.20020856828975,9.799791431710247,9.799791431710247,96.03591210502157,True,177.0,False,False
2021-09-14 08:00:00,20210914,174,184,8,2,9,0,0,0,0.0,2.0,2,0,False,432,432,0,19318,24,0,0,21.8,0.0,81,2.9,0.0,2021-09,167.54990368883887,6.450096311161133,6.450096311161133,41.60374242325445,True,177.0,False,False
2021-09-14 09:00:00,20210914,166,178,9,2,9,0,0,0,0.0,2.0,2,0,False,1672,800,0,19318,24,0,0,21.3,0.0,95,2.9,0.0,2021-09,170.0833523711716,-4.0833523711716,4.0833523711716,16.673766587152727,False,177.0,False,False
2021-09-14 10:00:00,20210914,152,161,10,2,9,0,0,0,0.0,2.0,2,0,False,840,800,0,19318,24,0,0,21.2,0.0,98,2.9,2.1,2021-09,174.1501139833567,-22.150113983356704,22.150113983356704,490.6275494756942,False,177.0,False,True
2021-09-14 11:00:00,20210914,170,180,11,2,9,0,0,0,0.0,2.0,2,0,False,2099,800,0,19318,24,0,0,21.5,0.0,98,3.3,4.0,2021-09,168.2304510905359,1.7695489094641061,1.7695489094641061,3.1313033429856074,True,177.0,False,False
2021-09-14 12:00:00,20210914,118,135,12,2,9,0,0,0,0.0,2.0,1,1,False,2791,800,0,19318,24,0,0,21.0,0.0,98,2.8,6.2,2021-09,113.05776665674671,4.942233343253292,4.942233343253292,24.425670419164614,True,177.0,False,False
2021-09-14 13:00:00,20210914,163,173,13,2,9,0,0,0,0.0,2.0,2,0,False,1109,800,0,19318,24,0,0,21.3,0.0,97,2.5,7.1,2021-09,175.58080144815094,-12.580801448150936,12.580801448150936,158.27656507779668,False,177.0,False,False
2021-09-14 14:00:00,20210914,158,162,14,2,9,0,0,0,0.0,2.0,2,0,False,1023,800,0,19318,24,0,0,21.5,0.0,92,2.9,7.2,2021-09,174.15267270065374,-16.15267270065374,16.15267270065374,260.90883537444455,False,177.0,False,False
2021-09-14 15:00:00,20210914,161,175,15,2,9,0,0,0,0.0,2.0,2,0,False,1178,800,0,19318,24,0,0,20.6,0.0,98,1.5,8.6,2021-09,165.3830811945525,-4.383081194552489,4.383081194552489,19.21140075803967,False,177.0,False,False
2021-09-14 16:00:00,20210914,160,165,16,2,9,0,0,0,0.0,2.0,2,0,False,1395,800,0,19318,24,0,0,21.7,0.0,95,2.5,9.1,2021-09,168.8428726684565,-8.842872668456494,8.842872668456494,78.19639703053487,False,177.0,False,False
2021-09-14 17:00:00,20210914,123,146,17,2,9,0,0,0,0.0,2.0,2,1,False,230,230,0,19318,24,0,0,21.8,0.0,91,2.8,9.1,2021-09,130.8508125990344,-7.850812599034413,7.850812599034413,61.63525846515747,False,177.0,False,False
2021-09-14 18:00:00,20210914,158,164,18,2,9,0,0,0,0.0,2.0,2,0,False,973,800,0,19318,24,0,0,20.9,0.0,94,3.5,9.1,2021-09,156.87556379156226,1.1244362084377428,1.1244362084377428,1.264356786845847,True,177.0,False,False
2021-09-14 19:00:00,20210914,153,171,19,2,9,0,0,0,0.0,2.0,2,0,False,1497,800,0,19318,24,0,0,21.7,0.0,85,3.6,9.4,2021-09,148.6256900394395,4.37430996056051,4.37430996056051,19.13458763105889,True,177.0,False,False
2021-09-14 20:00:00,20210914,128,130,20,2,9,0,0,0,0.0,2.0,0,0,False,45,45,0,19318,24,0,0,22.2,0.1999999999999993,78,4.2,9.4,2021-09,128.39871119864273,-0.3987111986427294,0.3987111986427294,0.15897061992312203,False,177.0,False,False
2021-09-14 21:00:00,20210914,128,134,21,2,9,0,0,0,0.0,2.0,0,0,False,149,149,0,19318,24,0,0,22.2,0.1999999999999993,76,4.3,9.4,2021-09,128.03664538661494,-0.03664538661493566,0.03664538661493566,0.0013428843601581057,False,177.0,False,False
2021-09-14 22:00:00,20210914,111,120,22,2,9,0,0,0,0.0,2.0,0,0,False,66,66,0,19318,24,0,0,22.0,0.0,79,2.5,9.4,2021-09,114.37854247226177,-3.3785424722617705,3.3785424722617705,11.414549236876676,False,177.0,False,False
2021-09-14 23:00:00,20210914,110,119,23,2,9,0,0,0,0.0,2.0,0,0,False,405,405,0,19318,24,0,0,22.0,0.0,79,2.5,9.4,2021-09,106.9097203235745,3.090279676425496,3.090279676425496,9.549828478528466,True,177.0,False,False
