dt,날짜,target,target_max15,target_max15_trapz,is_clone,is_off,is_stop,is_corrupt,is_prod_missing,train_ok,train_ok_strict,hour,dow,is_weekend,is_holiday,after_off,off_run_prev,days_since_off,shift,is_transition,month,prod,prod_cap,prod_log,prod_zero,day_prod,day_prod_zero,day_prod_hours,prod_prev,prod_next,prod_diff,hol_op,hol_prod,hol_day_prod,cool,temp,humid,thi,wind,rain,lag24,lag168,lag336,lag_week_mean4,lag_prev_op,prev_day_mean,prev_day_max,last_week_day_mean,last_week_day_max,ym,fold,y,p,err,abs_err,peak
2021-05-05 00:00:00,20210505,65,67,69.5,False,False,False,False,False,True,True,0,3,0,1,0,0.0,3.0,0,0,5,103,103,4.6443908991413725,0,2190,0,8,,4.0,,1,103,2190,0.0,16.4,98,61.48127999999999,2.2,15.2,65.0,61.0,58.0,51.0,65.0,130.70833333333334,173.0,121.54166666666667,167.0,2021-05,2021-05,65,62.19935036236391,2.8006496376360914,2.8006496376360914,False
2021-05-05 01:00:00,20210505,105,111,108.0,False,False,False,False,False,True,True,1,3,0,1,0,0.0,3.0,0,0,5,4,4,1.6094379124341003,0,2190,0,8,103.0,363.0,-99.0,1,4,2190,0.0,17.1,98,62.72742,5.2,3.0,108.0,100.0,99.0,78.25,108.0,130.70833333333334,173.0,121.54166666666667,167.0,2021-05,2021-05,105,106.8731234084719,-1.8731234084718977,1.8731234084718977,False
2021-05-05 02:00:00,20210505,110,115,114.5,False,False,False,False,False,True,True,2,3,0,1,0,0.0,3.0,0,0,5,363,363,5.8971538676367405,0,2190,0,8,4.0,41.0,359.0,1,363,2190,0.0,17.8,98,63.97356,3.1,3.4,116.0,102.0,101.0,80.0,116.0,130.70833333333334,173.0,121.54166666666667,167.0,2021-05,2021-05,110,105.2011854303117,4.798814569688304,4.798814569688304,False
2021-05-05 03:00:00,20210505,103,110,110.0,False,False,False,False,False,True,True,3,3,0,1,0,0.0,3.0,0,0,5,41,41,3.7376696182833684,0,2190,0,8,363.0,312.0,-322.0,1,41,2190,0.0,18.0,98,64.3296,2.7,3.5,104.0,99.0,98.0,76.75,104.0,130.70833333333334,173.0,121.54166666666667,167.0,2021-05,2021-05,103,104.45015650965415,-1.4501565096541498,1.4501565096541498,False
2021-05-05 04:00:00,20210505,112,120,117.0,False,False,False,False,False,True,True,4,3,0,1,0,0.0,3.0,0,0,5,312,312,5.746203190540153,0,2190,0,8,41.0,63.0,271.0,1,312,2190,0.0,18.1,98,64.50762,2.6,3.5,101.0,105.0,104.0,78.75,101.0,130.70833333333334,173.0,121.54166666666667,167.0,2021-05,2021-05,112,103.90026093433545,8.09973906566455,8.09973906566455,False
2021-05-05 05:00:00,20210505,88,97,97.0,False,False,False,False,False,True,True,5,3,0,1,0,0.0,3.0,0,0,5,63,63,4.1588830833596715,0,2190,0,8,312.0,233.0,-249.0,1,63,2190,0.0,17.6,98,63.61752,1.4,3.5,85.0,92.0,89.0,71.0,85.0,130.70833333333334,173.0,121.54166666666667,167.0,2021-05,2021-05,88,95.40293063969403,-7.402930639694034,7.402930639694034,False
2021-05-05 06:00:00,20210505,103,109,107.5,False,False,False,False,False,True,True,6,3,0,1,0,0.0,3.0,0,0,5,233,233,5.455321115357702,0,2190,0,8,63.0,1071.0,170.0,1,233,2190,0.0,16.3,79,60.954229999999995,1.7,3.5,111.0,109.0,106.0,83.25,111.0,130.70833333333334,173.0,121.54166666666667,167.0,2021-05,2021-05,103,107.60848975676511,-4.60848975676511,4.60848975676511,False
2021-05-05 07:00:00,20210505,63,92,94.5,False,False,False,False,False,True,True,7,3,0,1,0,0.0,3.0,0,1,5,1071,800,6.977281341630747,0,2190,0,8,233.0,0.0,838.0,1,1071,2190,0.0,15.5,68,59.565599999999996,2.7,3.5,126.0,115.0,122.0,102.0,126.0,130.70833333333334,173.0,121.54166666666667,167.0,2021-05,2021-05,63,113.87861546319986,-50.878615463199864,50.878615463199864,False
2021-05-05 08:00:00,20210505,21,21,24.0,False,False,False,False,False,True,True,8,3,0,1,0,0.0,3.0,2,0,5,0,0,0.0,1,2190,0,8,1071.0,0.0,-1071.0,1,0,2190,0.0,15.7,64,59.81252,2.8,3.5,171.0,164.0,163.0,170.5,171.0,130.70833333333334,173.0,121.54166666666667,167.0,2021-05,2021-05,21,113.58329009217113,-92.58329009217113,92.58329009217113,False
2021-05-05 09:00:00,20210505,21,21,21.0,False,False,False,False,False,True,True,9,3,0,1,0,0.0,3.0,2,0,5,0,0,0.0,1,2190,0,8,0.0,0.0,0.0,1,0,2190,0.0,17.4,55,62.003299999999996,3.0,3.5,168.0,160.0,153.0,167.5,168.0,130.70833333333334,173.0,121.54166666666667,167.0,2021-05,2021-05,21,113.94599782931569,-92.94599782931569,92.94599782931569,False
2021-05-05 10:00:00,20210505,23,25,24.5,False,False,False,False,False,True,True,10,3,0,1,0,0.0,3.0,2,0,5,0,0,0.0,1,2190,0,8,0.0,0.0,0.0,1,0,2190,0.0,19.3,35,63.615449999999996,3.7,3.5,161.0,151.0,161.0,159.0,161.0,130.70833333333334,173.0,121.54166666666667,167.0,2021-05,2021-05,23,104.03387704876884,-81.03387704876884,81.03387704876884,False
2021-05-05 11:00:00,20210505,21,22,22.5,False,False,False,False,False,True,True,11,3,0,1,0,0.0,3.0,2,0,5,0,0,0.0,1,2190,0,8,0.0,0.0,0.0,1,0,2190,0.0,21.7,27,65.81640999999999,3.4,3.5,173.0,167.0,156.0,165.25,173.0,130.70833333333334,173.0,121.54166666666667,167.0,2021-05,2021-05,21,110.85807647588382,-89.85807647588382,89.85807647588382,False
2021-05-05 12:00:00,20210505,20,21,21.5,False,False,False,False,False,True,True,12,3,0,1,0,0.0,3.0,1,1,5,0,0,0.0,1,2190,0,8,0.0,0.0,0.0,1,0,2190,0.8000000000000007,22.8,22,66.58784,4.0,3.5,104.0,98.0,92.0,97.5,104.0,130.70833333333334,173.0,121.54166666666667,167.0,2021-05,2021-05,20,93.87299839503292,-73.87299839503292,73.87299839503292,False
2021-05-05 13:00:00,20210505,24,26,25.5,False,False,False,False,False,True,True,13,3,0,1,0,0.0,3.0,2,0,5,0,0,0.0,1,2190,0,8,0.0,0.0,0.0,1,0,2190,1.3000000000000007,23.3,22,67.10174,4.2,3.5,165.0,162.0,151.0,164.0,165.0,130.70833333333334,173.0,121.54166666666667,167.0,2021-05,2021-05,24,111.82439358785706,-87.82439358785706,87.82439358785706,False
2021-05-05 14:00:00,20210505,21,21,23.0,False,False,False,False,False,True,True,14,3,0,1,0,0.0,3.0,2,0,5,0,0,0.0,1,2190,0,8,0.0,0.0,0.0,1,0,2190,1.6999999999999993,23.7,17,67.05471,4.3,3.5,166.0,151.0,161.0,159.75,166.0,130.70833333333334,173.0,121.54166666666667,167.0,2021-05,2021-05,21,104.50608327204095,-83.50608327204095,83.50608327204095,False
2021-05-05 15:00:00,20210505,21,21,21.0,False,False,False,False,False,True,True,15,3,0,1,0,0.0,3.0,2,0,5,0,0,0.0,1,2190,0,8,0.0,0.0,0.0,1,0,2190,1.6000000000000014,23.6,20,67.2288,2.4,3.5,159.0,140.0,148.0,151.25,159.0,130.70833333333334,173.0,121.54166666666667,167.0,2021-05,2021-05,21,97.90168201226543,-76.90168201226543,76.90168201226543,False
2021-05-05 16:00:00,20210505,23,26,24.0,False,False,False,False,False,True,True,16,3,0,1,0,0.0,3.0,2,0,5,0,0,0.0,1,2190,0,8,0.0,0.0,0.0,1,0,2190,1.3999999999999986,23.4,16,66.67256,2.9,3.5,161.0,137.0,151.0,150.25,161.0,130.70833333333334,173.0,121.54166666666667,167.0,2021-05,2021-05,23,99.87564272632392,-76.87564272632392,76.87564272632392,False
2021-05-05 17:00:00,20210505,22,25,25.5,False,False,False,False,False,True,True,17,3,0,1,0,0.0,3.0,2,1,5,0,0,0.0,1,2190,0,8,0.0,0.0,0.0,1,0,2190,0.6000000000000014,22.6,18,66.05932,3.2,3.5,123.0,125.0,112.0,120.0,123.0,130.70833333333334,173.0,121.54166666666667,167.0,2021-05,2021-05,22,112.73403223306441,-90.73403223306441,90.73403223306441,False
2021-05-05 18:00:00,20210505,21,21,21.0,False,False,False,False,False,True,True,18,3,0,1,0,0.0,3.0,2,0,5,0,0,0.0,1,2190,0,8,0.0,0.0,0.0,1,0,2190,0.0,21.4,20,65.0112,2.3,3.5,163.0,148.0,141.0,140.0,163.0,130.70833333333334,173.0,121.54166666666667,167.0,2021-05,2021-05,21,94.6822402457891,-73.6822402457891,73.6822402457891,False
2021-05-05 19:00:00,20210505,21,21,21.0,False,False,False,False,False,True,True,19,3,0,1,0,0.0,3.0,2,0,5,0,0,0.0,1,2190,0,8,0.0,0.0,0.0,1,0,2190,0.0,20.1,27,64.09273,2.3,3.5,158.0,117.0,130.0,126.5,158.0,130.70833333333334,173.0,121.54166666666667,167.0,2021-05,2021-05,21,119.28616023194212,-98.28616023194212,98.28616023194212,False
2021-05-05 20:00:00,20210505,24,26,25.0,False,False,False,False,False,True,True,20,3,0,1,0,0.0,3.0,0,0,5,0,0,0.0,1,2190,0,8,0.0,0.0,0.0,1,0,2190,0.0,19.0,29,62.9979,1.5,3.5,124.0,105.0,119.0,116.75,124.0,130.70833333333334,173.0,121.54166666666667,167.0,2021-05,2021-05,24,108.83319437282387,-84.83319437282387,84.83319437282387,False
2021-05-05 21:00:00,20210505,21,22,21.5,False,False,False,False,False,True,True,21,3,0,1,0,0.0,3.0,0,0,5,0,0,0.0,1,2190,0,8,0.0,0.0,0.0,1,0,2190,0.0,17.2,35,61.1868,2.2,3.5,125.0,111.0,119.0,115.75,125.0,130.70833333333334,173.0,121.54166666666667,167.0,2021-05,2021-05,21,109.98514098660696,-88.98514098660696,88.98514098660696,False
2021-05-05 22:00:00,20210505,22,22,22.0,False,False,False,False,False,True,True,22,3,0,1,0,0.0,3.0,0,0,5,0,0,0.0,1,2190,0,8,0.0,0.0,0.0,1,0,2190,0.0,16.9,32,60.76692,3.3,3.5,105.0,103.0,106.0,105.75,105.0,130.70833333333334,173.0,121.54166666666667,167.0,2021-05,2021-05,22,104.96024929396332,-82.96024929396332,82.96024929396332,False
2021-05-05 23:00:00,20210505,24,26,25.5,False,False,False,False,False,True,True,23,3,0,1,0,0.0,3.0,0,0,5,0,0,0.0,1,2190,0,8,0.0,,0.0,1,0,2190,0.0,14.3,41,57.82437,1.3,3.5,95.0,95.0,100.0,97.25,95.0,130.70833333333334,173.0,121.54166666666667,167.0,2021-05,2021-05,24,98.65207006663564,-74.65207006663564,74.65207006663564,False
2021-05-11 00:00:00,20210511,64,68,76.0,False,False,False,False,False,True,True,0,2,0,0,0,0.0,9.0,0,0,5,27,27,3.332204510175204,0,22088,0,22,,48.0,,0,0,0,0.0,13.7,86,56.76317999999999,1.3,0.2,23.0,65.0,62.0,52.75,23.0,102.91666666666667,177.0,130.70833333333334,173.0,2021-05,2021-05,64,62.00518351095216,1.9948164890478424,1.9948164890478424,False
2021-05-11 01:00:00,20210511,98,110,107.5,False,False,False,False,False,True,True,1,2,0,0,0,0.0,9.0,0,0,5,48,48,3.8918202981106265,0,22088,0,22,27.0,487.0,21.0,0,0,0,0.0,13.5,87,56.421549999999996,1.3,0.0,23.0,108.0,95.0,79.75,23.0,102.91666666666667,177.0,130.70833333333334,173.0,2021-05,2021-05,98,104.0312490706695,-6.031249070669503,6.031249070669503,False
2021-05-11 02:00:00,20210511,104,108,106.0,False,False,False,False,False,True,True,2,2,0,0,0,0.0,9.0,0,0,5,487,487,6.1903154058531475,0,22088,0,22,48.0,119.0,439.0,0,0,0,0.0,13.5,89,56.40285,1.2,0.0,25.0,116.0,101.0,82.75,25.0,102.91666666666667,177.0,130.70833333333334,173.0,2021-05,2021-05,104,110.83271758079479,-6.832717580794792,6.832717580794792,False
2021-05-11 03:00:00,20210511,101,105,102.0,False,False,False,False,False,True,True,3,2,0,0,0,0.0,9.0,0,0,5,119,119,4.787491742782046,0,22088,0,22,487.0,82.0,-368.0,0,0,0,0.0,13.5,90,56.393499999999996,0.6,0.0,23.0,104.0,94.0,76.5,23.0,102.91666666666667,177.0,130.70833333333334,173.0,2021-05,2021-05,101,100.64268365853367,0.35731634146632985,0.35731634146632985,False
2021-05-11 04:00:00,20210511,105,113,108.0,False,False,False,False,False,True,True,4,2,0,0,0,0.0,9.0,0,0,5,82,82,4.418840607796598,0,22088,0,22,119.0,0.0,-37.0,0,0,0,0.0,13.4,91,56.21306,0.9,0.0,23.0,101.0,99.0,77.0,23.0,102.91666666666667,177.0,130.70833333333334,173.0,2021-05,2021-05,105,101.53768257690837,3.4623174230916334,3.4623174230916334,False
2021-05-11 05:00:00,20210511,97,111,106.0,False,False,False,False,False,True,True,5,2,0,0,0,0.0,9.0,0,0,5,0,0,0.0,1,22088,0,22,82.0,188.0,-82.0,0,0,0,0.0,13.4,90,56.2234,1.0,0.0,24.0,85.0,86.0,68.0,24.0,102.91666666666667,177.0,130.70833333333334,173.0,2021-05,2021-05,97,85.65886695309759,11.341133046902414,11.341133046902414,False
2021-05-11 06:00:00,20210511,107,117,115.5,False,False,False,False,False,True,True,6,2,0,0,0,0.0,9.0,0,0,5,188,188,5.241747015059643,0,22088,0,22,0.0,2165.0,188.0,0,0,0,0.0,13.7,88,56.748439999999995,0.6,0.0,24.0,111.0,96.0,80.5,24.0,102.91666666666667,177.0,130.70833333333334,173.0,2021-05,2021-05,107,102.9310790125528,4.0689209874472,4.0689209874472,False
2021-05-11 07:00:00,20210511,124,140,138.0,False,False,False,False,False,True,True,7,2,0,0,0,0.0,9.0,0,1,5,2165,800,7.680637427560936,0,22088,0,22,188.0,637.0,1977.0,0,0,0,0.0,14.3,85,57.761449999999996,0.3,0.0,64.0,126.0,126.0,105.25,64.0,102.91666666666667,177.0,130.70833333333334,173.0,2021-05,2021-05,124,113.2420818191362,10.757918180863797,10.757918180863797,False
2021-05-11 08:00:00,20210511,171,177,176.0,False,False,False,False,False,True,True,8,2,0,0,0,0.0,9.0,2,0,5,637,637,6.45833828334479,0,22088,0,22,2165.0,1542.0,-1528.0,0,0,0,0.0,14.8,83,58.58016,0.8,0.0,177.0,171.0,152.0,163.25,177.0,102.91666666666667,177.0,130.70833333333334,173.0,2021-05,2021-05,171,163.853084530714,7.146915469286,7.146915469286,False
2021-05-11 09:00:00,20210511,173,177,175.5,False,False,False,False,False,True,True,9,2,0,0,0,0.0,9.0,2,0,5,1542,800,7.341483852363161,0,22088,0,22,637.0,1472.0,905.0,0,0,0,0.0,14.9,82,58.73882,1.0,0.0,158.0,168.0,164.0,166.5,158.0,102.91666666666667,177.0,130.70833333333334,173.0,2021-05,2021-05,173,168.50902745022083,4.490972549779173,4.490972549779173,True
2021-05-11 10:00:00,20210511,160,171,170.0,False,False,False,False,False,True,True,10,2,0,0,0,0.0,9.0,2,0,5,1472,800,7.29505641646263,0,22088,0,22,1542.0,1484.0,-70.0,0,0,0,0.0,15.2,73,59.15804,1.6,0.0,157.0,161.0,148.0,155.75,157.0,102.91666666666667,177.0,130.70833333333334,173.0,2021-05,2021-05,160,156.11745488873058,3.8825451112694225,3.8825451112694225,False
2021-05-11 11:00:00,20210511,169,173,171.5,False,False,False,False,False,True,True,11,2,0,0,0,0.0,9.0,2,0,5,1484,800,7.3031700512368,0,22088,0,22,1472.0,0.0,12.0,0,0,0,0.0,16.4,70,60.93919999999999,2.2,0.0,164.0,173.0,165.0,167.25,164.0,102.91666666666667,177.0,130.70833333333334,173.0,2021-05,2021-05,169,164.51201435152015,4.4879856484798495,4.4879856484798495,False
2021-05-11 12:00:00,20210511,100,129,132.5,False,False,False,False,False,True,True,12,2,0,0,0,0.0,9.0,1,1,5,0,0,0.0,1,22088,0,22,1484.0,2483.0,-1484.0,0,0,0,0.0,16.6,64,61.11176,3.6,0.0,106.0,104.0,90.0,99.25,106.0,102.91666666666667,177.0,130.70833333333334,173.0,2021-05,2021-05,100,92.82663117496475,7.173368825035254,7.173368825035254,False
2021-05-11 13:00:00,20210511,176,185,176.5,False,False,False,False,False,True,True,13,2,0,0,0,0.0,9.0,2,0,5,2483,800,7.81762544305337,0,22088,0,22,0.0,3081.0,2483.0,0,0,0,0.0,18.0,54,62.7808,2.6,0.0,158.0,165.0,164.0,165.25,158.0,102.91666666666667,177.0,130.70833333333334,173.0,2021-05,2021-05,176,163.89280406602336,12.10719593397664,12.10719593397664,True
2021-05-11 14:00:00,20210511,155,166,170.0,False,False,False,False,False,True,True,14,2,0,0,0,0.0,9.0,2,0,5,3081,800,8.033334015880062,0,22088,0,22,2483.0,807.0,598.0,0,0,0,0.0,17.7,46,62.11958,3.2,0.0,154.0,166.0,152.0,161.0,154.0,102.91666666666667,177.0,130.70833333333334,173.0,2021-05,2021-05,155,160.76706676841778,-5.767066768417777,5.767066768417777,False
2021-05-11 15:00:00,20210511,151,163,162.0,False,False,False,False,False,True,True,15,2,0,0,0,0.0,9.0,2,0,5,807,800,6.694562058521095,0,22088,0,22,3081.0,1509.0,-2274.0,0,0,0,0.0,17.1,50,61.4655,2.5,0.0,141.0,159.0,144.0,154.75,141.0,102.91666666666667,177.0,130.70833333333334,173.0,2021-05,2021-05,151,151.58066255604567,-0.5806625560456666,0.5806625560456666,False
2021-05-11 16:00:00,20210511,144,151,151.5,False,False,False,False,False,True,True,16,2,0,0,0,0.0,9.0,2,0,5,1509,800,7.31986492980897,0,22088,0,22,807.0,458.0,702.0,0,0,0,0.0,17.0,47,61.2591,1.6,0.0,153.0,161.0,144.0,151.5,153.0,102.91666666666667,177.0,130.70833333333334,173.0,2021-05,2021-05,144,150.42610906495497,-6.4261090649549715,6.4261090649549715,False
2021-05-11 17:00:00,20210511,118,144,138.0,False,False,False,False,False,True,True,17,2,0,0,0,0.0,9.0,2,1,5,458,458,6.129050210060545,0,22088,0,22,1509.0,1720.0,-1051.0,0,0,0,0.0,16.6,50,60.813,2.4,0.0,128.0,123.0,114.0,121.0,128.0,102.91666666666667,177.0,130.70833333333334,173.0,2021-05,2021-05,118,120.54770898446246,-2.54770898446246,2.54770898446246,False
2021-05-11 18:00:00,20210511,138,141,142.5,False,False,False,False,False,True,True,18,2,0,0,0,0.0,9.0,2,0,5,1720,800,7.450660796211539,0,22088,0,22,458.0,3308.0,1262.0,0,0,0,0.0,16.2,57,60.412659999999995,3.1,0.0,159.0,163.0,124.0,145.0,159.0,102.91666666666667,177.0,130.70833333333334,173.0,2021-05,2021-05,138,144.88521445183775,-6.885214451837754,6.885214451837754,False
2021-05-11 19:00:00,20210511,132,138,139.5,False,False,False,False,False,True,True,19,2,0,0,0,0.0,9.0,2,0,5,3308,800,8.104401307921613,0,22088,0,22,1720.0,44.0,1588.0,0,0,0,0.0,15.6,63,59.65671999999999,2.9,0.0,142.0,158.0,99.0,132.75,142.0,102.91666666666667,177.0,130.70833333333334,173.0,2021-05,2021-05,132,142.4831902387018,-10.483190238701809,10.483190238701809,False
2021-05-11 20:00:00,20210511,128,131,130.5,False,False,False,False,False,True,True,20,2,0,0,0,0.0,9.0,0,0,5,44,44,3.8066624897703196,0,22088,0,22,3308.0,382.0,-3264.0,0,0,0,0.0,15.6,61,59.63384,2.3,0.0,111.0,124.0,118.0,115.75,111.0,102.91666666666667,177.0,130.70833333333334,173.0,2021-05,2021-05,128,112.30424963365978,15.69575036634022,15.69575036634022,False
2021-05-11 21:00:00,20210511,125,131,129.0,False,False,False,False,False,True,True,21,2,0,0,0,0.0,9.0,0,0,5,382,382,5.948034989180646,0,22088,0,22,44.0,40.0,338.0,0,0,0,0.0,15.3,65,59.24355,2.5,0.0,120.0,125.0,113.0,114.0,120.0,102.91666666666667,177.0,130.70833333333334,173.0,2021-05,2021-05,125,116.43944113998889,8.560558860011113,8.560558860011113,False
2021-05-11 22:00:00,20210511,107,112,110.5,False,False,False,False,False,True,True,22,2,0,0,0,0.0,9.0,0,0,5,40,40,3.713572066704308,0,22088,0,22,382.0,5.0,-342.0,0,0,0,0.0,15.0,73,58.851499999999994,2.6,0.0,112.0,105.0,102.0,103.0,112.0,102.91666666666667,177.0,130.70833333333334,173.0,2021-05,2021-05,107,100.95741961815929,6.042580381840708,6.042580381840708,False
2021-05-11 23:00:00,20210511,107,121,121.0,False,False,False,False,False,True,True,23,2,0,0,0,0.0,9.0,0,0,5,5,5,1.791759469228055,0,22088,0,22,40.0,,-35.0,0,0,0,0.0,15.0,75,58.8625,3.1,0.0,101.0,95.0,97.0,95.75,101.0,102.91666666666667,177.0,130.70833333333334,173.0,2021-05,2021-05,107,97.00185127862933,9.998148721370669,9.998148721370669,False
2021-05-12 00:00:00,20210512,67,75,79.0,False,False,False,False,False,True,True,0,3,0,0,0,0.0,10.0,0,0,5,0,0,0.0,1,20189,0,23,,533.0,,0,0,0,0.0,14.8,76,58.55552,3.4,0.0,64.0,65.0,61.0,62.0,64.0,127.25,176.0,45.791666666666664,112.0,2021-05,2021-05,67,55.16286375601183,11.83713624398817,11.83713624398817,False
2021-05-12 01:00:00,20210512,98,104,104.0,False,False,False,False,False,True,True,1,3,0,0,0,0.0,10.0,0,0,5,533,533,6.280395838960195,0,20189,0,23,0.0,226.0,533.0,0,0,0,0.0,14.7,76,58.39928,3.1,0.0,98.0,105.0,100.0,99.25,98.0,127.25,176.0,45.791666666666664,112.0,2021-05,2021-05,98,103.34139135060525,-5.3413913506052495,5.3413913506052495,False
2021-05-12 02:00:00,20210512,110,113,112.5,False,False,False,False,False,True,True,2,3,0,0,0,0.0,10.0,0,0,5,226,226,5.424950017481403,0,20189,0,23,533.0,93.0,-307.0,0,0,0,0.0,14.7,75,58.39675,3.4,0.0,104.0,110.0,102.0,101.75,104.0,127.25,176.0,45.791666666666664,112.0,2021-05,2021-05,110,103.64073247086488,6.359267529135124,6.359267529135124,False
2021-05-12 03:00:00,20210512,96,109,105.5,False,False,False,False,False,True,True,3,3,0,0,0,0.0,10.0,0,0,5,93,93,4.543294782270004,0,20189,0,23,226.0,300.0,-133.0,0,0,0,0.0,15.1,70,58.985299999999995,2.7,0.0,101.0,103.0,99.0,97.0,101.0,127.25,176.0,45.791666666666664,112.0,2021-05,2021-05,96,103.26316438954255,-7.263164389542553,7.263164389542553,False
2021-05-12 04:00:00,20210512,107,111,109.0,False,False,False,False,False,True,True,4,3,0,0,0,0.0,10.0,0,0,5,300,300,5.707110264748875,0,20189,0,23,93.0,25.0,207.0,0,0,0,0.0,15.0,72,58.846,2.9,0.0,105.0,112.0,105.0,101.5,105.0,127.25,176.0,45.791666666666664,112.0,2021-05,2021-05,107,107.15458544370897,-0.15458544370896732,0.15458544370896732,False
2021-05-12 05:00:00,20210512,92,107,105.0,False,False,False,False,False,True,True,5,3,0,0,0,0.0,10.0,0,0,5,25,25,3.258096538021482,0,20189,0,23,300.0,560.0,-275.0,0,0,0,0.0,14.9,75,58.707249999999995,2.8,0.0,97.0,88.0,92.0,87.5,97.0,127.25,176.0,45.791666666666664,112.0,2021-05,2021-05,92,92.54937611320645,-0.5493761132064492,0.5493761132064492,False
2021-05-12 06:00:00,20210512,104,110,106.0,False,False,False,False,False,True,True,6,3,0,0,0,0.0,10.0,0,0,5,560,560,6.329720905522696,0,20189,0,23,25.0,1735.0,535.0,0,0,0,0.0,14.9,79,58.72529,3.5,0.0,107.0,103.0,109.0,103.25,107.0,127.25,176.0,45.791666666666664,112.0,2021-05,2021-05,104,105.10333966974902,-1.103339669749019,1.103339669749019,False
2021-05-12 07:00:00,20210512,126,147,144.0,False,False,False,False,False,True,True,7,3,0,0,0,0.0,10.0,0,1,5,1735,800,7.459338895220296,0,20189,0,23,560.0,691.0,1175.0,0,0,0,0.0,15.3,79,59.36212999999999,3.0,0.0,124.0,63.0,115.0,103.75,124.0,127.25,176.0,45.791666666666664,112.0,2021-05,2021-05,126,95.59735469267723,30.40264530732277,30.40264530732277,False
2021-05-12 08:00:00,20210512,169,178,177.5,False,False,False,False,False,True,True,8,3,0,0,0,0.0,10.0,2,0,5,691,691,6.539585955617669,0,20189,0,23,1735.0,716.0,-1044.0,0,0,0,0.0,15.9,76,60.274159999999995,3.2,0.0,171.0,21.0,164.0,129.5,171.0,127.25,176.0,45.791666666666664,112.0,2021-05,2021-05,169,114.61667513845781,54.38332486154219,54.38332486154219,False
2021-05-12 09:00:00,20210512,160,165,166.0,False,False,False,False,False,True,True,9,3,0,0,0,0.0,10.0,2,0,5,716,716,6.57507584059962,0,20189,0,23,691.0,941.0,25.0,0,0,0,0.0,16.2,72,60.673359999999995,2.6,0.0,173.0,21.0,160.0,126.25,173.0,127.25,176.0,45.791666666666664,112.0,2021-05,2021-05,160,115.50082202267879,44.49917797732121,44.49917797732121,False
2021-05-12 10:00:00,20210512,149,166,164.5,False,False,False,False,False,True,True,10,3,0,0,0,0.0,10.0,2,0,5,941,800,6.848005274576363,0,20189,0,23,716.0,952.0,225.0,0,0,0,0.0,16.3,70,60.7889,3.0,0.0,160.0,23.0,151.0,123.5,160.0,127.25,176.0,45.791666666666664,112.0,2021-05,2021-05,149,115.2315049577309,33.768495042269095,33.768495042269095,False
2021-05-12 11:00:00,20210512,168,183,173.0,False,False,False,False,False,True,True,11,3,0,0,0,0.0,10.0,2,0,5,952,800,6.859614903654202,0,20189,0,23,941.0,104.0,11.0,0,0,0,0.0,17.0,67,61.7651,2.6,0.0,169.0,21.0,167.0,127.75,169.0,127.25,176.0,45.791666666666664,112.0,2021-05,2021-05,168,114.50291706626844,53.49708293373156,53.49708293373156,False
2021-05-12 12:00:00,20210512,94,125,128.5,False,False,False,False,False,True,True,12,3,0,0,0,0.0,10.0,1,1,5,104,104,4.653960350157523,0,20189,0,23,952.0,1820.0,-848.0,0,0,0,0.0,19.3,55,64.57685,3.3,0.0,100.0,20.0,98.0,77.25,100.0,127.25,176.0,45.791666666666664,112.0,2021-05,2021-05,94,86.05268812689735,7.947311873102649,7.947311873102649,False
2021-05-12 13:00:00,20210512,178,184,180.0,False,False,False,False,False,True,True,13,3,0,0,0,0.0,10.0,2,0,5,1820,800,7.507141079727608,0,20189,0,23,104.0,1492.0,1716.0,0,0,0,0.0,19.3,53,64.48071,2.8,0.0,176.0,24.0,162.0,128.5,176.0,127.25,176.0,45.791666666666664,112.0,2021-05,2021-05,178,113.63619305574281,64.36380694425719,64.36380694425719,True
2021-05-12 14:00:00,20210512,164,172,175.5,False,False,False,False,False,True,True,14,3,0,0,0,0.0,10.0,2,0,5,1492,800,7.30854279753919,0,20189,0,23,1820.0,1155.0,-328.0,0,0,0,0.0,20.8,50,66.294,2.9,0.0,155.0,21.0,151.0,125.0,155.0,127.25,176.0,45.791666666666664,112.0,2021-05,2021-05,164,111.22877724675827,52.77122275324173,52.77122275324173,False
2021-05-12 15:00:00,20210512,153,168,165.5,False,False,False,False,False,True,True,15,3,0,0,0,0.0,10.0,2,0,5,1155,800,7.052721049232323,0,20189,0,23,1492.0,760.0,-337.0,0,0,0,0.0,19.8,54,65.20107999999999,3.2,0.0,151.0,21.0,140.0,117.75,151.0,127.25,176.0,45.791666666666664,112.0,2021-05,2021-05,153,110.75339466489551,42.24660533510449,42.24660533510449,False
2021-05-12 16:00:00,20210512,159,163,161.0,False,False,False,False,False,True,True,16,3,0,0,0,0.0,10.0,2,0,5,760,760,6.634633357861686,0,20189,0,23,1155.0,3446.0,-395.0,0,0,0,0.0,18.1,60,63.1324,2.9,0.0,144.0,23.0,137.0,116.25,144.0,127.25,176.0,45.791666666666664,112.0,2021-05,2021-05,159,109.44504321212825,49.554956787871745,49.554956787871745,False
2021-05-12 17:00:00,20210512,131,169,159.5,False,False,False,False,False,True,True,17,3,0,0,0,0.0,10.0,2,1,5,3446,800,8.145259566516865,0,20189,0,23,760.0,1012.0,2686.0,0,0,0,0.0,17.4,63,62.237379999999995,2.0,0.0,118.0,22.0,125.0,94.25,118.0,127.25,176.0,45.791666666666664,112.0,2021-05,2021-05,131,97.46932759434587,33.53067240565413,33.53067240565413,False
2021-05-12 18:00:00,20210512,157,169,163.0,False,False,False,False,False,True,True,18,3,0,0,0,0.0,10.0,2,0,5,1012,800,6.920671504248683,0,20189,0,23,3446.0,2838.0,-2434.0,0,0,0,0.0,17.5,67,62.50175,1.6,0.0,138.0,21.0,148.0,114.0,138.0,127.25,176.0,45.791666666666664,112.0,2021-05,2021-05,157,109.51787636031376,47.482123639686236,47.482123639686236,False
2021-05-12 19:00:00,20210512,125,153,161.0,False,False,False,False,False,True,True,19,3,0,0,0,0.0,10.0,2,0,5,2838,800,7.951207156472972,0,20189,0,23,1012.0,8.0,1826.0,0,0,0,0.0,16.3,71,60.80727,1.8,0.0,132.0,21.0,117.0,103.0,132.0,127.25,176.0,45.791666666666664,112.0,2021-05,2021-05,125,98.81138389484835,26.188616105151652,26.188616105151652,False
2021-05-12 20:00:00,20210512,105,109,106.5,False,False,False,False,False,True,True,20,3,0,0,0,0.0,10.0,0,0,5,8,8,2.1972245773362196,0,20189,0,23,2838.0,178.0,-2830.0,0,0,0,0.0,14.8,81,58.57312,0.9,0.0,128.0,24.0,105.0,90.75,128.0,127.25,176.0,45.791666666666664,112.0,2021-05,2021-05,105,89.44593907345654,15.554060926543457,15.554060926543457,False
2021-05-12 21:00:00,20210512,110,115,113.0,False,False,False,False,False,True,True,21,3,0,0,0,0.0,10.0,0,0,5,178,178,5.187385805840755,0,20189,0,23,8.0,366.0,170.0,0,0,0,0.0,14.3,86,57.76002,1.8,0.0,125.0,21.0,111.0,90.75,125.0,127.25,176.0,45.791666666666664,112.0,2021-05,2021-05,110,89.42832039562086,20.571679604379142,20.571679604379142,False
2021-05-12 22:00:00,20210512,102,116,109.0,False,False,False,False,False,True,True,22,3,0,0,0,0.0,10.0,0,0,5,366,366,5.905361848054571,0,20189,0,23,178.0,238.0,188.0,0,0,0,0.0,14.0,86,57.261599999999994,1.5,0.0,107.0,22.0,103.0,82.75,107.0,127.25,176.0,45.791666666666664,112.0,2021-05,2021-05,102,91.33768354666779,10.66231645333221,10.66231645333221,False
2021-05-12 23:00:00,20210512,102,111,113.5,False,False,False,False,False,True,True,23,3,0,0,0,0.0,10.0,0,0,5,238,238,5.476463551931511,0,20189,0,23,366.0,,-128.0,0,0,0,0.0,13.6,89,56.57196,1.4,0.0,107.0,24.0,95.0,78.0,107.0,127.25,176.0,45.791666666666664,112.0,2021-05,2021-05,102,86.25722540663223,15.74277459336777,15.74277459336777,False
2021-05-13 00:00:00,20210513,70,75,81.0,False,False,False,False,False,True,True,0,4,0,0,0,0.0,11.0,0,0,5,157,157,5.062595033026967,0,17668,0,24,,370.0,,0,0,0,0.0,13.9,88,57.08468,1.7,0.0,67.0,21.0,61.0,51.0,67.0,126.08333333333333,178.0,103.58333333333333,186.0,2021-05,2021-05,70,64.02528894210518,5.974711057894822,5.974711057894822,False
2021-05-13 01:00:00,20210513,98,107,103.0,False,False,False,False,False,True,True,1,4,0,0,0,0.0,11.0,0,0,5,370,370,5.916202062607435,0,17668,0,24,157.0,52.0,213.0,0,0,0,0.0,14.0,87,57.2572,0.8,0.0,98.0,21.0,100.0,78.25,98.0,126.08333333333333,178.0,103.58333333333333,186.0,2021-05,2021-05,98,96.29498675718612,1.7050132428138767,1.7050132428138767,False
2021-05-13 02:00:00,20210513,103,113,109.0,False,False,False,False,False,True,True,2,4,0,0,0,0.0,11.0,0,0,5,52,52,3.970291913552122,0,17668,0,24,370.0,366.0,-318.0,0,0,0,0.0,13.0,90,55.543,0.6,0.0,110.0,23.0,102.0,80.0,110.0,126.08333333333333,178.0,103.58333333333333,186.0,2021-05,2021-05,103,94.77875047537277,8.221249524627225,8.221249524627225,False
2021-05-13 03:00:00,20210513,100,110,108.5,False,False,False,False,False,True,True,3,4,0,0,0,0.0,11.0,0,0,5,366,366,5.905361848054571,0,17668,0,24,52.0,96.0,314.0,0,0,0,0.0,12.8,90,55.202799999999996,1.5,0.0,96.0,22.0,99.0,76.75,96.0,126.08333333333333,178.0,103.58333333333333,186.0,2021-05,2021-05,100,94.49506168651415,5.504938313485852,5.504938313485852,False
2021-05-13 04:00:00,20210513,105,113,111.5,False,False,False,False,False,True,True,4,4,0,0,0,0.0,11.0,0,0,5,96,96,4.574710978503383,0,17668,0,24,366.0,68.0,-270.0,0,0,0,0.0,13.1,89,55.726409999999994,0.7,0.0,107.0,21.0,105.0,78.75,107.0,126.08333333333333,178.0,103.58333333333333,186.0,2021-05,2021-05,105,94.03698603884213,10.96301396115787,10.96301396115787,False
2021-05-13 05:00:00,20210513,89,105,100.5,False,False,False,False,False,True,True,5,4,0,0,0,0.0,11.0,0,0,5,68,68,4.23410650459726,0,17668,0,24,96.0,4.0,-28.0,0,0,0,0.0,13.7,82,56.79266,1.3,0.0,92.0,22.0,92.0,71.0,92.0,126.08333333333333,178.0,103.58333333333333,186.0,2021-05,2021-05,89,85.93908025636752,3.060919743632482,3.060919743632482,False
2021-05-13 06:00:00,20210513,101,105,105.0,False,False,False,False,False,True,True,6,4,0,0,0,0.0,11.0,0,0,5,4,4,1.6094379124341003,0,17668,0,24,68.0,2540.0,-64.0,0,0,0,0.0,13.1,87,55.753029999999995,1.8,0.0,104.0,23.0,109.0,83.25,104.0,126.08333333333333,178.0,103.58333333333333,186.0,2021-05,2021-05,101,92.57991860079136,8.420081399208641,8.420081399208641,False
2021-05-13 07:00:00,20210513,117,135,131.0,False,False,False,False,False,True,True,7,4,0,0,0,0.0,11.0,0,1,5,2540,800,7.840312983320164,0,17668,0,24,4.0,705.0,2536.0,0,0,0,0.0,15.0,78,58.879,1.4,0.0,126.0,56.0,115.0,102.0,126.0,126.08333333333333,178.0,103.58333333333333,186.0,2021-05,2021-05,117,93.04296988030187,23.957030119698132,23.957030119698132,False
2021-05-13 08:00:00,20210513,165,176,171.5,False,False,False,False,False,True,True,8,4,0,0,0,0.0,11.0,2,0,5,705,705,6.559615237493242,0,17668,0,24,2540.0,359.0,-1835.0,0,0,0,0.0,17.3,69,62.26363,1.1,0.0,169.0,185.0,164.0,170.5,169.0,126.08333333333333,178.0,103.58333333333333,186.0,2021-05,2021-05,165,168.90682388546577,-3.9068238854657693,3.9068238854657693,False
2021-05-13 09:00:00,20210513,163,174,168.5,False,False,False,False,False,True,True,9,4,0,0,0,0.0,11.0,2,0,5,359,359,5.886104031450156,0,17668,0,24,705.0,1880.0,-346.0,0,0,0,0.0,20.2,50,65.511,1.0,0.0,160.0,186.0,160.0,167.5,160.0,126.08333333333333,178.0,103.58333333333333,186.0,2021-05,2021-05,163,167.59589601210618,-4.595896012106181,4.595896012106181,False
2021-05-13 10:00:00,20210513,158,176,175.0,False,False,False,False,False,True,True,10,4,0,0,0,0.0,11.0,2,0,5,1880,800,7.53955882930103,0,17668,0,24,359.0,470.0,1521.0,0,0,0,0.10000000000000142,22.1,40,67.2326,1.9,0.0,149.0,165.0,151.0,159.0,149.0,126.08333333333333,178.0,103.58333333333333,186.0,2021-05,2021-05,158,158.71604858539365,-0.7160485853936507,0.7160485853936507,False
2021-05-13 11:00:00,20210513,164,170,165.5,False,False,False,False,False,True,True,11,4,0,0,0,0.0,11.0,2,0,5,470,470,6.154858094016418,0,17668,0,24,1880.0,238.0,-1410.0,0,0,0,0.8000000000000007,22.8,51,68.98671999999999,1.8,0.0,168.0,171.0,167.0,165.25,168.0,126.08333333333333,178.0,103.58333333333333,186.0,2021-05,2021-05,164,163.9120058967937,0.08799410320631296,0.08799410320631296,False
2021-05-13 12:00:00,20210513,96,119,136.5,False,False,False,False,False,True,True,12,4,0,0,0,0.0,11.0,1,1,5,238,238,5.476463551931511,0,17668,0,24,470.0,1582.0,-232.0,0,0,0,2.1999999999999993,24.2,57,71.40706,2.2,0.0,94.0,101.0,98.0,97.5,94.0,126.08333333333333,178.0,103.58333333333333,186.0,2021-05,2021-05,96,98.76188017319765,-2.761880173197653,2.761880173197653,False
2021-05-13 13:00:00,20210513,168,175,172.0,False,False,False,False,False,True,True,13,4,0,0,0,0.0,11.0,2,0,5,1582,800,7.367077059881012,0,17668,0,24,238.0,1464.0,1344.0,0,0,0,3.0,25.0,59,72.71549999999999,2.1,0.0,178.0,166.0,162.0,164.0,178.0,126.08333333333333,178.0,103.58333333333333,186.0,2021-05,2021-05,168,166.2464802143095,1.7535197856904858,1.7535197856904858,False
2021-05-13 14:00:00,20210513,163,169,167.5,False,False,False,False,False,True,True,14,4,0,0,0,0.0,11.0,2,0,5,1464,800,7.289610521451167,0,17668,0,24,1582.0,980.0,-118.0,0,0,0,2.6000000000000014,24.6,59,72.15786,2.1,0.0,164.0,160.0,151.0,159.75,164.0,126.08333333333333,178.0,103.58333333333333,186.0,2021-05,2021-05,163,159.6077489659256,3.3922510340744054,3.3922510340744054,False
2021-05-13 15:00:00,20210513,139,156,151.0,False,False,False,False,False,True,True,15,4,0,0,0,0.0,11.0,2,0,5,980,800,6.8885724595653635,0,17668,0,24,1464.0,1633.0,-484.0,0,0,0,1.1999999999999993,23.2,58,70.11944,3.1,0.0,153.0,155.0,140.0,151.25,153.0,126.08333333333333,178.0,103.58333333333333,186.0,2021-05,2021-05,139,150.82047294841345,-11.820472948413453,11.820472948413453,False
2021-05-13 16:00:00,20210513,150,155,154.5,False,False,False,False,False,True,True,16,4,0,0,0,0.0,11.0,2,0,5,1633,800,7.3987862754199485,0,17668,0,24,980.0,430.0,653.0,0,0,0,0.0,21.8,57,68.10874,2.6,0.0,159.0,159.0,137.0,150.25,159.0,126.08333333333333,178.0,103.58333333333333,186.0,2021-05,2021-05,150,149.06171329760886,0.9382867023911388,0.9382867023911388,False
2021-05-13 17:00:00,20210513,101,117,117.5,False,False,False,False,False,True,True,17,4,0,0,0,0.0,11.0,2,1,5,430,430,6.066108090103747,0,17668,0,24,1633.0,1701.0,-1203.0,0,0,0,0.1999999999999993,22.2,58,68.73523999999999,1.6,0.0,131.0,125.0,125.0,120.0,131.0,126.08333333333333,178.0,103.58333333333333,186.0,2021-05,2021-05,101,121.5575007573794,-20.5575007573794,20.5575007573794,False
2021-05-13 18:00:00,20210513,102,108,112.5,False,False,False,False,False,True,True,18,4,0,0,0,0.0,11.0,2,0,5,1701,800,7.43955930913332,0,17668,0,24,430.0,2095.0,1271.0,0,0,0,0.0,20.9,57,66.87187,1.3,0.0,157.0,125.0,148.0,140.0,157.0,126.08333333333333,178.0,103.58333333333333,186.0,2021-05,2021-05,102,125.50181898885603,-23.50181898885603,23.50181898885603,False
2021-05-13 19:00:00,20210513,101,106,105.0,False,False,False,False,False,True,True,19,4,0,0,0,0.0,11.0,2,0,5,2095,800,7.647786045440933,0,17668,0,24,1701.0,126.0,394.0,0,0,0,0.0,19.3,55,64.57685,1.4,0.0,125.0,115.0,117.0,126.5,125.0,126.08333333333333,178.0,103.58333333333333,186.0,2021-05,2021-05,101,121.95284012315837,-20.952840123158367,20.952840123158367,False
2021-05-13 20:00:00,20210513,133,139,136.5,False,False,False,False,False,True,True,20,4,0,0,0,0.0,11.0,0,0,5,126,126,4.844187086458591,0,17668,0,24,2095.0,75.0,-1969.0,0,0,0,0.0,17.7,63,62.66749,0.4,0.0,105.0,128.0,105.0,116.75,105.0,126.08333333333333,178.0,103.58333333333333,186.0,2021-05,2021-05,133,119.28771092646798,13.71228907353202,13.71228907353202,False
2021-05-13 21:00:00,20210513,127,135,135.0,False,False,False,False,False,True,True,21,4,0,0,0,0.0,11.0,0,0,5,75,75,4.330733340286331,0,17668,0,24,126.0,48.0,-51.0,0,0,0,0.0,17.1,73,62.070170000000005,0.4,0.0,110.0,121.0,111.0,115.75,110.0,126.08333333333333,178.0,103.58333333333333,186.0,2021-05,2021-05,127,112.80000743543356,14.199992564566443,14.199992564566443,False
2021-05-13 22:00:00,20210513,114,123,119.5,False,False,False,False,False,True,True,22,4,0,0,0,0.0,11.0,0,0,5,48,48,3.8918202981106265,0,17668,0,24,75.0,229.0,-27.0,0,0,0,0.0,16.7,81,61.635729999999995,1.1,0.0,102.0,114.0,103.0,105.75,102.0,126.08333333333333,178.0,103.58333333333333,186.0,2021-05,2021-05,114,109.46281296656355,4.537187033436453,4.537187033436453,False
2021-05-13 23:00:00,20210513,104,115,114.0,False,False,False,False,False,True,True,23,4,0,0,0,0.0,11.0,0,0,5,229,229,5.438079308923196,0,17668,0,24,48.0,,181.0,0,0,0,0.0,16.0,92,60.6768,0.7,0.0,102.0,101.0,95.0,97.25,102.0,126.08333333333333,178.0,103.58333333333333,186.0,2021-05,2021-05,104,97.5999077240486,6.400092275951394,6.400092275951394,False
2021-05-14 00:00:00,20210514,67,72,80.0,False,False,False,False,False,True,True,0,5,0,0,0,0.0,12.0,0,0,5,14,14,2.70805020110221,0,17374,0,21,,306.0,,0,0,0,0.0,15.1,96,59.154039999999995,0.2,0.0,70.0,67.0,58.0,61.75,70.0,122.125,168.0,119.83333333333333,172.0,2021-05,2021-05,67,66.2045436623264,0.795456337673599,0.795456337673599,False
2021-05-14 01:00:00,20210514,100,110,108.0,False,False,False,False,False,True,True,1,5,0,0,0,0.0,12.0,0,0,5,306,306,5.726847747587197,0,17374,0,21,14.0,95.0,292.0,0,0,0,0.0,15.0,98,58.989,0.8,0.0,98.0,104.0,99.0,98.75,98.0,122.125,168.0,119.83333333333333,172.0,2021-05,2021-05,100,103.86113978331836,-3.8611397833183645,3.8611397833183645,False
2021-05-14 02:00:00,20210514,107,111,109.5,False,False,False,False,False,True,True,2,5,0,0,0,0.0,12.0,0,0,5,95,95,4.564348191467836,0,17374,0,21,306.0,332.0,-211.0,0,0,0,0.0,14.4,98,57.92088,0.0,0.0,103.0,102.0,101.0,99.5,103.0,122.125,168.0,119.83333333333333,172.0,2021-05,2021-05,107,105.38541019762748,1.614589802372521,1.614589802372521,False
2021-05-14 03:00:00,20210514,97,104,104.0,False,False,False,False,False,True,True,3,5,0,0,0,0.0,12.0,0,0,5,332,332,5.808142489980444,0,17374,0,21,95.0,0.0,237.0,0,0,0,0.0,14.1,98,57.38682,1.5,0.0,100.0,105.0,98.0,97.25,100.0,122.125,168.0,119.83333333333333,172.0,2021-05,2021-05,97,102.22903728234722,-5.229037282347221,5.229037282347221,False
2021-05-14 04:00:00,20210514,106,108,107.5,False,False,False,False,False,True,True,4,5,0,0,0,0.0,12.0,0,0,5,0,0,0.0,1,17374,0,21,332.0,60.0,-332.0,0,0,0,0.0,14.1,98,57.38682,1.3,0.0,105.0,98.0,104.0,97.75,105.0,122.125,168.0,119.83333333333333,172.0,2021-05,2021-05,106,103.29236818473545,2.7076318152645484,2.7076318152645484,False
2021-05-14 05:00:00,20210514,93,104,103.5,False,False,False,False,False,True,True,5,5,0,0,0,0.0,12.0,0,0,5,60,60,4.110873864173311,0,17374,0,21,0.0,553.0,60.0,0,0,0,0.0,14.7,97,58.45240999999999,1.7,0.0,89.0,89.0,89.0,87.0,89.0,122.125,168.0,119.83333333333333,172.0,2021-05,2021-05,93,92.24817592465716,0.7518240753428387,0.7518240753428387,False
2021-05-14 06:00:00,20210514,100,107,103.0,False,False,False,False,False,True,True,6,5,0,0,0,0.0,12.0,0,0,5,553,553,6.317164686747284,0,17374,0,21,60.0,1743.0,493.0,0,0,0,0.0,14.7,96,58.44987999999999,0.7,0.0,101.0,107.0,106.0,103.5,101.0,122.125,168.0,119.83333333333333,172.0,2021-05,2021-05,100,108.89626477442732,-8.896264774427323,8.896264774427323,False
2021-05-14 07:00:00,20210514,115,135,131.5,False,False,False,False,False,True,True,7,5,0,0,0,0.0,12.0,0,1,5,1743,800,7.463936604468925,0,17374,0,21,553.0,591.0,1190.0,0,0,0,0.0,17.1,87,62.438230000000004,0.5,0.0,117.0,118.0,122.0,119.25,117.0,122.125,168.0,119.83333333333333,172.0,2021-05,2021-05,115,119.64141235273713,-4.6414123527371345,4.6414123527371345,False
2021-05-14 08:00:00,20210514,147,157,153.5,False,False,False,False,False,True,True,8,5,0,0,0,0.0,12.0,2,0,5,591,591,6.3835066348840055,0,17374,0,21,1743.0,672.0,-1152.0,0,0,0,0.0,19.4,76,65.74256,0.9,0.0,165.0,172.0,163.0,167.0,165.0,122.125,168.0,119.83333333333333,172.0,2021-05,2021-05,147,170.94391662453236,-23.943916624532363,23.943916624532363,False
2021-05-14 09:00:00,20210514,140,143,145.0,False,False,False,False,False,True,True,9,5,0,0,0,0.0,12.0,2,0,5,672,672,6.511745329644728,0,17374,0,21,591.0,4183.0,81.0,0,0,0,0.0,21.5,64,68.1854,1.3,0.0,163.0,170.0,153.0,161.75,163.0,122.125,168.0,119.83333333333333,172.0,2021-05,2021-05,140,164.39479530226853,-24.394795302268534,24.394795302268534,False
2021-05-14 10:00:00,20210514,143,155,152.5,False,False,False,False,False,True,True,10,5,0,0,0,0.0,12.0,2,0,5,4183,800,8.339023005744759,0,17374,0,21,672.0,399.0,3511.0,0,0,0,1.0,23.0,64,70.35079999999999,2.0,0.0,158.0,158.0,161.0,159.75,158.0,122.125,168.0,119.83333333333333,172.0,2021-05,2021-05,143,160.90241146230176,-17.902411462301757,17.902411462301757,False
2021-05-14 11:00:00,20210514,149,155,152.5,False,False,False,False,False,True,True,11,5,0,0,0,0.0,12.0,2,0,5,399,399,5.991464547107982,0,17374,0,21,4183.0,230.0,-3784.0,0,0,0,1.3000000000000007,23.3,64,70.78388,1.9,0.0,164.0,164.0,156.0,160.75,164.0,122.125,168.0,119.83333333333333,172.0,2021-05,2021-05,149,164.27084250632845,-15.27084250632845,15.27084250632845,False
2021-05-14 12:00:00,20210514,91,113,118.0,False,False,False,False,False,True,True,12,5,0,0,0,0.0,12.0,1,1,5,230,230,5.442417710521793,0,17374,0,21,399.0,50.0,-169.0,0,0,0,2.3999999999999986,24.4,63,72.27328,2.4,0.0,96.0,106.0,92.0,97.25,96.0,122.125,168.0,119.83333333333333,172.0,2021-05,2021-05,91,95.9095714284568,-4.9095714284568,4.9095714284568,False
2021-05-14 13:00:00,20210514,150,156,154.5,False,False,False,False,False,True,True,13,5,0,0,0,0.0,12.0,2,0,5,50,50,3.9318256327243257,0,17374,0,21,230.0,957.0,-180.0,0,0,0,1.1999999999999993,23.2,62,70.46616,2.6,0.0,168.0,167.0,151.0,161.5,168.0,122.125,168.0,119.83333333333333,172.0,2021-05,2021-05,150,150.70721074443566,-0.7072107444356561,0.7072107444356561,False
2021-05-14 14:00:00,20210514,143,147,145.5,False,False,False,False,False,True,True,14,5,0,0,0,0.0,12.0,2,0,5,957,800,6.86484777797086,0,17374,0,21,50.0,623.0,907.0,0,0,0,1.3999999999999986,23.4,60,70.5736,2.3,0.0,163.0,153.0,161.0,160.5,163.0,122.125,168.0,119.83333333333333,172.0,2021-05,2021-05,143,166.7861090194764,-23.786109019476413,23.786109019476413,False
2021-05-14 15:00:00,20210514,137,148,144.5,False,False,False,False,False,True,True,15,5,0,0,0,0.0,12.0,2,0,5,623,623,6.436150368369428,0,17374,0,21,957.0,3046.0,-334.0,0,0,0,1.6999999999999993,23.7,60,70.9948,2.5,0.0,139.0,133.0,148.0,147.75,139.0,122.125,168.0,119.83333333333333,172.0,2021-05,2021-05,137,134.3221781248644,2.6778218751356064,2.6778218751356064,False
2021-05-14 16:00:00,20210514,135,143,140.0,False,False,False,False,False,True,True,16,5,0,0,0,0.0,12.0,2,0,5,3046,800,8.021912778985708,0,17374,0,21,623.0,437.0,2423.0,0,0,0,1.1000000000000014,23.1,60,70.1524,1.6,0.0,150.0,145.0,151.0,150.25,150.0,122.125,168.0,119.83333333333333,172.0,2021-05,2021-05,135,144.85063707344378,-9.850637073443778,9.850637073443778,False
2021-05-14 17:00:00,20210514,109,148,133.0,False,False,False,False,False,True,True,17,5,0,0,0,0.0,12.0,2,1,5,437,437,6.082218910376446,0,17374,0,21,3046.0,1523.0,-2609.0,0,0,0,0.0,22.0,62,68.7576,1.9,0.0,101.0,120.0,112.0,115.5,101.0,122.125,168.0,119.83333333333333,172.0,2021-05,2021-05,109,124.47079756378406,-15.47079756378406,15.47079756378406,False
2021-05-14 18:00:00,20210514,146,156,155.0,False,False,False,False,False,True,True,18,5,0,0,0,0.0,12.0,2,0,5,1523,800,7.329093736246592,0,17374,0,21,437.0,1514.0,1086.0,0,0,0,0.0,21.3,67,68.10029,1.2,0.0,102.0,108.0,141.0,134.0,102.0,122.125,168.0,119.83333333333333,172.0,2021-05,2021-05,146,127.57576035058737,18.424239649412627,18.424239649412627,False
2021-05-14 19:00:00,20210514,129,144,136.5,False,False,False,False,False,True,True,19,5,0,0,0,0.0,12.0,2,0,5,1514,800,7.323170717943469,0,17374,0,21,1523.0,1.0,-9.0,0,0,0,0.0,20.3,71,66.85887,0.9,0.0,101.0,100.0,130.0,126.0,101.0,122.125,168.0,119.83333333333333,172.0,2021-05,2021-05,129,126.86351864793146,2.136481352068543,2.136481352068543,False
2021-05-14 20:00:00,20210514,106,109,110.5,False,False,False,False,False,True,True,20,5,0,0,0,0.0,12.0,0,0,5,1,1,0.6931471805599453,0,17374,0,21,1514.0,45.0,-1513.0,0,0,0,0.0,19.1,77,65.31993,0.6,0.0,133.0,103.0,119.0,114.0,133.0,122.125,168.0,119.83333333333333,172.0,2021-05,2021-05,106,108.85382642215733,-2.8538264221573257,2.8538264221573257,False
2021-05-14 21:00:00,20210514,110,112,111.0,False,False,False,False,False,True,True,21,5,0,0,0,0.0,12.0,0,0,5,45,45,3.828641396489095,0,17374,0,21,1.0,0.0,44.0,0,0,0,0.0,18.4,80,64.3368,1.0,0.0,127.0,102.0,119.0,113.0,127.0,122.125,168.0,119.83333333333333,172.0,2021-05,2021-05,110,106.16127555760096,3.838724442399041,3.838724442399041,False
2021-05-14 22:00:00,20210514,103,112,109.5,False,False,False,False,False,True,True,22,5,0,0,0,0.0,12.0,0,0,5,0,0,0.0,1,17374,0,21,45.0,0.0,-45.0,0,0,0,0.0,18.2,86,64.23948,0.7,0.0,114.0,100.0,106.0,103.0,114.0,122.125,168.0,119.83333333333333,172.0,2021-05,2021-05,103,102.37005969171207,0.629940308287928,0.629940308287928,False
2021-05-14 23:00:00,20210514,89,98,102.5,False,False,False,False,False,True,True,23,5,0,0,0,0.0,12.0,0,0,5,0,0,0.0,1,17374,0,21,0.0,,0.0,0,0,0,0.0,17.6,85,63.2114,0.8,0.0,104.0,85.0,100.0,94.5,104.0,122.125,168.0,119.83333333333333,172.0,2021-05,2021-05,89,89.98602396520646,-0.9860239652064564,0.9860239652064564,False
2021-05-15 00:00:00,20210515,54,54,59.0,False,False,False,False,False,True,True,0,6,1,0,0,0.0,13.0,0,0,5,0,0,0.0,1,742,0,4,,47.0,,0,0,0,0.0,17.4,84,62.851839999999996,0.2,0.0,67.0,61.0,70.0,62.75,67.0,117.16666666666667,150.0,45.833333333333336,106.0,2021-05,2021-05,54,51.268287868192736,2.7317121318072637,2.7317121318072637,False
2021-05-15 01:00:00,20210515,96,104,100.5,False,False,False,False,False,True,True,1,6,1,0,0,0.0,13.0,0,0,5,47,47,3.871201010907891,0,742,0,4,0.0,37.0,47.0,0,0,0,0.0,17.5,84,63.016,0.7,0.0,100.0,104.0,107.0,104.0,100.0,117.16666666666667,150.0,45.833333333333336,106.0,2021-05,2021-05,96,101.70665896312262,-5.706658963122621,5.706658963122621,False
2021-05-15 02:00:00,20210515,98,100,102.0,False,False,False,False,False,True,True,2,6,1,0,0,0.0,13.0,0,0,5,37,37,3.6375861597263857,0,742,0,4,47.0,0.0,-10.0,0,0,0,0.0,17.5,85,63.04625,1.5,0.0,107.0,103.0,109.0,102.75,107.0,117.16666666666667,150.0,45.833333333333336,106.0,2021-05,2021-05,98,100.39133106220403,-2.3913310622040314,2.3913310622040314,False
2021-05-15 03:00:00,20210515,93,101,99.5,False,False,False,False,False,True,True,3,6,1,0,0,0.0,13.0,0,0,5,0,0,0.0,1,742,0,4,37.0,0.0,-37.0,0,0,0,0.0,17.1,87,62.438230000000004,0.8,0.0,97.0,103.0,100.0,101.25,97.0,117.16666666666667,150.0,45.833333333333336,106.0,2021-05,2021-05,93,99.21694797855709,-6.216947978557087,6.216947978557087,False
2021-05-15 04:00:00,20210515,101,105,104.5,False,False,False,False,False,True,True,4,6,1,0,0,0.0,13.0,0,0,5,0,0,0.0,1,742,0,4,0.0,0.0,0.0,0,0,0,0.0,17.5,85,63.04625,1.0,0.0,106.0,106.0,102.0,103.75,106.0,117.16666666666667,150.0,45.833333333333336,106.0,2021-05,2021-05,101,96.84858020511312,4.151419794886877,4.151419794886877,False
2021-05-15 05:00:00,20210515,80,96,91.5,False,False,False,False,False,True,True,5,6,1,0,0,0.0,13.0,0,0,5,0,0,0.0,1,742,0,4,0.0,24.0,0.0,0,0,0,0.0,17.9,84,63.67264,0.1,0.0,93.0,87.0,86.0,86.0,93.0,117.16666666666667,150.0,45.833333333333336,106.0,2021-05,2021-05,80,82.85565181983675,-2.8556518198367513,2.8556518198367513,False
2021-05-15 06:00:00,20210515,98,103,101.5,False,False,False,False,False,True,True,6,6,1,0,0,0.0,13.0,0,0,5,24,24,3.2188758248682006,0,742,0,4,0.0,634.0,24.0,0,0,0,0.0,17.5,88,63.137,1.4,0.0,100.0,104.0,101.0,102.75,100.0,117.16666666666667,150.0,45.833333333333336,106.0,2021-05,2021-05,98,100.52779468587916,-2.527794685879158,2.527794685879158,False
2021-05-15 07:00:00,20210515,69,86,89.5,False,False,False,False,False,True,True,7,6,1,0,0,0.0,13.0,0,1,5,634,634,6.453624998892692,0,742,0,4,24.0,0.0,610.0,0,0,0,0.0,17.7,91,63.56993,0.0,0.1,115.0,63.0,72.0,63.5,115.0,117.16666666666667,150.0,45.833333333333336,106.0,2021-05,2021-05,69,59.358360300735264,9.641639699264736,9.641639699264736,False
2021-05-15 08:00:00,20210515,22,24,33.0,False,False,False,False,False,True,True,8,6,1,0,0,0.0,13.0,2,0,5,0,0,0.0,1,742,0,4,634.0,0.0,-634.0,0,0,0,0.0,17.2,98,62.90544,1.0,4.8,147.0,24.0,23.0,22.75,147.0,117.16666666666667,150.0,45.833333333333336,106.0,2021-05,2021-05,22,23.230758849659846,-1.2307588496598463,1.2307588496598463,False
2021-05-15 09:00:00,20210515,20,20,20.0,False,False,False,False,False,True,True,9,6,1,0,0,0.0,13.0,2,0,5,0,0,0.0,1,742,0,4,0.0,0.0,0.0,0,0,0,0.0,17.8,98,63.97356,0.3,8.2,140.0,22.0,21.0,21.25,140.0,117.16666666666667,150.0,45.833333333333336,106.0,2021-05,2021-05,20,20.042590961247743,-0.04259096124774331,0.04259096124774331,False
2021-05-15 10:00:00,20210515,20,20,19.5,False,False,False,False,False,True,True,10,6,1,0,0,0.0,13.0,2,0,5,0,0,0.0,1,742,0,4,0.0,0.0,0.0,0,0,0,0.0,18.2,98,64.68564,0.3,8.6,143.0,22.0,21.0,22.0,143.0,117.16666666666667,150.0,45.833333333333336,106.0,2021-05,2021-05,20,19.978193618404333,0.021806381595666835,0.021806381595666835,False
2021-05-15 11:00:00,20210515,22,24,24.0,False,False,False,False,False,True,True,11,6,1,0,0,0.0,13.0,2,0,5,0,0,0.0,1,742,0,4,0.0,0.0,0.0,0,0,0,0.0,18.5,98,65.2197,0.0,10.2,149.0,25.0,23.0,23.5,149.0,117.16666666666667,150.0,45.833333333333336,106.0,2021-05,2021-05,22,21.304998006731893,0.6950019932681073,0.6950019932681073,False
2021-05-15 12:00:00,20210515,20,20,20.5,False,False,False,False,False,True,True,12,6,1,0,0,0.0,13.0,1,1,5,0,0,0.0,1,742,0,4,0.0,0.0,0.0,0,0,0,0.0,18.9,98,65.93178,0.4,11.2,91.0,23.0,22.0,22.0,91.0,117.16666666666667,150.0,45.833333333333336,106.0,2021-05,2021-05,20,20.32850296016428,-0.32850296016427905,0.32850296016427905,False
2021-05-15 13:00:00,20210515,19,20,20.0,False,False,False,False,False,True,True,13,6,1,0,0,0.0,13.0,2,0,5,0,0,0.0,1,742,0,4,0.0,0.0,0.0,0,0,0,0.0,19.3,98,66.64385999999999,0.4,14.8,150.0,22.0,21.0,21.75,150.0,117.16666666666667,150.0,45.833333333333336,106.0,2021-05,2021-05,19,20.04951075840674,-1.0495107584067398,1.0495107584067398,False
2021-05-15 14:00:00,20210515,21,24,22.5,False,False,False,False,False,True,True,14,6,1,0,0,0.0,13.0,2,0,5,0,0,0.0,1,742,0,4,0.0,0.0,0.0,0,0,0,0.0,20.5,98,68.78009999999999,0.8,15.7,143.0,23.0,21.0,22.0,143.0,117.16666666666667,150.0,45.833333333333336,106.0,2021-05,2021-05,21,19.987689118460214,1.0123108815397863,1.0123108815397863,False
2021-05-15 15:00:00,20210515,20,23,23.5,False,False,False,False,False,True,True,15,6,1,0,0,0.0,13.0,2,0,5,0,0,0.0,1,742,0,4,0.0,0.0,0.0,0,0,0,0.0,20.1,98,68.06802,0.4,15.7,137.0,24.0,23.0,22.75,137.0,117.16666666666667,150.0,45.833333333333336,106.0,2021-05,2021-05,20,20.781463446152596,-0.7814634461525962,0.7814634461525962,False
2021-05-15 16:00:00,20210515,20,20,20.0,False,False,False,False,False,True,True,16,6,1,0,0,0.0,13.0,2,0,5,0,0,0.0,1,742,0,4,0.0,0.0,0.0,0,0,0,0.0,20.8,98,69.31416,1.0,15.7,135.0,23.0,21.0,22.0,135.0,117.16666666666667,150.0,45.833333333333336,106.0,2021-05,2021-05,20,19.847962191583463,0.15203780841653725,0.15203780841653725,False
2021-05-15 17:00:00,20210515,20,20,20.0,False,False,False,False,False,True,True,17,6,1,0,0,0.0,13.0,2,1,5,0,0,0.0,1,742,0,4,0.0,0.0,0.0,0,0,0,0.0,21.1,98,69.84822,0.7,15.7,109.0,22.0,21.0,21.75,109.0,117.16666666666667,150.0,45.833333333333336,106.0,2021-05,2021-05,20,20.52759955324998,-0.5275995532499813,0.5275995532499813,False
2021-05-15 18:00:00,20210515,22,25,24.0,False,False,False,False,False,True,True,18,6,1,0,0,0.0,13.0,2,0,5,0,0,0.0,1,742,0,4,0.0,0.0,0.0,0,0,0,0.0,21.0,98,69.6702,0.8,15.7,146.0,24.0,23.0,22.75,146.0,117.16666666666667,150.0,45.833333333333336,106.0,2021-05,2021-05,22,21.403098232072384,0.5969017679276156,0.5969017679276156,False
2021-05-15 19:00:00,20210515,20,20,20.0,False,False,False,False,False,True,True,19,6,1,0,0,0.0,13.0,2,0,5,0,0,0.0,1,742,0,4,0.0,0.0,0.0,0,0,0,0.0,19.9,98,67.71198,0.6,15.7,129.0,22.0,21.0,21.25,129.0,117.16666666666667,150.0,45.833333333333336,106.0,2021-05,2021-05,20,20.51807069022905,-0.5180706902290488,0.5180706902290488,False
2021-05-15 20:00:00,20210515,20,20,20.0,False,False,False,False,False,True,True,20,6,1,0,0,0.0,13.0,0,0,5,0,0,0.0,1,742,0,4,0.0,0.0,0.0,0,0,0,0.0,19.4,98,66.82188,0.5,15.7,106.0,22.0,21.0,22.0,106.0,117.16666666666667,150.0,45.833333333333336,106.0,2021-05,2021-05,20,21.06115294611985,-1.0611529461198508,1.0611529461198508,False
2021-05-15 21:00:00,20210515,23,25,25.0,False,False,False,False,False,True,True,21,6,1,0,0,0.0,13.0,0,0,5,0,0,0.0,1,742,0,4,0.0,0.0,0.0,0,0,0,0.0,19.3,98,66.64385999999999,1.2,15.7,110.0,25.0,24.0,23.75,110.0,117.16666666666667,150.0,45.833333333333336,106.0,2021-05,2021-05,23,23.025772198242226,-0.025772198242226096,0.025772198242226096,False
2021-05-15 22:00:00,20210515,21,21,22.5,False,False,False,False,False,True,True,22,6,1,0,0,0.0,13.0,0,0,5,0,0,0.0,1,742,0,4,0.0,0.0,0.0,0,0,0,0.0,19.1,98,66.28782,0.1,15.7,103.0,23.0,21.0,21.75,103.0,117.16666666666667,150.0,45.833333333333336,106.0,2021-05,2021-05,21,21.06680423372072,-0.06680423372072042,0.06680423372072042,False
2021-05-15 23:00:00,20210515,20,20,20.5,False,False,False,False,False,True,True,23,6,1,0,0,0.0,13.0,0,0,5,0,0,0.0,1,742,0,4,0.0,,0.0,0,0,0,0.0,19.3,98,66.64385999999999,0.8,15.7,89.0,23.0,21.0,22.5,89.0,117.16666666666667,150.0,45.833333333333336,106.0,2021-05,2021-05,20,20.824404337061583,-0.8244043370615834,0.8244043370615834,False
2021-05-17 00:00:00,20210517,22,25,24.0,False,False,False,False,False,True,True,0,1,0,0,1,1.0,1.0,0,0,5,0,0,0.0,1,13391,0,17,,0.0,,0,0,0,0.0,13.8,98,56.852759999999996,1.0,22.1,,23.0,23.0,32.0,54.0,,,102.91666666666667,177.0,2021-05,2021-05,22,57.164080376656074,-35.164080376656074,35.164080376656074,False
2021-05-17 01:00:00,20210517,20,20,20.0,False,False,False,False,False,True,True,1,1,0,0,1,1.0,1.0,0,0,5,0,0,0.0,1,13391,0,17,0.0,0.0,0.0,0,0,0,0.0,13.4,98,56.140679999999996,1.4,0.0,,23.0,21.0,40.5,96.0,,,102.91666666666667,177.0,2021-05,2021-05,20,61.67688715296102,-41.67688715296102,41.67688715296102,False
2021-05-17 02:00:00,20210517,20,20,20.0,False,False,False,False,False,True,True,2,1,0,0,1,1.0,1.0,0,0,5,0,0,0.0,1,13391,0,17,0.0,0.0,0.0,0,0,0,0.0,13.3,98,55.96266,0.9,0.1,,25.0,21.0,41.75,98.0,,,102.91666666666667,177.0,2021-05,2021-05,20,62.53885970785507,-42.53885970785507,42.53885970785507,False
2021-05-17 03:00:00,20210517,22,25,24.0,False,False,False,False,False,True,True,3,1,0,0,1,1.0,1.0,0,0,5,0,0,0.0,1,13391,0,17,0.0,0.0,0.0,0,0,0,0.0,13.5,98,56.3187,1.4,0.2,,23.0,23.0,40.0,93.0,,,102.91666666666667,177.0,2021-05,2021-05,22,62.30519573921992,-40.30519573921992,40.30519573921992,False
2021-05-17 04:00:00,20210517,20,20,20.0,False,False,False,False,False,True,True,4,1,0,0,1,1.0,1.0,0,0,5,0,0,0.0,1,13391,0,17,0.0,0.0,0.0,0,0,0,0.0,13.4,98,56.140679999999996,1.4,0.3,,23.0,21.0,41.5,101.0,,,102.91666666666667,177.0,2021-05,2021-05,20,61.9946010253511,-41.9946010253511,41.9946010253511,False
2021-05-17 05:00:00,20210517,20,20,20.0,False,False,False,False,False,True,True,5,1,0,0,1,1.0,1.0,0,0,5,0,0,0.0,1,13391,0,17,0.0,0.0,0.0,0,0,0,0.0,13.6,98,56.496719999999996,0.3,0.5,,24.0,21.0,37.75,80.0,,,102.91666666666667,177.0,2021-05,2021-05,20,62.41625802567395,-42.41625802567395,42.41625802567395,False
2021-05-17 06:00:00,20210517,22,24,23.5,False,False,False,False,False,True,True,6,1,0,0,1,1.0,1.0,0,0,5,0,0,0.0,1,13391,0,17,0.0,24.0,0.0,0,0,0,0.0,13.4,98,56.140679999999996,1.0,1.2,,24.0,23.0,40.75,98.0,,,102.91666666666667,177.0,2021-05,2021-05,22,64.58151569308485,-42.58151569308485,42.58151569308485,False
2021-05-17 07:00:00,20210517,50,87,72.5,False,False,False,False,False,True,True,7,1,0,0,1,1.0,1.0,0,1,5,24,24,3.2188758248682006,0,13391,0,17,0.0,468.0,24.0,0,0,0,0.0,13.7,98,56.67473999999999,0.8,1.3,,64.0,59.0,75.75,69.0,,,102.91666666666667,177.0,2021-05,2021-05,50,71.98836843652178,-21.98836843652178,21.98836843652178,False
2021-05-17 08:00:00,20210517,174,192,181.0,False,False,False,False,False,True,True,8,1,0,0,1,1.0,1.0,2,0,5,468,468,6.150602768446279,0,13391,0,17,24.0,1009.0,444.0,0,0,0,0.0,14.5,98,58.0989,0.8,1.3,,177.0,175.0,166.0,22.0,,,102.91666666666667,177.0,2021-05,2021-05,174,167.9310744082624,6.06892559173761,6.06892559173761,True
2021-05-17 09:00:00,20210517,160,183,187.5,False,False,False,False,False,True,True,9,1,0,0,1,1.0,1.0,2,0,5,1009,800,6.917705609835305,0,13391,0,17,468.0,293.0,541.0,0,0,0,0.0,14.4,98,57.92088,1.2,1.3,,158.0,170.0,163.75,20.0,,,102.91666666666667,177.0,2021-05,2021-05,160,165.5328461931547,-5.532846193154711,5.532846193154711,False
2021-05-17 10:00:00,20210517,164,180,180.0,False,False,False,False,False,True,True,10,1,0,0,1,1.0,1.0,2,0,5,293,293,5.683579767338681,0,13391,0,17,1009.0,1178.0,-716.0,0,0,0,0.0,14.9,98,58.81098,1.3,1.3,,157.0,149.0,152.25,20.0,,,102.91666666666667,177.0,2021-05,2021-05,164,150.22908421639121,13.770915783608785,13.770915783608785,False
2021-05-17 11:00:00,20210517,169,186,179.0,False,False,False,False,False,True,True,11,1,0,0,1,1.0,1.0,2,0,5,1178,800,7.072421900537371,0,13391,0,17,293.0,311.0,885.0,0,0,0,0.0,15.6,97,60.04568,0.6,1.3,,164.0,174.0,166.75,22.0,,,102.91666666666667,177.0,2021-05,2021-05,169,167.17314214574728,1.8268578542527223,1.8268578542527223,False
2021-05-17 12:00:00,20210517,104,129,147.5,False,False,False,False,False,True,True,12,1,0,0,1,1.0,1.0,1,1,5,311,311,5.7430031878094825,0,13391,0,17,1178.0,1419.0,-867.0,0,0,0,0.0,15.5,98,59.8791,1.2,1.4,,106.0,106.0,101.5,20.0,,,102.91666666666667,177.0,2021-05,2021-05,104,99.1557042381488,4.8442957618512,4.8442957618512,False
2021-05-17 13:00:00,20210517,170,173,170.5,False,False,False,False,False,True,True,13,1,0,0,1,1.0,1.0,2,0,5,1419,800,7.258412150595307,0,13391,0,17,311.0,540.0,1108.0,0,0,0,0.0,16.0,95,60.723,0.8,1.4,,158.0,179.0,164.0,19.0,,,102.91666666666667,177.0,2021-05,2021-05,170,168.47885301531193,1.5211469846880732,1.5211469846880732,False
2021-05-17 14:00:00,20210517,163,175,173.5,False,False,False,False,False,True,True,14,1,0,0,1,1.0,1.0,2,0,5,540,540,6.293419278846481,0,13391,0,17,1419.0,1302.0,-879.0,0,0,0,0.0,15.9,93,60.51913,1.3,1.4,,154.0,167.0,158.0,21.0,,,102.91666666666667,177.0,2021-05,2021-05,163,157.50791963664372,5.49208036335628,5.49208036335628,False
2021-05-17 15:00:00,20210517,157,168,166.0,False,False,False,False,False,True,True,15,1,0,0,1,1.0,1.0,2,0,5,1302,800,7.172424577124845,0,13391,0,17,540.0,1739.0,762.0,0,0,0,0.0,15.8,90,60.3058,1.6,1.4,,141.0,154.0,148.25,20.0,,,102.91666666666667,177.0,2021-05,2021-05,157,142.13989904861484,14.860100951385164,14.860100951385164,False
2021-05-17 16:00:00,20210517,161,163,165.5,False,False,False,False,False,True,True,16,1,0,0,1,1.0,1.0,2,0,5,1739,800,7.461640392208575,0,13391,0,17,1302.0,821.0,437.0,0,0,0,0.0,14.9,97,58.80647,1.4,1.7,,153.0,147.0,147.75,20.0,,,102.91666666666667,177.0,2021-05,2021-05,161,146.02098827926253,14.979011720737475,14.979011720737475,False
2021-05-17 17:00:00,20210517,138,158,157.0,False,False,False,False,False,True,True,17,1,0,0,1,1.0,1.0,2,1,5,821,800,6.71174039505618,0,13391,0,17,1739.0,1592.0,-918.0,0,0,0,0.0,15.0,98,58.989,1.4,2.6,,128.0,119.0,122.5,20.0,,,102.91666666666667,177.0,2021-05,2021-05,138,125.12592889929515,12.874071100704853,12.874071100704853,False
2021-05-17 18:00:00,20210517,152,161,159.5,False,False,False,False,False,True,True,18,1,0,0,1,1.0,1.0,2,0,5,1592,800,7.373374309910049,0,13391,0,17,821.0,2222.0,771.0,0,0,0,0.0,14.7,98,58.45493999999999,1.1,2.6,,159.0,134.0,141.0,22.0,,,102.91666666666667,177.0,2021-05,2021-05,152,143.13243647990384,8.867563520096155,8.867563520096155,False
2021-05-17 19:00:00,20210517,128,140,142.0,False,False,False,False,False,True,True,19,1,0,0,1,1.0,1.0,2,0,5,2222,800,7.706612913964197,0,13391,0,17,1592.0,300.0,630.0,0,0,0,0.0,14.3,98,57.74286,1.3,3.0,,142.0,122.0,123.25,20.0,,,102.91666666666667,177.0,2021-05,2021-05,128,134.27603396771167,-6.276033967711669,6.276033967711669,False
2021-05-17 20:00:00,20210517,96,99,99.0,False,False,False,False,False,True,True,20,1,0,0,1,1.0,1.0,0,0,5,300,300,5.707110264748875,0,13391,0,17,2222.0,130.0,-1922.0,0,0,0,0.0,14.3,98,57.74286,0.7,3.0,,111.0,110.0,111.25,20.0,,,102.91666666666667,177.0,2021-05,2021-05,96,104.49201760512364,-8.492017605123635,8.492017605123635,False
2021-05-17 21:00:00,20210517,89,96,97.5,False,False,False,False,False,True,True,21,1,0,0,1,1.0,1.0,0,0,5,130,130,4.875197323201151,0,13391,0,17,300.0,20.0,-170.0,0,0,0,0.0,14.1,98,57.38682,1.1,3.0,,120.0,104.0,110.75,23.0,,,102.91666666666667,177.0,2021-05,2021-05,89,109.35423536724322,-20.35423536724322,20.35423536724322,False
2021-05-17 22:00:00,20210517,93,95,93.5,False,False,False,False,False,True,True,22,1,0,0,1,1.0,1.0,0,0,5,20,20,3.044522437723423,0,13391,0,17,130.0,23.0,-110.0,0,0,0,0.0,14.0,98,57.2088,0.9,3.2,,112.0,105.0,106.0,21.0,,,102.91666666666667,177.0,2021-05,2021-05,93,106.49087496774196,-13.49087496774196,13.49087496774196,False
2021-05-17 23:00:00,20210517,87,93,92.0,False,False,False,False,False,True,True,23,1,0,0,1,1.0,1.0,0,0,5,23,23,3.1780538303479458,0,13391,0,17,20.0,,3.0,0,0,0,0.0,14.0,98,57.2088,1.1,3.4,,101.0,99.0,98.75,20.0,,,102.91666666666667,177.0,2021-05,2021-05,87,98.60872601791694,-11.608726017916936,11.608726017916936,False
2021-05-19 00:00:00,20210519,62,68,71.0,False,False,False,False,False,True,True,0,3,0,1,0,0.0,3.0,0,0,5,0,0,0.0,1,2990,0,8,,955.0,,1,0,2990,0.0,15.2,98,59.34504,0.5,1.3,64.0,67.0,65.0,62.75,64.0,123.70833333333333,177.0,126.08333333333333,178.0,2021-05,2021-05,62,65.07447720540279,-3.0744772054027862,3.0744772054027862,False
2021-05-19 01:00:00,20210519,89,95,92.5,False,False,False,False,False,True,True,1,3,0,1,0,0.0,3.0,0,0,5,955,800,6.862757913051401,0,2990,0,8,0.0,24.0,955.0,1,955,2990,0.0,15.1,98,59.167019999999994,1.5,0.0,93.0,98.0,105.0,100.5,93.0,123.70833333333333,177.0,126.08333333333333,178.0,2021-05,2021-05,89,100.62015973004559,-11.620159730045586,11.620159730045586,False
2021-05-19 02:00:00,20210519,97,100,98.5,False,False,False,False,False,True,True,2,3,0,1,0,0.0,3.0,0,0,5,24,24,3.2188758248682006,0,2990,0,8,955.0,200.0,-931.0,1,24,2990,0.0,15.2,98,59.34504,1.6,0.0,94.0,110.0,110.0,105.75,94.0,123.70833333333333,177.0,126.08333333333333,178.0,2021-05,2021-05,97,102.20598367532257,-5.205983675322571,5.205983675322571,False
2021-05-19 03:00:00,20210519,96,104,101.5,False,False,False,False,False,True,True,3,3,0,1,0,0.0,3.0,0,0,5,200,200,5.303304908059076,0,2990,0,8,24.0,30.0,176.0,1,200,2990,0.0,15.1,98,59.167019999999994,1.9,0.0,88.0,96.0,103.0,99.0,88.0,123.70833333333333,177.0,126.08333333333333,178.0,2021-05,2021-05,96,99.1049824477053,-3.1049824477052965,3.1049824477052965,False
2021-05-19 04:00:00,20210519,94,101,97.0,False,False,False,False,False,True,True,4,3,0,1,0,0.0,3.0,0,0,5,30,30,3.4339872044851463,0,2990,0,8,200.0,150.0,-170.0,1,30,2990,0.0,15.0,98,58.989,1.2,0.0,85.0,107.0,112.0,107.0,85.0,123.70833333333333,177.0,126.08333333333333,178.0,2021-05,2021-05,94,102.4128421287089,-8.412842128708903,8.412842128708903,False
2021-05-19 05:00:00,20210519,79,100,90.5,False,False,False,False,False,True,True,5,3,0,1,0,0.0,3.0,0,0,5,150,150,5.017279836814924,0,2990,0,8,30.0,10.0,120.0,1,150,2990,0.0,15.5,98,59.8791,1.0,0.0,81.0,92.0,88.0,90.25,81.0,123.70833333333333,177.0,126.08333333333333,178.0,2021-05,2021-05,79,89.40152679653455,-10.401526796534554,10.401526796534554,False
2021-05-19 06:00:00,20210519,95,108,104.0,False,False,False,False,False,True,True,6,3,0,1,0,0.0,3.0,0,0,5,10,10,2.3978952727983707,0,2990,0,8,150.0,780.0,-140.0,1,10,2990,0.0,15.9,98,60.591179999999994,2.2,0.0,95.0,104.0,103.0,105.5,95.0,123.70833333333333,177.0,126.08333333333333,178.0,2021-05,2021-05,95,102.09657722026805,-7.0965772202680455,7.0965772202680455,False
2021-05-19 07:00:00,20210519,54,75,78.0,False,False,False,False,False,True,True,7,3,0,1,0,0.0,3.0,0,1,5,780,780,6.660575149839686,0,2990,0,8,10.0,841.0,770.0,1,780,2990,0.0,17.5,95,63.348749999999995,1.8,0.0,115.0,126.0,63.0,106.5,115.0,123.70833333333333,177.0,126.08333333333333,178.0,2021-05,2021-05,54,99.69021861234792,-45.69021861234792,45.69021861234792,False
2021-05-19 08:00:00,20210519,21,23,23.0,False,False,False,False,False,True,True,8,3,0,1,0,0.0,3.0,2,0,5,841,800,6.7357800142423265,0,2990,0,8,780.0,0.0,61.0,1,841,2990,0.0,19.4,78,65.84067999999999,1.6,0.0,170.0,169.0,21.0,129.25,170.0,123.70833333333333,177.0,126.08333333333333,178.0,2021-05,2021-05,21,124.39797077852488,-103.39797077852488,103.39797077852488,False
2021-05-19 09:00:00,20210519,23,25,25.0,False,False,False,False,False,True,True,9,3,0,1,0,0.0,3.0,2,0,5,0,0,0.0,1,2990,0,8,841.0,0.0,-841.0,1,0,2990,0.0,20.5,68,66.9816,3.0,0.0,171.0,160.0,21.0,123.5,171.0,123.70833333333333,177.0,126.08333333333333,178.0,2021-05,2021-05,23,96.07878350076231,-73.07878350076231,73.07878350076231,False
2021-05-19 10:00:00,20210519,21,21,21.0,False,False,False,False,False,True,True,10,3,0,1,0,0.0,3.0,2,0,5,0,0,0.0,1,2990,0,8,0.0,0.0,0.0,1,0,2990,1.1999999999999993,23.2,58,70.11944,1.9,0.0,159.0,149.0,23.0,121.0,159.0,123.70833333333333,177.0,126.08333333333333,178.0,2021-05,2021-05,21,92.53302527630196,-71.53302527630196,71.53302527630196,False
2021-05-19 11:00:00,20210519,21,21,21.0,False,False,False,False,False,True,True,11,3,0,1,0,0.0,3.0,2,0,5,0,0,0.0,1,2990,0,8,0.0,0.0,0.0,1,0,2990,2.1000000000000014,24.1,48,70.40932,1.9,0.0,167.0,168.0,21.0,128.0,167.0,123.70833333333333,177.0,126.08333333333333,178.0,2021-05,2021-05,21,95.15047585206041,-74.15047585206041,74.15047585206041,False
2021-05-19 12:00:00,20210519,22,25,23.5,False,False,False,False,False,True,True,12,3,0,1,0,0.0,3.0,1,1,5,0,0,0.0,1,2990,0,8,0.0,0.0,0.0,1,0,2990,3.6999999999999993,25.7,45,72.13135,1.3,0.0,99.0,94.0,20.0,76.0,99.0,123.70833333333333,177.0,126.08333333333333,178.0,2021-05,2021-05,22,80.28027014260748,-58.28027014260748,58.28027014260748,False
2021-05-19 13:00:00,20210519,21,24,24.5,False,False,False,False,False,True,True,13,3,0,1,0,0.0,3.0,2,0,5,0,0,0.0,1,2990,0,8,0.0,0.0,0.0,1,0,2990,2.8999999999999986,24.9,54,72.05854,1.7,0.0,177.0,178.0,24.0,128.75,177.0,123.70833333333333,177.0,126.08333333333333,178.0,2021-05,2021-05,21,96.2534304476555,-75.2534304476555,75.2534304476555,False
2021-05-19 14:00:00,20210519,20,20,20.0,False,False,False,False,False,True,True,14,3,0,1,0,0.0,3.0,2,0,5,0,0,0.0,1,2990,0,8,0.0,0.0,0.0,1,0,2990,3.1000000000000014,25.1,49,71.80001,2.0,0.0,167.0,164.0,21.0,124.25,167.0,123.70833333333333,177.0,126.08333333333333,178.0,2021-05,2021-05,20,95.76538490919121,-75.76538490919121,75.76538490919121,False
2021-05-19 15:00:00,20210519,20,20,20.0,False,False,False,False,False,True,True,15,3,0,1,0,0.0,3.0,2,0,5,0,0,0.0,1,2990,0,8,0.0,0.0,0.0,1,0,2990,3.3000000000000007,25.3,47,71.84409,1.7,0.0,162.0,153.0,21.0,115.5,162.0,123.70833333333333,177.0,126.08333333333333,178.0,2021-05,2021-05,20,94.60573358597281,-74.60573358597281,74.60573358597281,False
2021-05-19 16:00:00,20210519,23,25,24.5,False,False,False,False,False,True,True,16,3,0,1,0,0.0,3.0,2,0,5,0,0,0.0,1,2990,0,8,0.0,0.0,0.0,1,0,2990,3.1000000000000014,25.1,47,71.58903000000001,1.4,0.0,154.0,159.0,23.0,117.5,154.0,123.70833333333333,177.0,126.08333333333333,178.0,2021-05,2021-05,23,93.05079260345967,-70.05079260345967,70.05079260345967,False
2021-05-19 17:00:00,20210519,21,21,21.0,False,False,False,False,False,True,True,17,3,0,1,0,0.0,3.0,2,1,5,0,0,0.0,1,2990,0,8,0.0,0.0,0.0,1,0,2990,2.1999999999999993,24.2,49,70.63441999999999,1.0,0.0,118.0,131.0,22.0,97.5,118.0,123.70833333333333,177.0,126.08333333333333,178.0,2021-05,2021-05,21,87.20484348237375,-66.20484348237375,66.20484348237375,False
2021-05-19 18:00:00,20210519,21,21,21.0,False,False,False,False,False,True,True,18,3,0,1,0,0.0,3.0,2,0,5,0,0,0.0,1,2990,0,8,0.0,0.0,0.0,1,0,2990,1.3999999999999986,23.4,56,70.21896,1.3,0.0,146.0,157.0,21.0,116.75,146.0,123.70833333333333,177.0,126.08333333333333,178.0,2021-05,2021-05,21,93.44775912808706,-72.44775912808706,72.44775912808706,False
2021-05-19 19:00:00,20210519,23,25,24.0,False,False,False,False,False,True,True,19,3,0,1,0,0.0,3.0,2,0,5,0,0,0.0,1,2990,0,8,0.0,0.0,0.0,1,0,2990,0.0,21.5,55,67.55675,1.5,0.0,144.0,125.0,21.0,98.25,144.0,123.70833333333333,177.0,126.08333333333333,178.0,2021-05,2021-05,23,90.49451338982054,-67.49451338982054,67.49451338982054,False
2021-05-19 20:00:00,20210519,21,21,21.5,False,False,False,False,False,True,True,20,3,0,1,0,0.0,3.0,0,0,5,0,0,0.0,1,2990,0,8,0.0,0.0,0.0,1,0,2990,0.0,19.6,71,65.79984,0.6,0.0,115.0,105.0,24.0,88.25,115.0,123.70833333333333,177.0,126.08333333333333,178.0,2021-05,2021-05,21,84.93956960107927,-63.93956960107927,63.93956960107927,False
2021-05-19 21:00:00,20210519,22,24,23.0,False,False,False,False,False,True,True,21,3,0,1,0,0.0,3.0,0,0,5,0,0,0.0,1,2990,0,8,0.0,0.0,0.0,1,0,2990,0.0,18.8,74,64.71888,1.0,0.0,112.0,110.0,21.0,90.25,112.0,123.70833333333333,177.0,126.08333333333333,178.0,2021-05,2021-05,22,85.90599316680591,-63.905993166805914,63.905993166805914,False
2021-05-19 22:00:00,20210519,23,26,25.5,False,False,False,False,False,True,True,22,3,0,1,0,0.0,3.0,0,0,5,0,0,0.0,1,2990,0,8,0.0,0.0,0.0,1,0,2990,0.0,18.2,75,63.8305,0.4,0.0,100.0,102.0,22.0,83.25,100.0,123.70833333333333,177.0,126.08333333333333,178.0,2021-05,2021-05,23,84.68142377278384,-61.681423772783845,61.681423772783845,False
2021-05-19 23:00:00,20210519,21,22,24.0,False,False,False,False,False,True,True,23,3,0,1,0,0.0,3.0,0,0,5,0,0,0.0,1,2990,0,8,0.0,,0.0,1,0,2990,0.0,17.8,77,63.27594,0.3,0.0,93.0,102.0,24.0,80.25,93.0,123.70833333333333,177.0,126.08333333333333,178.0,2021-05,2021-05,21,84.8194664664863,-63.819466466486304,63.819466466486304,False
2021-05-20 00:00:00,20210520,20,20,20.0,False,False,False,False,False,True,True,0,4,0,0,0,0.0,4.0,0,0,5,0,0,0.0,1,15890,0,15,,0.0,,0,0,0,0.0,17.9,77,63.43317,0.9,0.0,62.0,70.0,21.0,52.5,62.0,42.083333333333336,97.0,122.125,168.0,2021-05,2021-05,20,63.427257598628444,-43.427257598628444,43.427257598628444,False
2021-05-20 01:00:00,20210520,21,22,21.0,False,False,False,False,False,True,True,1,4,0,0,0,0.0,4.0,0,0,5,0,0,0.0,1,15890,0,15,0.0,0.0,0.0,0,0,0,0.0,17.5,86,63.076499999999996,0.7,0.0,89.0,98.0,21.0,79.5,89.0,42.083333333333336,97.0,122.125,168.0,2021-05,2021-05,21,91.19386325947016,-70.19386325947016,70.19386325947016,False
2021-05-20 02:00:00,20210520,22,25,23.5,False,False,False,False,False,True,True,2,4,0,0,0,0.0,4.0,0,0,5,0,0,0.0,1,15890,0,15,0.0,0.0,0.0,0,0,0,0.0,17.4,80,62.73479999999999,1.4,0.0,97.0,103.0,23.0,82.25,97.0,42.083333333333336,97.0,122.125,168.0,2021-05,2021-05,22,92.14496009085093,-70.14496009085093,70.14496009085093,False
2021-05-20 03:00:00,20210520,20,20,20.0,False,False,False,False,False,True,True,3,4,0,0,0,0.0,4.0,0,0,5,0,0,0.0,1,15890,0,15,0.0,0.0,0.0,0,0,0,0.0,16.7,80,61.6134,0.4,0.0,96.0,100.0,22.0,79.75,96.0,42.083333333333336,97.0,122.125,168.0,2021-05,2021-05,20,92.8756221948858,-72.8756221948858,72.8756221948858,False
2021-05-20 04:00:00,20210520,20,20,20.0,False,False,False,False,False,True,True,4,4,0,0,0,0.0,4.0,0,0,5,0,0,0.0,1,15890,0,15,0.0,0.0,0.0,0,0,0,0.0,17.0,78,62.0434,0.8,0.0,94.0,105.0,21.0,83.75,94.0,42.083333333333336,97.0,122.125,168.0,2021-05,2021-05,20,91.79764550558167,-71.79764550558167,71.79764550558167,False
2021-05-20 05:00:00,20210520,23,25,25.0,False,False,False,False,False,True,True,5,4,0,0,0,0.0,4.0,0,0,5,0,0,0.0,1,15890,0,15,0.0,0.0,0.0,0,0,0,0.0,16.5,90,61.4965,1.2,0.0,79.0,89.0,22.0,73.0,79.0,42.083333333333336,97.0,122.125,168.0,2021-05,2021-05,23,85.53755775240398,-62.537557752403984,62.537557752403984,False
2021-05-20 06:00:00,20210520,20,21,20.5,False,False,False,False,False,True,True,6,4,0,0,0,0.0,4.0,0,0,5,0,0,0.0,1,15890,0,15,0.0,0.0,0.0,0,0,0,0.0,16.4,89,61.30703999999999,0.6,0.0,95.0,101.0,23.0,84.75,95.0,42.083333333333336,97.0,122.125,168.0,2021-05,2021-05,20,92.6401990138196,-72.6401990138196,72.6401990138196,False
2021-05-20 07:00:00,20210520,64,105,92.5,False,False,False,False,False,True,True,7,4,0,0,0,0.0,4.0,0,1,5,0,0,0.0,1,15890,0,15,0.0,174.0,0.0,0,0,0,0.0,17.6,88,63.30512,0.4,0.0,54.0,117.0,56.0,102.5,54.0,42.083333333333336,97.0,122.125,168.0,2021-05,2021-05,64,99.27327501434574,-35.27327501434574,35.27327501434574,False
2021-05-20 08:00:00,20210520,170,176,175.0,False,False,False,False,False,True,True,8,4,0,0,0,0.0,4.0,2,0,5,174,174,5.1647859739235145,0,15890,0,15,0.0,1145.0,174.0,0,0,0,0.0,17.8,90,63.7078,1.3,0.0,21.0,165.0,185.0,169.25,21.0,42.083333333333336,97.0,122.125,168.0,2021-05,2021-05,170,164.050924330685,5.949075669314993,5.949075669314993,False
2021-05-20 09:00:00,20210520,162,167,168.0,False,False,False,False,False,True,True,9,4,0,0,0,0.0,4.0,2,0,5,1145,800,7.044032897274685,0,15890,0,15,174.0,631.0,971.0,0,0,0,0.0,17.1,95,62.64855,0.8,1.4,23.0,163.0,186.0,165.5,23.0,42.083333333333336,97.0,122.125,168.0,2021-05,2021-05,162,172.6247295407054,-10.624729540705403,10.624729540705403,False
2021-05-20 10:00:00,20210520,157,169,167.5,False,False,False,False,False,True,True,10,4,0,0,0,0.0,4.0,2,0,5,631,631,6.448889394146858,0,15890,0,15,1145.0,1881.0,-514.0,0,0,0,0.0,17.2,98,62.90544,1.9,2.8,21.0,158.0,165.0,158.75,21.0,42.083333333333336,97.0,122.125,168.0,2021-05,2021-05,157,161.7701522893503,-4.770152289350307,4.770152289350307,False
2021-05-20 11:00:00,20210520,172,178,174.5,False,False,False,False,False,True,True,11,4,0,0,0,0.0,4.0,2,0,5,1881,800,7.540090320145325,0,15890,0,15,631.0,124.0,1250.0,0,0,0,0.0,16.9,98,62.371379999999995,2.0,5.3,21.0,164.0,171.0,164.5,21.0,42.083333333333336,97.0,122.125,168.0,2021-05,2021-05,172,168.50470855908836,3.495291440911643,3.495291440911643,True
2021-05-20 12:00:00,20210520,106,130,143.0,False,False,False,False,False,True,True,12,4,0,0,0,0.0,4.0,1,1,5,124,124,4.8283137373023015,0,15890,0,15,1881.0,1467.0,-1757.0,0,0,0,0.0,16.6,98,61.83732,2.6,8.4,22.0,96.0,101.0,96.75,22.0,42.083333333333336,97.0,122.125,168.0,2021-05,2021-05,106,103.57473808319918,2.425261916800821,2.425261916800821,False
2021-05-20 13:00:00,20210520,166,181,173.5,False,False,False,False,False,True,True,13,4,0,0,0,0.0,4.0,2,0,5,1467,800,7.291656209174461,0,15890,0,15,124.0,1175.0,1343.0,0,0,0,0.0,16.5,98,61.6593,2.1,15.1,21.0,168.0,166.0,161.75,21.0,42.083333333333336,97.0,122.125,168.0,2021-05,2021-05,166,166.65337713484277,-0.6533771348427706,0.6533771348427706,False
2021-05-20 14:00:00,20210520,163,167,165.5,False,False,False,False,False,True,True,14,4,0,0,0,0.0,4.0,2,0,5,1175,800,7.069874128458572,0,15890,0,15,1467.0,809.0,-292.0,0,0,0,0.0,16.0,97,60.7538,2.9,15.4,20.0,163.0,160.0,158.75,20.0,42.083333333333336,97.0,122.125,168.0,2021-05,2021-05,163,161.4755498928841,1.5244501071159107,1.5244501071159107,False
2021-05-20 15:00:00,20210520,150,161,160.0,False,False,False,False,False,True,True,15,4,0,0,0,0.0,4.0,2,0,5,809,800,6.697034247666484,0,15890,0,15,1175.0,2581.0,-366.0,0,0,0,0.0,15.6,97,60.04568,3.2,15.6,20.0,139.0,155.0,145.5,20.0,42.083333333333336,97.0,122.125,168.0,2021-05,2021-05,150,145.31325701765857,4.686742982341428,4.686742982341428,False
2021-05-20 16:00:00,20210520,152,159,157.0,False,False,False,False,False,True,True,16,4,0,0,0,0.0,4.0,2,0,5,2581,800,7.856319571406588,0,15890,0,15,809.0,977.0,1772.0,0,0,0,0.0,15.5,98,59.8791,2.7,15.9,23.0,150.0,159.0,149.25,23.0,42.083333333333336,97.0,122.125,168.0,2021-05,2021-05,152,145.5432501721065,6.456749827893503,6.456749827893503,False
2021-05-20 17:00:00,20210520,101,110,131.5,False,False,False,False,False,True,True,17,4,0,0,0,0.0,4.0,2,1,5,977,800,6.885509670034818,0,15890,0,15,2581.0,2010.0,-1604.0,0,0,0,0.0,15.9,98,60.591179999999994,2.1,16.1,21.0,101.0,125.0,115.75,21.0,42.083333333333336,97.0,122.125,168.0,2021-05,2021-05,101,126.81021461028963,-25.810214610289634,25.810214610289634,False
2021-05-20 18:00:00,20210520,106,112,112.0,False,False,False,False,False,True,True,18,4,0,0,0,0.0,4.0,2,0,5,2010,800,7.606387389772652,0,15890,0,15,977.0,2901.0,1033.0,0,0,0,0.0,16.2,98,61.12524,2.0,16.3,21.0,102.0,125.0,129.0,21.0,42.083333333333336,97.0,122.125,168.0,2021-05,2021-05,106,127.47937382323187,-21.479373823231867,21.479373823231867,False
2021-05-20 19:00:00,20210520,109,114,111.0,False,False,False,False,False,True,True,19,4,0,0,0,0.0,4.0,2,0,5,2901,800,7.973155433444133,0,15890,0,15,2010.0,3.0,891.0,0,0,0,0.0,16.2,98,61.12524,1.2,16.3,23.0,101.0,115.0,115.75,23.0,42.083333333333336,97.0,122.125,168.0,2021-05,2021-05,109,126.61058360080797,-17.61058360080797,17.61058360080797,False
2021-05-20 20:00:00,20210520,110,117,114.0,False,False,False,False,False,True,True,20,4,0,0,0,0.0,4.0,0,0,5,3,3,1.3862943611198906,0,15890,0,15,2901.0,2.0,-2898.0,0,0,0,0.0,15.8,98,60.41316,1.7,16.3,21.0,133.0,128.0,121.25,21.0,42.083333333333336,97.0,122.125,168.0,2021-05,2021-05,110,118.98323983198286,-8.983239831982857,8.983239831982857,False
2021-05-20 21:00:00,20210520,103,107,109.0,False,False,False,False,False,True,True,21,4,0,0,0,0.0,4.0,0,0,5,2,2,1.0986122886681098,0,15890,0,15,3.0,10.0,-1.0,0,0,0,0.0,15.5,98,59.8791,1.3,16.3,22.0,127.0,121.0,119.5,22.0,42.083333333333336,97.0,122.125,168.0,2021-05,2021-05,103,119.97956554131186,-16.979565541311857,16.979565541311857,False
2021-05-20 22:00:00,20210520,101,111,109.5,False,False,False,False,False,True,True,22,4,0,0,0,0.0,4.0,0,0,5,10,10,2.3978952727983707,0,15890,0,15,2.0,0.0,8.0,0,0,0,0.0,15.0,98,58.989,0.9,16.3,23.0,114.0,114.0,109.25,23.0,42.083333333333336,97.0,122.125,168.0,2021-05,2021-05,101,111.34119392390043,-10.341193923900434,10.341193923900434,False
2021-05-20 23:00:00,20210520,93,103,102.5,False,False,False,False,False,True,True,23,4,0,0,0,0.0,4.0,0,0,5,0,0,0.0,1,15890,0,15,10.0,,-10.0,0,0,0,0.0,14.9,98,58.81098,0.7,16.5,21.0,104.0,101.0,100.0,21.0,42.083333333333336,97.0,122.125,168.0,2021-05,2021-05,93,105.28654915988348,-12.286549159883478,12.286549159883478,False
2021-05-21 00:00:00,20210521,61,64,65.0,False,False,False,False,False,True,True,0,5,0,0,0,0.0,5.0,0,0,5,820,800,6.710523109452428,0,24516,0,22,,219.0,,0,0,0,0.0,14.7,98,58.45493999999999,0.6,16.7,20.0,67.0,67.0,62.5,20.0,97.125,172.0,117.16666666666667,150.0,2021-05,2021-05,61,67.68225282232056,-6.682252822320564,6.682252822320564,False
2021-05-21 01:00:00,20210521,94,100,96.5,False,False,False,False,False,True,True,1,5,0,0,0,0.0,5.0,0,0,5,219,219,5.393627546352362,0,24516,0,22,820.0,498.0,-601.0,0,0,0,0.0,14.7,98,58.45493999999999,0.8,0.0,21.0,100.0,104.0,100.5,21.0,97.125,172.0,117.16666666666667,150.0,2021-05,2021-05,94,101.59132082522497,-7.591320825224969,7.591320825224969,False
2021-05-21 02:00:00,20210521,107,108,108.0,False,False,False,False,False,True,True,2,5,0,0,0,0.0,5.0,0,0,5,498,498,6.212606095751519,0,24516,0,22,219.0,393.0,279.0,0,0,0,0.0,14.7,98,58.45493999999999,0.7,0.0,22.0,107.0,102.0,102.75,22.0,97.125,172.0,117.16666666666667,150.0,2021-05,2021-05,107,105.2509225880252,1.7490774119747954,1.7490774119747954,False
2021-05-21 03:00:00,20210521,98,107,103.5,False,False,False,False,False,True,True,3,5,0,0,0,0.0,5.0,0,0,5,393,393,5.976350909297934,0,24516,0,22,498.0,31.0,-105.0,0,0,0,0.0,14.9,98,58.81098,0.1,0.1,20.0,97.0,105.0,99.5,20.0,97.125,172.0,117.16666666666667,150.0,2021-05,2021-05,98,103.431455016869,-5.431455016868995,5.431455016868995,False
2021-05-21 04:00:00,20210521,95,100,100.0,False,False,False,False,False,True,True,4,5,0,0,0,0.0,5.0,0,0,5,31,31,3.4657359027997265,0,24516,0,22,393.0,344.0,-362.0,0,0,0,0.0,14.6,98,58.27692,0.8,0.1,20.0,106.0,98.0,103.0,20.0,97.125,172.0,117.16666666666667,150.0,2021-05,2021-05,95,102.61857082093655,-7.618570820936554,7.618570820936554,False
2021-05-21 05:00:00,20210521,82,95,92.0,False,False,False,False,False,True,True,5,5,0,0,0,0.0,5.0,0,0,5,344,344,5.84354441703136,0,24516,0,22,31.0,40.0,313.0,0,0,0,0.0,14.7,98,58.45493999999999,1.4,0.1,23.0,93.0,89.0,90.0,23.0,97.125,172.0,117.16666666666667,150.0,2021-05,2021-05,82,98.26883257119057,-16.268832571190572,16.268832571190572,False
2021-05-21 06:00:00,20210521,102,105,103.5,False,False,False,False,False,True,True,6,5,0,0,0,0.0,5.0,0,0,5,40,40,3.713572066704308,0,24516,0,22,344.0,1028.0,-304.0,0,0,0,0.0,14.8,98,58.63296,1.1,0.1,20.0,100.0,107.0,104.75,20.0,97.125,172.0,117.16666666666667,150.0,2021-05,2021-05,102,102.42876260710456,-0.4287626071045594,0.4287626071045594,False
2021-05-21 07:00:00,20210521,121,135,135.0,False,False,False,False,False,True,True,7,5,0,0,0,0.0,5.0,0,1,5,1028,800,6.9363427358340495,0,24516,0,22,40.0,935.0,988.0,0,0,0,0.0,16.2,98,61.12524,0.6,0.1,64.0,115.0,118.0,119.25,64.0,97.125,172.0,117.16666666666667,150.0,2021-05,2021-05,121,117.5619226149036,3.438077385096406,3.438077385096406,False
2021-05-21 08:00:00,20210521,153,160,157.5,False,False,False,False,False,True,True,8,5,0,0,0,0.0,5.0,2,0,5,935,800,6.841615476477592,0,24516,0,22,1028.0,1816.0,-93.0,0,0,0,0.0,17.9,88,63.80947999999999,1.2,0.1,170.0,147.0,172.0,161.25,170.0,97.125,172.0,117.16666666666667,150.0,2021-05,2021-05,153,152.78147557047353,0.2185244295264681,0.2185244295264681,False
2021-05-21 09:00:00,20210521,144,146,149.5,False,False,False,False,False,True,True,9,5,0,0,0,0.0,5.0,2,0,5,1816,800,7.504942068396171,0,24516,0,22,935.0,1580.0,881.0,0,0,0,0.0,18.4,74,64.10184,2.9,0.1,162.0,140.0,170.0,154.0,162.0,97.125,172.0,117.16666666666667,150.0,2021-05,2021-05,144,146.72454712380815,-2.7245471238081507,2.7245471238081507,False
2021-05-21 10:00:00,20210521,140,157,152.0,False,False,False,False,False,True,True,10,5,0,0,0,0.0,5.0,2,0,5,1580,800,7.365812837209472,0,24516,0,22,1816.0,1787.0,-236.0,0,0,0,0.0,20.2,64,66.30872,3.0,0.1,157.0,143.0,158.0,155.75,157.0,97.125,172.0,117.16666666666667,150.0,2021-05,2021-05,140,146.71910689475828,-6.7191068947582835,6.7191068947582835,False
2021-05-21 11:00:00,20210521,156,160,159.0,False,False,False,False,False,True,True,11,5,0,0,0,0.0,5.0,2,0,5,1787,800,7.488852955733459,0,24516,0,22,1580.0,4406.0,207.0,0,0,0,0.0,20.6,63,66.82522,2.4,0.1,172.0,149.0,164.0,156.25,172.0,97.125,172.0,117.16666666666667,150.0,2021-05,2021-05,156,147.19599323079498,8.804006769205017,8.804006769205017,False
2021-05-21 12:00:00,20210521,93,116,122.0,False,False,False,False,False,True,True,12,5,0,0,0,0.0,5.0,1,1,5,4406,800,8.390949464841986,0,24516,0,22,1787.0,1126.0,2619.0,0,0,0,0.0,20.2,63,66.25174,2.2,0.1,106.0,91.0,106.0,95.25,106.0,97.125,172.0,117.16666666666667,150.0,2021-05,2021-05,93,95.74842739544295,-2.7484273954429455,2.7484273954429455,False
2021-05-21 13:00:00,20210521,149,153,149.0,False,False,False,False,False,True,True,13,5,0,0,0,0.0,5.0,2,0,5,1126,800,7.027314514039777,0,24516,0,22,4406.0,1679.0,-3280.0,0,0,0,0.0,20.9,58,66.93578,2.7,0.1,166.0,150.0,167.0,154.75,166.0,97.125,172.0,117.16666666666667,150.0,2021-05,2021-05,149,148.05304153031747,0.946958469682528,0.946958469682528,False
2021-05-21 14:00:00,20210521,153,158,156.5,False,False,False,False,False,True,True,14,5,0,0,0,0.0,5.0,2,0,5,1679,800,7.426549072397305,0,24516,0,22,1126.0,1636.0,553.0,0,0,0,0.0,20.3,61,66.27917,2.6,0.1,163.0,143.0,153.0,154.5,163.0,97.125,172.0,117.16666666666667,150.0,2021-05,2021-05,153,147.22697967544613,5.773020324553869,5.773020324553869,False
2021-05-21 15:00:00,20210521,132,142,139.5,False,False,False,False,False,True,True,15,5,0,0,0,0.0,5.0,2,0,5,1636,800,7.400620577371135,0,24516,0,22,1679.0,2311.0,-43.0,0,0,0,0.0,20.5,63,66.68185,1.3,0.1,150.0,137.0,133.0,141.5,150.0,97.125,172.0,117.16666666666667,150.0,2021-05,2021-05,132,130.33891904895074,1.6610809510492572,1.6610809510492572,False
2021-05-21 16:00:00,20210521,144,147,146.5,False,False,False,False,False,True,True,16,5,0,0,0,0.0,5.0,2,0,5,2311,800,7.7458682297922685,0,24516,0,22,1636.0,205.0,675.0,0,0,0,0.0,17.2,88,62.632639999999995,2.2,0.1,152.0,135.0,145.0,145.5,152.0,97.125,172.0,117.16666666666667,150.0,2021-05,2021-05,144,130.28897622595153,13.71102377404847,13.71102377404847,False
2021-05-21 17:00:00,20210521,121,140,140.0,False,False,False,False,False,True,True,17,5,0,0,0,0.0,5.0,2,1,5,205,205,5.327876168789581,0,24516,0,22,2311.0,775.0,-2106.0,0,0,0,0.0,17.7,88,63.47324,0.6,0.1,101.0,109.0,120.0,113.25,101.0,97.125,172.0,117.16666666666667,150.0,2021-05,2021-05,121,117.53237800535322,3.467621994646777,3.467621994646777,False
2021-05-21 18:00:00,20210521,132,140,137.0,False,False,False,False,False,True,True,18,5,0,0,0,0.0,5.0,2,0,5,775,775,6.654152520183219,0,24516,0,22,205.0,2344.0,570.0,0,0,0,0.0,17.8,74,63.17628,2.0,0.1,106.0,146.0,108.0,134.0,106.0,97.125,172.0,117.16666666666667,150.0,2021-05,2021-05,132,138.94733685214064,-6.947336852140637,6.947336852140637,False
2021-05-21 19:00:00,20210521,124,140,140.0,False,False,False,False,False,True,True,19,5,0,0,0,0.0,5.0,2,0,5,2344,800,7.76004068088038,0,24516,0,22,775.0,0.0,1569.0,0,0,0,0.0,17.5,74,62.713499999999996,1.5,0.1,109.0,129.0,100.0,122.25,109.0,97.125,172.0,117.16666666666667,150.0,2021-05,2021-05,124,126.36921430707639,-2.3692143070763905,2.3692143070763905,False
2021-05-21 20:00:00,20210521,103,111,105.0,False,False,False,False,False,True,True,20,5,0,0,0,0.0,5.0,0,0,5,0,0,0.0,1,24516,0,22,2344.0,117.0,-2344.0,0,0,0,0.0,16.3,86,61.08282,1.6,0.1,110.0,106.0,103.0,111.75,110.0,97.125,172.0,117.16666666666667,150.0,2021-05,2021-05,103,104.20527728954455,-1.2052772895445543,1.2052772895445543,False
2021-05-21 21:00:00,20210521,105,109,110.0,False,False,False,False,False,True,True,21,5,0,0,0,0.0,5.0,0,0,5,117,117,4.770684624465665,0,24516,0,22,0.0,0.0,117.0,0,0,0,0.0,16.3,86,61.08282,1.3,0.1,103.0,110.0,102.0,112.5,103.0,97.125,172.0,117.16666666666667,150.0,2021-05,2021-05,105,103.40044578737418,1.5995542126258186,1.5995542126258186,False
2021-05-21 22:00:00,20210521,101,109,106.0,False,False,False,False,False,True,True,22,5,0,0,0,0.0,5.0,0,0,5,0,0,0.0,1,24516,0,22,117.0,426.0,-117.0,0,0,0,0.0,15.4,95,59.6727,0.4,0.2,101.0,103.0,100.0,103.75,101.0,97.125,172.0,117.16666666666667,150.0,2021-05,2021-05,101,101.45972932278319,-0.4597293227831898,0.4597293227831898,False
2021-05-21 23:00:00,20210521,93,106,107.5,False,False,False,False,False,True,True,23,5,0,0,0,0.0,5.0,0,0,5,426,426,6.056784013228625,0,24516,0,22,0.0,,426.0,0,0,0,0.0,15.1,98,59.167019999999994,1.1,0.3,93.0,89.0,85.0,93.5,93.0,97.125,172.0,117.16666666666667,150.0,2021-05,2021-05,93,87.00348941685758,5.996510583142424,5.996510583142424,False
2021-05-23 00:00:00,20210523,21,21,22.5,False,True,False,False,False,True,True,0,7,1,0,0,0.0,7.0,0,0,5,0,0,0.0,1,0,1,0,,0.0,,0,0,0,0.0,19.0,77,65.1627,1.5,0.0,59.0,,23.0,23.0,59.0,43.125,102.0,,,2021-05,2021-05,21,20.849154021392575,0.15084597860742477,0.15084597860742477,False
2021-05-23 01:00:00,20210523,21,21,21.0,False,True,False,False,False,True,True,1,7,1,0,0,0.0,7.0,0,0,5,0,0,0.0,1,0,1,0,0.0,0.0,0.0,0,0,0,0.0,18.4,79,64.29764,2.3,0.0,101.0,,23.0,23.0,101.0,43.125,102.0,,,2021-05,2021-05,21,20.90542583054055,0.09457416945944885,0.09457416945944885,False
2021-05-23 02:00:00,20210523,23,25,24.0,False,True,False,False,False,True,True,2,7,1,0,0,0.0,7.0,0,0,5,0,0,0.0,1,0,1,0,0.0,0.0,0.0,0,0,0,0.0,18.6,75,64.4515,2.2,0.0,96.0,,25.0,25.0,96.0,43.125,102.0,,,2021-05,2021-05,23,21.885642303832967,1.1143576961670334,1.1143576961670334,False
2021-05-23 03:00:00,20210523,21,22,23.5,False,True,False,False,False,True,True,3,7,1,0,0,0.0,7.0,0,0,5,0,0,0.0,1,0,1,0,0.0,0.0,0.0,0,0,0,0.0,18.1,74,63.63906,1.6,0.0,99.0,,23.0,23.0,99.0,43.125,102.0,,,2021-05,2021-05,21,20.980012925234924,0.01998707476507633,0.01998707476507633,False
2021-05-23 04:00:00,20210523,21,21,21.0,False,True,False,False,False,True,True,4,7,1,0,0,0.0,7.0,0,0,5,0,0,0.0,1,0,1,0,0.0,0.0,0.0,0,0,0,0.0,17.2,76,62.305279999999996,1.5,0.0,101.0,,23.0,23.0,101.0,43.125,102.0,,,2021-05,2021-05,21,21.046801717254848,-0.04680171725484783,0.04680171725484783,False
2021-05-23 05:00:00,20210523,22,24,22.5,False,True,False,False,False,True,True,5,7,1,0,0,0.0,7.0,0,0,5,0,0,0.0,1,0,1,0,0.0,0.0,0.0,0,0,0,0.0,17.9,75,63.36475,2.0,0.0,84.0,,24.0,24.0,84.0,43.125,102.0,,,2021-05,2021-05,22,21.388664696193405,0.6113353038065945,0.6113353038065945,False
2021-05-23 06:00:00,20210523,22,25,24.5,False,True,False,False,False,True,True,6,7,1,0,0,0.0,7.0,0,0,5,0,0,0.0,1,0,1,0,0.0,0.0,0.0,0,0,0,0.0,19.4,70,65.4482,2.4,0.0,102.0,,24.0,24.0,102.0,43.125,102.0,,,2021-05,2021-05,22,21.43260374937734,0.5673962506226609,0.5673962506226609,False
2021-05-23 07:00:00,20210523,20,21,20.5,False,True,False,False,False,True,True,7,7,1,0,0,0.0,7.0,0,1,5,0,0,0.0,1,0,1,0,0.0,0.0,0.0,0,0,0,0.0,21.0,63,67.39869999999999,1.9,0.0,56.0,,64.0,64.0,56.0,43.125,102.0,,,2021-05,2021-05,20,22.299574090624915,-2.2995740906249154,2.2995740906249154,False
2021-05-23 08:00:00,20210523,20,21,20.5,False,True,False,False,False,True,True,8,7,1,0,0,0.0,7.0,2,0,5,0,0,0.0,1,0,1,0,0.0,0.0,0.0,0,0,0,1.3999999999999986,23.4,58,70.39627999999999,1.5,0.0,20.0,,177.0,177.0,20.0,43.125,102.0,,,2021-05,2021-05,20,20.81831596148972,-0.81831596148972,0.81831596148972,False
2021-05-23 09:00:00,20210523,23,25,24.5,False,True,False,False,False,True,True,9,7,1,0,0,0.0,7.0,2,0,5,0,0,0.0,1,0,1,0,0.0,0.0,0.0,0,0,0,3.0,25.0,54,72.193,1.4,0.0,20.0,,158.0,158.0,20.0,43.125,102.0,,,2021-05,2021-05,23,20.865930013257596,2.1340699867424036,2.1340699867424036,False
2021-05-23 10:00:00,20210523,20,20,20.0,False,True,False,False,False,True,True,10,7,1,0,0,0.0,7.0,2,0,5,0,0,0.0,1,0,1,0,0.0,0.0,0.0,0,0,0,3.8000000000000007,25.8,53,73.15626,1.5,0.0,23.0,,157.0,157.0,23.0,43.125,102.0,,,2021-05,2021-05,20,20.737966764100165,-0.7379667641001646,0.7379667641001646,False
2021-05-23 11:00:00,20210523,21,21,21.0,False,True,False,False,False,True,True,11,7,1,0,0,0.0,7.0,2,0,5,0,0,0.0,1,0,1,0,0.0,0.0,0.0,0,0,0,5.600000000000001,27.6,45,74.5168,1.6,0.0,21.0,,164.0,164.0,21.0,43.125,102.0,,,2021-05,2021-05,21,20.62769814149736,0.37230185850264164,0.37230185850264164,False
2021-05-23 12:00:00,20210523,23,25,24.5,False,True,False,False,False,True,True,12,7,1,0,0,0.0,7.0,1,1,5,0,0,0.0,1,0,1,0,0.0,0.0,0.0,0,0,0,4.600000000000001,26.6,50,73.863,1.6,0.0,20.0,,106.0,106.0,20.0,43.125,102.0,,,2021-05,2021-05,23,20.866812158480776,2.1331878415192236,2.1331878415192236,False
2021-05-23 13:00:00,20210523,21,21,22.0,False,True,False,False,False,True,True,13,7,1,0,0,0.0,7.0,2,0,5,0,0,0.0,1,0,1,0,0.0,0.0,0.0,0,0,0,5.300000000000001,27.3,51,74.90377000000001,1.4,0.0,22.0,,158.0,158.0,22.0,43.125,102.0,,,2021-05,2021-05,21,20.629366567716165,0.37063343228383516,0.37063343228383516,False
2021-05-23 14:00:00,20210523,20,21,20.5,False,True,False,False,False,True,True,14,7,1,0,0,0.0,7.0,2,0,5,0,0,0.0,1,0,1,0,0.0,0.0,0.0,0,0,0,7.0,29.0,35,74.8335,2.1,0.0,21.0,,154.0,154.0,21.0,43.125,102.0,,,2021-05,2021-05,20,20.501839810547835,-0.5018398105478354,0.5018398105478354,False
2021-05-23 15:00:00,20210523,21,23,22.0,False,True,False,False,False,True,True,15,7,1,0,0,0.0,7.0,2,0,5,0,0,0.0,1,0,1,0,0.0,0.0,0.0,0,0,0,7.0,29.0,29,73.96889999999999,3.2,0.0,20.0,,141.0,141.0,20.0,43.125,102.0,,,2021-05,2021-05,21,19.716658346530483,1.2833416534695168,1.2833416534695168,False
2021-05-23 16:00:00,20210523,22,25,24.0,False,True,False,False,False,True,True,16,7,1,0,0,0.0,7.0,2,0,5,0,0,0.0,1,0,1,0,0.0,0.0,0.0,0,0,0,6.0,28.0,31,73.1402,3.3,0.0,21.0,,153.0,153.0,21.0,43.125,102.0,,,2021-05,2021-05,22,20.177712937853407,1.822287062146593,1.822287062146593,False
2021-05-23 17:00:00,20210523,20,20,20.5,False,True,False,False,False,True,True,17,7,1,0,0,0.0,7.0,2,1,5,0,0,0.0,1,0,1,0,0.0,0.0,0.0,0,0,0,5.0,27.0,37,72.7691,3.1,0.0,22.0,,128.0,128.0,22.0,43.125,102.0,,,2021-05,2021-05,20,20.33917771728186,-0.33917771728185997,0.33917771728185997,False
2021-05-23 18:00:00,20210523,21,23,21.5,False,True,False,False,False,True,True,18,7,1,0,0,0.0,7.0,2,0,5,0,0,0.0,1,0,1,0,0.0,0.0,0.0,0,0,0,4.100000000000001,26.1,45,72.63355,2.5,0.0,20.0,,159.0,159.0,20.0,43.125,102.0,,,2021-05,2021-05,21,20.295775932197547,0.7042240678024534,0.7042240678024534,False
2021-05-23 19:00:00,20210523,22,25,24.0,False,True,False,False,False,True,True,19,7,1,0,0,0.0,7.0,2,0,5,0,0,0.0,1,0,1,0,0.0,0.0,0.0,0,0,0,2.6999999999999993,24.7,54,71.78962,1.1,0.0,20.0,,142.0,142.0,20.0,43.125,102.0,,,2021-05,2021-05,22,19.87521468897977,2.1247853110202293,2.1247853110202293,False
2021-05-23 20:00:00,20210523,20,20,20.0,False,True,False,False,False,True,True,20,7,1,0,0,0.0,7.0,0,0,5,0,0,0.0,1,0,1,0,0.0,0.0,0.0,0,0,0,1.1999999999999993,23.2,64,70.63952,0.6,0.0,23.0,,111.0,111.0,23.0,43.125,102.0,,,2021-05,2021-05,20,20.84244686232601,-0.8424468623260104,0.8424468623260104,False
2021-05-23 21:00:00,20210523,21,21,21.0,False,True,False,False,False,True,True,21,7,1,0,0,0.0,7.0,0,0,5,0,0,0.0,1,0,1,0,0.0,0.0,0.0,0,0,0,1.0,23.0,62,70.1814,1.2,0.0,21.0,,120.0,120.0,21.0,43.125,102.0,,,2021-05,2021-05,21,20.943511902982962,0.05648809701703783,0.05648809701703783,False
2021-05-23 22:00:00,20210523,23,25,24.5,False,True,False,False,False,True,True,22,7,1,0,0,0.0,7.0,0,0,5,0,0,0.0,1,0,1,0,0.0,0.0,0.0,0,0,0,1.3000000000000007,23.3,57,70.17018999999999,2.1,0.0,20.0,,112.0,112.0,20.0,43.125,102.0,,,2021-05,2021-05,23,20.69544527207523,2.3045547279247707,2.3045547279247707,False
2021-05-23 23:00:00,20210523,21,21,21.0,False,True,False,False,False,True,True,23,7,1,0,0,0.0,7.0,0,0,5,0,0,0.0,1,0,1,0,0.0,,0.0,0,0,0,0.5,22.5,57,69.07075,2.1,0.0,23.0,,101.0,101.0,23.0,43.125,102.0,,,2021-05,2021-05,21,21.369008843986332,-0.3690088439863324,0.3690088439863324,False
2021-05-26 00:00:00,20210526,58,62,69.5,False,False,False,False,False,True,True,0,3,0,0,0,0.0,3.0,0,0,5,140,140,4.948759890378168,0,19944,0,23,,159.0,,0,0,0,0.0,14.8,41,58.43232,1.9,0.0,58.0,62.0,67.0,63.75,58.0,122.5,163.0,42.083333333333336,97.0,2021-05,2021-05,58,52.3778810682468,5.622118931753199,5.622118931753199,False
2021-05-26 01:00:00,20210526,98,104,103.5,False,False,False,False,False,True,True,1,3,0,0,0,0.0,3.0,0,0,5,159,159,5.075173815233827,0,19944,0,23,140.0,268.0,19.0,0,0,0,0.0,13.1,51,56.232189999999996,1.2,0.0,99.0,89.0,98.0,98.0,99.0,122.5,163.0,42.083333333333336,97.0,2021-05,2021-05,98,97.99123455863077,0.00876544136923485,0.00876544136923485,False
2021-05-26 02:00:00,20210526,101,105,103.5,False,False,False,False,False,True,True,2,3,0,0,0,0.0,3.0,0,0,5,268,268,5.594711379601839,0,19944,0,23,159.0,228.0,109.0,0,0,0,0.0,12.3,61,54.96797,0.6,0.0,101.0,97.0,110.0,104.75,101.0,122.5,163.0,42.083333333333336,97.0,2021-05,2021-05,101,101.65692098775042,-0.656920987750425,0.656920987750425,False
2021-05-26 03:00:00,20210526,103,106,106.0,False,False,False,False,False,True,True,3,3,0,0,0,0.0,3.0,0,0,5,228,228,5.43372200355424,0,19944,0,23,268.0,78.0,-40.0,0,0,0,0.0,13.2,50,56.376,0.9,0.0,98.0,96.0,96.0,98.5,98.0,122.5,163.0,42.083333333333336,97.0,2021-05,2021-05,103,100.88779907994406,2.1122009200559404,2.1122009200559404,False
2021-05-26 04:00:00,20210526,100,104,105.0,False,False,False,False,False,True,True,4,3,0,0,0,0.0,3.0,0,0,5,78,78,4.3694478524670215,0,19944,0,23,228.0,123.0,-150.0,0,0,0,0.0,13.5,47,56.79555,1.3,0.0,104.0,94.0,107.0,104.5,104.0,122.5,163.0,42.083333333333336,97.0,2021-05,2021-05,100,100.71182708176529,-0.7118270817652927,0.7118270817652927,False
2021-05-26 05:00:00,20210526,94,119,110.0,False,False,False,False,False,True,True,5,3,0,0,0,0.0,3.0,0,0,5,123,123,4.820281565605037,0,19944,0,23,78.0,554.0,45.0,0,0,0,0.0,13.2,53,56.33904,0.2,0.0,89.0,79.0,92.0,87.75,89.0,122.5,163.0,42.083333333333336,97.0,2021-05,2021-05,94,88.48061998687866,5.519380013121335,5.519380013121335,False
2021-05-26 06:00:00,20210526,100,103,111.0,False,False,False,False,False,True,True,6,3,0,0,0,0.0,3.0,0,0,5,554,554,6.318968113746434,0,19944,0,23,123.0,1505.0,431.0,0,0,0,0.0,13.9,54,57.267939999999996,0.9,0.0,106.0,95.0,104.0,102.75,106.0,122.5,163.0,42.083333333333336,97.0,2021-05,2021-05,100,103.81945024583297,-3.819450245832968,3.819450245832968,False
2021-05-26 07:00:00,20210526,121,140,135.5,False,False,False,False,False,True,True,7,3,0,0,0,0.0,3.0,0,1,5,1505,800,7.317212408359839,0,19944,0,23,554.0,1027.0,951.0,0,0,0,0.0,14.8,51,58.46752,3.1,0.0,122.0,54.0,126.0,89.5,122.0,122.5,163.0,42.083333333333336,97.0,2021-05,2021-05,121,96.65884079045013,24.341159209549872,24.341159209549872,False
2021-05-26 08:00:00,20210526,155,165,161.5,False,False,False,False,False,True,True,8,3,0,0,0,0.0,3.0,2,0,5,1027,800,6.93537044601511,0,19944,0,23,1505.0,824.0,-478.0,0,0,0,0.0,17.3,53,61.81131,1.1,0.0,163.0,21.0,169.0,93.75,163.0,122.5,163.0,42.083333333333336,97.0,2021-05,2021-05,155,105.39557532922889,49.60442467077111,49.60442467077111,False
2021-05-26 09:00:00,20210526,154,160,159.5,False,False,False,False,False,True,True,9,3,0,0,0,0.0,3.0,2,0,5,824,800,6.715383386334681,0,19944,0,23,1027.0,2179.0,-203.0,0,0,0,0.0,19.2,37,63.593959999999996,1.6,0.0,153.0,23.0,160.0,91.0,153.0,122.5,163.0,42.083333333333336,97.0,2021-05,2021-05,154,105.69343429832901,48.30656570167099,48.30656570167099,False
2021-05-26 10:00:00,20210526,147,164,161.5,False,False,False,False,False,True,True,10,3,0,0,0,0.0,3.0,2,0,5,2179,800,7.687080155783135,0,19944,0,23,824.0,608.0,1355.0,0,0,0,0.0,21.2,34,65.74592,1.3,0.0,161.0,21.0,149.0,86.0,161.0,122.5,163.0,42.083333333333336,97.0,2021-05,2021-05,147,104.3030545552034,42.6969454447966,42.6969454447966,False
2021-05-26 11:00:00,20210526,157,166,163.0,False,False,False,False,False,True,True,11,3,0,0,0,0.0,3.0,2,0,5,608,608,6.411818267709897,0,19944,0,23,2179.0,12.0,-1571.0,0,0,0,0.10000000000000142,22.1,33,66.70206999999999,2.1,0.0,156.0,21.0,168.0,94.25,156.0,122.5,163.0,42.083333333333336,97.0,2021-05,2021-05,157,104.71297339669665,52.287026603303346,52.287026603303346,False
2021-05-26 12:00:00,20210526,91,118,128.0,False,False,False,False,False,True,True,12,3,0,0,0,0.0,3.0,1,1,5,12,12,2.5649493574615367,0,19944,0,23,608.0,2094.0,-596.0,0,0,0,0.6000000000000014,22.6,39,67.75486000000001,2.2,0.0,92.0,22.0,94.0,58.5,92.0,122.5,163.0,42.083333333333336,97.0,2021-05,2021-05,91,86.84880417243319,4.151195827566809,4.151195827566809,False
2021-05-26 13:00:00,20210526,157,166,163.5,False,False,False,False,False,True,True,13,3,0,0,0,0.0,3.0,2,0,5,2094,800,7.647308832356238,0,19944,0,23,12.0,2331.0,2082.0,0,0,0,1.1999999999999993,23.2,43,68.81924,1.8,0.0,151.0,21.0,178.0,96.25,151.0,122.5,163.0,42.083333333333336,97.0,2021-05,2021-05,157,104.03020094890394,52.96979905109606,52.96979905109606,False
2021-05-26 14:00:00,20210526,157,163,163.0,False,False,False,False,False,True,True,14,3,0,0,0,0.0,3.0,2,0,5,2331,800,7.754481547470383,0,19944,0,23,2094.0,1622.0,237.0,0,0,0,1.1000000000000014,23.1,39,68.35291,2.6,0.0,161.0,20.0,164.0,89.0,161.0,122.5,163.0,42.083333333333336,97.0,2021-05,2021-05,157,103.14617579424896,53.85382420575104,53.85382420575104,False
2021-05-26 15:00:00,20210526,145,160,155.0,False,False,False,False,False,True,True,15,3,0,0,0,0.0,3.0,2,0,5,1622,800,7.392031567514591,0,19944,0,23,2331.0,1630.0,-709.0,0,0,0,0.3999999999999986,22.4,30,66.8068,3.5,0.0,148.0,20.0,153.0,83.5,148.0,122.5,163.0,42.083333333333336,97.0,2021-05,2021-05,145,104.07810515862032,40.92189484137968,40.92189484137968,False
2021-05-26 16:00:00,20210526,137,144,152.0,False,False,False,False,False,True,True,16,3,0,0,0,0.0,3.0,2,0,5,1630,800,7.396948602621014,0,19944,0,23,1622.0,135.0,8.0,0,0,0,0.0,22.0,27,66.1396,3.3,0.0,151.0,23.0,159.0,85.5,151.0,122.5,163.0,42.083333333333336,97.0,2021-05,2021-05,137,104.23052194616098,32.76947805383902,32.76947805383902,False
2021-05-26 17:00:00,20210526,117,148,136.0,False,False,False,False,False,True,True,17,3,0,0,0,0.0,3.0,2,1,5,135,135,4.912654885736052,0,19944,0,23,1630.0,1712.0,-1495.0,0,0,0,0.0,21.6,28,65.77951999999999,2.9,0.0,112.0,21.0,131.0,74.75,112.0,122.5,163.0,42.083333333333336,97.0,2021-05,2021-05,117,97.42247020310971,19.57752979689029,19.57752979689029,False
2021-05-26 18:00:00,20210526,133,143,145.5,False,False,False,False,False,True,True,18,3,0,0,0,0.0,3.0,2,0,5,1712,800,7.44600149832412,0,19944,0,23,135.0,2100.0,1577.0,0,0,0,0.0,20.8,29,64.97268,4.4,0.0,141.0,21.0,157.0,86.75,141.0,122.5,163.0,42.083333333333336,97.0,2021-05,2021-05,133,103.81389066921099,29.18610933078901,29.18610933078901,False
2021-05-26 19:00:00,20210526,131,137,132.5,False,False,False,False,False,True,True,19,3,0,0,0,0.0,3.0,2,0,5,2100,800,7.650168700845001,0,19944,0,23,1712.0,8.0,388.0,0,0,0,0.0,20.0,29,64.095,4.0,0.0,130.0,23.0,125.0,71.5,130.0,122.5,163.0,42.083333333333336,97.0,2021-05,2021-05,131,102.1005802119884,28.8994197880116,28.8994197880116,False
2021-05-26 20:00:00,20210526,115,119,122.5,False,False,False,False,False,True,True,20,3,0,0,0,0.0,3.0,0,0,5,8,8,2.1972245773362196,0,19944,0,23,2100.0,226.0,-2092.0,0,0,0,0.0,19.6,42,64.31968,2.9,0.0,119.0,21.0,105.0,63.75,119.0,122.5,163.0,42.083333333333336,97.0,2021-05,2021-05,115,88.34723290992827,26.652767090071734,26.652767090071734,False
2021-05-26 21:00:00,20210526,104,107,106.5,False,False,False,False,False,True,True,21,3,0,0,0,0.0,3.0,0,0,5,226,226,5.424950017481403,0,19944,0,23,8.0,381.0,218.0,0,0,0,0.0,19.3,52,64.43263999999999,3.4,0.0,119.0,22.0,110.0,66.0,119.0,122.5,163.0,42.083333333333336,97.0,2021-05,2021-05,104,87.73630848739914,16.263691512600857,16.263691512600857,False
2021-05-26 22:00:00,20210526,97,102,99.5,False,False,False,False,False,True,True,22,3,0,0,0,0.0,3.0,0,0,5,381,381,5.945420608606575,0,19944,0,23,226.0,0.0,155.0,0,0,0,0.0,18.5,66,63.9349,3.5,0.0,106.0,23.0,102.0,62.5,106.0,122.5,163.0,42.083333333333336,97.0,2021-05,2021-05,97,89.91505031255245,7.084949687447548,7.084949687447548,False
2021-05-26 23:00:00,20210526,98,107,105.0,False,False,False,False,False,True,True,23,3,0,0,0,0.0,3.0,0,0,5,0,0,0.0,1,19944,0,23,381.0,,-381.0,0,0,0,0.0,16.8,71,61.56372,3.8,0.0,100.0,21.0,102.0,60.5,100.0,122.5,163.0,42.083333333333336,97.0,2021-05,2021-05,98,86.94483267665215,11.055167323347845,11.055167323347845,False
2021-05-29 00:00:00,20210529,61,67,75.0,False,False,False,False,False,True,True,0,6,1,0,0,0.0,6.0,0,0,5,32,32,3.4965075614664802,0,3071,0,8,,578.0,,0,0,0,0.0,13.2,98,55.784639999999996,0.7,0.0,61.0,59.0,54.0,61.0,61.0,121.54166666666667,167.0,43.125,102.0,2021-05,2021-05,61,45.38486697645788,15.615133023542121,15.615133023542121,False
2021-05-29 01:00:00,20210529,99,107,102.5,False,False,False,False,False,True,True,1,6,1,0,0,0.0,6.0,0,0,5,578,578,6.361302477572996,0,3071,0,8,32.0,111.0,546.0,0,0,0,0.0,13.4,98,56.140679999999996,1.5,0.0,100.0,101.0,96.0,102.0,100.0,121.54166666666667,167.0,43.125,102.0,2021-05,2021-05,99,102.726877647411,-3.7268776474110012,3.7268776474110012,False
2021-05-29 02:00:00,20210529,95,103,105.0,False,False,False,False,False,True,True,2,6,1,0,0,0.0,6.0,0,0,5,111,111,4.718498871295094,0,3071,0,8,578.0,216.0,-467.0,0,0,0,0.0,13.1,98,55.60661999999999,0.1,0.0,102.0,96.0,98.0,101.5,102.0,121.54166666666667,167.0,43.125,102.0,2021-05,2021-05,95,100.56988614925756,-5.569886149257556,5.569886149257556,False
2021-05-29 03:00:00,20210529,96,105,101.0,False,False,False,False,False,True,True,3,6,1,0,0,0.0,6.0,0,0,5,216,216,5.37989735354046,0,3071,0,8,111.0,230.0,105.0,0,0,0,0.0,13.4,98,56.140679999999996,1.0,0.0,99.0,99.0,93.0,98.75,99.0,121.54166666666667,167.0,43.125,102.0,2021-05,2021-05,96,95.13452891919911,0.8654710808008872,0.8654710808008872,False
2021-05-29 04:00:00,20210529,102,106,105.0,False,False,False,False,False,True,True,4,6,1,0,0,0.0,6.0,0,0,5,230,230,5.442417710521793,0,3071,0,8,216.0,6.0,14.0,0,0,0,0.0,12.1,98,53.82642,0.0,0.0,105.0,101.0,101.0,102.5,105.0,121.54166666666667,167.0,43.125,102.0,2021-05,2021-05,102,101.1937732946959,0.8062267053040983,0.8062267053040983,False
2021-05-29 05:00:00,20210529,88,101,97.0,False,False,False,False,False,True,True,5,6,1,0,0,0.0,6.0,0,0,5,6,6,1.9459101490553132,0,3071,0,8,230.0,368.0,-224.0,0,0,0,0.0,13.0,98,55.428599999999996,0.7,0.0,92.0,84.0,80.0,84.25,92.0,121.54166666666667,167.0,43.125,102.0,2021-05,2021-05,88,68.68826854080775,19.311731459192245,19.311731459192245,False
2021-05-29 06:00:00,20210529,100,105,104.0,False,False,False,False,False,True,True,6,6,1,0,0,0.0,6.0,0,0,5,368,368,5.910796644040527,0,3071,0,8,6.0,1530.0,362.0,0,0,0,0.0,15.1,95,59.147549999999995,0.7,0.0,109.0,102.0,98.0,101.25,109.0,121.54166666666667,167.0,43.125,102.0,2021-05,2021-05,100,103.24916987690682,-3.2491698769068194,3.2491698769068194,False
2021-05-29 07:00:00,20210529,65,84,87.0,False,False,False,False,False,True,True,7,6,1,0,0,0.0,6.0,0,1,5,1530,800,7.333676395657684,0,3071,0,8,368.0,0.0,1162.0,0,0,0,0.0,17.5,66,62.47149999999999,1.4,0.0,115.0,56.0,69.0,65.0,115.0,121.54166666666667,167.0,43.125,102.0,2021-05,2021-05,65,59.76814097420825,5.231859025791749,5.231859025791749,False
2021-05-29 08:00:00,20210529,23,26,28.5,False,False,False,False,False,True,True,8,6,1,0,0,0.0,6.0,2,0,5,0,0,0.0,1,3071,0,8,1530.0,0.0,-1530.0,0,0,0,0.0,18.4,62,63.631919999999994,1.8,0.0,164.0,20.0,22.0,22.25,164.0,121.54166666666667,167.0,43.125,102.0,2021-05,2021-05,23,23.22439349108724,-0.22439349108724116,0.22439349108724116,False
2021-05-29 09:00:00,20210529,21,21,21.0,False,False,False,False,False,True,True,9,6,1,0,0,0.0,6.0,2,0,5,0,0,0.0,1,3071,0,8,0.0,0.0,0.0,0,0,0,0.0,20.4,50,65.77199999999999,2.7,0.0,160.0,20.0,20.0,20.75,160.0,121.54166666666667,167.0,43.125,102.0,2021-05,2021-05,21,21.508453421098704,-0.5084534210987037,0.5084534210987037,False
2021-05-29 10:00:00,20210529,21,21,21.0,False,False,False,False,False,True,True,10,6,1,0,0,0.0,6.0,2,0,5,0,0,0.0,1,3071,0,8,0.0,0.0,0.0,0,0,0,0.0,21.5,46,66.9281,3.8,0.0,151.0,23.0,20.0,21.5,151.0,121.54166666666667,167.0,43.125,102.0,2021-05,2021-05,21,21.49050292651297,-0.49050292651297056,0.49050292651297056,False
2021-05-29 11:00:00,20210529,23,26,25.5,False,False,False,False,False,True,True,11,6,1,0,0,0.0,6.0,2,0,5,0,0,0.0,1,3071,0,8,0.0,0.0,0.0,0,0,0,1.1000000000000014,23.1,42,68.60998000000001,3.1,0.0,167.0,21.0,22.0,22.75,167.0,121.54166666666667,167.0,43.125,102.0,2021-05,2021-05,23,22.356452785185564,0.6435472148144363,0.6435472148144363,False
2021-05-29 12:00:00,20210529,21,21,21.0,False,False,False,False,False,True,True,12,6,1,0,0,0.0,6.0,1,1,5,0,0,0.0,1,3071,0,8,0.0,0.0,0.0,0,0,0,1.8999999999999986,23.9,38,69.21618,2.0,0.0,98.0,20.0,20.0,21.25,98.0,121.54166666666667,167.0,43.125,102.0,2021-05,2021-05,21,23.559877279094597,-2.5598772790945965,2.5598772790945965,False
2021-05-29 13:00:00,20210529,21,21,21.0,False,False,False,False,False,True,True,13,6,1,0,0,0.0,6.0,2,0,5,0,0,0.0,1,3071,0,8,0.0,0.0,0.0,0,0,0,3.1000000000000014,25.1,34,70.21766,2.6,0.0,162.0,22.0,19.0,21.0,162.0,121.54166666666667,167.0,43.125,102.0,2021-05,2021-05,21,23.532670901289524,-2.5326709012895243,2.5326709012895243,False
2021-05-29 14:00:00,20210529,23,26,24.0,False,False,False,False,False,True,True,14,6,1,0,0,0.0,6.0,2,0,5,0,0,0.0,1,3071,0,8,0.0,0.0,0.0,0,0,0,3.5,25.5,32,70.4574,3.6,0.0,151.0,21.0,21.0,21.5,151.0,121.54166666666667,167.0,43.125,102.0,2021-05,2021-05,23,23.460294016349206,-0.46029401634920575,0.46029401634920575,False
2021-05-29 15:00:00,20210529,22,23,24.5,False,False,False,False,False,True,True,15,6,1,0,0,0.0,6.0,2,0,5,0,0,0.0,1,3071,0,8,0.0,0.0,0.0,0,0,0,2.8999999999999986,24.9,32,69.78132,2.8,0.0,140.0,20.0,20.0,21.75,140.0,121.54166666666667,167.0,43.125,102.0,2021-05,2021-05,22,23.448954127192337,-1.4489541271923372,1.4489541271923372,False
2021-05-29 16:00:00,20210529,21,21,21.0,False,False,False,False,False,True,True,16,6,1,0,0,0.0,6.0,2,0,5,0,0,0.0,1,3071,0,8,0.0,0.0,0.0,0,0,0,2.0,24.0,46,70.0916,1.2,0.0,137.0,21.0,20.0,21.25,137.0,121.54166666666667,167.0,43.125,102.0,2021-05,2021-05,21,21.532437519147226,-0.5324375191472264,0.5324375191472264,False
2021-05-29 17:00:00,20210529,22,24,22.5,False,False,False,False,False,True,True,17,6,1,0,0,0.0,6.0,2,1,5,0,0,0.0,1,3071,0,8,0.0,0.0,0.0,0,0,0,0.6000000000000014,22.6,48,68.48152,0.7,0.0,125.0,22.0,20.0,21.25,125.0,121.54166666666667,167.0,43.125,102.0,2021-05,2021-05,22,21.558352648319527,0.44164735168047287,0.44164735168047287,False
2021-05-29 18:00:00,20210529,23,26,25.0,False,False,False,False,False,True,True,18,6,1,0,0,0.0,6.0,2,0,5,0,0,0.0,1,3071,0,8,0.0,0.0,0.0,0,0,0,0.0,21.8,56,68.03592,1.2,0.0,148.0,20.0,22.0,22.25,148.0,121.54166666666667,167.0,43.125,102.0,2021-05,2021-05,23,21.51353333972703,1.4864666602729706,1.4864666602729706,False
2021-05-29 19:00:00,20210529,21,21,21.0,False,False,False,False,False,True,True,19,6,1,0,0,0.0,6.0,2,0,5,0,0,0.0,1,3071,0,8,0.0,0.0,0.0,0,0,0,0.0,21.6,55,67.6922,2.2,0.0,117.0,20.0,20.0,20.75,117.0,121.54166666666667,167.0,43.125,102.0,2021-05,2021-05,21,21.540061517986743,-0.540061517986743,0.540061517986743,False
2021-05-29 20:00:00,20210529,21,21,21.0,False,False,False,False,False,True,True,20,6,1,0,0,0.0,6.0,0,0,5,0,0,0.0,1,3071,0,8,0.0,0.0,0.0,0,0,0,0.0,20.8,56,66.67152,1.8,0.0,105.0,23.0,20.0,21.5,105.0,121.54166666666667,167.0,43.125,102.0,2021-05,2021-05,21,22.00172254446601,-1.0017225444660092,1.0017225444660092,False
2021-05-29 21:00:00,20210529,23,26,25.5,False,False,False,False,False,True,True,21,6,1,0,0,0.0,6.0,0,0,5,0,0,0.0,1,3071,0,8,0.0,0.0,0.0,0,0,0,0.0,19.7,61,65.43083,1.8,0.0,111.0,21.0,23.0,23.25,111.0,121.54166666666667,167.0,43.125,102.0,2021-05,2021-05,23,22.466491540442732,0.5335084595572681,0.5335084595572681,False
2021-05-29 22:00:00,20210529,21,22,21.5,False,False,False,False,False,True,True,22,6,1,0,0,0.0,6.0,0,0,5,0,0,0.0,1,3071,0,8,0.0,0.0,0.0,0,0,0,0.0,19.0,64,64.57639999999999,2.0,0.0,103.0,20.0,21.0,21.25,103.0,121.54166666666667,167.0,43.125,102.0,2021-05,2021-05,21,21.90854176569513,-0.90854176569513,0.90854176569513,False
2021-05-29 23:00:00,20210529,21,21,21.0,False,False,False,False,False,True,True,23,6,1,0,0,0.0,6.0,0,0,5,0,0,0.0,1,3071,0,8,0.0,,0.0,0,0,0,0.0,17.6,72,62.805279999999996,1.9,0.0,95.0,23.0,20.0,21.75,95.0,121.54166666666667,167.0,43.125,102.0,2021-05,2021-05,21,21.88778665843113,-0.8877866584311285,0.8877866584311285,False
2021-05-31 00:00:00,20210531,21,21,23.0,False,False,False,False,False,True,True,0,1,0,0,1,1.0,1.0,0,0,5,0,0,0.0,1,17276,0,16,,0.0,,0,0,0,0.0,15.5,95,59.84775,0.6,0.0,,20.0,22.0,22.0,61.0,,,99.25,164.0,2021-05,2021-05,21,55.36456460406949,-34.36456460406949,34.36456460406949,False
2021-05-31 01:00:00,20210531,21,21,21.0,False,False,False,False,False,True,True,1,1,0,0,1,1.0,1.0,0,0,5,0,0,0.0,1,17276,0,16,0.0,0.0,0.0,0,0,0,0.0,15.3,98,59.52306,0.0,0.0,,23.0,20.0,21.75,99.0,,,99.25,164.0,2021-05,2021-05,21,61.067280426427764,-40.067280426427764,40.067280426427764,False
2021-05-31 02:00:00,20210531,21,22,21.5,False,False,False,False,False,True,True,2,1,0,0,1,1.0,1.0,0,0,5,0,0,0.0,1,17276,0,16,0.0,0.0,0.0,0,0,0,0.0,15.2,98,59.34504,0.3,0.0,,20.0,20.0,21.5,95.0,,,99.25,164.0,2021-05,2021-05,21,61.417213562187094,-40.417213562187094,40.417213562187094,False
2021-05-31 03:00:00,20210531,23,26,25.0,False,False,False,False,False,True,True,3,1,0,0,1,1.0,1.0,0,0,5,0,0,0.0,1,17276,0,16,0.0,0.0,0.0,0,0,0,0.0,15.5,98,59.8791,1.6,0.0,,20.0,22.0,22.0,96.0,,,99.25,164.0,2021-05,2021-05,23,60.90437998968755,-37.90437998968755,37.90437998968755,False
2021-05-31 04:00:00,20210531,21,21,21.5,False,False,False,False,False,True,True,4,1,0,0,1,1.0,1.0,0,0,5,0,0,0.0,1,17276,0,16,0.0,0.0,0.0,0,0,0,0.0,15.8,98,60.41316,1.1,0.0,,23.0,20.0,21.75,102.0,,,99.25,164.0,2021-05,2021-05,21,61.06119701142253,-40.06119701142253,40.06119701142253,False
2021-05-31 05:00:00,20210531,21,21,21.0,False,False,False,False,False,True,True,5,1,0,0,1,1.0,1.0,0,0,5,0,0,0.0,1,17276,0,16,0.0,0.0,0.0,0,0,0,0.0,16.1,98,60.94722,1.3,0.2,,20.0,20.0,21.25,88.0,,,99.25,164.0,2021-05,2021-05,21,60.794190931063554,-39.794190931063554,39.794190931063554,False
2021-05-31 06:00:00,20210531,24,26,25.5,False,False,False,False,False,True,True,6,1,0,0,1,1.0,1.0,0,0,5,0,0,0.0,1,17276,0,16,0.0,0.0,0.0,0,0,0,0.0,15.8,98,60.41316,0.9,0.6,,20.0,22.0,22.25,100.0,,,99.25,164.0,2021-05,2021-05,24,61.67425240285419,-37.67425240285419,37.67425240285419,False
2021-05-31 07:00:00,20210531,49,83,69.5,False,False,False,False,False,True,True,7,1,0,0,1,1.0,1.0,0,1,5,0,0,0.0,1,17276,0,16,0.0,697.0,0.0,0,0,0,0.0,15.6,98,60.05712,2.3,0.6,,54.0,50.0,56.75,65.0,,,99.25,164.0,2021-05,2021-05,49,65.91544261967842,-16.915442619678416,16.915442619678416,False
2021-05-31 08:00:00,20210531,160,171,170.0,False,False,False,False,False,True,True,8,1,0,0,1,1.0,1.0,2,0,5,697,697,6.548219102762372,0,17276,0,16,0.0,901.0,697.0,0,0,0,0.0,17.4,95,63.1737,1.7,0.6,,160.0,174.0,171.5,23.0,,,99.25,164.0,2021-05,2021-05,160,172.97934962487975,-12.979349624879745,12.979349624879745,False
2021-05-31 09:00:00,20210531,169,171,170.5,False,False,False,False,False,True,True,9,1,0,0,1,1.0,1.0,2,0,5,901,800,6.804614520062624,0,17276,0,16,697.0,1373.0,204.0,0,0,0,0.0,21.5,61,67.97585000000001,0.6,0.6,,163.0,160.0,162.75,21.0,,,99.25,164.0,2021-05,2021-05,169,165.26042991635416,3.7395700836458445,3.7395700836458445,False
2021-05-31 10:00:00,20210531,160,172,170.5,False,False,False,False,False,True,True,10,1,0,0,1,1.0,1.0,2,0,5,1373,800,7.2254814727822945,0,17276,0,16,901.0,1278.0,472.0,0,0,0,0.10000000000000142,22.1,62,68.89998,1.8,0.6,,155.0,164.0,156.25,21.0,,,99.25,164.0,2021-05,2021-05,160,159.77886680922117,0.2211331907788292,0.2211331907788292,False
2021-05-31 11:00:00,20210531,167,170,168.5,False,False,False,False,False,True,True,11,1,0,0,1,1.0,1.0,2,0,5,1278,800,7.153833801578843,0,17276,0,16,1373.0,246.0,-95.0,0,0,0,2.3999999999999986,24.4,47,70.69632,2.1,0.6,,164.0,169.0,167.75,23.0,,,99.25,164.0,2021-05,2021-05,167,166.456149976421,0.5438500235790116,0.5438500235790116,False
2021-05-31 12:00:00,20210531,104,119,142.5,False,False,False,False,False,True,True,12,1,0,0,1,1.0,1.0,1,1,5,246,246,5.5093883366279774,0,17276,0,16,1278.0,647.0,-1032.0,0,0,0,1.8000000000000007,23.8,48,70.02376,2.0,0.6,,104.0,104.0,105.0,21.0,,,99.25,164.0,2021-05,2021-05,104,100.02650237836401,3.9734976216359854,3.9734976216359854,False
2021-05-31 13:00:00,20210531,159,164,160.5,False,False,False,False,False,True,True,13,1,0,0,1,1.0,1.0,2,0,5,647,647,6.473890696352274,0,17276,0,16,246.0,806.0,401.0,0,0,0,2.6999999999999993,24.7,48,71.18044,2.0,0.6,,155.0,170.0,165.5,21.0,,,99.25,164.0,2021-05,2021-05,159,167.83757800391953,-8.837578003919532,8.837578003919532,False
2021-05-31 14:00:00,20210531,156,161,159.0,False,False,False,False,False,True,True,14,1,0,0,1,1.0,1.0,2,0,5,806,800,6.693323668269949,0,17276,0,16,647.0,2767.0,159.0,0,0,0,1.3000000000000007,23.3,52,69.73184,2.9,0.6,,159.0,163.0,160.75,23.0,,,99.25,164.0,2021-05,2021-05,156,163.55338583741226,-7.553385837412264,7.553385837412264,False
2021-05-31 15:00:00,20210531,142,154,152.5,False,False,False,False,False,True,True,15,1,0,0,1,1.0,1.0,2,0,5,2767,800,7.92588031673756,0,17276,0,16,806.0,2857.0,1961.0,0,0,0,1.1999999999999993,23.2,59,70.20612,2.7,0.6,,154.0,157.0,151.5,22.0,,,99.25,164.0,2021-05,2021-05,142,151.52669794383965,-9.52669794383965,9.52669794383965,False
2021-05-31 16:00:00,20210531,147,150,150.0,False,False,False,False,False,True,True,16,1,0,0,1,1.0,1.0,2,0,5,2857,800,7.957877358489813,0,17276,0,16,2767.0,705.0,90.0,0,0,0,0.0,21.5,51,67.27735,3.2,0.6,,147.0,161.0,152.0,21.0,,,99.25,164.0,2021-05,2021-05,147,143.30751398317105,3.6924860168289513,3.6924860168289513,False
2021-05-31 17:00:00,20210531,125,162,148.5,False,False,False,False,False,True,True,17,1,0,0,1,1.0,1.0,2,1,5,705,705,6.559615237493242,0,17276,0,16,2857.0,1370.0,-2152.0,0,0,0,0.0,20.8,55,66.6086,1.8,0.6,,129.0,138.0,128.5,22.0,,,99.25,164.0,2021-05,2021-05,125,126.93860460229621,-1.9386046022962091,1.9386046022962091,False
2021-05-31 18:00:00,20210531,157,168,165.0,False,False,False,False,False,True,True,18,1,0,0,1,1.0,1.0,2,0,5,1370,800,7.223295679562314,0,17276,0,16,705.0,3082.0,665.0,0,0,0,0.0,19.9,73,66.36173,2.8,0.6,,147.0,152.0,148.0,23.0,,,99.25,164.0,2021-05,2021-05,157,140.86592819326881,16.134071806731185,16.134071806731185,False
2021-05-31 19:00:00,20210531,146,158,154.0,False,False,False,False,False,True,True,19,1,0,0,1,1.0,1.0,2,0,5,3082,800,8.03365842788615,0,17276,0,16,1370.0,186.0,1712.0,0,0,0,0.0,18.7,86,65.07018,1.6,0.6,,130.0,128.0,130.5,21.0,,,99.25,164.0,2021-05,2021-05,146,127.74060936795088,18.25939063204912,18.25939063204912,False
2021-05-31 20:00:00,20210531,113,118,119.0,False,False,False,False,False,True,True,20,1,0,0,1,1.0,1.0,0,0,5,186,186,5.231108616854587,0,17276,0,16,3082.0,130.0,-2896.0,0,0,0,0.0,18.0,76,63.5552,1.0,0.6,,106.0,96.0,105.75,21.0,,,99.25,164.0,2021-05,2021-05,113,105.42905007162517,7.57094992837483,7.57094992837483,False
2021-05-31 21:00:00,20210531,113,121,118.5,False,False,False,False,False,True,True,21,1,0,0,1,1.0,1.0,0,0,5,130,130,4.875197323201151,0,17276,0,16,186.0,77.0,-56.0,0,0,0,0.0,17.1,78,62.201620000000005,0.4,0.6,,106.0,89.0,104.75,23.0,,,99.25,164.0,2021-05,2021-05,113,99.16775632912938,13.832243670870625,13.832243670870625,False
2021-05-31 22:00:00,20210531,103,107,107.0,False,False,False,False,False,True,True,22,1,0,0,1,1.0,1.0,0,0,5,77,77,4.356708826689592,0,17276,0,16,130.0,154.0,-53.0,0,0,0,0.0,17.0,89,62.32169999999999,0.5,0.6,,105.0,93.0,103.75,21.0,,,99.25,164.0,2021-05,2021-05,103,97.93962989341303,5.060370106586973,5.060370106586973,False
2021-05-31 23:00:00,20210531,99,110,109.5,False,False,False,False,False,True,True,23,1,0,0,1,1.0,1.0,0,0,5,154,154,5.043425116919247,0,17276,0,16,77.0,,77.0,0,0,0,0.0,16.6,95,61.7733,0.6,0.6,,98.0,87.0,96.25,21.0,,,99.25,164.0,2021-05,2021-05,99,92.505129583285,6.494870416715003,6.494870416715003,False
2021-06-20 00:00:00,20210620,22,22,22.0,False,True,False,False,False,True,True,0,7,1,0,0,0.0,7.0,0,0,6,0,0,0.0,1,0,1,0,,0.0,,0,0,0,0.0,19.3,88,66.16316,1.2,0.0,67.0,,,,67.0,46.375,115.0,,,2021-06,2021-06,22,23.15703599728218,-1.157035997282179,1.157035997282179,False
2021-06-20 01:00:00,20210620,24,27,25.5,False,True,False,False,False,True,True,1,7,1,0,0,0.0,7.0,0,0,6,0,0,0.0,1,0,1,0,0.0,0.0,0.0,0,0,0,0.0,18.6,88,64.98632,1.0,0.0,110.0,,,,110.0,46.375,115.0,,,2021-06,2021-06,24,23.04489070975696,0.9551092902430405,0.9551092902430405,False
2021-06-20 02:00:00,20210620,22,22,22.0,False,True,False,False,False,True,True,2,7,1,0,0,0.0,7.0,0,0,6,0,0,0.0,1,0,1,0,0.0,0.0,0.0,0,0,0,0.0,18.4,90,64.7284,0.1,0.0,115.0,,,,115.0,46.375,115.0,,,2021-06,2021-06,22,23.1189175437282,-1.1189175437282017,1.1189175437282017,False
2021-06-20 03:00:00,20210620,22,22,22.0,False,True,False,False,False,True,True,3,7,1,0,0,0.0,7.0,0,0,6,0,0,0.0,1,0,1,0,0.0,0.0,0.0,0,0,0,0.0,18.2,94,64.53692,0.9,0.0,100.0,,,,100.0,46.375,115.0,,,2021-06,2021-06,22,23.197312303953506,-1.197312303953506,1.197312303953506,False
2021-06-20 04:00:00,20210620,24,27,25.0,False,True,False,False,False,True,True,4,7,1,0,0,0.0,7.0,0,0,6,0,0,0.0,1,0,1,0,0.0,0.0,0.0,0,0,0,0.0,17.5,95,63.348749999999995,0.5,0.0,109.0,,,,109.0,46.375,115.0,,,2021-06,2021-06,24,23.082599410668156,0.9174005893318444,0.9174005893318444,False
2021-06-20 05:00:00,20210620,23,26,26.5,False,True,False,False,False,True,True,5,7,1,0,0,0.0,7.0,0,0,6,0,0,0.0,1,0,1,0,0.0,0.0,0.0,0,0,0,0.0,18.0,94,64.1888,0.7,0.0,88.0,,,,88.0,46.375,115.0,,,2021-06,2021-06,23,22.936117175129343,0.06388282487065666,0.06388282487065666,False
2021-06-20 06:00:00,20210620,22,22,22.0,False,True,False,False,False,True,True,6,7,1,0,0,0.0,7.0,0,0,6,0,0,0.0,1,0,1,0,0.0,0.0,0.0,0,0,0,0.0,20.1,86,67.39614,1.3,0.0,103.0,,,,103.0,46.375,115.0,,,2021-06,2021-06,22,22.795652783287963,-0.795652783287963,0.795652783287963,False
2021-06-20 07:00:00,20210620,22,22,22.0,False,True,False,False,False,True,True,7,7,1,0,0,0.0,7.0,0,1,6,0,0,0.0,1,0,1,0,0.0,0.0,0.0,0,0,0,0.0,21.8,79,69.71078,1.6,0.0,57.0,,,,57.0,46.375,115.0,,,2021-06,2021-06,22,22.879263646219908,-0.8792636462199077,0.8792636462199077,False
2021-06-20 08:00:00,20210620,24,26,25.0,False,True,False,False,False,True,True,8,7,1,0,0,0.0,7.0,2,0,6,0,0,0.0,1,0,1,0,0.0,0.0,0.0,0,0,0,1.5,23.5,70,71.6105,1.1,0.0,23.0,,,,23.0,46.375,115.0,,,2021-06,2021-06,24,22.62762776274433,1.3723722372556715,1.3723722372556715,False
2021-06-20 09:00:00,20210620,22,22,22.0,False,True,False,False,False,True,True,9,7,1,0,0,0.0,7.0,2,0,6,0,0,0.0,1,0,1,0,0.0,0.0,0.0,0,0,0,3.5,25.5,61,73.63145,1.0,0.0,22.0,,,,22.0,46.375,115.0,,,2021-06,2021-06,22,23.17581407432573,-1.1758140743257286,1.1758140743257286,False
2021-06-20 10:00:00,20210620,22,22,22.0,False,True,False,False,False,True,True,10,7,1,0,0,0.0,7.0,2,0,6,0,0,0.0,1,0,1,0,0.0,0.0,0.0,0,0,0,3.8999999999999986,25.9,67,74.87746999999999,1.6,0.0,22.0,,,,22.0,46.375,115.0,,,2021-06,2021-06,22,23.231463700721047,-1.2314637007210472,1.2314637007210472,False
2021-06-20 11:00:00,20210620,24,27,26.0,False,True,False,False,False,True,True,11,7,1,0,0,0.0,7.0,2,0,6,0,0,0.0,1,0,1,0,0.0,0.0,0.0,0,0,0,4.899999999999999,26.9,63,75.85753,2.0,0.0,24.0,,,,24.0,46.375,115.0,,,2021-06,2021-06,24,23.229343437098535,0.7706565629014648,0.7706565629014648,False
2021-06-20 12:00:00,20210620,22,22,23.5,False,True,False,False,False,True,True,12,7,1,0,0,0.0,7.0,1,1,6,0,0,0.0,1,0,1,0,0.0,0.0,0.0,0,0,0,4.800000000000001,26.8,64,75.83648,2.2,0.0,22.0,,,,22.0,46.375,115.0,,,2021-06,2021-06,22,23.08661095055982,-1.0866109505598196,1.0866109505598196,False
2021-06-20 13:00:00,20210620,22,23,22.5,False,True,False,False,False,True,True,13,7,1,0,0,0.0,7.0,2,0,6,0,0,0.0,1,0,1,0,0.0,0.0,0.0,0,0,0,4.199999999999999,26.2,62,74.73756,2.3,0.0,22.0,,,,22.0,46.375,115.0,,,2021-06,2021-06,22,23.09388369567159,-1.0938836956715896,1.0938836956715896,False
2021-06-20 14:00:00,20210620,23,24,23.5,False,True,False,False,False,True,True,14,7,1,0,0,0.0,7.0,2,0,6,0,0,0.0,1,0,1,0,0.0,0.0,0.0,0,0,0,5.0,27.0,67,76.4981,1.9,0.0,25.0,,,,25.0,46.375,115.0,,,2021-06,2021-06,23,23.15285604774246,-0.15285604774246053,0.15285604774246053,False
2021-06-20 15:00:00,20210620,25,28,26.0,False,True,False,False,False,True,True,15,7,1,0,0,0.0,7.0,2,0,6,0,0,0.0,1,0,1,0,0.0,0.0,0.0,0,0,0,5.600000000000001,27.6,61,76.60064,1.8,0.0,22.0,,,,22.0,46.375,115.0,,,2021-06,2021-06,25,23.037769451140516,1.962230548859484,1.962230548859484,False
2021-06-20 16:00:00,20210620,23,24,24.0,False,True,False,False,False,True,True,16,7,1,0,0,0.0,7.0,2,0,6,0,0,0.0,1,0,1,0,0.0,0.0,0.0,0,0,0,6.0,28.0,58,76.7636,1.7,0.0,22.0,,,,22.0,46.375,115.0,,,2021-06,2021-06,23,23.035483076124084,-0.03548307612408408,0.03548307612408408,False
2021-06-20 17:00:00,20210620,23,24,24.0,False,True,False,False,False,True,True,17,7,1,0,0,0.0,7.0,2,1,6,0,0,0.0,1,0,1,0,0.0,0.0,0.0,0,0,0,5.600000000000001,27.6,58,76.20992,1.2,0.0,23.0,,,,23.0,46.375,115.0,,,2021-06,2021-06,23,23.082114840475338,-0.08211484047533801,0.08211484047533801,False
2021-06-20 18:00:00,20210620,24,26,26.0,False,True,False,False,False,True,True,18,7,1,0,0,0.0,7.0,2,0,6,0,0,0.0,1,0,1,0,0.0,0.0,0.0,0,0,0,3.8999999999999986,25.9,63,74.42383,1.2,0.0,24.0,,,,24.0,46.375,115.0,,,2021-06,2021-06,24,23.07308469283947,0.9269153071605309,0.9269153071605309,False
2021-06-20 19:00:00,20210620,23,23,23.0,False,True,False,False,False,True,True,19,7,1,0,0,0.0,7.0,2,0,6,0,0,0.0,1,0,1,0,0.0,0.0,0.0,0,0,0,1.6999999999999993,23.7,76,72.46088,0.7,0.0,22.0,,,,22.0,46.375,115.0,,,2021-06,2021-06,23,22.74563229224597,0.2543677077540316,0.2543677077540316,False
2021-06-20 20:00:00,20210620,22,22,22.0,False,True,False,False,False,True,True,20,7,1,0,0,0.0,7.0,0,0,6,0,0,0.0,1,0,1,0,0.0,0.0,0.0,0,0,0,0.5,22.5,84,71.22399999999999,1.2,0.0,22.0,,,,22.0,46.375,115.0,,,2021-06,2021-06,22,22.87535531853017,-0.8753553185301683,0.8753553185301683,False
2021-06-20 21:00:00,20210620,25,27,26.5,False,True,False,False,False,True,True,21,7,1,0,0,0.0,7.0,0,0,6,0,0,0.0,1,0,1,0,0.0,0.0,0.0,0,0,0,0.0,22.0,86,70.55279999999999,0.0,0.0,24.0,,,,24.0,46.375,115.0,,,2021-06,2021-06,25,22.956625304320507,2.0433746956794927,2.0433746956794927,False
2021-06-20 22:00:00,20210620,23,23,25.0,False,True,False,False,False,True,True,22,7,1,0,0,0.0,7.0,0,0,6,0,0,0.0,1,0,1,0,0.0,0.0,0.0,0,0,0,0.0,21.7,87,70.12621,0.2,0.0,23.0,,,,23.0,46.375,115.0,,,2021-06,2021-06,23,22.91261819371716,0.08738180628283843,0.08738180628283843,False
2021-06-20 23:00:00,20210620,23,23,22.5,False,True,False,False,False,True,True,23,7,1,0,0,0.0,7.0,0,0,6,0,0,0.0,1,0,1,0,0.0,,0.0,0,0,0,0.0,21.1,90,69.3211,0.1,0.0,22.0,,,,22.0,46.375,115.0,,,2021-06,2021-06,23,24.255704149447116,-1.2557041494471157,1.2557041494471157,False
2021-06-27 00:00:00,20210627,23,23,25.0,False,True,False,False,False,True,True,0,7,1,0,0,0.0,7.0,0,0,6,0,0,0.0,1,0,1,0,,0.0,,0,0,0,0.0,19.6,89,66.71856,1.8,0.0,71.0,,,,71.0,50.25,125.0,,,2021-06,2021-06,23,23.18530190030833,-0.18530190030832827,0.18530190030832827,False
2021-06-27 01:00:00,20210627,23,23,23.0,False,True,False,False,False,True,True,1,7,1,0,0,0.0,7.0,0,0,6,0,0,0.0,1,0,1,0,0.0,0.0,0.0,0,0,0,0.0,19.3,88,66.16316,1.6,0.0,116.0,,,,116.0,50.25,125.0,,,2021-06,2021-06,23,22.98809183905584,0.011908160944159363,0.011908160944159363,False
2021-06-27 02:00:00,20210627,24,24,24.0,False,True,False,False,False,True,True,2,7,1,0,0,0.0,7.0,0,0,6,0,0,0.0,1,0,1,0,0.0,0.0,0.0,0,0,0,0.0,19.0,91,65.7941,0.6,0.0,111.0,,,,111.0,50.25,125.0,,,2021-06,2021-06,24,23.10629377304277,0.8937062269572316,0.8937062269572316,False
2021-06-27 03:00:00,20210627,25,27,25.5,False,True,False,False,False,True,True,3,7,1,0,0,0.0,7.0,0,0,6,0,0,0.0,1,0,1,0,0.0,0.0,0.0,0,0,0,0.0,18.2,95,64.5741,0.7,0.0,109.0,,,,109.0,50.25,125.0,,,2021-06,2021-06,25,23.135401895375207,1.8645981046247933,1.8645981046247933,False
2021-06-27 04:00:00,20210627,23,23,23.0,False,True,False,False,False,True,True,4,7,1,0,0,0.0,7.0,0,0,6,0,0,0.0,1,0,1,0,0.0,0.0,0.0,0,0,0,0.0,18.4,97,65.00251999999999,1.9,0.0,125.0,,,,125.0,50.25,125.0,,,2021-06,2021-06,23,23.069543720172998,-0.06954372017299804,0.06954372017299804,False
2021-06-27 05:00:00,20210627,23,24,23.5,False,True,False,False,False,True,True,5,7,1,0,0,0.0,7.0,0,0,6,0,0,0.0,1,0,1,0,0.0,0.0,0.0,0,0,0,0.0,18.6,98,65.39771999999999,0.4,0.0,97.0,,,,97.0,50.25,125.0,,,2021-06,2021-06,23,22.82628881096026,0.17371118903973937,0.17371118903973937,False
2021-06-27 06:00:00,20210627,25,27,25.5,False,True,False,False,False,True,True,6,7,1,0,0,0.0,7.0,0,0,6,0,0,0.0,1,0,1,0,0.0,0.0,0.0,0,0,0,0.0,20.6,91,68.53154,1.1,0.0,118.0,,,,118.0,50.25,125.0,,,2021-06,2021-06,25,22.87996933502646,2.120030664973541,2.120030664973541,False
2021-06-27 07:00:00,20210627,23,23,23.5,False,True,False,False,False,True,True,7,7,1,0,0,0.0,7.0,0,1,6,0,0,0.0,1,0,1,0,0.0,0.0,0.0,0,0,0,0.0,22.0,85,70.478,2.6,0.0,71.0,,,,71.0,50.25,125.0,,,2021-06,2021-06,23,22.950378674018083,0.04962132598191715,0.04962132598191715,False
2021-06-27 08:00:00,20210627,24,26,24.5,False,True,False,False,False,True,True,8,7,1,0,0,0.0,7.0,2,0,6,0,0,0.0,1,0,1,0,0.0,0.0,0.0,0,0,0,2.1999999999999993,24.2,72,72.85576,1.7,0.0,23.0,,,,23.0,50.25,125.0,,,2021-06,2021-06,24,23.155734958117932,0.8442650418820676,0.8442650418820676,False
2021-06-27 09:00:00,20210627,26,28,27.0,False,True,False,False,False,True,True,9,7,1,0,0,0.0,7.0,2,0,6,0,0,0.0,1,0,1,0,0.0,0.0,0.0,0,0,0,3.6999999999999993,25.7,61,73.91423,3.2,0.0,23.0,,,,23.0,50.25,125.0,,,2021-06,2021-06,26,23.133529228806495,2.866470771193505,2.866470771193505,False
2021-06-27 10:00:00,20210627,24,24,24.0,False,True,False,False,False,True,True,10,7,1,0,0,0.0,7.0,2,0,6,0,0,0.0,1,0,1,0,0.0,0.0,0.0,0,0,0,3.8999999999999986,25.9,56,73.62996,3.6,0.0,26.0,,,,26.0,50.25,125.0,,,2021-06,2021-06,24,23.140679561569815,0.8593204384301849,0.8593204384301849,False
2021-06-27 11:00:00,20210627,24,24,24.0,False,True,False,False,False,True,True,11,7,1,0,0,0.0,7.0,2,0,6,0,0,0.0,1,0,1,0,0.0,0.0,0.0,0,0,0,4.0,26.0,61,74.33840000000001,3.5,0.0,24.0,,,,24.0,50.25,125.0,,,2021-06,2021-06,24,23.236984778785104,0.7630152212148964,0.7630152212148964,False
2021-06-27 12:00:00,20210627,26,31,29.0,False,True,False,False,False,True,True,12,7,1,0,0,0.0,7.0,1,1,6,0,0,0.0,1,0,1,0,0.0,0.0,0.0,0,0,0,3.6000000000000014,25.6,64,74.10416000000001,3.8,0.0,24.0,,,,24.0,50.25,125.0,,,2021-06,2021-06,26,23.110267129008406,2.889732870991594,2.889732870991594,False
2021-06-27 13:00:00,20210627,24,24,24.0,False,True,False,False,False,True,True,13,7,1,0,0,0.0,7.0,2,0,6,0,0,0.0,1,0,1,0,0.0,0.0,0.0,0,0,0,3.6000000000000014,25.6,64,74.10416000000001,3.7,0.0,25.0,,,,25.0,50.25,125.0,,,2021-06,2021-06,24,23.14185821232071,0.8581417876792905,0.8581417876792905,False
2021-06-27 14:00:00,20210627,24,24,24.0,False,True,False,False,False,True,True,14,7,1,0,0,0.0,7.0,2,0,6,0,0,0.0,1,0,1,0,0.0,0.0,0.0,0,0,0,3.6999999999999993,25.7,68,74.69424,3.8,0.0,24.0,,,,24.0,50.25,125.0,,,2021-06,2021-06,24,23.21614823852238,0.7838517614776208,0.7838517614776208,False
2021-06-27 15:00:00,20210627,26,29,28.5,False,True,False,False,False,True,True,15,7,1,0,0,0.0,7.0,2,0,6,0,0,0.0,1,0,1,0,0.0,0.0,0.0,0,0,0,3.1000000000000014,25.1,70,74.0153,2.8,0.0,23.0,,,,23.0,50.25,125.0,,,2021-06,2021-06,26,23.155470036610463,2.8445299633895367,2.8445299633895367,False
2021-06-27 16:00:00,20210627,24,24,24.0,False,True,False,False,False,True,True,16,7,1,0,0,0.0,7.0,2,0,6,0,0,0.0,1,0,1,0,0.0,0.0,0.0,0,0,0,2.8999999999999986,24.9,71,73.81821,2.7,0.0,23.0,,,,23.0,50.25,125.0,,,2021-06,2021-06,24,23.147775528355055,0.852224471644945,0.852224471644945,False
2021-06-27 17:00:00,20210627,24,24,24.0,False,True,False,False,False,True,True,17,7,1,0,0,0.0,7.0,2,1,6,0,0,0.0,1,0,1,0,0.0,0.0,0.0,0,0,0,1.8999999999999986,23.9,73,72.49252999999999,2.9,0.0,26.0,,,,26.0,50.25,125.0,,,2021-06,2021-06,24,23.047450051672822,0.952549948327178,0.952549948327178,False
2021-06-27 18:00:00,20210627,26,28,27.0,False,True,False,False,False,True,True,18,7,1,0,0,0.0,7.0,2,0,6,0,0,0.0,1,0,1,0,0.0,0.0,0.0,0,0,0,0.8999999999999986,22.9,76,71.21096,2.6,0.0,24.0,,,,24.0,50.25,125.0,,,2021-06,2021-06,26,22.73028598415871,3.2697140158412914,3.2697140158412914,False
2021-06-27 19:00:00,20210627,24,25,26.5,False,True,False,False,False,True,True,19,7,1,0,0,0.0,7.0,2,0,6,0,0,0.0,1,0,1,0,0.0,0.0,0.0,0,0,0,0.3000000000000007,22.3,84,70.89568,2.8,0.0,24.0,,,,24.0,50.25,125.0,,,2021-06,2021-06,24,22.864229079354974,1.135770920645026,1.135770920645026,False
2021-06-27 20:00:00,20210627,24,24,24.0,False,True,False,False,False,True,True,20,7,1,0,0,0.0,7.0,0,0,6,0,0,0.0,1,0,1,0,0.0,0.0,0.0,0,0,0,0.3999999999999986,22.4,84,71.05984,2.1,0.0,25.0,,,,25.0,50.25,125.0,,,2021-06,2021-06,24,22.886636135954188,1.1133638640458123,1.1133638640458123,False
2021-06-27 21:00:00,20210627,24,24,24.0,False,True,False,False,False,True,True,21,7,1,0,0,0.0,7.0,0,0,6,0,0,0.0,1,0,1,0,0.0,0.0,0.0,0,0,0,0.0,21.9,87,70.46046999999999,1.0,0.0,24.0,,,,24.0,50.25,125.0,,,2021-06,2021-06,24,23.036435546429686,0.9635644535703136,0.9635644535703136,False
2021-06-27 22:00:00,20210627,26,29,28.0,False,True,False,False,False,True,True,22,7,1,0,0,0.0,7.0,0,0,6,0,0,0.0,1,0,1,0,0.0,0.0,0.0,0,0,0,0.0,21.9,88,70.53428,1.0,0.0,24.0,,,,24.0,50.25,125.0,,,2021-06,2021-06,26,23.012548059881883,2.9874519401181168,2.9874519401181168,False
2021-06-27 23:00:00,20210627,24,24,24.0,False,True,False,False,False,True,True,23,7,1,0,0,0.0,7.0,0,0,6,0,0,0.0,1,0,1,0,0.0,,0.0,0,0,0,0.0,22.0,88,70.7024,0.9,0.0,26.0,,,,26.0,50.25,125.0,,,2021-06,2021-06,24,24.212397967482488,-0.21239796748248807,0.21239796748248807,False
2021-07-01 00:00:00,20210701,68,69,73.0,False,False,False,False,False,True,True,0,4,0,0,0,0.0,4.0,0,0,7,76,76,4.343805421853684,0,18353,0,24,,44.0,,0,0,0,0.0,19.9,96,67.60396,1.3,0.0,67.0,70.0,72.0,68.25,67.0,131.79166666666666,180.0,135.83333333333334,182.0,2021-07,2021-07,68,73.54237007851226,-5.542370078512263,5.542370078512263,False
2021-07-01 01:00:00,20210701,104,115,112.5,False,False,False,False,False,True,True,1,4,0,0,0,0.0,4.0,0,0,7,44,44,3.8066624897703196,0,18353,0,24,76.0,240.0,-32.0,0,0,0,0.0,19.6,96,67.07584,0.4,0.0,104.0,111.0,107.0,106.5,104.0,131.79166666666666,180.0,135.83333333333334,182.0,2021-07,2021-07,104,109.42577514825882,-5.425775148258822,5.425775148258822,False
2021-07-01 02:00:00,20210701,113,116,115.5,False,False,False,False,False,True,True,2,4,0,0,0,0.0,4.0,0,0,7,240,240,5.484796933490655,0,18353,0,24,44.0,402.0,196.0,0,0,0,0.0,19.3,97,66.59579,1.0,0.0,110.0,118.0,112.0,111.75,110.0,131.79166666666666,180.0,135.83333333333334,182.0,2021-07,2021-07,113,113.52357929470969,-0.5235792947096911,0.5235792947096911,False
2021-07-01 03:00:00,20210701,107,112,111.5,False,False,False,False,False,True,True,3,4,0,0,0,0.0,4.0,0,0,7,402,402,5.998936561946683,0,18353,0,24,240.0,185.0,162.0,0,0,0,0.0,19.3,98,66.64385999999999,1.8,0.0,112.0,117.0,116.0,109.25,112.0,131.79166666666666,180.0,135.83333333333334,182.0,2021-07,2021-07,107,112.80049121617505,-5.800491216175047,5.800491216175047,False
2021-07-01 04:00:00,20210701,104,111,111.0,False,False,False,False,False,True,True,4,4,0,0,0,0.0,4.0,0,0,7,185,185,5.225746673713202,0,18353,0,24,402.0,174.0,-217.0,0,0,0,0.0,19.5,97,66.94985,1.7,0.0,109.0,116.0,113.0,110.25,109.0,131.79166666666666,180.0,135.83333333333334,182.0,2021-07,2021-07,104,112.5518286985021,-8.551828698502106,8.551828698502106,False
2021-07-01 05:00:00,20210701,93,114,106.5,False,False,False,False,False,True,True,5,4,0,0,0,0.0,4.0,0,0,7,174,174,5.1647859739235145,0,18353,0,24,185.0,23.0,-11.0,0,0,0,0.0,20.0,95,67.725,0.3,0.0,98.0,101.0,97.0,95.0,98.0,131.79166666666666,180.0,135.83333333333334,182.0,2021-07,2021-07,93,102.62470089832105,-9.624700898321052,9.624700898321052,False
2021-07-01 06:00:00,20210701,110,115,113.5,False,False,False,False,False,True,True,6,4,0,0,0,0.0,4.0,0,0,7,23,23,3.1780538303479458,0,18353,0,24,174.0,752.0,-151.0,0,0,0,0.0,21.1,91,69.38699,1.6,0.0,114.0,118.0,121.0,113.75,114.0,131.79166666666666,180.0,135.83333333333334,182.0,2021-07,2021-07,110,115.03884204162989,-5.038842041629891,5.038842041629891,False
2021-07-01 07:00:00,20210701,129,148,143.0,False,False,False,False,False,True,True,7,4,0,0,0,0.0,4.0,0,1,7,752,752,6.6240652277998935,0,18353,0,24,23.0,676.0,729.0,0,0,0,0.8999999999999986,22.9,81,71.62951,1.9,0.0,132.0,149.0,141.0,134.5,132.0,131.79166666666666,180.0,135.83333333333334,182.0,2021-07,2021-07,129,140.9081173836955,-11.908117383695497,11.908117383695497,False
2021-07-01 08:00:00,20210701,182,194,192.0,False,False,False,False,False,True,True,8,4,0,0,0,0.0,4.0,2,0,7,676,676,6.517671272912275,0,18353,0,24,752.0,1028.0,-76.0,0,0,0,1.8000000000000007,23.8,76,72.61712,1.7,0.0,180.0,182.0,190.0,174.25,180.0,131.79166666666666,180.0,135.83333333333334,182.0,2021-07,2021-07,182,173.12990833527533,8.870091664724669,8.870091664724669,True
2021-07-01 09:00:00,20210701,178,184,183.5,False,False,False,False,False,True,True,9,4,0,0,0,0.0,4.0,2,0,7,1028,800,6.9363427358340495,0,18353,0,24,676.0,2373.0,352.0,0,0,0,2.3999999999999986,24.4,77,73.65312,2.7,0.0,179.0,162.0,180.0,169.5,179.0,131.79166666666666,180.0,135.83333333333334,182.0,2021-07,2021-07,178,173.64267609026297,4.357323909737033,4.357323909737033,True
2021-07-01 10:00:00,20210701,172,185,182.0,False,False,False,False,False,True,True,10,4,0,0,0,0.0,4.0,2,0,7,2373,800,7.772331575169614,0,18353,0,24,1028.0,992.0,1345.0,0,0,0,4.0,26.0,73,75.71119999999999,2.7,0.0,159.0,154.0,166.0,160.0,159.0,131.79166666666666,180.0,135.83333333333334,182.0,2021-07,2021-07,172,167.04763088797105,4.952369112028947,4.952369112028947,True
2021-07-01 11:00:00,20210701,188,190,189.0,False,False,False,False,False,True,True,11,4,0,0,0,0.0,4.0,2,0,7,992,800,6.900730664045173,0,18353,0,24,2373.0,340.0,-1381.0,0,0,0,3.8000000000000007,25.8,75,75.62950000000001,2.1,0.0,144.0,164.0,183.0,167.5,144.0,131.79166666666666,180.0,135.83333333333334,182.0,2021-07,2021-07,188,172.7683375836817,15.2316624163183,15.2316624163183,True
2021-07-01 12:00:00,20210701,111,115,151.0,False,False,False,False,False,True,True,12,4,0,0,0,0.0,4.0,1,1,7,340,340,5.831882477283517,0,18353,0,24,992.0,474.0,-652.0,0,0,0,5.300000000000001,27.3,69,77.19463,2.8,0.0,108.0,105.0,103.0,105.25,108.0,131.79166666666666,180.0,135.83333333333334,182.0,2021-07,2021-07,111,110.95373593894665,0.04626406105334979,0.04626406105334979,False
2021-07-01 13:00:00,20210701,190,206,200.0,False,False,False,False,False,True,True,13,4,0,0,0,0.0,4.0,2,0,7,474,474,6.163314804034641,0,18353,0,24,340.0,3036.0,134.0,0,0,0,4.399999999999999,26.4,70,75.9692,3.9,0.0,167.0,171.0,183.0,166.25,167.0,131.79166666666666,180.0,135.83333333333334,182.0,2021-07,2021-07,190,172.1828232539524,17.817176746047608,17.817176746047608,True
2021-07-01 14:00:00,20210701,187,192,198.5,False,False,False,False,False,True,True,14,4,0,0,0,0.0,4.0,2,0,7,3036,800,8.01862546504575,0,18353,0,24,474.0,354.0,2562.0,0,0,0,5.100000000000001,27.1,68,76.77072000000001,3.3,0.0,166.0,163.0,179.0,165.75,166.0,131.79166666666666,180.0,135.83333333333334,182.0,2021-07,2021-07,187,169.90755289847175,17.09244710152825,17.09244710152825,True
2021-07-01 15:00:00,20210701,164,197,188.0,False,False,False,False,False,True,True,15,4,0,0,0,0.0,4.0,2,0,7,354,354,5.872117789475416,0,18353,0,24,3036.0,1794.0,-2682.0,0,0,0,4.399999999999999,26.4,71,76.08756,2.9,0.0,164.0,150.0,170.0,155.75,164.0,131.79166666666666,180.0,135.83333333333334,182.0,2021-07,2021-07,164,156.10432819673238,7.895671803267618,7.895671803267618,False
2021-07-01 16:00:00,20210701,170,188,192.5,False,False,False,False,False,True,True,16,4,0,0,0,0.0,4.0,2,0,7,1794,800,7.492760300922379,0,18353,0,24,354.0,1125.0,1440.0,0,0,0,3.1000000000000014,25.1,76,74.64824,3.3,0.0,161.0,162.0,169.0,161.0,161.0,131.79166666666666,180.0,135.83333333333334,182.0,2021-07,2021-07,170,162.64877151626914,7.351228483730864,7.351228483730864,False
2021-07-01 17:00:00,20210701,135,160,153.0,False,False,False,False,False,True,True,17,4,0,0,0,0.0,4.0,2,1,7,1125,800,7.026426808699636,0,18353,0,24,1794.0,1767.0,-669.0,0,0,0,2.6000000000000014,24.6,76,73.86704,1.7,0.0,156.0,135.0,138.0,133.75,156.0,131.79166666666666,180.0,135.83333333333334,182.0,2021-07,2021-07,135,135.744827338068,-0.7448273380680064,0.7448273380680064,False
2021-07-01 18:00:00,20210701,157,164,164.0,False,False,False,False,False,True,True,18,4,0,0,0,0.0,4.0,2,0,7,1767,800,7.477604243197589,0,18353,0,24,1125.0,2064.0,642.0,0,0,0,1.8000000000000007,23.8,75,72.5245,1.7,0.0,160.0,150.0,170.0,143.5,160.0,131.79166666666666,180.0,135.83333333333334,182.0,2021-07,2021-07,157,152.38619612834634,4.6138038716536585,4.6138038716536585,False
2021-07-01 19:00:00,20210701,163,171,168.0,False,False,False,False,False,True,True,19,4,0,0,0,0.0,4.0,2,0,7,2064,800,7.632885505395133,0,18353,0,24,1767.0,6.0,297.0,0,0,0,0.8999999999999986,22.9,76,71.21096,2.2,0.0,141.0,159.0,159.0,139.0,141.0,131.79166666666666,180.0,135.83333333333334,182.0,2021-07,2021-07,163,155.2660612431014,7.733938756898596,7.733938756898596,False
2021-07-01 20:00:00,20210701,142,147,145.5,False,False,False,False,False,True,True,20,4,0,0,0,0.0,4.0,0,0,7,6,6,1.9459101490553132,0,18353,0,24,2064.0,66.0,-2058.0,0,0,0,0.1999999999999993,22.2,84,70.73151999999999,2.3,0.0,109.0,136.0,139.0,132.5,109.0,131.79166666666666,180.0,135.83333333333334,182.0,2021-07,2021-07,142,127.67607165067007,14.323928349329933,14.323928349329933,False
2021-07-01 21:00:00,20210701,140,141,140.0,False,False,False,False,False,True,True,21,4,0,0,0,0.0,4.0,0,0,7,66,66,4.204692619390966,0,18353,0,24,6.0,244.0,60.0,0,0,0,0.0,21.2,80,68.8224,0.8,0.0,113.0,131.0,127.0,127.5,113.0,131.79166666666666,180.0,135.83333333333334,182.0,2021-07,2021-07,140,125.83234635966613,14.167653640333867,14.167653640333867,False
2021-07-01 22:00:00,20210701,119,122,126.5,False,False,False,False,False,True,True,22,4,0,0,0,0.0,4.0,0,0,7,244,244,5.501258210544727,0,18353,0,24,66.0,118.0,178.0,0,0,0,0.0,20.8,82,68.30744,1.0,0.0,106.0,121.0,125.0,119.25,106.0,131.79166666666666,180.0,135.83333333333334,182.0,2021-07,2021-07,119,118.22645114307068,0.7735488569293238,0.7735488569293238,False
2021-07-01 23:00:00,20210701,108,124,122.5,False,False,False,False,False,True,True,23,4,0,0,0,0.0,4.0,0,0,7,118,118,4.77912349311153,0,18353,0,24,244.0,,-126.0,0,0,0,0.0,20.9,88,68.85307999999999,1.3,0.0,104.0,115.0,111.0,109.0,104.0,131.79166666666666,180.0,135.83333333333334,182.0,2021-07,2021-07,108,109.7481627042008,-1.7481627042007943,1.7481627042007943,False
2021-07-02 00:00:00,20210702,68,69,74.0,False,False,False,False,False,True,True,0,5,0,0,0,0.0,5.0,0,0,7,0,0,0.0,1,19849,0,22,,309.0,,0,0,0,0.0,21.5,86,69.7221,2.3,0.0,68.0,71.0,80.0,72.25,68.0,138.91666666666666,190.0,134.95833333333334,180.0,2021-07,2021-07,68,64.17658894111553,3.8234110588844743,3.8234110588844743,False
2021-07-02 01:00:00,20210702,106,115,112.0,False,False,False,False,False,True,True,1,5,0,0,0,0.0,5.0,0,0,7,309,309,5.736572297479192,0,19849,0,22,0.0,15.0,309.0,0,0,0,0.0,20.8,88,68.68495999999999,1.3,0.0,104.0,119.0,112.0,111.5,104.0,138.91666666666666,190.0,134.95833333333334,180.0,2021-07,2021-07,106,109.64812758847347,-3.6481275884734714,3.6481275884734714,False
2021-07-02 02:00:00,20210702,116,121,119.0,False,False,False,False,False,True,True,2,5,0,0,0,0.0,5.0,0,0,7,15,15,2.772588722239781,0,19849,0,22,309.0,101.0,-294.0,0,0,0,0.0,19.9,90,67.2799,0.5,0.0,113.0,117.0,115.0,111.5,113.0,138.91666666666666,190.0,134.95833333333334,180.0,2021-07,2021-07,116,112.26433847277974,3.735661527220259,3.735661527220259,False
2021-07-02 03:00:00,20210702,108,115,114.0,False,False,False,False,False,True,True,3,5,0,0,0,0.0,5.0,0,0,7,101,101,4.624972813284271,0,19849,0,22,15.0,382.0,86.0,0,0,0,0.0,20.1,93,67.78807,2.0,0.0,107.0,119.0,114.0,110.25,107.0,138.91666666666666,190.0,134.95833333333334,180.0,2021-07,2021-07,108,113.13190091747288,-5.131900917472876,5.131900917472876,False
2021-07-02 04:00:00,20210702,106,110,111.0,False,False,False,False,False,True,True,4,5,0,0,0,0.0,5.0,0,0,7,382,382,5.948034989180646,0,19849,0,22,101.0,698.0,281.0,0,0,0,0.0,19.8,95,67.3749,1.1,0.0,104.0,118.0,112.0,112.5,104.0,138.91666666666666,190.0,134.95833333333334,180.0,2021-07,2021-07,106,116.14347933265223,-10.143479332652234,10.143479332652234,False
2021-07-02 05:00:00,20210702,96,120,111.5,False,False,False,False,False,True,True,5,5,0,0,0,0.0,5.0,0,0,7,698,698,6.54965074223381,0,19849,0,22,382.0,36.0,316.0,0,0,0,0.0,20.4,95,68.42519999999999,1.1,0.0,93.0,106.0,102.0,97.0,93.0,138.91666666666666,190.0,134.95833333333334,180.0,2021-07,2021-07,96,108.00028609532474,-12.00028609532474,12.00028609532474,False
2021-07-02 06:00:00,20210702,112,117,118.5,False,False,False,False,False,True,True,6,5,0,0,0,0.0,5.0,0,0,7,36,36,3.6109179126442243,0,19849,0,22,698.0,938.0,-662.0,0,0,0,0.0,22.0,90,70.852,2.3,0.0,110.0,114.0,121.0,112.25,110.0,138.91666666666666,190.0,134.95833333333334,180.0,2021-07,2021-07,112,113.82634434062466,-1.826344340624658,1.826344340624658,False
2021-07-02 07:00:00,20210702,133,143,141.0,False,False,False,False,False,True,True,7,5,0,0,0,0.0,5.0,0,1,7,938,800,6.844815479208263,0,19849,0,22,36.0,813.0,902.0,0,0,0,0.3999999999999986,22.4,86,71.21735999999999,2.8,0.0,129.0,135.0,133.0,132.25,129.0,138.91666666666666,190.0,134.95833333333334,180.0,2021-07,2021-07,133,130.31361470490808,2.686385295091924,2.686385295091924,False
2021-07-02 08:00:00,20210702,161,173,170.5,False,False,False,False,False,True,True,8,5,0,0,0,0.0,5.0,2,0,7,813,800,6.70196036600254,0,19849,0,22,938.0,852.0,-125.0,0,0,0,1.1000000000000014,23.1,83,72.12326999999999,3.0,0.0,182.0,156.0,162.0,160.5,182.0,138.91666666666666,190.0,134.95833333333334,180.0,2021-07,2021-07,161,166.14419128097884,-5.144191280978845,5.144191280978845,False
2021-07-02 09:00:00,20210702,175,187,181.0,False,False,False,False,False,True,True,9,5,0,0,0,0.0,5.0,2,0,7,852,800,6.748759547491679,0,19849,0,22,813.0,512.0,39.0,0,0,0,1.3999999999999986,23.4,82,72.52412,1.8,0.0,178.0,170.0,171.0,167.25,178.0,138.91666666666666,190.0,134.95833333333334,180.0,2021-07,2021-07,175,171.1761017832122,3.8238982167877964,3.8238982167877964,True
2021-07-02 10:00:00,20210702,164,179,177.0,False,False,False,False,False,True,True,10,5,0,0,0,0.0,5.0,2,0,7,512,512,6.240275845170769,0,19849,0,22,852.0,1301.0,-340.0,0,0,0,1.1999999999999993,23.2,84,72.37312,2.6,0.0,172.0,172.0,165.0,162.5,172.0,138.91666666666666,190.0,134.95833333333334,180.0,2021-07,2021-07,164,167.66153373993953,-3.6615337399395287,3.6615337399395287,False
2021-07-02 11:00:00,20210702,179,186,181.5,False,False,False,False,False,True,True,11,5,0,0,0,0.0,5.0,2,0,7,1301,800,7.171656822768514,0,19849,0,22,512.0,0.0,789.0,0,0,0,1.0,23.0,86,72.2142,2.9,0.0,188.0,180.0,177.0,168.5,188.0,138.91666666666666,190.0,134.95833333333334,180.0,2021-07,2021-07,179,161.0336179210045,17.966382078995508,17.966382078995508,True
2021-07-02 12:00:00,20210702,108,117,140.0,False,False,False,False,False,True,True,12,5,0,0,0,0.0,5.0,1,1,7,0,0,0.0,1,19849,0,22,1301.0,1376.0,-1301.0,0,0,0,2.1000000000000014,24.1,80,73.4682,3.3,0.0,111.0,122.0,102.0,104.25,111.0,138.91666666666666,190.0,134.95833333333334,180.0,2021-07,2021-07,108,109.91685832365671,-1.9168583236567116,1.9168583236567116,False
2021-07-02 13:00:00,20210702,170,178,177.5,False,False,False,False,False,True,True,13,5,0,0,0,0.0,5.0,2,0,7,1376,800,7.227662498728654,0,19849,0,22,0.0,855.0,1376.0,0,0,0,2.1000000000000014,24.1,80,73.4682,2.8,0.0,190.0,179.0,174.0,165.5,190.0,138.91666666666666,190.0,134.95833333333334,180.0,2021-07,2021-07,170,174.63254472959272,-4.632544729592723,4.632544729592723,False
2021-07-02 14:00:00,20210702,175,183,180.0,False,False,False,False,False,True,True,14,5,0,0,0,0.0,5.0,2,0,7,855,800,6.752270376141742,0,19849,0,22,1376.0,5516.0,-521.0,0,0,0,2.5,24.5,79,74.00945,2.7,0.0,187.0,177.0,164.0,163.0,187.0,138.91666666666666,190.0,134.95833333333334,180.0,2021-07,2021-07,175,169.2575697080437,5.74243029195631,5.74243029195631,True
2021-07-02 15:00:00,20210702,143,160,157.5,False,False,False,False,False,True,True,15,5,0,0,0,0.0,5.0,2,0,7,5516,800,8.61558951327243,0,19849,0,22,855.0,1544.0,4661.0,0,0,0,2.1999999999999993,24.2,80,73.6284,3.3,0.0,164.0,175.0,156.0,155.25,164.0,138.91666666666666,190.0,134.95833333333334,180.0,2021-07,2021-07,143,160.91825964881227,-17.918259648812267,17.918259648812267,False
2021-07-02 16:00:00,20210702,158,164,162.0,False,False,False,False,False,True,True,16,5,0,0,0,0.0,5.0,2,0,7,1544,800,7.3427791893318455,0,19849,0,22,5516.0,795.0,-3972.0,0,0,0,1.6000000000000014,23.6,83,72.93912,3.0,0.0,170.0,166.0,162.0,156.75,170.0,138.91666666666666,190.0,134.95833333333334,180.0,2021-07,2021-07,158,162.32986918021234,-4.3298691802123415,4.3298691802123415,False
2021-07-02 17:00:00,20210702,147,175,171.5,False,False,False,False,False,True,True,17,5,0,0,0,0.0,5.0,2,1,7,795,795,6.679599185844383,0,19849,0,22,1544.0,972.0,-749.0,0,0,0,1.1999999999999993,23.2,83,72.28644,2.7,0.0,135.0,141.0,148.0,136.75,135.0,138.91666666666666,190.0,134.95833333333334,180.0,2021-07,2021-07,147,148.20362288071084,-1.2036228807108387,1.2036228807108387,False
2021-07-02 18:00:00,20210702,160,169,172.0,False,False,False,False,False,True,True,18,5,0,0,0,0.0,5.0,2,0,7,972,800,6.880384082186005,0,19849,0,22,795.0,2548.0,177.0,0,0,0,1.0,23.0,85,72.12950000000001,2.0,0.0,157.0,142.0,150.0,144.0,157.0,138.91666666666666,190.0,134.95833333333334,180.0,2021-07,2021-07,160,149.83437127276306,10.165628727236935,10.165628727236935,False
2021-07-02 19:00:00,20210702,136,149,152.0,False,False,False,False,False,True,True,19,5,0,0,0,0.0,5.0,2,0,7,2548,800,7.8434564043761155,0,19849,0,22,972.0,21.0,1576.0,0,0,0,0.6999999999999993,22.7,85,71.63405,1.5,0.0,163.0,110.0,138.0,124.25,163.0,138.91666666666666,190.0,134.95833333333334,180.0,2021-07,2021-07,136,123.29623999453135,12.703760005468652,12.703760005468652,False
2021-07-02 20:00:00,20210702,122,130,126.5,False,False,False,False,False,True,True,20,5,0,0,0,0.0,5.0,0,0,7,21,21,3.091042453358316,0,19849,0,22,2548.0,70.0,-2527.0,0,0,0,0.6000000000000014,22.6,87,71.63038,2.3,0.0,142.0,109.0,117.0,112.0,142.0,138.91666666666666,190.0,134.95833333333334,180.0,2021-07,2021-07,122,112.4629179817753,9.537082018224694,9.537082018224694,False
2021-07-02 21:00:00,20210702,114,121,119.5,False,False,False,False,False,True,True,21,5,0,0,0,0.0,5.0,0,0,7,70,70,4.2626798770413155,0,19849,0,22,21.0,119.0,49.0,0,0,0,1.0,23.0,86,72.2142,2.3,0.0,140.0,116.0,114.0,111.75,140.0,138.91666666666666,190.0,134.95833333333334,180.0,2021-07,2021-07,114,115.13288313384105,-1.132883133841048,1.132883133841048,False
2021-07-02 22:00:00,20210702,111,117,115.0,False,False,False,False,False,True,True,22,5,0,0,0,0.0,5.0,0,0,7,119,119,4.787491742782046,0,19849,0,22,70.0,76.0,49.0,0,0,0,0.8999999999999986,22.9,86,72.04805999999999,1.7,0.0,119.0,123.0,114.0,112.0,119.0,138.91666666666666,190.0,134.95833333333334,180.0,2021-07,2021-07,111,117.18223464692659,-6.182234646926588,6.182234646926588,False
2021-07-02 23:00:00,20210702,93,103,100.5,False,False,False,False,False,True,True,23,5,0,0,0,0.0,5.0,0,0,7,76,76,4.343805421853684,0,19849,0,22,119.0,,-43.0,0,0,0,0.8999999999999986,22.9,86,72.04805999999999,2.3,0.0,108.0,102.0,106.0,101.25,108.0,138.91666666666666,190.0,134.95833333333334,180.0,2021-07,2021-07,93,107.52476016815247,-14.524760168152469,14.524760168152469,False
2021-07-03 00:00:00,20210703,67,76,77.5,False,False,False,False,False,True,True,0,6,1,0,0,0.0,6.0,0,0,7,154,154,5.043425116919247,0,1735,0,6,,270.0,,0,0,0,0.8000000000000007,22.8,87,71.96464,1.9,0.0,68.0,71.0,67.0,66.75,68.0,131.70833333333334,179.0,50.25,125.0,2021-07,2021-07,67,70.35614281658806,-3.3561428165880614,3.3561428165880614,False
2021-07-03 01:00:00,20210703,104,110,108.5,False,False,False,False,False,True,True,1,6,1,0,0,0.0,6.0,0,0,7,270,270,5.602118820879701,0,1735,0,6,154.0,0.0,116.0,0,0,0,0.8999999999999986,22.9,87,72.13176999999999,1.8,0.0,106.0,116.0,110.0,109.25,106.0,131.70833333333334,179.0,50.25,125.0,2021-07,2021-07,104,97.84824419637978,6.151755803620219,6.151755803620219,False
2021-07-03 02:00:00,20210703,106,107,108.5,False,False,False,False,False,True,True,2,6,1,0,0,0.0,6.0,0,0,7,0,0,0.0,1,1735,0,6,270.0,94.0,-270.0,0,0,0,0.3999999999999986,22.4,91,71.61116,1.2,0.0,116.0,111.0,115.0,108.5,116.0,131.70833333333334,179.0,50.25,125.0,2021-07,2021-07,106,98.63905353762395,7.360946462376049,7.360946462376049,False
2021-07-03 03:00:00,20210703,103,108,105.5,False,False,False,False,False,True,True,3,6,1,0,0,0.0,6.0,0,0,7,94,94,4.553876891600541,0,1735,0,6,0.0,36.0,94.0,0,0,0,0.3999999999999986,22.4,91,71.61116,1.6,0.0,108.0,109.0,100.0,105.25,108.0,131.70833333333334,179.0,50.25,125.0,2021-07,2021-07,103,102.62612799420697,0.37387200579303226,0.37387200579303226,False
2021-07-03 04:00:00,20210703,104,112,110.0,False,False,False,False,False,True,True,4,6,1,0,0,0.0,6.0,0,0,7,36,36,3.6109179126442243,0,1735,0,6,94.0,39.0,-58.0,0,0,0,0.3999999999999986,22.4,90,71.5324,1.7,0.0,106.0,125.0,109.0,112.5,106.0,131.70833333333334,179.0,50.25,125.0,2021-07,2021-07,104,108.6756038808273,-4.675603880827296,4.675603880827296,False
2021-07-03 05:00:00,20210703,89,105,100.5,False,False,False,False,False,True,True,5,6,1,0,0,0.0,6.0,0,0,7,39,39,3.6888794541139363,0,1735,0,6,36.0,0.0,3.0,0,0,0,0.5,22.5,90,71.7025,1.7,0.0,96.0,97.0,88.0,91.75,96.0,131.70833333333334,179.0,50.25,125.0,2021-07,2021-07,89,89.8089698479457,-0.8089698479457041,0.8089698479457041,False
2021-07-03 06:00:00,20210703,98,105,105.0,False,False,False,False,False,True,True,6,6,1,0,0,0.0,6.0,0,0,7,0,0,0.0,1,1735,0,6,39.0,1142.0,-39.0,0,0,0,0.6000000000000014,22.6,88,71.71112,2.7,0.0,112.0,118.0,103.0,107.5,112.0,131.70833333333334,179.0,50.25,125.0,2021-07,2021-07,98,100.05424523098664,-2.0542452309866377,2.0542452309866377,False
2021-07-03 07:00:00,20210703,53,83,87.0,False,False,False,False,False,True,True,7,6,1,0,0,0.0,6.0,0,1,7,1142,800,7.04141166379481,0,1735,0,6,0.0,0.0,1142.0,0,0,0,0.8000000000000007,22.8,87,71.96464,2.2,0.0,133.0,71.0,57.0,65.0,133.0,131.70833333333334,179.0,50.25,125.0,2021-07,2021-07,53,58.11740155492317,-5.11740155492317,5.11740155492317,False
2021-07-03 08:00:00,20210703,22,23,25.5,False,False,False,False,False,True,True,8,6,1,0,0,0.0,6.0,2,0,7,0,0,0.0,1,1735,0,6,1142.0,0.0,-1142.0,0,0,0,0.5,22.5,90,71.7025,2.5,0.0,161.0,23.0,23.0,23.25,161.0,131.70833333333334,179.0,50.25,125.0,2021-07,2021-07,22,32.2366824101151,-10.236682410115101,10.236682410115101,False
2021-07-03 09:00:00,20210703,25,27,26.0,False,False,False,False,False,True,True,9,6,1,0,0,0.0,6.0,2,0,7,0,0,0.0,1,1735,0,6,0.0,0.0,0.0,0,0,0,0.8999999999999986,22.9,87,72.13176999999999,2.8,0.0,175.0,23.0,22.0,23.0,175.0,131.70833333333334,179.0,50.25,125.0,2021-07,2021-07,25,22.504722311190704,2.4952776888092956,2.4952776888092956,False
2021-07-03 10:00:00,20210703,23,23,23.0,False,False,False,False,False,True,True,10,6,1,0,0,0.0,6.0,2,0,7,0,0,0.0,1,1735,0,6,0.0,0.0,0.0,0,0,0,1.1999999999999993,23.2,85,72.4598,3.1,0.0,164.0,26.0,22.0,24.0,164.0,131.70833333333334,179.0,50.25,125.0,2021-07,2021-07,23,22.722600318818305,0.277399681181695,0.277399681181695,False
2021-07-03 11:00:00,20210703,23,23,22.5,False,False,False,False,False,True,True,11,6,1,0,0,0.0,6.0,2,0,7,0,0,0.0,1,1735,0,6,0.0,0.0,0.0,0,0,0,1.0,23.0,86,72.2142,2.8,0.0,179.0,24.0,24.0,24.75,179.0,131.70833333333334,179.0,50.25,125.0,2021-07,2021-07,23,23.564470509068116,-0.5644705090681157,0.5644705090681157,False
2021-07-03 12:00:00,20210703,24,27,26.5,False,False,False,False,False,True,True,12,6,1,0,0,0.0,6.0,1,1,7,0,0,0.0,1,1735,0,6,0.0,0.0,0.0,0,0,0,0.6000000000000014,22.6,89,71.79186,3.1,0.0,108.0,24.0,22.0,23.25,108.0,131.70833333333334,179.0,50.25,125.0,2021-07,2021-07,24,22.1431002107646,1.8568997892353991,1.8568997892353991,False
2021-07-03 13:00:00,20210703,22,22,24.0,False,False,False,False,False,True,True,13,6,1,0,0,0.0,6.0,2,0,7,0,0,0.0,1,1735,0,6,0.0,0.0,0.0,0,0,0,0.3999999999999986,22.4,92,71.68992,3.6,0.1,170.0,25.0,22.0,23.0,170.0,131.70833333333334,179.0,50.25,125.0,2021-07,2021-07,22,22.565738777410786,-0.565738777410786,0.565738777410786,False
2021-07-03 14:00:00,20210703,22,23,22.5,False,False,False,False,False,True,True,14,6,1,0,0,0.0,6.0,2,0,7,0,0,0.0,1,1735,0,6,0.0,0.0,0.0,0,0,0,0.0,21.9,97,71.19856999999999,2.9,0.8,175.0,24.0,25.0,23.5,175.0,131.70833333333334,179.0,50.25,125.0,2021-07,2021-07,22,22.926696577196427,-0.9266965771964273,0.9266965771964273,False
2021-07-03 15:00:00,20210703,23,25,23.5,False,False,False,False,False,True,True,15,6,1,0,0,0.0,6.0,2,0,7,0,0,0.0,1,1735,0,6,0.0,0.0,0.0,0,0,0,0.0,21.5,98,70.5603,1.4,5.2,143.0,23.0,22.0,23.25,143.0,131.70833333333334,179.0,50.25,125.0,2021-07,2021-07,23,21.821014233189214,1.1789857668107864,1.1789857668107864,False
2021-07-03 16:00:00,20210703,23,26,25.5,False,False,False,False,False,True,True,16,6,1,0,0,0.0,6.0,2,0,7,0,0,0.0,1,1735,0,6,0.0,0.0,0.0,0,0,0,0.0,21.5,98,70.5603,1.7,12.0,158.0,23.0,22.0,23.25,158.0,131.70833333333334,179.0,50.25,125.0,2021-07,2021-07,23,22.40097861756531,0.5990213824346888,0.5990213824346888,False
2021-07-03 17:00:00,20210703,22,22,22.0,False,False,False,False,False,True,True,17,6,1,0,0,0.0,6.0,2,1,7,0,0,0.0,1,1735,0,6,0.0,0.0,0.0,0,0,0,0.0,21.7,98,70.91633999999999,2.4,15.3,147.0,26.0,23.0,23.5,147.0,131.70833333333334,179.0,50.25,125.0,2021-07,2021-07,22,22.33391602957461,-0.33391602957460975,0.33391602957460975,False
2021-07-03 18:00:00,20210703,22,23,22.5,False,False,False,False,False,True,True,18,6,1,0,0,0.0,6.0,2,0,7,0,0,0.0,1,1735,0,6,0.0,0.0,0.0,0,0,0,0.0,21.8,98,71.09436,2.0,16.7,160.0,24.0,24.0,23.75,160.0,131.70833333333334,179.0,50.25,125.0,2021-07,2021-07,22,22.624115989505558,-0.6241159895055581,0.6241159895055581,False
2021-07-03 19:00:00,20210703,24,27,26.5,False,False,False,False,False,True,True,19,6,1,0,0,0.0,6.0,2,0,7,0,0,0.0,1,1735,0,6,0.0,0.0,0.0,0,0,0,0.0,21.6,98,70.73832,1.1,18.1,136.0,24.0,22.0,23.25,136.0,131.70833333333334,179.0,50.25,125.0,2021-07,2021-07,24,22.22312510858154,1.7768748914184584,1.7768748914184584,False
2021-07-03 20:00:00,20210703,22,23,22.5,False,False,False,False,False,True,True,20,6,1,0,0,0.0,6.0,0,0,7,0,0,0.0,1,1735,0,6,0.0,0.0,0.0,0,0,0,0.0,21.8,98,71.09436,1.3,18.3,122.0,25.0,22.0,23.0,122.0,131.70833333333334,179.0,50.25,125.0,2021-07,2021-07,22,22.321512870178605,-0.32151287017860497,0.32151287017860497,False
2021-07-03 21:00:00,20210703,23,23,23.0,False,False,False,False,False,True,True,21,6,1,0,0,0.0,6.0,0,0,7,0,0,0.0,1,1735,0,6,0.0,0.0,0.0,0,0,0,0.0,21.8,98,71.09436,0.4,19.1,114.0,24.0,24.0,23.75,114.0,131.70833333333334,179.0,50.25,125.0,2021-07,2021-07,23,22.697538903765203,0.3024610962347971,0.3024610962347971,False
2021-07-03 22:00:00,20210703,24,27,25.5,False,False,False,False,False,True,True,22,6,1,0,0,0.0,6.0,0,0,7,0,0,0.0,1,1735,0,6,0.0,0.0,0.0,0,0,0,0.0,21.8,98,71.09436,0.9,20.5,111.0,24.0,23.0,23.25,111.0,131.70833333333334,179.0,50.25,125.0,2021-07,2021-07,24,22.29125852086786,1.70874147913214,1.70874147913214,False
2021-07-03 23:00:00,20210703,22,23,23.0,False,False,False,False,False,True,True,23,6,1,0,0,0.0,6.0,0,0,7,0,0,0.0,1,1735,0,6,0.0,,0.0,0,0,0,0.0,21.8,98,71.09436,0.5,23.4,93.0,26.0,22.0,23.5,93.0,131.70833333333334,179.0,50.25,125.0,2021-07,2021-07,22,23.22188514589193,-1.2218851458919318,1.2218851458919318,False
2021-07-04 00:00:00,20210704,22,23,22.5,False,True,False,False,False,True,True,0,7,1,0,0,0.0,7.0,0,0,7,0,0,0.0,1,0,1,0,,0.0,,0,0,0,0.3999999999999986,22.4,98,72.16247999999999,0.1,1.3,67.0,,,,67.0,45.416666666666664,106.0,,,2021-07,2021-07,22,23.53798590149492,-1.5379859014949204,1.5379859014949204,False
2021-07-04 01:00:00,20210704,25,27,27.0,False,True,False,False,False,True,True,1,7,1,0,0,0.0,7.0,0,0,7,0,0,0.0,1,0,1,0,0.0,0.0,0.0,0,0,0,1.6000000000000014,23.6,98,74.29872,2.7,9.4,104.0,,,,104.0,45.416666666666664,106.0,,,2021-07,2021-07,25,23.965904045718148,1.0340959542818524,1.0340959542818524,False
2021-07-04 02:00:00,20210704,23,24,25.5,False,True,False,False,False,True,True,2,7,1,0,0,0.0,7.0,0,0,7,0,0,0.0,1,0,1,0,0.0,0.0,0.0,0,0,0,2.8000000000000007,24.8,98,76.43495999999999,3.4,9.9,106.0,,,,106.0,45.416666666666664,106.0,,,2021-07,2021-07,23,24.22386912301326,-1.2238691230132588,1.2238691230132588,False
2021-07-04 03:00:00,20210704,23,23,23.0,False,True,False,False,False,True,True,3,7,1,0,0,0.0,7.0,0,0,7,0,0,0.0,1,0,1,0,0.0,0.0,0.0,0,0,0,2.8999999999999986,24.9,98,76.61298,3.8,11.0,103.0,,,,103.0,45.416666666666664,106.0,,,2021-07,2021-07,23,24.363277306448527,-1.363277306448527,1.363277306448527,False
2021-07-04 04:00:00,20210704,23,23,23.0,False,True,False,False,False,True,True,4,7,1,0,0,0.0,7.0,0,0,7,0,0,0.0,1,0,1,0,0.0,0.0,0.0,0,0,0,2.6000000000000014,24.6,98,76.07892,2.5,16.5,104.0,,,,104.0,45.416666666666664,106.0,,,2021-07,2021-07,23,23.57268557263694,-0.5726855726369386,0.5726855726369386,False
2021-07-04 05:00:00,20210704,24,27,25.0,False,True,False,False,False,True,True,5,7,1,0,0,0.0,7.0,0,0,7,0,0,0.0,1,0,1,0,0.0,0.0,0.0,0,0,0,2.8000000000000007,24.8,98,76.43495999999999,1.8,19.6,89.0,,,,89.0,45.416666666666664,106.0,,,2021-07,2021-07,24,23.35233001394411,0.6476699860558917,0.6476699860558917,False
2021-07-04 06:00:00,20210704,22,23,22.5,False,True,False,False,False,True,True,6,7,1,0,0,0.0,7.0,0,0,7,0,0,0.0,1,0,1,0,0.0,0.0,0.0,0,0,0,2.8000000000000007,24.8,98,76.43495999999999,2.0,24.5,98.0,,,,98.0,45.416666666666664,106.0,,,2021-07,2021-07,22,23.38938922125014,-1.3893892212501413,1.3893892212501413,False
2021-07-04 07:00:00,20210704,22,23,22.5,False,True,False,False,False,True,True,7,7,1,0,0,0.0,7.0,0,1,7,0,0,0.0,1,0,1,0,0.0,0.0,0.0,0,0,0,3.8000000000000007,25.8,98,78.21516,2.2,24.7,53.0,,,,53.0,45.416666666666664,106.0,,,2021-07,2021-07,22,23.325395438752736,-1.3253954387527358,1.3253954387527358,False
2021-07-04 08:00:00,20210704,24,28,26.0,False,True,False,False,False,True,True,8,7,1,0,0,0.0,7.0,2,0,7,0,0,0.0,1,0,1,0,0.0,0.0,0.0,0,0,0,5.399999999999999,27.4,85,79.39609999999999,3.9,24.7,22.0,,,,22.0,45.416666666666664,106.0,,,2021-07,2021-07,24,23.703088723384358,0.2969112766156421,0.2969112766156421,False
2021-07-04 09:00:00,20210704,22,22,22.0,False,True,False,False,False,True,True,9,7,1,0,0,0.0,7.0,2,0,7,0,0,0.0,1,0,1,0,0.0,0.0,0.0,0,0,0,6.699999999999999,28.7,71,79.56723,4.5,24.7,25.0,,,,25.0,45.416666666666664,106.0,,,2021-07,2021-07,22,23.677492765365447,-1.6774927653654466,1.6774927653654466,False
2021-07-04 10:00:00,20210704,23,23,23.0,False,True,False,False,False,True,True,10,7,1,0,0,0.0,7.0,2,0,7,0,0,0.0,1,0,1,0,0.0,0.0,0.0,0,0,0,7.100000000000001,29.1,68,79.73712,3.6,24.7,23.0,,,,23.0,45.416666666666664,106.0,,,2021-07,2021-07,23,23.28084074848231,-0.28084074848230856,0.28084074848230856,False
2021-07-04 11:00:00,20210704,26,28,27.0,False,True,False,False,False,True,True,11,7,1,0,0,0.0,7.0,2,0,7,0,0,0.0,1,0,1,0,0.0,0.0,0.0,0,0,0,7.699999999999999,29.7,64,80.02292,4.1,24.7,23.0,,,,23.0,45.416666666666664,106.0,,,2021-07,2021-07,26,22.051282063055975,3.948717936944025,3.948717936944025,False
2021-07-04 12:00:00,20210704,23,24,24.5,False,True,False,False,False,True,True,12,7,1,0,0,0.0,7.0,1,1,7,0,0,0.0,1,0,1,0,0.0,0.0,0.0,0,0,0,8.600000000000001,30.6,58,80.36251999999999,4.0,24.7,24.0,,,,24.0,45.416666666666664,106.0,,,2021-07,2021-07,23,21.14370154814347,1.8562984518565315,1.8562984518565315,False
2021-07-04 13:00:00,20210704,23,24,23.5,False,True,False,False,False,True,True,13,7,1,0,0,0.0,7.0,2,0,7,0,0,0.0,1,0,1,0,0.0,0.0,0.0,0,0,0,9.3,31.3,59,81.49833,3.4,24.7,22.0,,,,22.0,45.416666666666664,106.0,,,2021-07,2021-07,23,21.218401993345562,1.7815980066544377,1.7815980066544377,False
2021-07-04 14:00:00,20210704,24,27,25.0,False,True,False,False,False,True,True,14,7,1,0,0,0.0,7.0,2,0,7,0,0,0.0,1,0,1,0,0.0,0.0,0.0,0,0,0,7.699999999999999,29.7,64,80.02292,4.1,24.7,22.0,,,,22.0,45.416666666666664,106.0,,,2021-07,2021-07,24,21.757751664853895,2.2422483351461047,2.2422483351461047,False
2021-07-04 15:00:00,20210704,24,27,27.0,False,True,False,False,False,True,True,15,7,1,0,0,0.0,7.0,2,0,7,0,0,0.0,1,0,1,0,0.0,0.0,0.0,0,0,0,6.100000000000001,28.1,70,78.52430000000001,3.3,24.7,23.0,,,,23.0,45.416666666666664,106.0,,,2021-07,2021-07,24,23.600812850660912,0.39918714933908817,0.39918714933908817,False
2021-07-04 16:00:00,20210704,24,25,24.0,False,True,False,False,False,True,True,16,7,1,0,0,0.0,7.0,2,0,7,0,0,0.0,1,0,1,0,0.0,0.0,0.0,0,0,0,5.399999999999999,27.4,73,77.85698,3.1,24.7,23.0,,,,23.0,45.416666666666664,106.0,,,2021-07,2021-07,24,23.56940549809505,0.43059450190494886,0.43059450190494886,False
2021-07-04 17:00:00,20210704,22,22,23.5,False,True,False,False,False,True,True,17,7,1,0,0,0.0,7.0,2,1,7,0,0,0.0,1,0,1,0,0.0,0.0,0.0,0,0,0,5.0,27.0,75,77.4925,2.8,24.7,22.0,,,,22.0,45.416666666666664,106.0,,,2021-07,2021-07,22,23.36840824918526,-1.3684082491852614,1.3684082491852614,False
2021-07-04 18:00:00,20210704,25,27,26.0,False,True,False,False,False,True,True,18,7,1,0,0,0.0,7.0,2,0,7,0,0,0.0,1,0,1,0,0.0,0.0,0.0,0,0,0,4.399999999999999,26.4,76,76.67936,2.9,24.7,22.0,,,,22.0,45.416666666666664,106.0,,,2021-07,2021-07,25,23.517407277674426,1.482592722325574,1.482592722325574,False
2021-07-04 19:00:00,20210704,23,23,23.0,False,True,False,False,False,True,True,19,7,1,0,0,0.0,7.0,2,0,7,0,0,0.0,1,0,1,0,0.0,0.0,0.0,0,0,0,3.8999999999999986,25.9,78,76.12498,2.5,24.7,24.0,,,,24.0,45.416666666666664,106.0,,,2021-07,2021-07,23,23.375433232794588,-0.3754332327945882,0.3754332327945882,False
2021-07-04 20:00:00,20210704,22,23,22.5,False,True,False,False,False,True,True,20,7,1,0,0,0.0,7.0,0,0,7,0,0,0.0,1,0,1,0,0.0,0.0,0.0,0,0,0,3.3999999999999986,25.4,81,75.65925999999999,1.85,24.7,22.0,,,,22.0,45.416666666666664,106.0,,,2021-07,2021-07,22,23.383860841593123,-1.3838608415931226,1.3838608415931226,False
2021-07-04 21:00:00,20210704,25,28,26.5,False,True,False,False,False,True,True,21,7,1,0,0,0.0,7.0,0,0,7,0,0,0.0,1,0,1,0,0.0,0.0,0.0,0,0,0,1.6000000000000014,23.6,94,73.93616,1.2,24.9,23.0,,,,23.0,45.416666666666664,106.0,,,2021-07,2021-07,25,23.41289454232469,1.5871054576753103,1.5871054576753103,False
2021-07-04 22:00:00,20210704,23,24,24.0,False,True,False,False,False,True,True,22,7,1,0,0,0.0,7.0,0,0,7,0,0,0.0,1,0,1,0,0.0,0.0,0.0,0,0,0,1.1000000000000014,23.1,97,73.32293,0.8,24.9,24.0,,,,24.0,45.416666666666664,106.0,,,2021-07,2021-07,23,23.403136263498357,-0.4031362634983573,0.4031362634983573,False
2021-07-04 23:00:00,20210704,23,23,23.0,False,True,False,False,False,True,True,23,7,1,0,0,0.0,7.0,0,0,7,0,0,0.0,1,0,1,0,0.0,,0.0,0,0,0,0.8000000000000007,22.8,98,72.87456,0.4,24.9,22.0,,,,22.0,45.416666666666664,106.0,,,2021-07,2021-07,23,24.21696987700079,-1.216969877000789,1.216969877000789,False
2021-07-05 00:00:00,20210705,25,28,27.5,False,False,False,False,False,True,True,0,1,0,0,1,1.0,1.0,0,0,7,0,0,0.0,1,15715,0,16,,0.0,,0,0,0,0.6000000000000014,22.6,97,72.43778,0.2,0.0,,24.0,23.0,23.0,67.0,,,112.20833333333333,185.0,2021-07,2021-07,25,25.12330321266659,-0.12330321266658828,0.12330321266658828,False
2021-07-05 01:00:00,20210705,23,23,25.5,False,False,False,False,False,True,True,1,1,0,0,1,1.0,1.0,0,0,7,0,0,0.0,1,15715,0,16,0.0,0.0,0.0,0,0,0,1.5,23.5,89,73.31385,1.6,0.0,,26.0,24.0,23.75,104.0,,,112.20833333333333,185.0,2021-07,2021-07,23,26.24578624380663,-3.2457862438066307,3.2457862438066307,False
2021-07-05 02:00:00,20210705,23,23,23.0,False,False,False,False,False,True,True,2,1,0,0,1,1.0,1.0,0,0,7,0,0,0.0,1,15715,0,16,0.0,0.0,0.0,0,0,0,0.6999999999999993,22.7,94,72.36962,1.2,0.0,,24.0,22.0,23.0,106.0,,,112.20833333333333,185.0,2021-07,2021-07,23,24.91671953826123,-1.9167195382612299,1.9167195382612299,False
2021-07-05 03:00:00,20210705,24,25,24.0,False,False,False,False,False,True,True,3,1,0,0,1,1.0,1.0,0,0,7,0,0,0.0,1,15715,0,16,0.0,0.0,0.0,0,0,0,0.6999999999999993,22.7,93,72.28789,1.2,0.0,,24.0,23.0,22.75,103.0,,,112.20833333333333,185.0,2021-07,2021-07,24,25.04889594276662,-1.0488959427666202,1.0488959427666202,False
2021-07-05 04:00:00,20210705,24,27,26.0,False,False,False,False,False,True,True,4,1,0,0,1,1.0,1.0,0,0,7,0,0,0.0,1,15715,0,16,0.0,0.0,0.0,0,0,0,0.8000000000000007,22.8,90,72.2128,2.1,0.0,,26.0,25.0,24.5,104.0,,,112.20833333333333,185.0,2021-07,2021-07,24,27.043041758728048,-3.043041758728048,3.043041758728048,False
2021-07-05 05:00:00,20210705,23,23,23.0,False,False,False,False,False,True,True,5,1,0,0,1,1.0,1.0,0,0,7,0,0,0.0,1,15715,0,16,0.0,0.0,0.0,0,0,0,1.1000000000000014,23.1,88,72.55172,1.0,0.0,,24.0,22.0,23.0,89.0,,,112.20833333333333,185.0,2021-07,2021-07,23,24.458375847487392,-1.4583758474873925,1.4583758474873925,False
2021-07-05 06:00:00,20210705,22,23,22.5,False,False,False,False,False,True,True,6,1,0,0,1,1.0,1.0,0,0,7,0,0,0.0,1,15715,0,16,0.0,0.0,0.0,0,0,0,0.6999999999999993,22.7,94,72.36962,0.6,0.1,,23.0,22.0,22.5,98.0,,,112.20833333333333,185.0,2021-07,2021-07,22,24.460894088500208,-2.4608940885002077,2.4608940885002077,False
2021-07-05 07:00:00,20210705,63,104,86.5,False,False,False,False,False,True,True,7,1,0,0,1,1.0,1.0,0,1,7,0,0,0.0,1,15715,0,16,0.0,982.0,0.0,0,0,0,0.3999999999999986,22.4,96,72.00496,0.6,0.1,,57.0,58.0,58.25,53.0,,,112.20833333333333,185.0,2021-07,2021-07,63,59.23620089996661,3.7637991000333884,3.7637991000333884,False
2021-07-05 08:00:00,20210705,168,183,178.0,False,False,False,False,False,True,True,8,1,0,0,1,1.0,1.0,2,0,7,982,800,6.890609120147166,0,15715,0,16,0.0,2566.0,982.0,0,0,0,1.3999999999999986,23.4,93,73.49938,1.1,0.1,,175.0,190.0,179.75,22.0,,,112.20833333333333,185.0,2021-07,2021-07,168,179.76740126608595,-11.767401266085955,11.767401266085955,False
2021-07-05 09:00:00,20210705,170,175,172.5,False,False,False,False,False,True,True,9,1,0,0,1,1.0,1.0,2,0,7,2566,800,7.8504931808711405,0,15715,0,16,982.0,814.0,1584.0,0,0,0,2.1000000000000014,24.1,86,74.04174,1.7,0.1,,178.0,189.0,177.75,25.0,,,112.20833333333333,185.0,2021-07,2021-07,170,182.26400903265335,-12.264009032653348,12.264009032653348,False
2021-07-05 10:00:00,20210705,173,185,182.0,False,False,False,False,False,True,True,10,1,0,0,1,1.0,1.0,2,0,7,814,800,6.703188113240863,0,15715,0,16,2566.0,1097.0,-1752.0,0,0,0,2.6000000000000014,24.6,87,74.97298,0.7,0.1,,167.0,185.0,171.0,23.0,,,112.20833333333333,185.0,2021-07,2021-07,173,179.84274379138435,-6.8427437913843505,6.8427437913843505,True
2021-07-05 11:00:00,20210705,172,185,185.0,False,False,False,False,False,True,True,11,1,0,0,1,1.0,1.0,2,0,7,1097,800,7.001245622069476,0,15715,0,16,814.0,31.0,283.0,0,0,0,2.8999999999999986,24.9,87,75.47437,1.3,0.1,,183.0,181.0,178.25,23.0,,,112.20833333333333,185.0,2021-07,2021-07,172,180.788580148406,-8.788580148405998,8.788580148405998,True
2021-07-05 12:00:00,20210705,104,116,140.0,False,False,False,False,False,True,True,12,1,0,0,1,1.0,1.0,1,1,7,31,31,3.4657359027997265,0,15715,0,16,1097.0,613.0,-1066.0,0,0,0,3.8000000000000007,25.8,82,76.41644,2.5,0.1,,121.0,115.0,117.5,24.0,,,112.20833333333333,185.0,2021-07,2021-07,104,123.22706511039407,-19.227065110394065,19.227065110394065,False
2021-07-05 13:00:00,20210705,168,181,178.5,False,False,False,False,False,True,True,13,1,0,0,1,1.0,1.0,2,0,7,613,613,6.419994928147142,0,15715,0,16,31.0,2781.0,582.0,0,0,0,4.0,26.0,78,76.2832,1.8,0.1,,185.0,190.0,184.0,22.0,,,112.20833333333333,185.0,2021-07,2021-07,168,181.51391184306348,-13.513911843063482,13.513911843063482,False
2021-07-05 14:00:00,20210705,169,170,175.0,False,False,False,False,False,True,True,14,1,0,0,1,1.0,1.0,2,0,7,2781,800,7.930925372483388,0,15715,0,16,613.0,711.0,2168.0,0,0,0,3.6999999999999993,25.7,75,75.47425,1.9,0.1,,180.0,189.0,180.25,22.0,,,112.20833333333333,185.0,2021-07,2021-07,169,180.48282295772614,-11.482822957726142,11.482822957726142,False
2021-07-05 15:00:00,20210705,160,183,178.5,False,False,False,False,False,True,True,15,1,0,0,1,1.0,1.0,2,0,7,711,711,6.568077911411976,0,15715,0,16,2781.0,2870.0,-2070.0,0,0,0,3.5,25.5,77,75.38265,2.5,0.1,,182.0,169.0,173.0,23.0,,,112.20833333333333,185.0,2021-07,2021-07,160,176.35088768065862,-16.350887680658616,16.350887680658616,False
2021-07-05 16:00:00,20210705,158,173,178.0,False,False,False,False,False,True,True,16,1,0,0,1,1.0,1.0,2,0,7,2870,800,7.962415680121064,0,15715,0,16,711.0,224.0,2159.0,0,0,0,2.8999999999999986,24.9,80,74.7498,1.2,0.1,,168.0,160.0,166.0,23.0,,,112.20833333333333,185.0,2021-07,2021-07,158,171.58533109997222,-13.585331099972223,13.585331099972223,False
2021-07-05 17:00:00,20210705,129,140,140.5,False,False,False,False,False,True,True,17,1,0,0,1,1.0,1.0,2,1,7,224,224,5.41610040220442,0,15715,0,16,2870.0,308.0,-2646.0,0,0,0,1.8999999999999986,23.9,85,73.61585,0.9,0.1,,150.0,134.0,141.5,22.0,,,112.20833333333333,185.0,2021-07,2021-07,129,148.37098031456867,-19.37098031456867,19.37098031456867,False
2021-07-05 18:00:00,20210705,158,163,160.5,False,False,False,False,False,True,True,18,1,0,0,1,1.0,1.0,2,0,7,308,308,5.733341276897746,0,15715,0,16,224.0,1932.0,84.0,0,0,0,0.8999999999999986,22.9,95,72.80144999999999,0.8,0.3,,177.0,156.0,164.5,22.0,,,112.20833333333333,185.0,2021-07,2021-07,158,173.17281387364528,-15.172813873645282,15.172813873645282,False
2021-07-05 19:00:00,20210705,139,153,155.5,False,False,False,False,False,True,True,19,1,0,0,1,1.0,1.0,2,0,7,1932,800,7.566828479208331,0,15715,0,16,308.0,9.0,1624.0,0,0,0,0.6000000000000014,22.6,94,72.19556,0.4,0.3,,153.0,143.0,144.0,24.0,,,112.20833333333333,185.0,2021-07,2021-07,139,161.45251589600096,-22.45251589600096,22.45251589600096,False
2021-07-05 20:00:00,20210705,120,130,128.0,False,False,False,False,False,True,True,20,1,0,0,1,1.0,1.0,0,0,7,9,9,2.302585092994046,0,15715,0,16,1932.0,356.0,-1923.0,0,0,0,0.10000000000000142,22.1,98,71.62842,0.5,1.1,,112.0,127.0,116.5,22.0,,,112.20833333333333,185.0,2021-07,2021-07,120,118.84200472105117,1.1579952789488317,1.1579952789488317,False
2021-07-05 21:00:00,20210705,117,124,127.0,False,False,False,False,False,True,True,21,1,0,0,1,1.0,1.0,0,0,7,356,356,5.877735781779639,0,15715,0,16,9.0,89.0,347.0,0,0,0,0.0,21.5,98,70.5603,1.2,6.9,,118.0,127.0,119.75,23.0,,,112.20833333333333,185.0,2021-07,2021-07,117,120.09878251794474,-3.0987825179447412,3.0987825179447412,False
2021-07-05 22:00:00,20210705,104,115,111.5,False,False,False,False,False,True,True,22,1,0,0,1,1.0,1.0,0,0,7,89,89,4.499809670330265,0,15715,0,16,356.0,332.0,-267.0,0,0,0,0.0,21.6,98,70.73832,1.2,10.4,,109.0,114.0,107.5,24.0,,,112.20833333333333,185.0,2021-07,2021-07,104,112.33384488799338,-8.33384488799338,8.33384488799338,False
2021-07-05 23:00:00,20210705,102,116,115.5,False,False,False,False,False,True,True,23,1,0,0,1,1.0,1.0,0,0,7,332,332,5.808142489980444,0,15715,0,16,89.0,,243.0,0,0,0,0.10000000000000142,22.1,98,71.62842,1.0,18.7,,107.0,112.0,106.0,22.0,,,112.20833333333333,185.0,2021-07,2021-07,102,106.22114545095427,-4.221145450954268,4.221145450954268,False
2021-07-06 00:00:00,20210706,68,68,75.5,False,False,False,False,False,True,True,0,2,0,0,0,0.0,2.0,0,0,7,50,50,3.9318256327243257,0,16581,0,23,,434.0,,0,0,0,0.8000000000000007,22.8,98,72.87456,0.7,6.7,25.0,66.0,71.0,69.0,25.0,105.75,173.0,138.04166666666666,202.0,2021-07,2021-07,68,78.96134211025844,-10.961342110258443,10.961342110258443,False
2021-07-06 01:00:00,20210706,103,111,109.5,False,False,False,False,False,True,True,1,2,0,0,0,0.0,2.0,0,0,7,434,434,6.075346031088684,0,16581,0,23,50.0,246.0,384.0,0,0,0,1.8000000000000007,23.8,98,74.65476,1.5,8.7,23.0,104.0,108.0,105.25,23.0,105.75,173.0,138.04166666666666,202.0,2021-07,2021-07,103,111.40420941891735,-8.404209418917347,8.404209418917347,False
2021-07-06 02:00:00,20210706,105,110,109.0,False,False,False,False,False,True,True,2,2,0,0,0,0.0,2.0,0,0,7,246,246,5.5093883366279774,0,16581,0,23,434.0,236.0,-188.0,0,0,0,1.8000000000000007,23.8,98,74.65476,0.9,12.9,23.0,113.0,113.0,111.5,23.0,105.75,173.0,138.04166666666666,202.0,2021-07,2021-07,105,114.34406639410895,-9.34406639410895,9.34406639410895,False
2021-07-06 03:00:00,20210706,105,116,115.0,False,False,False,False,False,True,True,3,2,0,0,0,0.0,2.0,0,0,7,236,236,5.4680601411351315,0,16581,0,23,246.0,262.0,-10.0,0,0,0,1.8000000000000007,23.8,98,74.65476,0.9,15.0,24.0,104.0,113.0,108.25,24.0,105.75,173.0,138.04166666666666,202.0,2021-07,2021-07,105,112.39415718765717,-7.3941571876571714,7.3941571876571714,False
2021-07-06 04:00:00,20210706,106,112,111.0,False,False,False,False,False,True,True,4,2,0,0,0,0.0,2.0,0,0,7,262,262,5.572154032177765,0,16581,0,23,236.0,2.0,26.0,0,0,0,1.8999999999999986,23.9,98,74.83278,1.6,18.3,24.0,110.0,117.0,110.5,24.0,105.75,173.0,138.04166666666666,202.0,2021-07,2021-07,106,110.20237011370102,-4.202370113701022,4.202370113701022,False
2021-07-06 05:00:00,20210706,98,110,104.0,False,False,False,False,False,True,True,5,2,0,0,0,0.0,2.0,0,0,7,2,2,1.0986122886681098,0,16581,0,23,262.0,70.0,-260.0,0,0,0,1.6999999999999993,23.7,98,74.47673999999999,3.0,23.7,23.0,90.0,94.0,92.0,23.0,105.75,173.0,138.04166666666666,202.0,2021-07,2021-07,98,97.10924729645622,0.8907527035437823,0.8907527035437823,False
2021-07-06 06:00:00,20210706,98,105,107.5,False,False,False,False,False,True,True,6,2,0,0,0,0.0,2.0,0,0,7,70,70,4.2626798770413155,0,16581,0,23,2.0,2041.0,68.0,0,0,0,1.8000000000000007,23.8,98,74.65476,3.4,27.7,22.0,113.0,114.0,110.75,22.0,105.75,173.0,138.04166666666666,202.0,2021-07,2021-07,98,114.99367940913827,-16.993679409138267,16.993679409138267,False
2021-07-06 07:00:00,20210706,119,145,138.5,False,False,False,False,False,True,True,7,2,0,0,0,0.0,2.0,0,1,7,2041,800,7.621684998724611,0,16581,0,23,70.0,313.0,1971.0,0,0,0,1.6999999999999993,23.7,98,74.47673999999999,3.5,37.7,63.0,137.0,139.0,125.25,63.0,105.75,173.0,138.04166666666666,202.0,2021-07,2021-07,119,137.59481679783474,-18.59481679783474,18.59481679783474,False
2021-07-06 08:00:00,20210706,180,193,187.5,False,False,False,False,False,True,True,8,2,0,0,0,0.0,2.0,2,0,7,313,313,5.749392985908253,0,16581,0,23,2041.0,734.0,-1728.0,0,0,0,2.1999999999999993,24.2,98,75.36684,2.5,41.4,168.0,202.0,171.0,178.75,168.0,105.75,173.0,138.04166666666666,202.0,2021-07,2021-07,180,173.6052230723941,6.394776927605903,6.394776927605903,True
2021-07-06 09:00:00,20210706,180,185,184.5,False,False,False,False,False,True,True,9,2,0,0,0,0.0,2.0,2,0,7,734,734,6.5998704992128365,0,16581,0,23,313.0,792.0,421.0,0,0,0,2.6000000000000014,24.6,98,76.07892,2.7,42.1,170.0,179.0,167.0,173.0,170.0,105.75,173.0,138.04166666666666,202.0,2021-07,2021-07,180,175.2281971745892,4.771802825410788,4.771802825410788,True
2021-07-06 10:00:00,20210706,168,176,174.0,False,False,False,False,False,True,True,10,2,0,0,0,0.0,2.0,2,0,7,792,792,6.675823221634848,0,16581,0,23,734.0,568.0,58.0,0,0,0,1.1000000000000014,23.1,98,73.40862,2.8,44.2,173.0,163.0,172.0,160.25,173.0,105.75,173.0,138.04166666666666,202.0,2021-07,2021-07,168,170.06972997030763,-2.069729970307634,2.069729970307634,False
2021-07-06 11:00:00,20210706,176,182,179.5,False,False,False,False,False,True,True,11,2,0,0,0,0.0,2.0,2,0,7,568,568,6.343880434126331,0,16581,0,23,792.0,0.0,-224.0,0,0,0,1.1999999999999993,23.2,98,73.58663999999999,1.5,45.6,172.0,193.0,172.0,175.5,172.0,105.75,173.0,138.04166666666666,202.0,2021-07,2021-07,176,158.32688664242485,17.673113357575147,17.673113357575147,True
2021-07-06 12:00:00,20210706,110,132,151.5,False,False,False,False,False,True,True,12,2,0,0,0,0.0,2.0,1,1,7,0,0,0.0,1,16581,0,23,568.0,2227.0,-568.0,0,0,0,0.5,22.5,98,72.34049999999999,1.4,47.6,104.0,118.0,111.0,111.0,104.0,105.75,173.0,138.04166666666666,202.0,2021-07,2021-07,110,107.60475894444158,2.395241055558415,2.395241055558415,False
2021-07-06 13:00:00,20210706,159,170,169.5,False,False,False,False,False,True,True,13,2,0,0,0,0.0,2.0,2,0,7,2227,800,7.708859601047175,0,16581,0,23,0.0,648.0,2227.0,0,0,0,0.8999999999999986,22.9,95,72.80144999999999,2.4,47.7,168.0,187.0,166.0,172.25,168.0,105.75,173.0,138.04166666666666,202.0,2021-07,2021-07,159,174.42480721061565,-15.424807210615654,15.424807210615654,False
2021-07-06 14:00:00,20210706,179,185,179.0,False,False,False,False,False,True,True,14,2,0,0,0,0.0,2.0,2,0,7,648,648,6.47543271670409,0,16581,0,23,2227.0,1272.0,-1579.0,0,0,0,1.5,23.5,96,73.94139999999999,1.8,47.7,169.0,177.0,157.0,169.25,169.0,105.75,173.0,138.04166666666666,202.0,2021-07,2021-07,179,172.8873188251579,6.112681174842095,6.112681174842095,True
2021-07-06 15:00:00,20210706,158,173,171.0,False,False,False,False,False,True,True,15,2,0,0,0,0.0,2.0,2,0,7,1272,800,7.149131598557407,0,16581,0,23,648.0,985.0,624.0,0,0,0,1.0,23.0,98,73.2306,2.5,51.7,160.0,163.0,156.0,160.75,160.0,105.75,173.0,138.04166666666666,202.0,2021-07,2021-07,158,164.7197928306932,-6.719792830693194,6.719792830693194,False
2021-07-06 16:00:00,20210706,171,177,174.5,False,False,False,False,False,True,True,16,2,0,0,0,0.0,2.0,2,0,7,985,800,6.893656354602635,0,16581,0,23,1272.0,124.0,-287.0,0,0,0,0.6999999999999993,22.7,98,72.69654,2.0,56.8,158.0,164.0,160.0,163.0,158.0,105.75,173.0,138.04166666666666,202.0,2021-07,2021-07,171,167.65335134079942,3.346648659200582,3.346648659200582,False
2021-07-06 17:00:00,20210706,129,148,146.0,False,False,False,False,False,True,True,17,2,0,0,0,0.0,2.0,2,1,7,124,124,4.8283137373023015,0,16581,0,23,985.0,1300.0,-861.0,0,0,0,1.1999999999999993,23.2,98,73.58663999999999,2.2,57.3,129.0,128.0,120.0,129.5,129.0,105.75,173.0,138.04166666666666,202.0,2021-07,2021-07,129,130.69000489183875,-1.690004891838754,1.690004891838754,False
2021-07-06 18:00:00,20210706,153,161,157.0,False,False,False,False,False,True,True,18,2,0,0,0,0.0,2.0,2,0,7,1300,800,7.170888478512505,0,16581,0,23,124.0,3876.0,1176.0,0,0,0,1.0,23.0,98,73.2306,0.3,58.0,158.0,166.0,153.0,158.5,158.0,105.75,173.0,138.04166666666666,202.0,2021-07,2021-07,153,164.5169650851678,-11.516965085167811,11.516965085167811,False
2021-07-06 19:00:00,20210706,151,157,155.0,False,False,False,False,False,True,True,19,2,0,0,0,0.0,2.0,2,0,7,3876,800,8.262816937670928,0,16581,0,23,1300.0,10.0,2576.0,0,0,0,1.6999999999999993,23.7,98,74.47673999999999,2.9,58.7,139.0,160.0,156.0,153.5,139.0,105.75,173.0,138.04166666666666,202.0,2021-07,2021-07,151,160.41238089944918,-9.412380899449175,9.412380899449175,False
2021-07-06 20:00:00,20210706,134,138,139.0,False,False,False,False,False,True,True,20,2,0,0,0,0.0,2.0,0,0,7,10,10,2.3978952727983707,0,16581,0,23,3876.0,166.0,-3866.0,0,0,0,1.6999999999999993,23.7,98,74.47673999999999,1.2,58.9,120.0,135.0,133.0,131.25,120.0,105.75,173.0,138.04166666666666,202.0,2021-07,2021-07,134,130.4881865190221,3.5118134809779065,3.5118134809779065,False
2021-07-06 21:00:00,20210706,126,132,132.5,False,False,False,False,False,True,True,21,2,0,0,0,0.0,2.0,0,0,7,166,166,5.117993812416755,0,16581,0,23,10.0,150.0,156.0,0,0,0,2.1000000000000014,24.1,98,75.18881999999999,3.3,58.9,117.0,124.0,126.0,124.5,117.0,105.75,173.0,138.04166666666666,202.0,2021-07,2021-07,126,122.17125508564993,3.828744914350068,3.828744914350068,False
2021-07-06 22:00:00,20210706,112,115,119.0,False,False,False,False,False,True,True,22,2,0,0,0,0.0,2.0,0,0,7,150,150,5.017279836814924,0,16581,0,23,166.0,75.0,-16.0,0,0,0,2.1000000000000014,24.1,98,75.18881999999999,3.0,58.9,104.0,113.0,114.0,112.25,104.0,105.75,173.0,138.04166666666666,202.0,2021-07,2021-07,112,114.98361326972254,-2.9836132697225395,2.9836132697225395,False
2021-07-06 23:00:00,20210706,106,114,110.5,False,False,False,False,False,True,True,23,2,0,0,0,0.0,2.0,0,0,7,75,75,4.330733340286331,0,16581,0,23,150.0,,-75.0,0,0,0,1.8999999999999986,23.9,98,74.83278,1.4,60.4,102.0,104.0,113.0,106.5,102.0,105.75,173.0,138.04166666666666,202.0,2021-07,2021-07,106,107.30214085378947,-1.3021408537894672,1.3021408537894672,False
2021-07-07 00:00:00,20210707,76,89,98.0,False,False,False,False,False,True,True,0,3,0,0,0,0.0,3.0,0,0,7,250,250,5.5254529391317835,0,19407,0,23,,5.0,,0,0,0,1.6000000000000014,23.6,98,74.29872,1.1,0.0,68.0,67.0,69.0,69.25,68.0,133.08333333333334,180.0,131.79166666666666,180.0,2021-07,2021-07,76,75.76656158498649,0.23343841501350937,0.23343841501350937,False
2021-07-07 01:00:00,20210707,102,112,109.0,False,False,False,False,False,True,True,1,3,0,0,0,0.0,3.0,0,0,7,5,5,1.791759469228055,0,19407,0,23,250.0,42.0,-245.0,0,0,0,1.8999999999999986,23.9,98,74.83278,0.6,0.0,103.0,104.0,103.0,104.25,103.0,133.08333333333334,180.0,131.79166666666666,180.0,2021-07,2021-07,102,110.77887073166026,-8.778870731660263,8.778870731660263,False
2021-07-07 02:00:00,20210707,106,107,109.0,False,False,False,False,False,True,True,2,3,0,0,0,0.0,3.0,0,0,7,42,42,3.7612001156935624,0,19407,0,23,5.0,442.0,37.0,0,0,0,1.6000000000000014,23.6,98,74.29872,0.3,0.0,105.0,110.0,120.0,112.0,105.0,133.08333333333334,180.0,131.79166666666666,180.0,2021-07,2021-07,106,113.75255644544232,-7.752556445442323,7.752556445442323,False
2021-07-07 03:00:00,20210707,110,115,112.0,False,False,False,False,False,True,True,3,3,0,0,0,0.0,3.0,0,0,7,442,442,6.093569770045136,0,19407,0,23,42.0,90.0,400.0,0,0,0,1.8000000000000007,23.8,98,74.65476,0.6,0.0,105.0,112.0,103.0,107.5,105.0,133.08333333333334,180.0,131.79166666666666,180.0,2021-07,2021-07,110,113.18320428584845,-3.183204285848447,3.183204285848447,False
2021-07-07 04:00:00,20210707,106,108,108.5,False,False,False,False,False,True,True,4,3,0,0,0,0.0,3.0,0,0,7,90,90,4.51085950651685,0,19407,0,23,442.0,387.0,-352.0,0,0,0,1.8999999999999986,23.9,98,74.83278,0.1,0.0,106.0,109.0,112.0,108.25,106.0,133.08333333333334,180.0,131.79166666666666,180.0,2021-07,2021-07,106,113.45517270847569,-7.455172708475686,7.455172708475686,False
2021-07-07 05:00:00,20210707,94,101,101.5,False,False,False,False,False,True,True,5,3,0,0,0,0.0,3.0,0,0,7,387,387,5.961005339623274,0,19407,0,23,90.0,38.0,297.0,0,0,0,2.0,24.0,98,75.01079999999999,0.4,0.0,98.0,98.0,95.0,92.5,98.0,133.08333333333334,180.0,131.79166666666666,180.0,2021-07,2021-07,94,103.20798647719124,-9.207986477191241,9.207986477191241,False
2021-07-07 06:00:00,20210707,102,106,103.5,False,False,False,False,False,True,True,6,3,0,0,0,0.0,3.0,0,0,7,38,38,3.6635616461296463,0,19407,0,23,387.0,1847.0,-349.0,0,0,0,2.1999999999999993,24.2,98,75.36684,0.0,0.4,98.0,114.0,117.0,112.25,98.0,133.08333333333334,180.0,131.79166666666666,180.0,2021-07,2021-07,102,115.81244196032226,-13.81244196032226,13.81244196032226,False
2021-07-07 07:00:00,20210707,130,145,141.5,False,False,False,False,False,True,True,7,3,0,0,0,0.0,3.0,0,1,7,1847,800,7.521859252201629,0,19407,0,23,38.0,675.0,1809.0,0,0,0,3.3999999999999986,25.4,98,77.50308,2.2,0.4,119.0,132.0,140.0,132.5,119.0,133.08333333333334,180.0,131.79166666666666,180.0,2021-07,2021-07,130,137.97415816809018,-7.9741581680901845,7.9741581680901845,False
2021-07-07 08:00:00,20210707,181,203,197.5,False,False,False,False,False,True,True,8,3,0,0,0,0.0,3.0,2,0,7,675,675,6.516193076042964,0,19407,0,23,1847.0,1990.0,-1172.0,0,0,0,3.0,25.0,98,76.791,0.1,0.4,180.0,180.0,163.0,172.25,180.0,133.08333333333334,180.0,131.79166666666666,180.0,2021-07,2021-07,181,174.3575502469498,6.642449753050187,6.642449753050187,True
2021-07-07 09:00:00,20210707,178,187,195.0,False,False,False,False,False,True,True,9,3,0,0,0,0.0,3.0,2,0,7,1990,800,7.596392304064196,0,19407,0,23,675.0,3638.0,1315.0,0,0,0,3.5,25.5,98,77.6811,0.8,0.6,180.0,179.0,160.0,172.75,180.0,133.08333333333334,180.0,131.79166666666666,180.0,2021-07,2021-07,178,176.1360462362693,1.8639537637307058,1.8639537637307058,True
2021-07-07 10:00:00,20210707,174,186,185.5,False,False,False,False,False,True,True,10,3,0,0,0,0.0,3.0,2,0,7,3638,800,8.19946419761216,0,19407,0,23,1990.0,954.0,1648.0,0,0,0,2.8999999999999986,24.9,98,76.61298,0.8,1.0,168.0,159.0,148.0,162.75,168.0,133.08333333333334,180.0,131.79166666666666,180.0,2021-07,2021-07,174,169.18664264413493,4.813357355865065,4.813357355865065,True
2021-07-07 11:00:00,20210707,178,183,182.0,False,False,False,False,False,True,True,11,3,0,0,0,0.0,3.0,2,0,7,954,800,6.86171134048073,0,19407,0,23,3638.0,0.0,-2684.0,0,0,0,1.3000000000000007,23.3,98,73.76465999999999,1.4,10.9,176.0,144.0,156.0,162.0,176.0,133.08333333333334,180.0,131.79166666666666,180.0,2021-07,2021-07,178,147.12747845387358,30.87252154612642,30.87252154612642,True
2021-07-07 12:00:00,20210707,112,131,152.5,False,False,False,False,False,True,True,12,3,0,0,0,0.0,3.0,1,1,7,0,0,0.0,1,19407,0,23,954.0,320.0,-954.0,0,0,0,1.8000000000000007,23.8,98,74.65476,0.4,21.4,110.0,108.0,93.0,105.0,110.0,133.08333333333334,180.0,131.79166666666666,180.0,2021-07,2021-07,112,102.5057966795476,9.4942033204524,9.4942033204524,False
2021-07-07 13:00:00,20210707,173,185,183.5,False,False,False,False,False,True,True,13,3,0,0,0,0.0,3.0,2,0,7,320,320,5.771441123130016,0,19407,0,23,0.0,1323.0,320.0,0,0,0,1.8000000000000007,23.8,98,74.65476,0.5,24.3,159.0,167.0,153.0,164.5,159.0,133.08333333333334,180.0,131.79166666666666,180.0,2021-07,2021-07,173,170.6997107187141,2.300289281285899,2.300289281285899,True
2021-07-07 14:00:00,20210707,175,185,183.5,False,False,False,False,False,True,True,14,3,0,0,0,0.0,3.0,2,0,7,1323,800,7.188412736496954,0,19407,0,23,320.0,1208.0,1003.0,0,0,0,2.1999999999999993,24.2,98,75.36684,1.8,26.1,179.0,166.0,151.0,163.25,179.0,133.08333333333334,180.0,131.79166666666666,180.0,2021-07,2021-07,175,173.97854201035594,1.0214579896440625,1.0214579896440625,True
2021-07-07 15:00:00,20210707,158,176,174.5,False,False,False,False,False,True,True,15,3,0,0,0,0.0,3.0,2,0,7,1208,800,7.097548850614793,0,19407,0,23,1323.0,1579.0,-115.0,0,0,0,1.3999999999999986,23.4,98,73.94268,2.4,29.9,158.0,164.0,150.0,158.75,158.0,133.08333333333334,180.0,131.79166666666666,180.0,2021-07,2021-07,158,166.2967904723523,-8.296790472352313,8.296790472352313,False
2021-07-07 16:00:00,20210707,177,181,179.5,False,False,False,False,False,True,True,16,3,0,0,0,0.0,3.0,2,0,7,1579,800,7.365180126021013,0,19407,0,23,1208.0,175.0,371.0,0,0,0,1.6000000000000014,23.6,98,74.29872,1.5,33.7,171.0,161.0,160.0,160.0,171.0,133.08333333333334,180.0,131.79166666666666,180.0,2021-07,2021-07,177,163.75192391721052,13.248076082789481,13.248076082789481,True
2021-07-07 17:00:00,20210707,138,179,167.5,False,False,False,False,False,True,True,17,3,0,0,0,0.0,3.0,2,1,7,175,175,5.170483995038151,0,19407,0,23,1579.0,1717.0,-1404.0,0,0,0,1.3999999999999986,23.4,98,73.94268,1.8,37.0,129.0,156.0,128.0,141.75,129.0,133.08333333333334,180.0,131.79166666666666,180.0,2021-07,2021-07,138,151.8455102528927,-13.845510252892694,13.845510252892694,False
2021-07-07 18:00:00,20210707,169,173,174.0,False,False,False,False,False,True,True,18,3,0,0,0,0.0,3.0,2,0,7,1717,800,7.4489161025442,0,19407,0,23,175.0,2321.0,1542.0,0,0,0,1.3999999999999986,23.4,98,73.94268,0.9,38.5,153.0,160.0,162.0,161.25,153.0,133.08333333333334,180.0,131.79166666666666,180.0,2021-07,2021-07,169,166.7326008258636,2.2673991741363864,2.2673991741363864,False
2021-07-07 19:00:00,20210707,157,169,166.5,False,False,False,False,False,True,True,19,3,0,0,0,0.0,3.0,2,0,7,2321,800,7.7501841622578365,0,19407,0,23,1717.0,162.0,604.0,0,0,0,0.6999999999999993,22.7,98,72.69654,2.4,38.8,151.0,141.0,137.0,137.25,151.0,133.08333333333334,180.0,131.79166666666666,180.0,2021-07,2021-07,157,145.67014164866237,11.329858351337634,11.329858351337634,False
2021-07-07 20:00:00,20210707,117,127,125.5,False,False,False,False,False,True,True,20,3,0,0,0,0.0,3.0,0,0,7,162,162,5.093750200806762,0,19407,0,23,2321.0,68.0,-2159.0,0,0,0,0.5,22.5,98,72.34049999999999,3.7,38.8,134.0,109.0,128.0,115.0,134.0,133.08333333333334,180.0,131.79166666666666,180.0,2021-07,2021-07,117,117.48024129443756,-0.4802412944375618,0.4802412944375618,False
2021-07-07 21:00:00,20210707,115,120,118.5,False,False,False,False,False,True,True,21,3,0,0,0,0.0,3.0,0,0,7,68,68,4.23410650459726,0,19407,0,23,162.0,104.0,-94.0,0,0,0,0.3999999999999986,22.4,98,72.16247999999999,2.3,38.8,126.0,113.0,126.0,115.5,126.0,133.08333333333334,180.0,131.79166666666666,180.0,2021-07,2021-07,115,117.40687842967407,-2.406878429674066,2.406878429674066,False
2021-07-07 22:00:00,20210707,104,113,112.5,False,False,False,False,False,True,True,22,3,0,0,0,0.0,3.0,0,0,7,104,104,4.653960350157523,0,19407,0,23,68.0,72.0,36.0,0,0,0,0.3000000000000007,22.3,98,71.98446,1.1,38.8,112.0,106.0,114.0,106.0,112.0,133.08333333333334,180.0,131.79166666666666,180.0,2021-07,2021-07,104,110.93560483903252,-6.935604839032521,6.935604839032521,False
2021-07-07 23:00:00,20210707,105,110,111.5,False,False,False,False,False,True,True,23,3,0,0,0,0.0,3.0,0,0,7,72,72,4.290459441148391,0,19407,0,23,104.0,,-32.0,0,0,0,0.1999999999999993,22.2,98,71.80644,0.3,38.8,106.0,104.0,110.0,103.75,106.0,133.08333333333334,180.0,131.79166666666666,180.0,2021-07,2021-07,105,104.47803606651105,0.5219639334889479,0.5219639334889479,False
2021-07-08 00:00:00,20210708,73,78,91.5,False,False,False,False,False,True,True,0,4,0,0,0,0.0,4.0,0,0,7,242,242,5.493061443340548,0,19519,0,21,,703.0,,0,0,0,0.0,22.0,98,71.4504,0.3,0.0,76.0,68.0,70.0,68.75,76.0,134.875,181.0,138.91666666666666,190.0,2021-07,2021-07,73,77.6243514874103,-4.624351487410294,4.624351487410294,False
2021-07-08 01:00:00,20210708,99,104,102.5,False,False,False,False,False,True,True,1,4,0,0,0,0.0,4.0,0,0,7,703,703,6.556778356158042,0,19519,0,21,242.0,192.0,461.0,0,0,0,0.0,21.9,98,71.27238,0.6,0.0,102.0,104.0,111.0,106.25,102.0,134.875,181.0,138.91666666666666,190.0,2021-07,2021-07,99,111.73074480321311,-12.730744803213113,12.730744803213113,False
2021-07-08 02:00:00,20210708,104,110,106.0,False,False,False,False,False,True,True,2,4,0,0,0,0.0,4.0,0,0,7,192,192,5.262690188904886,0,19519,0,21,703.0,130.0,-511.0,0,0,0,0.0,21.9,98,71.27238,0.1,0.0,106.0,113.0,118.0,111.75,106.0,134.875,181.0,138.91666666666666,190.0,2021-07,2021-07,104,113.27515871640863,-9.275158716408626,9.275158716408626,False
2021-07-08 03:00:00,20210708,105,115,112.0,False,False,False,False,False,True,True,3,4,0,0,0,0.0,4.0,0,0,7,130,130,4.875197323201151,0,19519,0,21,192.0,208.0,-62.0,0,0,0,0.0,21.9,98,71.27238,0.2,0.0,110.0,107.0,117.0,109.75,110.0,134.875,181.0,138.91666666666666,190.0,2021-07,2021-07,105,111.57787447154442,-6.577874471544419,6.577874471544419,False
2021-07-08 04:00:00,20210708,106,109,108.5,False,False,False,False,False,True,True,4,4,0,0,0,0.0,4.0,0,0,7,208,208,5.342334251964811,0,19519,0,21,130.0,314.0,78.0,0,0,0,0.10000000000000142,22.1,98,71.62842,0.4,0.0,106.0,104.0,116.0,109.75,106.0,134.875,181.0,138.91666666666666,190.0,2021-07,2021-07,106,111.41252740753934,-5.4125274075393435,5.4125274075393435,False
2021-07-08 05:00:00,20210708,96,107,105.5,False,False,False,False,False,True,True,5,4,0,0,0,0.0,4.0,0,0,7,314,314,5.752572638825633,0,19519,0,21,208.0,58.0,106.0,0,0,0,0.3000000000000007,22.3,98,71.98446,0.4,0.0,94.0,93.0,101.0,95.5,94.0,134.875,181.0,138.91666666666666,190.0,2021-07,2021-07,96,104.93627671127105,-8.936276711271049,8.936276711271049,False
2021-07-08 06:00:00,20210708,110,115,111.0,False,False,False,False,False,True,True,6,4,0,0,0,0.0,4.0,0,0,7,58,58,4.07753744390572,0,19519,0,21,314.0,436.0,-256.0,0,0,0,0.8000000000000007,22.8,98,72.87456,2.6,0.0,102.0,110.0,118.0,113.25,102.0,134.875,181.0,138.91666666666666,190.0,2021-07,2021-07,110,117.04380606981414,-7.0438060698141385,7.0438060698141385,False
2021-07-08 07:00:00,20210708,133,146,144.5,False,False,False,False,False,True,True,7,4,0,0,0,0.0,4.0,0,1,7,436,436,6.07993319509559,0,19519,0,21,58.0,560.0,378.0,0,0,0,1.5,23.5,98,74.1207,1.4,0.0,130.0,129.0,149.0,134.5,130.0,134.875,181.0,138.91666666666666,190.0,2021-07,2021-07,133,134.55931416251778,-1.5593141625177793,1.5593141625177793,False
2021-07-08 08:00:00,20210708,166,187,180.0,False,False,False,False,False,True,True,8,4,0,0,0,0.0,4.0,2,0,7,560,560,6.329720905522696,0,19519,0,21,436.0,516.0,124.0,0,0,0,1.6999999999999993,23.7,98,74.47673999999999,2.4,0.1,181.0,182.0,182.0,177.25,181.0,134.875,181.0,138.91666666666666,190.0,2021-07,2021-07,166,175.85731968740458,-9.857319687404583,9.857319687404583,False
2021-07-08 09:00:00,20210708,180,186,181.5,False,False,False,False,False,True,True,9,4,0,0,0,0.0,4.0,2,0,7,516,516,6.248042874508429,0,19519,0,21,560.0,112.0,-44.0,0,0,0,2.8000000000000007,24.8,97,76.33243999999999,1.9,0.1,178.0,178.0,162.0,171.5,178.0,134.875,181.0,138.91666666666666,190.0,2021-07,2021-07,180,172.95233700606545,7.047662993934551,7.047662993934551,True
2021-07-08 10:00:00,20210708,184,201,195.5,False,False,False,False,False,True,True,10,4,0,0,0,0.0,4.0,2,0,7,112,112,4.727387818712341,0,19519,0,21,516.0,562.0,-404.0,0,0,0,4.0,26.0,89,77.54159999999999,2.2,0.1,174.0,172.0,154.0,164.0,174.0,134.875,181.0,138.91666666666666,190.0,2021-07,2021-07,184,170.23668253550053,13.763317464499465,13.763317464499465,True
2021-07-08 11:00:00,20210708,190,192,196.0,False,False,False,False,False,True,True,11,4,0,0,0,0.0,4.0,2,0,7,562,562,6.333279628139691,0,19519,0,21,112.0,0.0,450.0,0,0,0,4.800000000000001,26.8,84,78.28288,2.0,0.1,178.0,188.0,164.0,174.0,178.0,134.875,181.0,138.91666666666666,190.0,2021-07,2021-07,190,159.09168070138062,30.908319298619375,30.908319298619375,True
2021-07-08 12:00:00,20210708,120,131,159.0,False,False,False,False,False,True,True,12,4,0,0,0,0.0,4.0,1,1,7,0,0,0.0,1,19519,0,21,562.0,2140.0,-562.0,0,0,0,3.5,25.5,89,76.69605,1.9,0.1,112.0,111.0,105.0,107.5,112.0,134.875,181.0,138.91666666666666,190.0,2021-07,2021-07,120,107.12831352396712,12.871686476032878,12.871686476032878,False
2021-07-08 13:00:00,20210708,186,201,196.0,False,False,False,False,False,True,True,13,4,0,0,0,0.0,4.0,2,0,7,2140,800,7.669028288589683,0,19519,0,21,0.0,1434.0,2140.0,0,0,0,2.1000000000000014,24.1,95,74.90205,2.9,0.7,173.0,190.0,171.0,174.25,173.0,134.875,181.0,138.91666666666666,190.0,2021-07,2021-07,186,175.88192039292653,10.118079607073469,10.118079607073469,True
2021-07-08 14:00:00,20210708,184,200,195.0,False,False,False,False,False,True,True,14,4,0,0,0,0.0,4.0,2,0,7,1434,800,7.268920128193722,0,19519,0,21,2140.0,350.0,-706.0,0,0,0,1.3999999999999986,23.4,98,73.94268,2.3,0.9,175.0,187.0,163.0,172.75,175.0,134.875,181.0,138.91666666666666,190.0,2021-07,2021-07,184,172.55809347978524,11.441906520214758,11.441906520214758,True
2021-07-08 15:00:00,20210708,161,184,176.0,False,False,False,False,False,True,True,15,4,0,0,0,0.0,4.0,2,0,7,350,350,5.860786223465865,0,19519,0,21,1434.0,2282.0,-1084.0,0,0,0,2.6000000000000014,24.6,93,75.57622,1.7,0.9,158.0,164.0,150.0,159.0,158.0,134.875,181.0,138.91666666666666,190.0,2021-07,2021-07,161,164.4832034744118,-3.483203474411795,3.483203474411795,False
2021-07-08 16:00:00,20210708,174,186,184.5,False,False,False,False,False,True,True,16,4,0,0,0,0.0,4.0,2,0,7,2282,800,7.733245646529795,0,19519,0,21,350.0,86.0,1932.0,0,0,0,2.6000000000000014,24.6,89,75.17406,1.3,0.9,177.0,170.0,162.0,163.5,177.0,134.875,181.0,138.91666666666666,190.0,2021-07,2021-07,174,168.40360195588582,5.596398044114181,5.596398044114181,True
2021-07-08 17:00:00,20210708,128,155,146.5,False,False,False,False,False,True,True,17,4,0,0,0,0.0,4.0,2,1,7,86,86,4.465908118654584,0,19519,0,21,2282.0,3577.0,-2196.0,0,0,0,1.1999999999999993,23.2,97,73.49996,0.9,2.7,138.0,135.0,135.0,134.5,138.0,134.875,181.0,138.91666666666666,190.0,2021-07,2021-07,128,133.05448291025758,-5.054482910257576,5.054482910257576,False
2021-07-08 18:00:00,20210708,147,155,155.0,False,False,False,False,False,True,True,18,4,0,0,0,0.0,4.0,2,0,7,3577,800,8.182559264068665,0,19519,0,21,86.0,5585.0,3491.0,0,0,0,0.6999999999999993,22.7,98,72.69654,1.2,6.0,169.0,157.0,150.0,149.75,169.0,134.875,181.0,138.91666666666666,190.0,2021-07,2021-07,147,161.5478401753754,-14.547840175375399,14.547840175375399,False
2021-07-08 19:00:00,20210708,147,153,152.0,False,False,False,False,False,True,True,19,4,0,0,0,0.0,4.0,2,0,7,5585,800,8.628018746505122,0,19519,0,21,3577.0,26.0,2008.0,0,0,0,0.1999999999999993,22.2,98,71.80644,1.0,16.2,157.0,163.0,159.0,151.0,157.0,134.875,181.0,138.91666666666666,190.0,2021-07,2021-07,147,157.59068711309197,-10.590687113091974,10.590687113091974,False
2021-07-08 20:00:00,20210708,130,132,141.5,False,False,False,False,False,True,True,20,4,0,0,0,0.0,4.0,0,0,7,26,26,3.295836866004329,0,19519,0,21,5585.0,6.0,-5559.0,0,0,0,0.1999999999999993,22.2,98,71.80644,0.4,17.2,117.0,142.0,136.0,137.5,117.0,134.875,181.0,138.91666666666666,190.0,2021-07,2021-07,130,134.85320041027396,-4.853200410273956,4.853200410273956,False
2021-07-08 21:00:00,20210708,125,128,128.0,False,False,False,False,False,True,True,21,4,0,0,0,0.0,4.0,0,0,7,6,6,1.9459101490553132,0,19519,0,21,26.0,0.0,-20.0,0,0,0,0.0,22.0,98,71.4504,0.7,17.2,115.0,140.0,131.0,131.75,115.0,134.875,181.0,138.91666666666666,190.0,2021-07,2021-07,125,125.39254639695923,-0.3925463969592329,0.3925463969592329,False
2021-07-08 22:00:00,20210708,111,118,115.5,False,False,False,False,False,True,True,22,4,0,0,0,0.0,4.0,0,0,7,0,0,0.0,1,19519,0,21,6.0,0.0,-6.0,0,0,0,0.0,21.9,98,71.27238,0.6,17.2,104.0,119.0,121.0,120.75,104.0,134.875,181.0,138.91666666666666,190.0,2021-07,2021-07,111,102.39601905182799,8.603980948172008,8.603980948172008,False
2021-07-08 23:00:00,20210708,113,119,118.5,False,False,False,False,False,True,True,23,4,0,0,0,0.0,4.0,0,0,7,0,0,0.0,1,19519,0,21,0.0,,0.0,0,0,0,0.0,21.9,98,71.27238,0.4,17.2,105.0,108.0,115.0,109.75,105.0,134.875,181.0,138.91666666666666,190.0,2021-07,2021-07,113,93.32028239132656,19.679717608673442,19.679717608673442,False
2021-07-09 00:00:00,20210709,73,78,90.5,False,False,False,False,False,True,True,0,5,0,0,0,0.0,5.0,0,0,7,0,0,0.0,1,16527,0,18,,37.0,,0,0,0,0.0,22.0,98,71.4504,0.6,0.0,73.0,68.0,71.0,72.25,73.0,136.33333333333334,190.0,131.70833333333334,179.0,2021-07,2021-07,73,63.82478082401127,9.17521917598873,9.17521917598873,False
2021-07-09 01:00:00,20210709,102,105,104.5,False,False,False,False,False,True,True,1,5,0,0,0,0.0,5.0,0,0,7,37,37,3.6375861597263857,0,16527,0,18,0.0,12.0,37.0,0,0,0,0.10000000000000142,22.1,98,71.62842,0.7,0.0,99.0,106.0,119.0,111.0,99.0,136.33333333333334,190.0,131.70833333333334,179.0,2021-07,2021-07,102,104.58197907558599,-2.5819790755859913,2.5819790755859913,False
2021-07-09 02:00:00,20210709,110,114,112.5,False,False,False,False,False,True,True,2,5,0,0,0,0.0,5.0,0,0,7,12,12,2.5649493574615367,0,16527,0,18,37.0,0.0,-25.0,0,0,0,0.0,21.9,98,71.27238,0.4,1.8,104.0,116.0,117.0,113.0,104.0,136.33333333333334,190.0,131.70833333333334,179.0,2021-07,2021-07,110,110.73220721600667,-0.732207216006671,0.732207216006671,False
2021-07-09 03:00:00,20210709,99,109,103.5,False,False,False,False,False,True,True,3,5,0,0,0,0.0,5.0,0,0,7,0,0,0.0,1,16527,0,18,12.0,32.0,-12.0,0,0,0,0.0,21.9,98,71.27238,0.4,2.5,105.0,108.0,119.0,110.5,105.0,136.33333333333334,190.0,131.70833333333334,179.0,2021-07,2021-07,99,102.12555493325397,-3.125554933253966,3.125554933253966,False
2021-07-09 04:00:00,20210709,104,106,107.0,False,False,False,False,False,True,True,4,5,0,0,0,0.0,5.0,0,0,7,32,32,3.4965075614664802,0,16527,0,18,0.0,0.0,32.0,0,0,0,0.0,21.9,98,71.27238,0.7,2.6,106.0,106.0,118.0,111.75,106.0,136.33333333333334,190.0,131.70833333333334,179.0,2021-07,2021-07,104,100.85031426895272,3.1496857310472848,3.1496857310472848,False
2021-07-09 05:00:00,20210709,98,105,104.5,False,False,False,False,False,True,True,5,5,0,0,0,0.0,5.0,0,0,7,0,0,0.0,1,16527,0,18,32.0,0.0,-32.0,0,0,0,0.0,22.0,98,71.4504,0.8,2.9,96.0,96.0,106.0,98.5,96.0,136.33333333333334,190.0,131.70833333333334,179.0,2021-07,2021-07,98,97.16751321559104,0.8324867844089567,0.8324867844089567,False
2021-07-09 06:00:00,20210709,113,125,117.5,False,False,False,False,False,True,True,6,5,0,0,0,0.0,5.0,0,0,7,0,0,0.0,1,16527,0,18,0.0,536.0,0.0,0,0,0,0.1999999999999993,22.2,98,71.80644,0.5,3.2,110.0,112.0,114.0,113.0,110.0,136.33333333333334,190.0,131.70833333333334,179.0,2021-07,2021-07,113,99.09082510806884,13.909174891931158,13.909174891931158,False
2021-07-09 07:00:00,20210709,137,156,153.0,False,False,False,False,False,True,True,7,5,0,0,0,0.0,5.0,0,1,7,536,536,6.285998094508865,0,16527,0,18,0.0,564.0,536.0,0,0,0,0.3000000000000007,22.3,98,71.98446,1.1,3.3,133.0,133.0,135.0,133.5,133.0,136.33333333333334,190.0,131.70833333333334,179.0,2021-07,2021-07,137,127.95126007009374,9.048739929906262,9.048739929906262,False
2021-07-09 08:00:00,20210709,174,188,185.5,False,False,False,False,False,True,True,8,5,0,0,0,0.0,5.0,2,0,7,564,564,6.336825731146441,0,16527,0,18,536.0,565.0,28.0,0,0,0,0.6999999999999993,22.7,98,72.69654,0.7,3.3,166.0,161.0,156.0,161.75,166.0,136.33333333333334,190.0,131.70833333333334,179.0,2021-07,2021-07,174,164.2636125865914,9.736387413408607,9.736387413408607,True
2021-07-09 09:00:00,20210709,166,168,175.5,False,False,False,False,False,True,True,9,5,0,0,0,0.0,5.0,2,0,7,565,565,6.338594078203183,0,16527,0,18,564.0,1753.0,1.0,0,0,0,0.6999999999999993,22.7,98,72.69654,1.1,3.3,180.0,175.0,170.0,171.0,180.0,136.33333333333334,190.0,131.70833333333334,179.0,2021-07,2021-07,166,167.44764723377583,-1.4476472337758253,1.4476472337758253,False
2021-07-09 10:00:00,20210709,164,176,172.0,False,False,False,False,False,True,True,10,5,0,0,0,0.0,5.0,2,0,7,1753,800,7.469654172932128,0,16527,0,18,565.0,1082.0,1188.0,0,0,0,1.3000000000000007,23.3,98,73.76465999999999,1.1,3.3,184.0,164.0,172.0,164.25,184.0,136.33333333333334,190.0,131.70833333333334,179.0,2021-07,2021-07,164,169.76918401812728,-5.769184018127277,5.769184018127277,False
2021-07-09 11:00:00,20210709,171,176,175.5,False,False,False,False,False,True,True,11,5,0,0,0,0.0,5.0,2,0,7,1082,800,6.9874902470009905,0,16527,0,18,1753.0,0.0,-671.0,0,0,0,2.6999999999999993,24.7,96,76.05387999999999,0.1,3.3,190.0,179.0,180.0,176.0,190.0,136.33333333333334,190.0,131.70833333333334,179.0,2021-07,2021-07,171,155.14729734572654,15.852702654273457,15.852702654273457,False
2021-07-09 12:00:00,20210709,100,112,143.5,False,False,False,False,False,True,True,12,5,0,0,0,0.0,5.0,1,1,7,0,0,0.0,1,16527,0,18,1082.0,1119.0,-1082.0,0,0,0,2.6999999999999993,24.7,95,75.95235,0.9,4.4,120.0,108.0,122.0,109.0,120.0,136.33333333333334,190.0,131.70833333333334,179.0,2021-07,2021-07,100,105.52750896805522,-5.527508968055216,5.527508968055216,False
2021-07-09 13:00:00,20210709,174,186,185.5,False,False,False,False,False,True,True,13,5,0,0,0,0.0,5.0,2,0,7,1119,800,7.02108396428914,0,16527,0,18,0.0,2229.0,1119.0,0,0,0,2.0,24.0,96,74.82159999999999,1.4,4.4,186.0,170.0,179.0,169.25,186.0,136.33333333333334,190.0,131.70833333333334,179.0,2021-07,2021-07,174,173.632217168255,0.3677828317449894,0.3677828317449894,True
2021-07-09 14:00:00,20210709,181,192,188.5,False,False,False,False,False,True,True,14,5,0,0,0,0.0,5.0,2,0,7,2229,800,7.709756864454165,0,16527,0,18,1119.0,774.0,1110.0,0,0,0,0.6000000000000014,22.6,98,72.51852,2.0,4.4,184.0,175.0,177.0,168.75,184.0,136.33333333333334,190.0,131.70833333333334,179.0,2021-07,2021-07,181,173.98145357360124,7.018546426398757,7.018546426398757,True
2021-07-09 15:00:00,20210709,167,188,183.5,False,False,False,False,False,True,True,15,5,0,0,0,0.0,5.0,2,0,7,774,774,6.652863029353347,0,16527,0,18,2229.0,1881.0,-1455.0,0,0,0,0.6999999999999993,22.7,98,72.69654,1.4,4.8,161.0,143.0,175.0,156.0,161.0,136.33333333333334,190.0,131.70833333333334,179.0,2021-07,2021-07,167,155.64449802368839,11.355501976311615,11.355501976311615,False
2021-07-09 16:00:00,20210709,171,176,182.0,False,False,False,False,False,True,True,16,5,0,0,0,0.0,5.0,2,0,7,1881,800,7.540090320145325,0,16527,0,18,774.0,955.0,1107.0,0,0,0,0.8999999999999986,22.9,98,73.05257999999999,1.2,4.8,174.0,158.0,166.0,160.75,174.0,136.33333333333334,190.0,131.70833333333334,179.0,2021-07,2021-07,171,163.09875246750642,7.901247532493585,7.901247532493585,False
2021-07-09 17:00:00,20210709,143,165,164.0,False,False,False,False,False,True,True,17,5,0,0,0,0.0,5.0,2,1,7,955,800,6.862757913051401,0,16527,0,18,1881.0,1186.0,-926.0,0,0,0,1.1999999999999993,23.2,98,73.58663999999999,0.5,4.8,128.0,147.0,141.0,143.0,128.0,136.33333333333334,190.0,131.70833333333334,179.0,2021-07,2021-07,143,148.60970798460207,-5.609707984602068,5.609707984602068,False
2021-07-09 18:00:00,20210709,170,174,173.5,False,False,False,False,False,True,True,18,5,0,0,0,0.0,5.0,2,0,7,1186,800,7.079184394609668,0,16527,0,18,955.0,3718.0,231.0,0,0,0,1.0,23.0,98,73.2306,1.2,4.8,147.0,160.0,142.0,149.25,147.0,136.33333333333334,190.0,131.70833333333334,179.0,2021-07,2021-07,170,158.1741206783969,11.82587932160311,11.82587932160311,False
2021-07-09 19:00:00,20210709,134,140,151.5,False,False,False,False,False,True,True,19,5,0,0,0,0.0,5.0,2,0,7,3718,800,8.22121009392507,0,16527,0,18,1186.0,36.0,2532.0,0,0,0,1.0,23.0,98,73.2306,0.3,4.8,147.0,136.0,110.0,130.0,147.0,136.33333333333334,190.0,131.70833333333334,179.0,2021-07,2021-07,134,135.00335553061177,-1.0033555306117705,1.0033555306117705,False
2021-07-09 20:00:00,20210709,104,111,110.0,False,False,False,False,False,True,True,20,5,0,0,0,0.0,5.0,0,0,7,36,36,3.6109179126442243,0,16527,0,18,3718.0,3.0,-3682.0,0,0,0,0.8999999999999986,22.9,98,73.05257999999999,0.3,4.8,130.0,122.0,109.0,117.25,130.0,136.33333333333334,190.0,131.70833333333334,179.0,2021-07,2021-07,104,119.8055540875415,-15.805554087541495,15.805554087541495,False
2021-07-09 21:00:00,20210709,103,109,108.5,False,False,False,False,False,True,True,21,5,0,0,0,0.0,5.0,0,0,7,3,3,1.3862943611198906,0,16527,0,18,36.0,45.0,-33.0,0,0,0,0.8999999999999986,22.9,98,73.05257999999999,1.0,4.8,125.0,114.0,116.0,113.25,125.0,136.33333333333334,190.0,131.70833333333334,179.0,2021-07,2021-07,103,113.86869003928189,-10.868690039281887,10.868690039281887,False
2021-07-09 22:00:00,20210709,102,111,107.5,False,False,False,False,False,True,True,22,5,0,0,0,0.0,5.0,0,0,7,45,45,3.828641396489095,0,16527,0,18,3.0,0.0,42.0,0,0,0,0.8999999999999986,22.9,98,73.05257999999999,0.7,4.8,111.0,111.0,123.0,113.0,111.0,136.33333333333334,190.0,131.70833333333334,179.0,2021-07,2021-07,102,107.71310590155402,-5.713105901554016,5.713105901554016,False
2021-07-09 23:00:00,20210709,96,106,103.0,False,False,False,False,False,True,True,23,5,0,0,0,0.0,5.0,0,0,7,0,0,0.0,1,16527,0,18,45.0,,-45.0,0,0,0,0.6999999999999993,22.7,98,72.69654,0.7,4.8,113.0,93.0,102.0,100.25,113.0,136.33333333333334,190.0,131.70833333333334,179.0,2021-07,2021-07,96,94.75469113606749,1.2453088639325074,1.2453088639325074,False
2021-07-10 00:00:00,20210710,65,70,77.5,False,False,False,False,False,True,True,0,6,1,0,0,0.0,6.0,0,0,7,0,0,0.0,1,487,0,5,,6.0,,0,0,0,0.3000000000000007,22.3,98,71.98446,0.3,0.0,73.0,67.0,71.0,67.75,73.0,131.5,181.0,45.416666666666664,106.0,2021-07,2021-07,65,60.29882456734831,4.701175432651688,4.701175432651688,False
2021-07-10 01:00:00,20210710,97,102,100.0,False,False,False,False,False,True,True,1,6,1,0,0,0.0,6.0,0,0,7,6,6,1.9459101490553132,0,487,0,5,0.0,41.0,6.0,0,0,0,0.10000000000000142,22.1,98,71.62842,0.7,0.0,102.0,104.0,116.0,109.0,102.0,131.5,181.0,45.416666666666664,106.0,2021-07,2021-07,97,105.83393557233592,-8.833935572335918,8.833935572335918,False
2021-07-10 02:00:00,20210710,97,100,98.5,False,False,False,False,False,True,True,2,6,1,0,0,0.0,6.0,0,0,7,41,41,3.7376696182833684,0,487,0,5,6.0,0.0,35.0,0,0,0,0.5,22.5,98,72.34049999999999,1.4,0.0,110.0,106.0,111.0,109.0,110.0,131.5,181.0,45.416666666666664,106.0,2021-07,2021-07,97,102.84215907190644,-5.842159071906437,5.842159071906437,False
2021-07-10 03:00:00,20210710,97,106,103.0,False,False,False,False,False,True,True,3,6,1,0,0,0.0,6.0,0,0,7,0,0,0.0,1,487,0,5,41.0,30.0,-41.0,0,0,0,0.1999999999999993,22.2,98,71.80644,1.2,0.0,99.0,103.0,109.0,104.75,99.0,131.5,181.0,45.416666666666664,106.0,2021-07,2021-07,97,104.38114317912141,-7.381143179121409,7.381143179121409,False
2021-07-10 04:00:00,20210710,100,106,106.0,False,False,False,False,False,True,True,4,6,1,0,0,0.0,6.0,0,0,7,30,30,3.4339872044851463,0,487,0,5,0.0,0.0,30.0,0,0,0,0.0,22.0,98,71.4504,0.6,0.0,104.0,104.0,125.0,111.75,104.0,131.5,181.0,45.416666666666664,106.0,2021-07,2021-07,100,94.98135141846676,5.018648581533242,5.018648581533242,False
2021-07-10 05:00:00,20210710,83,97,90.5,False,False,False,False,False,True,True,5,6,1,0,0,0.0,6.0,0,0,7,0,0,0.0,1,487,0,5,30.0,120.0,-30.0,0,0,0,0.0,21.8,98,71.09436,1.1,0.0,98.0,89.0,97.0,91.0,98.0,131.5,181.0,45.416666666666664,106.0,2021-07,2021-07,83,90.08601034794235,-7.086010347942349,7.086010347942349,False
2021-07-10 06:00:00,20210710,101,104,103.0,False,False,False,False,False,True,True,6,6,1,0,0,0.0,6.0,0,0,7,120,120,4.795790545596741,0,487,0,5,0.0,290.0,120.0,0,0,0,0.3999999999999986,22.4,98,72.16247999999999,1.2,0.0,113.0,98.0,118.0,105.25,113.0,131.5,181.0,45.416666666666664,106.0,2021-07,2021-07,101,101.82276359273925,-0.8227635927392498,0.8227635927392498,False
2021-07-10 07:00:00,20210710,75,105,99.5,False,False,False,False,False,True,True,7,6,1,0,0,0.0,6.0,0,1,7,290,290,5.673323267171493,0,487,0,5,120.0,0.0,170.0,0,0,0,2.3999999999999986,24.4,98,75.72288,0.7,0.0,137.0,53.0,71.0,63.0,137.0,131.5,181.0,45.416666666666664,106.0,2021-07,2021-07,75,64.34266036514613,10.65733963485387,10.65733963485387,False
2021-07-10 08:00:00,20210710,26,27,30.0,False,False,False,False,False,True,True,8,6,1,0,0,0.0,6.0,2,0,7,0,0,0.0,1,487,0,5,290.0,0.0,-290.0,0,0,0,4.300000000000001,26.3,93,78.51840999999999,0.8,0.0,174.0,22.0,23.0,22.75,174.0,131.5,181.0,45.416666666666664,106.0,2021-07,2021-07,26,33.13879040916291,-7.138790409162908,7.138790409162908,False
2021-07-10 09:00:00,20210710,27,27,27.0,False,False,False,False,False,True,True,9,6,1,0,0,0.0,6.0,2,0,7,0,0,0.0,1,487,0,5,0.0,0.0,0.0,0,0,0,5.100000000000001,27.1,86,79.02593999999999,1.6,0.0,166.0,25.0,23.0,23.75,166.0,131.5,181.0,45.416666666666664,106.0,2021-07,2021-07,27,23.76801441893774,3.2319855810622613,3.2319855810622613,False
2021-07-10 10:00:00,20210710,30,32,31.0,False,False,False,False,False,True,True,10,6,1,0,0,0.0,6.0,2,0,7,0,0,0.0,1,487,0,5,0.0,0.0,0.0,0,0,0,5.899999999999999,27.9,80,79.5558,1.5,0.0,164.0,23.0,26.0,24.25,164.0,131.5,181.0,45.416666666666664,106.0,2021-07,2021-07,30,24.325046583544065,5.674953416455935,5.674953416455935,False
2021-07-10 11:00:00,20210710,29,31,30.0,False,False,False,False,False,True,True,11,6,1,0,0,0.0,6.0,2,0,7,0,0,0.0,1,487,0,5,0.0,0.0,0.0,0,0,0,6.399999999999999,28.4,75,79.666,1.3,0.0,171.0,23.0,24.0,24.25,171.0,131.5,181.0,45.416666666666664,106.0,2021-07,2021-07,29,24.648228936718493,4.351771063281507,4.351771063281507,False
2021-07-10 12:00:00,20210710,26,26,27.0,False,False,False,False,False,True,True,12,6,1,0,0,0.0,6.0,1,1,7,0,0,0.0,1,487,0,5,0.0,0.0,0.0,0,0,0,7.5,29.5,66,80.03229999999999,3.6,0.0,100.0,24.0,24.0,23.75,100.0,131.5,181.0,45.416666666666664,106.0,2021-07,2021-07,26,24.239620332740486,1.7603796672595138,1.7603796672595138,False
2021-07-10 13:00:00,20210710,25,28,27.5,False,False,False,False,False,True,True,13,6,1,0,0,0.0,6.0,2,0,7,0,0,0.0,1,487,0,5,0.0,0.0,0.0,0,0,0,8.0,30.0,65,80.61,3.6,0.0,174.0,22.0,25.0,23.0,174.0,131.5,181.0,45.416666666666664,106.0,2021-07,2021-07,25,24.31240555982306,0.6875944401769409,0.6875944401769409,False
2021-07-10 14:00:00,20210710,23,23,22.5,False,False,False,False,False,True,True,14,6,1,0,0,0.0,6.0,2,0,7,0,0,0.0,1,487,0,5,0.0,0.0,0.0,0,0,0,7.600000000000001,29.6,65,80.0286,3.8,0.0,181.0,22.0,24.0,23.25,181.0,131.5,181.0,45.416666666666664,106.0,2021-07,2021-07,23,24.413953652886487,-1.4139536528864873,1.4139536528864873,False
2021-07-10 15:00:00,20210710,24,25,24.0,False,False,False,False,False,True,True,15,6,1,0,0,0.0,6.0,2,0,7,0,0,0.0,1,487,0,5,0.0,0.0,0.0,0,0,0,6.800000000000001,28.8,69,79.43428,4.5,0.0,167.0,23.0,23.0,22.75,167.0,131.5,181.0,45.416666666666664,106.0,2021-07,2021-07,24,24.225951645684685,-0.22595164568468462,0.22595164568468462,False
2021-07-10 16:00:00,20210710,24,27,25.5,False,False,False,False,False,True,True,16,6,1,0,0,0.0,6.0,2,0,7,0,0,0.0,1,487,0,5,0.0,0.0,0.0,0,0,0,6.899999999999999,28.9,71,79.86981,3.3,0.0,171.0,23.0,23.0,23.25,171.0,131.5,181.0,45.416666666666664,106.0,2021-07,2021-07,24,24.200165882357577,-0.20016588235757737,0.20016588235757737,False
2021-07-10 17:00:00,20210710,23,23,23.0,False,False,False,False,False,True,True,17,6,1,0,0,0.0,6.0,2,1,7,0,0,0.0,1,487,0,5,0.0,0.0,0.0,0,0,0,6.399999999999999,28.4,71,79.11336,3.2,0.0,143.0,22.0,26.0,23.5,143.0,131.5,181.0,45.416666666666664,106.0,2021-07,2021-07,23,24.495494241162504,-1.495494241162504,1.495494241162504,False
2021-07-10 18:00:00,20210710,22,22,22.0,False,False,False,False,False,True,True,18,6,1,0,0,0.0,6.0,2,0,7,0,0,0.0,1,487,0,5,0.0,0.0,0.0,0,0,0,5.600000000000001,27.6,74,78.29375999999999,1.2,0.0,170.0,22.0,24.0,23.0,170.0,131.5,181.0,45.416666666666664,106.0,2021-07,2021-07,22,24.178886622567703,-2.1788866225677026,2.1788866225677026,False
2021-07-10 19:00:00,20210710,24,26,26.0,False,False,False,False,False,True,True,19,6,1,0,0,0.0,6.0,2,0,7,0,0,0.0,1,487,0,5,0.0,0.0,0.0,0,0,0,3.6999999999999993,25.7,72,75.13996,3.3,0.0,134.0,24.0,24.0,23.75,134.0,131.5,181.0,45.416666666666664,106.0,2021-07,2021-07,24,24.744647300681695,-0.7446473006816952,0.7446473006816952,False
2021-07-10 20:00:00,20210710,22,23,22.5,False,False,False,False,False,True,True,20,6,1,0,0,0.0,6.0,0,0,7,0,0,0.0,1,487,0,5,0.0,0.0,0.0,0,0,0,0.0,21.6,95,70.5258,1.4,0.2,104.0,22.0,25.0,23.0,104.0,131.5,181.0,45.416666666666664,106.0,2021-07,2021-07,22,23.938011284745595,-1.9380112847455955,1.9380112847455955,False
2021-07-10 21:00:00,20210710,22,23,22.5,False,False,False,False,False,True,True,21,6,1,0,0,0.0,6.0,0,0,7,0,0,0.0,1,487,0,5,0.0,0.0,0.0,0,0,0,0.0,21.5,98,70.5603,0.0,0.2,103.0,23.0,24.0,23.5,103.0,131.5,181.0,45.416666666666664,106.0,2021-07,2021-07,22,24.19945341473344,-2.1994534147334406,2.1994534147334406,False
2021-07-10 22:00:00,20210710,25,26,26.0,False,False,False,False,False,True,True,22,6,1,0,0,0.0,6.0,0,0,7,0,0,0.0,1,487,0,5,0.0,0.0,0.0,0,0,0,0.0,21.6,98,70.73832,1.6,0.2,102.0,24.0,24.0,23.5,102.0,131.5,181.0,45.416666666666664,106.0,2021-07,2021-07,25,24.19396382660952,0.8060361733904813,0.8060361733904813,False
2021-07-10 23:00:00,20210710,22,23,22.5,False,False,False,False,False,True,True,23,6,1,0,0,0.0,6.0,0,0,7,0,0,0.0,1,487,0,5,0.0,,0.0,0,0,0,0.0,21.5,98,70.5603,0.6,0.2,96.0,22.0,26.0,23.5,96.0,131.5,181.0,45.416666666666664,106.0,2021-07,2021-07,22,25.093026971722864,-3.093026971722864,3.093026971722864,False
2021-07-11 00:00:00,20210711,23,23,23.0,False,True,False,False,False,True,True,0,7,1,0,0,0.0,7.0,0,0,7,0,0,0.0,1,0,1,0,,0.0,,0,0,0,0.0,21.9,98,71.27238,0.3,0.0,65.0,,,,65.0,46.208333333333336,101.0,,,2021-07,2021-07,23,23.43998174135945,-0.4399817413594498,0.4399817413594498,False
2021-07-11 01:00:00,20210711,26,27,26.5,False,True,False,False,False,True,True,1,7,1,0,0,0.0,7.0,0,0,7,0,0,0.0,1,0,1,0,0.0,0.0,0.0,0,0,0,0.0,21.6,98,70.73832,1.1,0.0,97.0,,,,97.0,46.208333333333336,101.0,,,2021-07,2021-07,26,23.38401939028064,2.6159806097193616,2.6159806097193616,False
2021-07-11 02:00:00,20210711,23,23,24.5,False,True,False,False,False,True,True,2,7,1,0,0,0.0,7.0,0,0,7,0,0,0.0,1,0,1,0,0.0,0.0,0.0,0,0,0,0.0,21.8,98,71.09436,0.1,0.0,97.0,,,,97.0,46.208333333333336,101.0,,,2021-07,2021-07,23,23.436812692830312,-0.436812692830312,0.436812692830312,False
2021-07-11 03:00:00,20210711,23,24,23.0,False,True,False,False,False,True,True,3,7,1,0,0,0.0,7.0,0,0,7,0,0,0.0,1,0,1,0,0.0,0.0,0.0,0,0,0,0.0,21.8,98,71.09436,0.9,0.0,97.0,,,,97.0,46.208333333333336,101.0,,,2021-07,2021-07,23,23.51289540931671,-0.5128954093167089,0.5128954093167089,False
2021-07-11 04:00:00,20210711,23,24,23.5,False,True,False,False,False,True,True,4,7,1,0,0,0.0,7.0,0,0,7,0,0,0.0,1,0,1,0,0.0,0.0,0.0,0,0,0,0.1999999999999993,22.2,98,71.80644,1.3,0.0,100.0,,,,100.0,46.208333333333336,101.0,,,2021-07,2021-07,23,23.588522346813704,-0.5885223468137042,0.5885223468137042,False
2021-07-11 05:00:00,20210711,24,27,25.5,False,True,False,False,False,True,True,5,7,1,0,0,0.0,7.0,0,0,7,0,0,0.0,1,0,1,0,0.0,0.0,0.0,0,0,0,0.0,21.8,98,71.09436,0.2,0.0,83.0,,,,83.0,46.208333333333336,101.0,,,2021-07,2021-07,24,23.24372758448273,0.7562724155172695,0.7562724155172695,False
2021-07-11 06:00:00,20210711,22,22,22.0,False,True,False,False,False,True,True,6,7,1,0,0,0.0,7.0,0,0,7,0,0,0.0,1,0,1,0,0.0,0.0,0.0,0,0,0,1.6000000000000014,23.6,98,74.29872,0.0,0.0,101.0,,,,101.0,46.208333333333336,101.0,,,2021-07,2021-07,22,23.24237670307657,-1.2423767030765696,1.2423767030765696,False
2021-07-11 07:00:00,20210711,22,22,22.0,False,True,False,False,False,True,True,7,7,1,0,0,0.0,7.0,0,1,7,0,0,0.0,1,0,1,0,0.0,0.0,0.0,0,0,0,3.8000000000000007,25.8,90,77.3158,0.5,0.0,75.0,,,,75.0,46.208333333333336,101.0,,,2021-07,2021-07,22,23.2869882800953,-1.2869882800953008,1.2869882800953008,False
2021-07-11 08:00:00,20210711,24,27,25.5,False,True,False,False,False,True,True,8,7,1,0,0,0.0,7.0,2,0,7,0,0,0.0,1,0,1,0,0.0,0.0,0.0,0,0,0,5.300000000000001,27.3,79,78.46733,1.2,0.0,26.0,,,,26.0,46.208333333333336,101.0,,,2021-07,2021-07,24,23.391790613652205,0.6082093863477951,0.6082093863477951,False
2021-07-11 09:00:00,20210711,22,22,22.0,False,True,False,False,False,True,True,9,7,1,0,0,0.0,7.0,2,0,7,0,0,0.0,1,0,1,0,0.0,0.0,0.0,0,0,0,7.0,29.0,68,79.58879999999999,2.4,0.0,27.0,,,,27.0,46.208333333333336,101.0,,,2021-07,2021-07,22,23.420297146463188,-1.420297146463188,1.420297146463188,False
2021-07-11 10:00:00,20210711,23,23,22.5,False,True,False,False,False,True,True,10,7,1,0,0,0.0,7.0,2,0,7,0,0,0.0,1,0,1,0,0.0,0.0,0.0,0,0,0,8.399999999999999,30.4,68,81.66528,2.4,0.0,30.0,,,,30.0,46.208333333333336,101.0,,,2021-07,2021-07,23,23.48062934849698,-0.48062934849697925,0.48062934849697925,False
2021-07-11 11:00:00,20210711,25,28,27.0,False,True,False,False,False,True,True,11,7,1,0,0,0.0,7.0,2,0,7,0,0,0.0,1,0,1,0,0.0,0.0,0.0,0,0,0,8.8,30.8,61,81.12512000000001,3.1,0.0,29.0,,,,29.0,46.208333333333336,101.0,,,2021-07,2021-07,25,24.037791276012257,0.962208723987743,0.962208723987743,False
2021-07-11 12:00:00,20210711,23,24,23.5,False,True,False,False,False,True,True,12,7,1,0,0,0.0,7.0,1,1,7,0,0,0.0,1,0,1,0,0.0,0.0,0.0,0,0,0,9.2,31.2,57,81.02716,3.6,0.0,26.0,,,,26.0,46.208333333333336,101.0,,,2021-07,2021-07,23,23.507063079439348,-0.507063079439348,0.507063079439348,False
2021-07-11 13:00:00,20210711,24,24,24.0,False,True,False,False,False,True,True,13,7,1,0,0,0.0,7.0,2,0,7,0,0,0.0,1,0,1,0,0.0,0.0,0.0,0,0,0,9.8,31.8,57,81.85174,3.9,0.0,25.0,,,,25.0,46.208333333333336,101.0,,,2021-07,2021-07,24,23.909343783919443,0.09065621608055707,0.09065621608055707,False
2021-07-11 14:00:00,20210711,26,28,27.5,False,True,False,False,False,True,True,14,7,1,0,0,0.0,7.0,2,0,7,0,0,0.0,1,0,1,0,0.0,0.0,0.0,0,0,0,9.3,31.3,57,81.16459,3.1,0.0,23.0,,,,23.0,46.208333333333336,101.0,,,2021-07,2021-07,26,23.7292365730269,2.270763426973101,2.270763426973101,False
2021-07-11 15:00:00,20210711,24,24,25.5,False,True,False,False,False,True,True,15,7,1,0,0,0.0,7.0,2,0,7,0,0,0.0,1,0,1,0,0.0,0.0,0.0,0,0,0,6.300000000000001,28.3,77,79.78509,1.5,0.0,24.0,,,,24.0,46.208333333333336,101.0,,,2021-07,2021-07,24,23.523487162988364,0.4765128370116365,0.4765128370116365,False
2021-07-11 16:00:00,20210711,25,26,25.0,False,True,False,False,False,True,True,16,7,1,0,0,0.0,7.0,2,0,7,0,0,0.0,1,0,1,0,0.0,0.0,0.0,0,0,0,6.600000000000001,28.6,80,80.6772,1.3,0.0,24.0,,,,24.0,46.208333333333336,101.0,,,2021-07,2021-07,25,23.50549355049139,1.4945064495086093,1.4945064495086093,False
2021-07-11 17:00:00,20210711,24,26,24.5,False,True,False,False,False,True,True,17,7,1,0,0,0.0,7.0,2,1,7,0,0,0.0,1,0,1,0,0.0,0.0,0.0,0,0,0,6.699999999999999,28.7,81,80.97853,1.1,0.0,23.0,,,,23.0,46.208333333333336,101.0,,,2021-07,2021-07,24,23.392819512178566,0.6071804878214344,0.6071804878214344,False
2021-07-11 18:00:00,20210711,23,26,26.0,False,True,False,False,False,True,True,18,7,1,0,0,0.0,7.0,2,0,7,0,0,0.0,1,0,1,0,0.0,0.0,0.0,0,0,0,5.699999999999999,27.7,83,79.62908999999999,0.8,0.0,22.0,,,,22.0,46.208333333333336,101.0,,,2021-07,2021-07,23,23.503806673346144,-0.5038066733461442,0.5038066733461442,False
2021-07-11 19:00:00,20210711,22,23,22.5,False,True,False,False,False,True,True,19,7,1,0,0,0.0,7.0,2,0,7,0,0,0.0,1,0,1,0,0.0,0.0,0.0,0,0,0,4.600000000000001,26.6,92,78.91728,0.8,0.0,24.0,,,,24.0,46.208333333333336,101.0,,,2021-07,2021-07,22,23.55688592793176,-1.5568859279317593,1.5568859279317593,False
2021-07-11 20:00:00,20210711,23,23,23.0,False,True,False,False,False,True,True,20,7,1,0,0,0.0,7.0,0,0,7,0,0,0.0,1,0,1,0,0.0,0.0,0.0,0,0,0,4.699999999999999,26.7,94,79.33202,1.3,0.0,22.0,,,,22.0,46.208333333333336,101.0,,,2021-07,2021-07,23,23.612831103635273,-0.6128311036352727,0.6128311036352727,False
2021-07-11 21:00:00,20210711,25,28,27.0,False,True,False,False,False,True,True,21,7,1,0,0,0.0,7.0,0,0,7,0,0,0.0,1,0,1,0,0.0,0.0,0.0,0,0,0,4.600000000000001,26.6,94,79.15796,1.0,0.0,22.0,,,,22.0,46.208333333333336,101.0,,,2021-07,2021-07,25,23.66960808384594,1.3303919161540598,1.3303919161540598,False
2021-07-11 22:00:00,20210711,23,24,23.5,False,True,False,False,False,True,True,22,7,1,0,0,0.0,7.0,0,0,7,0,0,0.0,1,0,1,0,0.0,0.0,0.0,0,0,0,3.1999999999999993,25.2,89,76.18871999999999,1.9,0.0,25.0,,,,25.0,46.208333333333336,101.0,,,2021-07,2021-07,23,23.664962161693172,-0.6649621616931718,0.6649621616931718,False
2021-07-11 23:00:00,20210711,23,23,23.0,False,True,False,False,False,True,True,23,7,1,0,0,0.0,7.0,0,0,7,0,0,0.0,1,0,1,0,0.0,,0.0,0,0,0,2.5,24.5,92,75.30359999999999,1.1,0.0,22.0,,,,22.0,46.208333333333336,101.0,,,2021-07,2021-07,23,24.41868676589982,-1.418686765899821,1.418686765899821,False
2021-07-12 00:00:00,20210712,25,26,26.0,False,False,False,False,False,True,True,0,1,0,0,1,1.0,1.0,0,0,7,0,0,0.0,1,17043,0,16,,0.0,,0,0,0,1.6000000000000014,23.6,95,74.02680000000001,1.1,0.0,,25.0,24.0,23.5,65.0,,,105.75,173.0,2021-07,2021-07,25,25.52532051001714,-0.5253205100171385,0.5253205100171385,False
2021-07-12 01:00:00,20210712,23,23,23.0,False,False,False,False,False,True,True,1,1,0,0,1,1.0,1.0,0,0,7,0,0,0.0,1,17043,0,16,0.0,0.0,0.0,0,0,0,1.6999999999999993,23.7,98,74.47673999999999,1.2,0.0,,23.0,26.0,23.75,97.0,,,105.75,173.0,2021-07,2021-07,23,26.505230009058014,-3.505230009058014,3.505230009058014,False
2021-07-12 02:00:00,20210712,23,23,22.5,False,False,False,False,False,True,True,2,1,0,0,1,1.0,1.0,0,0,7,0,0,0.0,1,17043,0,16,0.0,0.0,0.0,0,0,0,1.5,23.5,98,74.1207,1.5,0.0,,23.0,24.0,23.25,97.0,,,105.75,173.0,2021-07,2021-07,23,25.05093579405292,-2.0509357940529185,2.0509357940529185,False
2021-07-12 03:00:00,20210712,24,27,25.5,False,False,False,False,False,True,True,3,1,0,0,1,1.0,1.0,0,0,7,0,0,0.0,1,17043,0,16,0.0,0.0,0.0,0,0,0,1.5,23.5,98,74.1207,2.0,0.0,,24.0,24.0,23.25,97.0,,,105.75,173.0,2021-07,2021-07,24,25.072991763395294,-1.0729917633952937,1.0729917633952937,False
2021-07-12 04:00:00,20210712,22,23,25.0,False,False,False,False,False,True,True,4,1,0,0,1,1.0,1.0,0,0,7,0,0,0.0,1,17043,0,16,0.0,0.0,0.0,0,0,0,1.8000000000000007,23.8,95,74.3769,1.6,0.0,,24.0,26.0,24.5,100.0,,,105.75,173.0,2021-07,2021-07,22,26.844848428496956,-4.844848428496956,4.844848428496956,False
2021-07-12 05:00:00,20210712,23,23,23.0,False,False,False,False,False,True,True,5,1,0,0,1,1.0,1.0,0,0,7,0,0,0.0,1,17043,0,16,0.0,0.0,0.0,0,0,0,1.8000000000000007,23.8,96,74.46952,1.1,0.0,,23.0,24.0,23.25,83.0,,,105.75,173.0,2021-07,2021-07,23,24.845199576327445,-1.8451995763274454,1.8451995763274454,False
2021-07-12 06:00:00,20210712,24,25,24.0,False,False,False,False,False,True,True,6,1,0,0,1,1.0,1.0,0,0,7,0,0,0.0,1,17043,0,16,0.0,0.0,0.0,0,0,0,3.8999999999999986,25.9,87,77.14567,1.1,0.0,,22.0,23.0,22.5,101.0,,,105.75,173.0,2021-07,2021-07,24,24.636172386863922,-0.6361723868639224,0.6361723868639224,False
2021-07-12 07:00:00,20210712,65,123,94.5,False,False,False,False,False,True,True,7,1,0,0,1,1.0,1.0,0,1,7,0,0,0.0,1,17043,0,16,0.0,522.0,0.0,0,0,0,3.5,25.5,91,76.91495,1.6,0.0,,63.0,57.0,60.0,75.0,,,105.75,173.0,2021-07,2021-07,65,67.01220487460087,-2.0122048746008687,2.0122048746008687,False
2021-07-12 08:00:00,20210712,186,198,197.0,False,False,False,False,False,True,True,8,1,0,0,1,1.0,1.0,2,0,7,522,522,6.259581464064923,0,17043,0,16,0.0,498.0,522.0,0,0,0,6.399999999999999,28.4,81,80.49495999999999,1.3,0.0,,168.0,175.0,179.0,26.0,,,105.75,173.0,2021-07,2021-07,186,177.5957954504169,8.404204549583113,8.404204549583113,True
2021-07-12 09:00:00,20210712,191,195,195.0,False,False,False,False,False,True,True,9,1,0,0,1,1.0,1.0,2,0,7,498,498,6.212606095751519,0,17043,0,16,522.0,1883.0,-24.0,0,0,0,8.3,30.3,72,82.14484,1.1,0.0,,170.0,178.0,178.75,27.0,,,105.75,173.0,2021-07,2021-07,191,179.39269503972824,11.607304960271762,11.607304960271762,True
2021-07-12 10:00:00,20210712,175,186,184.5,False,False,False,False,False,True,True,10,1,0,0,1,1.0,1.0,2,0,7,1883,800,7.5411524551363085,0,17043,0,16,498.0,1127.0,1385.0,0,0,0,9.600000000000001,31.6,62,82.42608,1.9,0.0,,173.0,167.0,174.0,30.0,,,105.75,173.0,2021-07,2021-07,175,180.6282852510401,-5.628285251040097,5.628285251040097,True
2021-07-12 11:00:00,20210712,186,188,187.5,False,False,False,False,False,True,True,11,1,0,0,1,1.0,1.0,2,0,7,1127,800,7.028201432058005,0,17043,0,16,1883.0,194.0,-756.0,0,0,0,9.8,31.8,65,83.22630000000001,2.3,0.0,,172.0,183.0,179.25,29.0,,,105.75,173.0,2021-07,2021-07,186,181.54668376456019,4.453316235439814,4.453316235439814,True
2021-07-12 12:00:00,20210712,115,134,157.0,False,False,False,False,False,True,True,12,1,0,0,1,1.0,1.0,1,1,7,194,194,5.272999558563747,0,17043,0,16,1127.0,676.0,-933.0,0,0,0,10.0,32.0,67,83.8646,2.3,0.0,,104.0,121.0,114.75,26.0,,,105.75,173.0,2021-07,2021-07,115,118.56122847329067,-3.5612284732906687,3.5612284732906687,False
2021-07-12 13:00:00,20210712,167,178,176.0,False,False,False,False,False,True,True,13,1,0,0,1,1.0,1.0,2,0,7,676,676,6.517671272912275,0,17043,0,16,194.0,5121.0,482.0,0,0,0,9.8,31.8,69,83.91358,2.2,0.0,,168.0,185.0,182.25,25.0,,,105.75,173.0,2021-07,2021-07,167,180.2644778050385,-13.264477805038496,13.264477805038496,False
2021-07-12 14:00:00,20210712,184,190,187.5,False,False,False,False,False,True,True,14,1,0,0,1,1.0,1.0,2,0,7,5121,800,8.541300266759471,0,17043,0,16,676.0,1018.0,4445.0,0,0,0,9.399999999999999,31.4,67,82.98062,1.9,0.0,,169.0,180.0,178.75,23.0,,,105.75,173.0,2021-07,2021-07,184,178.46616289233455,5.533837107665448,5.533837107665448,True
2021-07-12 15:00:00,20210712,164,188,185.0,False,False,False,False,False,True,True,15,1,0,0,1,1.0,1.0,2,0,7,1018,800,6.926577033222725,0,17043,0,16,5121.0,1233.0,-4103.0,0,0,0,8.600000000000001,30.6,70,82.2818,2.3,0.0,,160.0,182.0,172.25,24.0,,,105.75,173.0,2021-07,2021-07,164,178.3578596813251,-14.357859681325095,14.357859681325095,False
2021-07-12 16:00:00,20210712,174,177,182.5,False,False,False,False,False,True,True,16,1,0,0,1,1.0,1.0,2,0,7,1233,800,7.1180162044653335,0,17043,0,16,1018.0,509.0,215.0,0,0,0,7.600000000000001,29.6,70,80.7788,1.4,0.0,,158.0,168.0,164.25,24.0,,,105.75,173.0,2021-07,2021-07,174,175.60014133071613,-1.6001413307161272,1.6001413307161272,True
2021-07-12 17:00:00,20210712,138,173,160.0,False,False,False,False,False,True,True,17,1,0,0,1,1.0,1.0,2,1,7,509,509,6.234410725718371,0,17043,0,16,1233.0,1047.0,-724.0,0,0,0,7.699999999999999,29.7,71,81.08013,1.0,0.0,,129.0,150.0,139.75,23.0,,,105.75,173.0,2021-07,2021-07,138,145.8458659762489,-7.845865976248888,7.845865976248888,False
2021-07-12 18:00:00,20210712,157,164,168.5,False,False,False,False,False,True,True,18,1,0,0,1,1.0,1.0,2,0,7,1047,800,6.954638864880987,0,17043,0,16,509.0,2885.0,538.0,0,0,0,6.0,28.0,82,79.9844,1.1,0.0,,158.0,177.0,166.0,22.0,,,105.75,173.0,2021-07,2021-07,157,178.1689688682865,-21.1689688682865,21.1689688682865,False
2021-07-12 19:00:00,20210712,157,175,170.0,False,False,False,False,False,True,True,19,1,0,0,1,1.0,1.0,2,0,7,2885,800,7.9676267393338165,0,17043,0,16,1047.0,6.0,1838.0,0,0,0,5.0,27.0,88,79.10839999999999,0.5,0.0,,139.0,153.0,146.25,24.0,,,105.75,173.0,2021-07,2021-07,157,156.11814433472037,0.8818556652796303,0.8818556652796303,False
2021-07-12 20:00:00,20210712,125,136,131.5,False,False,False,False,False,True,True,20,1,0,0,1,1.0,1.0,0,0,7,6,6,1.9459101490553132,0,17043,0,16,2885.0,217.0,-2879.0,0,0,0,5.0,27.0,90,79.357,2.0,0.0,,120.0,112.0,119.5,22.0,,,105.75,173.0,2021-07,2021-07,125,122.35800380041233,2.641996199587666,2.641996199587666,False
2021-07-12 21:00:00,20210712,120,133,126.5,False,False,False,False,False,True,True,21,1,0,0,1,1.0,1.0,0,0,7,217,217,5.384495062789089,0,17043,0,16,6.0,28.0,211.0,0,0,0,4.300000000000001,26.3,93,78.51840999999999,2.0,0.0,,117.0,118.0,121.25,22.0,,,105.75,173.0,2021-07,2021-07,120,121.39621809254145,-1.3962180925414458,1.3962180925414458,False
2021-07-12 22:00:00,20210712,116,125,122.5,False,False,False,False,False,True,True,22,1,0,0,1,1.0,1.0,0,0,7,28,28,3.367295829986474,0,17043,0,16,217.0,79.0,-189.0,0,0,0,3.8000000000000007,25.8,94,77.76548,0.7,0.0,,104.0,109.0,109.75,25.0,,,105.75,173.0,2021-07,2021-07,116,114.18806746087849,1.8119325391215142,1.8119325391215142,False
2021-07-12 23:00:00,20210712,103,115,113.5,False,False,False,False,False,True,True,23,1,0,0,1,1.0,1.0,0,0,7,79,79,4.382026634673881,0,17043,0,16,28.0,,51.0,0,0,0,3.3000000000000007,25.3,97,77.21759,1.7,0.0,,102.0,107.0,107.0,22.0,,,105.75,173.0,2021-07,2021-07,103,110.34852965497521,-7.348529654975209,7.348529654975209,False
2021-07-14 00:00:00,20210714,73,75,131.5,False,False,False,False,False,True,True,0,3,0,0,0,0.0,3.0,0,0,7,327,327,5.793013608384144,0,17253,0,23,,166.0,,0,0,0,4.300000000000001,26.3,88,77.93155999999999,2.0,0.0,69.0,76.0,67.0,71.25,69.0,136.08333333333334,188.0,134.875,181.0,2021-07,2021-07,73,76.34667990191906,-3.3466799019190603,3.3466799019190603,False
2021-07-14 01:00:00,20210714,102,112,109.5,False,False,False,False,False,True,True,1,3,0,0,0,0.0,3.0,0,0,7,166,166,5.117993812416755,0,17253,0,23,327.0,354.0,-161.0,0,0,0,4.100000000000001,26.1,87,77.47993,1.9,0.0,96.0,102.0,104.0,105.0,96.0,136.08333333333334,188.0,134.875,181.0,2021-07,2021-07,102,110.88317282529813,-8.883172825298132,8.883172825298132,False
2021-07-14 02:00:00,20210714,105,109,108.5,False,False,False,False,False,True,True,2,3,0,0,0,0.0,3.0,0,0,7,354,354,5.872117789475416,0,17253,0,23,166.0,111.0,188.0,0,0,0,3.6999999999999993,25.7,88,76.92284,1.3,0.0,112.0,106.0,110.0,112.5,112.0,136.08333333333334,188.0,134.875,181.0,2021-07,2021-07,105,113.64782740607286,-8.647827406072864,8.647827406072864,False
2021-07-14 03:00:00,20210714,102,114,111.5,False,False,False,False,False,True,True,3,3,0,0,0,0.0,3.0,0,0,7,111,111,4.718498871295094,0,17253,0,23,354.0,66.0,-243.0,0,0,0,3.6000000000000014,25.6,88,76.75472,2.1,0.0,110.0,110.0,112.0,109.25,110.0,136.08333333333334,188.0,134.875,181.0,2021-07,2021-07,102,111.83998273429866,-9.839982734298658,9.839982734298658,False
2021-07-14 04:00:00,20210714,105,107,107.5,False,False,False,False,False,True,True,4,3,0,0,0,0.0,3.0,0,0,7,66,66,4.204692619390966,0,17253,0,23,111.0,0.0,-45.0,0,0,0,2.3000000000000007,24.3,95,75.25215,0.4,0.0,106.0,106.0,109.0,109.75,106.0,136.08333333333334,188.0,134.875,181.0,2021-07,2021-07,105,108.73405868453212,-3.7340586845321155,3.7340586845321155,False
2021-07-14 05:00:00,20210714,89,115,101.5,False,False,False,False,False,True,True,5,3,0,0,0,0.0,3.0,0,0,7,0,0,0.0,1,17253,0,23,66.0,45.0,-66.0,0,0,0,3.3000000000000007,25.3,97,77.21759,0.3,0.0,143.0,94.0,98.0,94.75,143.0,136.08333333333334,188.0,134.875,181.0,2021-07,2021-07,89,96.7642342077857,-7.764234207785705,7.764234207785705,False
2021-07-14 06:00:00,20210714,106,112,113.5,False,False,False,False,False,True,True,6,3,0,0,0,0.0,3.0,0,0,7,45,45,3.828641396489095,0,17253,0,23,0.0,582.0,45.0,0,0,0,5.399999999999999,27.4,88,79.78088,0.8,0.0,123.0,102.0,114.0,112.0,123.0,136.08333333333334,188.0,134.875,181.0,2021-07,2021-07,106,109.58215080085911,-3.582150800859111,3.582150800859111,False
2021-07-14 07:00:00,20210714,132,154,145.5,False,False,False,False,False,True,True,7,3,0,0,0,0.0,3.0,0,1,7,582,582,6.368187186350492,0,17253,0,23,45.0,530.0,537.0,0,0,0,6.899999999999999,28.9,76,80.58536,0.5,0.0,111.0,130.0,132.0,133.0,111.0,136.08333333333334,188.0,134.875,181.0,2021-07,2021-07,132,129.6603111369166,2.33968886308341,2.33968886308341,False
2021-07-14 08:00:00,20210714,179,186,186.0,False,False,False,False,False,True,True,8,3,0,0,0,0.0,3.0,2,0,7,530,530,6.274762021241939,0,17253,0,23,582.0,1304.0,-52.0,0,0,0,7.399999999999999,29.4,73,80.92238,1.5,0.0,102.0,181.0,180.0,175.25,102.0,136.08333333333334,188.0,134.875,181.0,2021-07,2021-07,179,175.9518942855649,3.04810571443511,3.04810571443511,True
2021-07-14 09:00:00,20210714,185,195,191.5,False,False,False,False,False,True,True,9,3,0,0,0,0.0,3.0,2,0,7,1304,800,7.173958319756794,0,17253,0,23,530.0,1851.0,774.0,0,0,0,8.2,30.2,67,81.21266,1.8,0.0,112.0,178.0,179.0,174.25,112.0,136.08333333333334,188.0,134.875,181.0,2021-07,2021-07,185,177.14909103801006,7.850908961989944,7.850908961989944,True
2021-07-14 10:00:00,20210714,175,185,183.5,False,False,False,False,False,True,True,10,3,0,0,0,0.0,3.0,2,0,7,1851,800,7.524021415206125,0,17253,0,23,1304.0,1796.0,547.0,0,0,0,8.399999999999999,30.4,75,82.77099999999999,2.2,0.0,124.0,174.0,159.0,164.75,124.0,136.08333333333334,188.0,134.875,181.0,2021-07,2021-07,175,175.19338549676635,-0.19338549676635353,0.19338549676635353,True
2021-07-14 11:00:00,20210714,185,193,191.0,False,False,False,False,False,True,True,11,3,0,0,0,0.0,3.0,2,0,7,1796,800,7.493873886783559,0,17253,0,23,1851.0,88.0,-55.0,0,0,0,8.399999999999999,30.4,74,82.61304,1.9,0.0,139.0,178.0,144.0,163.5,139.0,136.08333333333334,188.0,134.875,181.0,2021-07,2021-07,185,171.83902178823686,13.160978211763137,13.160978211763137,True
2021-07-14 12:00:00,20210714,99,110,143.5,False,False,False,False,False,True,True,12,3,0,0,0,0.0,3.0,1,1,7,88,88,4.48863636973214,0,17253,0,23,1796.0,1564.0,-1708.0,0,0,0,9.5,31.5,74,84.3099,1.9,0.0,123.0,112.0,108.0,105.5,123.0,136.08333333333334,188.0,134.875,181.0,2021-07,2021-07,99,112.83770218262104,-13.837702182621044,13.837702182621044,False
2021-07-14 13:00:00,20210714,166,179,173.5,False,False,False,False,False,True,True,13,3,0,0,0,0.0,3.0,2,0,7,1564,800,7.355641102974253,0,17253,0,23,88.0,1154.0,1476.0,0,0,0,9.399999999999999,31.4,71,83.65205999999999,2.6,0.0,107.0,173.0,167.0,165.5,107.0,136.08333333333334,188.0,134.875,181.0,2021-07,2021-07,166,175.95722925626396,-9.957229256263957,9.957229256263957,False
2021-07-14 14:00:00,20210714,178,186,181.0,False,False,False,False,False,True,True,14,3,0,0,0,0.0,3.0,2,0,7,1154,800,7.051855622955894,0,17253,0,23,1564.0,587.0,-410.0,0,0,0,10.100000000000001,32.1,71,84.71109,2.0,0.0,150.0,175.0,166.0,165.75,150.0,136.08333333333334,188.0,134.875,181.0,2021-07,2021-07,178,172.85658877281477,5.143411227185226,5.143411227185226,True
2021-07-14 15:00:00,20210714,134,141,160.0,False,False,False,False,False,True,True,15,3,0,0,0,0.0,3.0,2,0,7,587,587,6.376726947898627,0,17253,0,23,1154.0,1732.0,-567.0,0,0,0,8.899999999999999,30.9,74,83.38434,2.0,0.0,181.0,158.0,164.0,158.75,181.0,136.08333333333334,188.0,134.875,181.0,2021-07,2021-07,134,163.07278957469552,-29.07278957469552,29.07278957469552,False
2021-07-14 16:00:00,20210714,154,156,156.0,False,False,False,False,False,True,True,16,3,0,0,0,0.0,3.0,2,0,7,1732,800,7.457609289715606,0,17253,0,23,587.0,2473.0,1145.0,0,0,0,8.3,30.3,76,82.77271999999999,2.5,0.0,174.0,177.0,161.0,166.5,174.0,136.08333333333334,188.0,134.875,181.0,2021-07,2021-07,154,169.21298086474442,-15.212980864744424,15.212980864744424,False
2021-07-14 17:00:00,20210714,140,179,162.0,False,False,False,False,False,True,True,17,3,0,0,0,0.0,3.0,2,1,7,2473,800,7.813591552952433,0,17253,0,23,1732.0,283.0,741.0,0,0,0,7.600000000000001,29.6,77,81.82908,1.3,0.0,143.0,138.0,156.0,144.0,143.0,136.08333333333334,188.0,134.875,181.0,2021-07,2021-07,140,147.50297419032856,-7.502974190328558,7.502974190328558,False
2021-07-14 18:00:00,20210714,165,169,174.0,False,False,False,False,False,True,True,18,3,0,0,0,0.0,3.0,2,0,7,283,283,5.648974238161206,0,17253,0,23,2473.0,1793.0,-2190.0,0,0,0,6.199999999999999,28.2,84,80.58112,0.6,0.0,152.0,169.0,160.0,164.75,152.0,136.08333333333334,188.0,134.875,181.0,2021-07,2021-07,165,165.94030633984008,-0.9403063398400775,0.9403063398400775,False
2021-07-14 19:00:00,20210714,138,148,155.5,False,False,False,False,False,True,True,19,3,0,0,0,0.0,3.0,2,0,7,1793,800,7.492203042618741,0,17253,0,23,283.0,268.0,1510.0,0,0,0,5.600000000000001,27.6,88,80.11712,0.3,0.0,174.0,157.0,141.0,143.5,174.0,136.08333333333334,188.0,134.875,181.0,2021-07,2021-07,138,157.95590555797665,-19.95590555797665,19.95590555797665,False
2021-07-14 20:00:00,20210714,112,120,115.5,False,False,False,False,False,True,True,20,3,0,0,0,0.0,3.0,0,0,7,268,268,5.594711379601839,0,17253,0,23,1793.0,58.0,-1525.0,0,0,0,5.800000000000001,27.8,90,80.7178,1.2,0.0,175.0,117.0,109.0,117.0,175.0,136.08333333333334,188.0,134.875,181.0,2021-07,2021-07,112,119.14439229390452,-7.144392293904517,7.144392293904517,False
2021-07-14 21:00:00,20210714,112,113,111.5,False,False,False,False,False,True,True,21,3,0,0,0,0.0,3.0,0,0,7,58,58,4.07753744390572,0,17253,0,23,268.0,51.0,-210.0,0,0,0,5.199999999999999,27.2,91,79.82347999999999,1.3,0.0,174.0,115.0,113.0,118.0,174.0,136.08333333333334,188.0,134.875,181.0,2021-07,2021-07,112,119.18135314824411,-7.1813531482441135,7.1813531482441135,False
2021-07-14 22:00:00,20210714,110,115,114.0,False,False,False,False,False,True,True,22,3,0,0,0,0.0,3.0,0,0,7,51,51,3.9512437185814275,0,17253,0,23,58.0,70.0,-7.0,0,0,0,5.100000000000001,27.1,89,79.40181,2.3,0.0,178.0,104.0,106.0,106.75,178.0,136.08333333333334,188.0,134.875,181.0,2021-07,2021-07,110,111.99024792913984,-1.9902479291398407,1.9902479291398407,False
2021-07-14 23:00:00,20210714,104,112,112.0,False,False,False,False,False,True,True,23,3,0,0,0,0.0,3.0,0,0,7,70,70,4.2626798770413155,0,17253,0,23,51.0,,19.0,0,0,0,4.300000000000001,26.3,93,78.51840999999999,0.9,0.0,188.0,105.0,104.0,106.25,188.0,136.08333333333334,188.0,134.875,181.0,2021-07,2021-07,104,109.2552829913053,-5.255282991305293,5.255282991305293,False
2021-07-16 00:00:00,20210716,65,67,126.5,False,False,False,False,False,True,True,0,5,0,0,0,0.0,5.0,0,0,7,36,36,3.6109179126442243,0,24412,0,24,,74.0,,0,0,0,1.8999999999999986,23.9,98,74.83278,1.5,0.0,67.0,73.0,68.0,73.0,67.0,135.66666666666666,198.0,131.5,181.0,2021-07,2021-07,65,71.48265402336061,-6.48265402336061,6.48265402336061,False
2021-07-16 01:00:00,20210716,96,100,98.0,False,False,False,False,False,True,True,1,5,0,0,0,0.0,5.0,0,0,7,74,74,4.31748811353631,0,24412,0,24,36.0,37.0,38.0,0,0,0,2.3999999999999986,24.4,97,75.62432,1.1,0.0,90.0,102.0,106.0,109.75,90.0,135.66666666666666,198.0,131.5,181.0,2021-07,2021-07,96,109.77248743079478,-13.772487430794783,13.772487430794783,False
2021-07-16 02:00:00,20210716,101,103,102.0,False,False,False,False,False,True,True,2,5,0,0,0,0.0,5.0,0,0,7,37,37,3.6375861597263857,0,24412,0,24,74.0,175.0,-37.0,0,0,0,1.8000000000000007,23.8,98,74.65476,0.3,0.0,111.0,110.0,116.0,114.5,111.0,135.66666666666666,198.0,131.5,181.0,2021-07,2021-07,101,113.16033479163856,-12.160334791638562,12.160334791638562,False
2021-07-16 03:00:00,20210716,107,114,110.0,False,False,False,False,False,True,True,3,5,0,0,0,0.0,5.0,0,0,7,175,175,5.170483995038151,0,24412,0,24,37.0,211.0,138.0,0,0,0,1.3999999999999986,23.4,98,73.94268,1.1,0.0,109.0,99.0,108.0,110.0,109.0,135.66666666666666,198.0,131.5,181.0,2021-07,2021-07,107,108.62280398407258,-1.6228039840725756,1.6228039840725756,False
2021-07-16 04:00:00,20210716,106,109,108.5,False,False,False,False,False,True,True,4,5,0,0,0,0.0,5.0,0,0,7,211,211,5.356586274672012,0,24412,0,24,175.0,92.0,36.0,0,0,0,1.1000000000000014,23.1,98,73.40862,0.4,0.0,110.0,104.0,106.0,110.0,110.0,135.66666666666666,198.0,131.5,181.0,2021-07,2021-07,106,109.02240393074459,-3.022403930744588,3.022403930744588,False
2021-07-16 05:00:00,20210716,88,107,98.0,False,False,False,False,False,True,True,5,5,0,0,0,0.0,5.0,0,0,7,92,92,4.532599493153256,0,24412,0,24,211.0,304.0,-119.0,0,0,0,1.3000000000000007,23.3,98,73.76465999999999,1.4,0.0,88.0,98.0,96.0,100.5,88.0,135.66666666666666,198.0,131.5,181.0,2021-07,2021-07,88,102.6517803266558,-14.651780326655796,14.651780326655796,False
2021-07-16 06:00:00,20210716,106,109,108.5,False,False,False,False,False,True,True,6,5,0,0,0,0.0,5.0,0,0,7,304,304,5.720311776607412,0,24412,0,24,92.0,563.0,212.0,0,0,0,2.8999999999999986,24.9,97,76.50947,1.1,0.0,103.0,113.0,112.0,115.0,103.0,135.66666666666666,198.0,131.5,181.0,2021-07,2021-07,106,116.48138471409258,-10.481384714092584,10.481384714092584,False
2021-07-16 07:00:00,20210716,135,157,157.0,False,False,False,False,False,True,True,7,5,0,0,0,0.0,5.0,0,1,7,563,563,6.335054251498059,0,24412,0,24,304.0,555.0,259.0,0,0,0,5.0,27.0,87,78.9841,0.9,0.0,107.0,137.0,133.0,134.5,107.0,135.66666666666666,198.0,131.5,181.0,2021-07,2021-07,135,134.0892665095887,0.9107334904113031,0.9107334904113031,False
2021-07-16 08:00:00,20210716,187,194,193.5,False,False,False,False,False,True,True,8,5,0,0,0,0.0,5.0,2,0,7,555,555,6.320768294250582,0,24412,0,24,563.0,1863.0,-8.0,0,0,0,5.5,27.5,82,79.1735,1.4,0.0,134.0,174.0,161.0,163.25,134.0,135.66666666666666,198.0,131.5,181.0,2021-07,2021-07,187,170.67852557737686,16.32147442262314,16.32147442262314,True
2021-07-16 09:00:00,20210716,185,190,188.5,False,False,False,False,False,True,True,9,5,0,0,0,0.0,5.0,2,0,7,1863,800,7.530479995245536,0,24412,0,24,555.0,4118.0,1308.0,0,0,0,6.399999999999999,28.4,76,79.80416,3.3,0.0,113.0,166.0,175.0,170.5,113.0,135.66666666666666,198.0,131.5,181.0,2021-07,2021-07,185,173.41981787549972,11.580182124500283,11.580182124500283,True
2021-07-16 10:00:00,20210716,169,187,187.0,False,False,False,False,False,True,True,10,5,0,0,0,0.0,5.0,2,0,7,4118,800,8.323365694436081,0,24412,0,24,1863.0,1964.0,2255.0,0,0,0,7.0,29.0,76,80.7416,3.3,0.0,108.0,164.0,164.0,166.25,108.0,135.66666666666666,198.0,131.5,181.0,2021-07,2021-07,169,168.5631137847157,0.4368862152842894,0.4368862152842894,False
2021-07-16 11:00:00,20210716,188,197,195.5,False,False,False,False,False,True,True,11,5,0,0,0,0.0,5.0,2,0,7,1964,800,7.583247524303362,0,24412,0,24,4118.0,248.0,-2154.0,0,0,0,6.300000000000001,28.3,74,79.37358,3.5,0.0,134.0,171.0,179.0,176.75,134.0,135.66666666666666,198.0,131.5,181.0,2021-07,2021-07,188,173.08620073626182,14.913799263738184,14.913799263738184,True
2021-07-16 12:00:00,20210716,116,128,162.5,False,False,False,False,False,True,True,12,5,0,0,0,0.0,5.0,1,1,7,248,248,5.517452896464707,0,24412,0,24,1964.0,2135.0,-1716.0,0,0,0,7.0,29.0,72,80.1652,3.0,0.0,118.0,100.0,108.0,108.0,118.0,135.66666666666666,198.0,131.5,181.0,2021-07,2021-07,116,109.73691763291986,6.263082367080145,6.263082367080145,False
2021-07-16 13:00:00,20210716,172,181,179.0,False,False,False,False,False,True,True,13,5,0,0,0,0.0,5.0,2,0,7,2135,800,7.666690200080086,0,24412,0,24,248.0,2010.0,1887.0,0,0,0,6.5,28.5,76,79.96039999999999,3.6,0.0,122.0,174.0,170.0,174.25,122.0,135.66666666666666,198.0,131.5,181.0,2021-07,2021-07,172,173.25820891600918,-1.2582089160091812,1.2582089160091812,True
2021-07-16 14:00:00,20210716,166,181,177.0,False,False,False,False,False,True,True,14,5,0,0,0,0.0,5.0,2,0,7,2010,800,7.606387389772652,0,24412,0,24,2135.0,1731.0,-125.0,0,0,0,6.300000000000001,28.3,77,79.78509,3.3,0.0,155.0,181.0,175.0,174.25,155.0,135.66666666666666,198.0,131.5,181.0,2021-07,2021-07,166,172.85718256828468,-6.857182568284685,6.857182568284685,False
2021-07-16 15:00:00,20210716,158,189,182.5,False,False,False,False,False,True,True,15,5,0,0,0,0.0,5.0,2,0,7,1731,800,7.4570320891223805,0,24412,0,24,2010.0,2823.0,-279.0,0,0,0,5.399999999999999,27.4,79,78.62653999999999,2.6,0.0,152.0,167.0,143.0,160.25,152.0,135.66666666666666,198.0,131.5,181.0,2021-07,2021-07,158,160.05034096796476,-2.0503409679647575,2.0503409679647575,False
2021-07-16 16:00:00,20210716,165,178,177.0,False,False,False,False,False,True,True,16,5,0,0,0,0.0,5.0,2,0,7,2823,800,7.945909598613133,0,24412,0,24,1731.0,2670.0,1092.0,0,0,0,5.0,27.0,80,78.114,2.2,0.0,184.0,171.0,158.0,164.25,184.0,135.66666666666666,198.0,131.5,181.0,2021-07,2021-07,165,166.58689971177395,-1.5868997117739525,1.5868997117739525,False
2021-07-16 17:00:00,20210716,138,176,166.5,False,False,False,False,False,True,True,17,5,0,0,0,0.0,5.0,2,1,7,2670,800,7.890208213109961,0,24412,0,24,2823.0,1066.0,-153.0,0,0,0,4.899999999999999,26.9,82,78.20042,1.0,0.0,172.0,143.0,147.0,144.75,172.0,135.66666666666666,198.0,131.5,181.0,2021-07,2021-07,138,148.7285441973738,-10.728544197373793,10.728544197373793,False
2021-07-16 18:00:00,20210716,158,168,172.0,False,False,False,False,False,True,True,18,5,0,0,0,0.0,5.0,2,0,7,1066,800,6.9726062513017535,0,24412,0,24,2670.0,1287.0,-1604.0,0,0,0,4.0,26.0,87,77.3128,2.6,0.0,192.0,170.0,160.0,155.5,192.0,135.66666666666666,198.0,131.5,181.0,2021-07,2021-07,158,162.39218118191803,-4.392181181918033,4.392181181918033,False
2021-07-16 19:00:00,20210716,136,146,147.0,False,False,False,False,False,True,True,19,5,0,0,0,0.0,5.0,2,0,7,1287,800,7.160845906664299,0,24412,0,24,1066.0,16.0,221.0,0,0,0,3.3999999999999986,25.4,88,76.41847999999999,1.3,0.0,160.0,134.0,136.0,129.5,160.0,135.66666666666666,198.0,131.5,181.0,2021-07,2021-07,136,137.1827113805879,-1.1827113805879037,1.1827113805879037,False
2021-07-16 20:00:00,20210716,114,123,120.0,False,False,False,False,False,True,True,20,5,0,0,0,0.0,5.0,0,0,7,16,16,2.833213344056216,0,24412,0,24,1287.0,45.0,-1271.0,0,0,0,3.1000000000000014,25.1,90,76.1251,1.5,0.0,155.0,104.0,122.0,113.0,155.0,135.66666666666666,198.0,131.5,181.0,2021-07,2021-07,114,115.46396032339271,-1.4639603233927119,1.4639603233927119,False
2021-07-16 21:00:00,20210716,114,120,118.5,False,False,False,False,False,True,True,21,5,0,0,0,0.0,5.0,0,0,7,45,45,3.828641396489095,0,24412,0,24,16.0,59.0,29.0,0,0,0,3.0,25.0,91,76.0595,1.9,0.0,187.0,103.0,114.0,111.75,187.0,135.66666666666666,198.0,131.5,181.0,2021-07,2021-07,114,111.71829583789014,2.281704162109861,2.281704162109861,False
2021-07-16 22:00:00,20210716,102,112,109.0,False,False,False,False,False,True,True,22,5,0,0,0,0.0,5.0,0,0,7,59,59,4.0943445622221,0,24412,0,24,45.0,330.0,14.0,0,0,0,2.6999999999999993,24.7,93,75.74929,1.9,0.3,198.0,102.0,111.0,112.5,198.0,135.66666666666666,198.0,131.5,181.0,2021-07,2021-07,102,113.70364561051657,-11.703645610516574,11.703645610516574,False
2021-07-16 23:00:00,20210716,101,118,114.5,False,False,False,False,False,True,True,23,5,0,0,0,0.0,5.0,0,0,7,330,330,5.802118375377063,0,24412,0,24,59.0,,271.0,0,0,0,2.8000000000000007,24.8,96,76.22991999999999,1.6,0.3,187.0,96.0,93.0,99.25,187.0,135.66666666666666,198.0,131.5,181.0,2021-07,2021-07,101,100.88290371972685,0.11709628027314523,0.11709628027314523,False
2021-07-17 00:00:00,20210717,64,66,71.5,False,False,False,False,False,True,True,0,6,1,0,0,0.0,6.0,0,0,7,21,21,3.091042453358316,0,1867,0,8,,130.0,,0,0,0,2.6000000000000014,24.6,95,75.7773,1.1,0.0,65.0,65.0,67.0,67.5,65.0,132.20833333333334,188.0,46.208333333333336,101.0,2021-07,2021-07,64,68.10574611478476,-4.105746114784765,4.105746114784765,False
2021-07-17 01:00:00,20210717,101,110,106.0,False,False,False,False,False,True,True,1,6,1,0,0,0.0,6.0,0,0,7,130,130,4.875197323201151,0,1867,0,8,21.0,426.0,109.0,0,0,0,2.6000000000000014,24.6,95,75.7773,0.9,0.0,96.0,97.0,104.0,106.75,96.0,132.20833333333334,188.0,46.208333333333336,101.0,2021-07,2021-07,101,109.96917491228653,-8.969174912286533,8.969174912286533,False
2021-07-17 02:00:00,20210717,98,105,103.0,False,False,False,False,False,True,True,2,6,1,0,0,0.0,6.0,0,0,7,426,426,6.056784013228625,0,1867,0,8,130.0,108.0,296.0,0,0,0,2.3999999999999986,24.4,96,75.52575999999999,1.3,0.0,101.0,97.0,106.0,107.25,101.0,132.20833333333334,188.0,46.208333333333336,101.0,2021-07,2021-07,98,108.01205014707011,-10.012050147070113,10.012050147070113,False
2021-07-17 03:00:00,20210717,94,102,100.5,False,False,False,False,False,True,True,3,6,1,0,0,0.0,6.0,0,0,7,108,108,4.6913478822291435,0,1867,0,8,426.0,95.0,-318.0,0,0,0,1.6000000000000014,23.6,98,74.29872,1.7,0.0,107.0,97.0,103.0,102.25,107.0,132.20833333333334,188.0,46.208333333333336,101.0,2021-07,2021-07,94,107.67873182155851,-13.678731821558515,13.678731821558515,False
2021-07-17 04:00:00,20210717,96,103,99.5,False,False,False,False,False,True,True,4,6,1,0,0,0.0,6.0,0,0,7,95,95,4.564348191467836,0,1867,0,8,108.0,63.0,-13.0,0,0,0,1.8999999999999986,23.9,98,74.83278,1.3,0.0,106.0,100.0,104.0,109.5,106.0,132.20833333333334,188.0,46.208333333333336,101.0,2021-07,2021-07,96,112.33932421994648,-16.339324219946477,16.339324219946477,False
2021-07-17 05:00:00,20210717,84,108,97.5,False,False,False,False,False,True,True,5,6,1,0,0,0.0,6.0,0,0,7,63,63,4.1588830833596715,0,1867,0,8,95.0,30.0,-32.0,0,0,0,2.3000000000000007,24.3,98,75.54486,1.2,0.0,88.0,83.0,89.0,89.25,88.0,132.20833333333334,188.0,46.208333333333336,101.0,2021-07,2021-07,84,93.63496613353452,-9.634966133534519,9.634966133534519,False
2021-07-17 06:00:00,20210717,85,96,102.0,False,False,False,False,False,True,True,6,6,1,0,0,0.0,6.0,0,0,7,30,30,3.4339872044851463,0,1867,0,8,63.0,994.0,-33.0,0,0,0,3.3000000000000007,25.3,94,76.89518,1.8,0.0,106.0,101.0,98.0,105.0,106.0,132.20833333333334,188.0,46.208333333333336,101.0,2021-07,2021-07,85,106.52563724183658,-21.525637241836577,21.525637241836577,False
2021-07-17 07:00:00,20210717,57,88,87.5,False,False,False,False,False,True,True,7,6,1,0,0,0.0,6.0,0,1,7,994,800,6.902742737158593,0,1867,0,8,30.0,0.0,964.0,0,0,0,3.5,25.5,87,76.47715,1.0,0.0,135.0,75.0,53.0,64.0,135.0,132.20833333333334,188.0,46.208333333333336,101.0,2021-07,2021-07,57,64.16370377314034,-7.163703773140341,7.163703773140341,False
2021-07-17 08:00:00,20210717,25,27,26.5,False,False,False,False,False,True,True,8,6,1,0,0,0.0,6.0,2,0,7,0,0,0.0,1,1867,0,8,994.0,0.0,-994.0,0,0,0,3.3000000000000007,25.3,86,76.03542,2.2,0.1,187.0,26.0,22.0,23.5,187.0,132.20833333333334,188.0,46.208333333333336,101.0,2021-07,2021-07,25,33.326216359982304,-8.326216359982304,8.326216359982304,False
2021-07-17 09:00:00,20210717,23,24,23.0,False,False,False,False,False,True,True,9,6,1,0,0,0.0,6.0,2,0,7,0,0,0.0,1,1867,0,8,0.0,0.0,0.0,0,0,0,3.8999999999999986,25.9,80,76.3518,1.9,0.6,185.0,27.0,25.0,24.25,185.0,132.20833333333334,188.0,46.208333333333336,101.0,2021-07,2021-07,23,22.915420303115027,0.08457969688497258,0.08457969688497258,False
2021-07-17 10:00:00,20210717,23,24,24.0,False,False,False,False,False,True,True,10,6,1,0,0,0.0,6.0,2,0,7,0,0,0.0,1,1867,0,8,0.0,0.0,0.0,0,0,0,4.399999999999999,26.4,78,76.91608,2.8,0.6,169.0,30.0,23.0,25.25,169.0,132.20833333333334,188.0,46.208333333333336,101.0,2021-07,2021-07,23,22.968211207275186,0.031788792724814385,0.031788792724814385,False
2021-07-17 11:00:00,20210717,24,27,25.0,False,False,False,False,False,True,True,11,6,1,0,0,0.0,6.0,2,0,7,0,0,0.0,1,1867,0,8,0.0,0.0,0.0,0,0,0,4.800000000000001,26.8,81,77.91592,2.1,0.6,188.0,29.0,23.0,25.0,188.0,132.20833333333334,188.0,46.208333333333336,101.0,2021-07,2021-07,24,23.315480832953266,0.6845191670467337,0.6845191670467337,False
2021-07-17 12:00:00,20210717,24,26,26.5,False,False,False,False,False,True,True,12,6,1,0,0,0.0,6.0,1,1,7,0,0,0.0,1,1867,0,8,0.0,0.0,0.0,0,0,0,5.0,27.0,79,77.9897,2.8,0.6,116.0,26.0,24.0,24.0,116.0,132.20833333333334,188.0,46.208333333333336,101.0,2021-07,2021-07,24,22.988527112267036,1.011472887732964,1.011472887732964,False
2021-07-17 13:00:00,20210717,23,24,24.0,False,False,False,False,False,True,True,13,6,1,0,0,0.0,6.0,2,0,7,0,0,0.0,1,1867,0,8,0.0,0.0,0.0,0,0,0,5.300000000000001,27.3,76,78.08552,2.5,0.6,172.0,25.0,22.0,23.5,172.0,132.20833333333334,188.0,46.208333333333336,101.0,2021-07,2021-07,23,23.071686527877144,-0.07168652787714436,0.07168652787714436,False
2021-07-17 14:00:00,20210717,23,24,23.5,False,False,False,False,False,True,True,14,6,1,0,0,0.0,6.0,2,0,7,0,0,0.0,1,1867,0,8,0.0,0.0,0.0,0,0,0,4.800000000000001,26.8,79,77.67128,1.7,0.6,166.0,23.0,22.0,23.5,166.0,132.20833333333334,188.0,46.208333333333336,101.0,2021-07,2021-07,23,22.98735861103906,0.012641388960940247,0.012641388960940247,False
2021-07-17 15:00:00,20210717,25,28,27.5,False,False,False,False,False,True,True,15,6,1,0,0,0.0,6.0,2,0,7,0,0,0.0,1,1867,0,8,0.0,0.0,0.0,0,0,0,6.199999999999999,28.2,69,78.53842,2.1,0.6,158.0,24.0,23.0,23.0,158.0,132.20833333333334,188.0,46.208333333333336,101.0,2021-07,2021-07,25,22.91955592735769,2.0804440726423117,2.0804440726423117,False
2021-07-17 16:00:00,20210717,23,24,23.5,False,False,False,False,False,True,True,16,6,1,0,0,0.0,6.0,2,0,7,0,0,0.0,1,1867,0,8,0.0,0.0,0.0,0,0,0,6.399999999999999,28.4,68,78.69888,2.3,0.6,165.0,24.0,23.0,23.0,165.0,132.20833333333334,188.0,46.208333333333336,101.0,2021-07,2021-07,23,22.959110409053704,0.040889590946296295,0.040889590946296295,False
2021-07-17 17:00:00,20210717,22,23,22.5,False,False,False,False,False,True,True,17,6,1,0,0,0.0,6.0,2,1,7,0,0,0.0,1,1867,0,8,0.0,0.0,0.0,0,0,0,4.399999999999999,26.4,76,76.67936,2.3,0.6,138.0,23.0,22.0,23.5,138.0,132.20833333333334,188.0,46.208333333333336,101.0,2021-07,2021-07,22,22.704392001317206,-0.7043920013172063,0.7043920013172063,False
2021-07-17 18:00:00,20210717,24,27,26.0,False,False,False,False,False,True,True,18,6,1,0,0,0.0,6.0,2,0,7,0,0,0.0,1,1867,0,8,0.0,0.0,0.0,0,0,0,3.8999999999999986,25.9,78,76.12498,2.6,0.6,158.0,22.0,22.0,23.0,158.0,132.20833333333334,188.0,46.208333333333336,101.0,2021-07,2021-07,24,23.156606813369518,0.8433931866304825,0.8433931866304825,False
2021-07-17 19:00:00,20210717,23,23,23.0,False,False,False,False,False,True,True,19,6,1,0,0,0.0,6.0,2,0,7,0,0,0.0,1,1867,0,8,0.0,0.0,0.0,0,0,0,3.3000000000000007,25.3,84,75.82048,0.7,0.6,136.0,24.0,24.0,23.5,136.0,132.20833333333334,188.0,46.208333333333336,101.0,2021-07,2021-07,23,23.346897673593464,-0.3468976735934639,0.3468976735934639,False
2021-07-17 20:00:00,20210717,23,23,23.0,False,False,False,False,False,True,True,20,6,1,0,0,0.0,6.0,0,0,7,0,0,0.0,1,1867,0,8,0.0,0.0,0.0,0,0,0,3.3000000000000007,25.3,83,75.71301,1.3,0.6,114.0,22.0,22.0,22.75,114.0,132.20833333333334,188.0,46.208333333333336,101.0,2021-07,2021-07,23,23.042624426834852,-0.0426244268348519,0.0426244268348519,False
2021-07-17 21:00:00,20210717,24,24,24.0,False,False,False,False,False,True,True,21,6,1,0,0,0.0,6.0,0,0,7,0,0,0.0,1,1867,0,8,0.0,0.0,0.0,0,0,0,3.3999999999999986,25.4,82,75.76772,0.5,0.6,114.0,22.0,23.0,23.25,114.0,132.20833333333334,188.0,46.208333333333336,101.0,2021-07,2021-07,24,23.108871732570396,0.8911282674296039,0.8911282674296039,False
2021-07-17 22:00:00,20210717,25,28,26.0,False,False,False,False,False,True,True,22,6,1,0,0,0.0,6.0,0,0,7,0,0,0.0,1,1867,0,8,0.0,0.0,0.0,0,0,0,3.3000000000000007,25.3,87,76.14289,1.1,0.6,102.0,25.0,24.0,24.0,102.0,132.20833333333334,188.0,46.208333333333336,101.0,2021-07,2021-07,25,23.490867928249116,1.5091320717508836,1.5091320717508836,False
2021-07-17 23:00:00,20210717,23,24,23.5,False,False,False,False,False,True,True,23,6,1,0,0,0.0,6.0,0,0,7,0,0,0.0,1,1867,0,8,0.0,,0.0,0,0,0,3.0,25.0,88,75.746,1.0,0.6,101.0,22.0,22.0,23.0,101.0,132.20833333333334,188.0,46.208333333333336,101.0,2021-07,2021-07,23,24.12845770631321,-1.1284577063132097,1.1284577063132097,False
2021-07-18 00:00:00,20210718,23,24,23.5,False,True,False,False,False,True,True,0,7,1,0,0,0.0,7.0,0,0,7,0,0,0.0,1,0,1,0,,0.0,,0,0,0,2.5,24.5,93,75.40315,1.0,0.0,64.0,,,,64.0,44.0,101.0,,,2021-07,2021-07,23,23.553249873330984,-0.5532498733309836,0.5532498733309836,False
2021-07-18 01:00:00,20210718,25,28,27.0,False,True,False,False,False,True,True,1,7,1,0,0,0.0,7.0,0,0,7,0,0,0.0,1,0,1,0,0.0,0.0,0.0,0,0,0,2.5,24.5,93,75.40315,1.6,0.0,101.0,,,,101.0,44.0,101.0,,,2021-07,2021-07,25,23.54918123531353,1.4508187646864705,1.4508187646864705,False
2021-07-18 02:00:00,20210718,23,24,23.5,False,True,False,False,False,True,True,2,7,1,0,0,0.0,7.0,0,0,7,0,0,0.0,1,0,1,0,0.0,0.0,0.0,0,0,0,2.1999999999999993,24.2,94,74.98052,1.4,0.0,98.0,,,,98.0,44.0,101.0,,,2021-07,2021-07,23,23.53028481485673,-0.5302848148567314,0.5302848148567314,False
2021-07-18 03:00:00,20210718,23,24,23.5,False,True,False,False,False,True,True,3,7,1,0,0,0.0,7.0,0,0,7,0,0,0.0,1,0,1,0,0.0,0.0,0.0,0,0,0,2.0,24.0,96,74.82159999999999,0.9,0.0,94.0,,,,94.0,44.0,101.0,,,2021-07,2021-07,23,23.551993290207943,-0.5519932902079425,0.5519932902079425,False
2021-07-18 04:00:00,20210718,25,28,26.5,False,True,False,False,False,True,True,4,7,1,0,0,0.0,7.0,0,0,7,0,0,0.0,1,0,1,0,0.0,0.0,0.0,0,0,0,1.6000000000000014,23.6,97,74.20808,1.4,0.0,96.0,,,,96.0,44.0,101.0,,,2021-07,2021-07,25,23.483163833835658,1.5168361661643424,1.5168361661643424,False
2021-07-18 05:00:00,20210718,22,22,22.5,False,True,False,False,False,True,True,5,7,1,0,0,0.0,7.0,0,0,7,0,0,0.0,1,0,1,0,0.0,0.0,0.0,0,0,0,1.5,23.5,98,74.1207,1.3,0.0,84.0,,,,84.0,44.0,101.0,,,2021-07,2021-07,22,23.277486760661287,-1.2774867606612865,1.2774867606612865,False
2021-07-18 06:00:00,20210718,23,23,23.0,False,True,False,False,False,True,True,6,7,1,0,0,0.0,7.0,0,0,7,0,0,0.0,1,0,1,0,0.0,0.0,0.0,0,0,0,2.0,24.0,96,74.82159999999999,1.3,0.0,85.0,,,,85.0,44.0,101.0,,,2021-07,2021-07,23,23.363417540282455,-0.3634175402824553,0.3634175402824553,False
2021-07-18 07:00:00,20210718,25,28,26.5,False,True,False,False,False,True,True,7,7,1,0,0,0.0,7.0,0,1,7,0,0,0.0,1,0,1,0,0.0,0.0,0.0,0,0,0,4.5,26.5,88,78.2678,1.5,0.0,57.0,,,,57.0,44.0,101.0,,,2021-07,2021-07,25,23.16738242767505,1.8326175723249492,1.8326175723249492,False
2021-07-18 08:00:00,20210718,23,24,23.5,False,True,False,False,False,True,True,8,7,1,0,0,0.0,7.0,2,0,7,0,0,0.0,1,0,1,0,0.0,0.0,0.0,0,0,0,5.199999999999999,27.2,81,78.56067999999999,2.2,0.0,25.0,,,,25.0,44.0,101.0,,,2021-07,2021-07,23,23.46795057038879,-0.4679505703887905,0.4679505703887905,False
2021-07-18 09:00:00,20210718,23,23,23.0,False,True,False,False,False,True,True,9,7,1,0,0,0.0,7.0,2,0,7,0,0,0.0,1,0,1,0,0.0,0.0,0.0,0,0,0,5.699999999999999,27.7,79,79.10417,2.8,0.0,23.0,,,,23.0,44.0,101.0,,,2021-07,2021-07,23,23.626097067259636,-0.6260970672596358,0.6260970672596358,False
2021-07-18 10:00:00,20210718,23,23,23.0,False,True,False,False,False,True,True,10,7,1,0,0,0.0,7.0,2,0,7,0,0,0.0,1,0,1,0,0.0,0.0,0.0,0,0,0,6.800000000000001,28.8,73,80.00276,3.2,0.0,23.0,,,,23.0,44.0,101.0,,,2021-07,2021-07,23,23.770458592278754,-0.7704585922787537,0.7704585922787537,False
2021-07-18 11:00:00,20210718,25,27,25.5,False,True,False,False,False,True,True,11,7,1,0,0,0.0,7.0,2,0,7,0,0,0.0,1,0,1,0,0.0,0.0,0.0,0,0,0,6.100000000000001,28.1,76,79.33544,1.8,0.0,24.0,,,,24.0,44.0,101.0,,,2021-07,2021-07,25,23.843775246441954,1.156224753558046,1.156224753558046,False
2021-07-18 12:00:00,20210718,23,23,23.5,False,True,False,False,False,True,True,12,7,1,0,0,0.0,7.0,1,1,7,0,0,0.0,1,0,1,0,0.0,0.0,0.0,0,0,0,6.399999999999999,28.4,71,79.11336,2.6,0.0,24.0,,,,24.0,44.0,101.0,,,2021-07,2021-07,23,23.5731594007497,-0.5731594007496987,0.5731594007496987,False
2021-07-18 13:00:00,20210718,23,23,23.0,False,True,False,False,False,True,True,13,7,1,0,0,0.0,7.0,2,0,7,0,0,0.0,1,0,1,0,0.0,0.0,0.0,0,0,0,6.399999999999999,28.4,74,79.52784,1.7,0.0,23.0,,,,23.0,44.0,101.0,,,2021-07,2021-07,23,23.527460888907942,-0.5274608889079424,0.5274608889079424,False
2021-07-18 14:00:00,20210718,25,27,26.0,False,True,False,False,False,True,True,14,7,1,0,0,0.0,7.0,2,0,7,0,0,0.0,1,0,1,0,0.0,0.0,0.0,0,0,0,6.699999999999999,28.7,70,79.42609999999999,2.8,0.0,23.0,,,,23.0,44.0,101.0,,,2021-07,2021-07,25,23.73806376173266,1.2619362382673387,1.2619362382673387,False
2021-07-18 15:00:00,20210718,24,26,25.0,False,True,False,False,False,True,True,15,7,1,0,0,0.0,7.0,2,0,7,0,0,0.0,1,0,1,0,0.0,0.0,0.0,0,0,0,5.800000000000001,27.8,74,78.60228000000001,3.1,0.0,25.0,,,,25.0,44.0,101.0,,,2021-07,2021-07,24,23.826408153777294,0.17359184622270618,0.17359184622270618,False
2021-07-18 16:00:00,20210718,23,23,23.0,False,True,False,False,False,True,True,16,7,1,0,0,0.0,7.0,2,0,7,0,0,0.0,1,0,1,0,0.0,0.0,0.0,0,0,0,5.600000000000001,27.6,76,78.55424,2.6,0.0,23.0,,,,23.0,44.0,101.0,,,2021-07,2021-07,23,23.745762334019815,-0.7457623340198154,0.7457623340198154,False
2021-07-18 17:00:00,20210718,24,27,25.0,False,True,False,False,False,True,True,17,7,1,0,0,0.0,7.0,2,1,7,0,0,0.0,1,0,1,0,0.0,0.0,0.0,0,0,0,5.699999999999999,27.7,74,78.44802,2.6,0.0,22.0,,,,22.0,44.0,101.0,,,2021-07,2021-07,24,23.60605362416284,0.3939463758371602,0.3939463758371602,False
2021-07-18 18:00:00,20210718,24,25,26.0,False,True,False,False,False,True,True,18,7,1,0,0,0.0,7.0,2,0,7,0,0,0.0,1,0,1,0,0.0,0.0,0.0,0,0,0,4.800000000000001,26.8,80,77.7936,2.1,0.0,24.0,,,,24.0,44.0,101.0,,,2021-07,2021-07,24,23.58906894170781,0.41093105829218857,0.41093105829218857,False
2021-07-18 19:00:00,20210718,23,23,23.0,False,True,False,False,False,True,True,19,7,1,0,0,0.0,7.0,2,0,7,0,0,0.0,1,0,1,0,0.0,0.0,0.0,0,0,0,3.8999999999999986,25.9,88,77.25908,1.3,0.0,23.0,,,,23.0,44.0,101.0,,,2021-07,2021-07,23,23.567898935618988,-0.5678989356189881,0.5678989356189881,False
2021-07-18 20:00:00,20210718,23,23,23.0,False,True,False,False,False,True,True,20,7,1,0,0,0.0,7.0,0,0,7,0,0,0.0,1,0,1,0,0.0,0.0,0.0,0,0,0,3.3000000000000007,25.3,90,76.4653,1.2,0.0,23.0,,,,23.0,44.0,101.0,,,2021-07,2021-07,23,23.696602775991902,-0.6966027759919022,0.6966027759919022,False
2021-07-18 21:00:00,20210718,25,28,27.0,False,True,False,False,False,True,True,21,7,1,0,0,0.0,7.0,0,0,7,0,0,0.0,1,0,1,0,0.0,0.0,0.0,0,0,0,2.6999999999999993,24.7,93,75.74929,2.1,0.0,24.0,,,,24.0,44.0,101.0,,,2021-07,2021-07,25,23.769432380497452,1.2305676195025477,1.2305676195025477,False
2021-07-18 22:00:00,20210718,24,24,24.0,False,True,False,False,False,True,True,22,7,1,0,0,0.0,7.0,0,0,7,0,0,0.0,1,0,1,0,0.0,0.0,0.0,0,0,0,2.1999999999999993,24.2,91,74.69077999999999,0.5,0.0,25.0,,,,25.0,44.0,101.0,,,2021-07,2021-07,24,23.541972845134428,0.45802715486557233,0.45802715486557233,False
2021-07-18 23:00:00,20210718,23,23,23.5,False,True,False,False,False,True,True,23,7,1,0,0,0.0,7.0,0,0,7,0,0,0.0,1,0,1,0,0.0,,0.0,0,0,0,2.6000000000000014,24.6,92,75.47568,0.7,0.0,23.0,,,,23.0,44.0,101.0,,,2021-07,2021-07,23,24.44513603767525,-1.4451360376752511,1.4451360376752511,False
2021-07-19 00:00:00,20210719,26,28,27.0,False,False,False,False,False,True,True,0,1,0,0,1,1.0,1.0,0,0,7,0,0,0.0,1,13584,0,15,,0.0,,0,0,0,2.3000000000000007,24.3,91,74.86187000000001,1.9,0.0,,25.0,25.0,24.25,64.0,,,111.95833333333333,191.0,2021-07,2021-07,26,26.77556085037053,-0.7755608503705282,0.7755608503705282,False
2021-07-19 01:00:00,20210719,24,24,25.0,False,False,False,False,False,True,True,1,1,0,0,1,1.0,1.0,0,0,7,0,0,0.0,1,13584,0,15,0.0,0.0,0.0,0,0,0,2.1000000000000014,24.1,91,74.51969,1.1,0.0,,23.0,23.0,24.0,101.0,,,111.95833333333333,191.0,2021-07,2021-07,24,25.494899689367923,-1.494899689367923,1.494899689367923,False
2021-07-19 02:00:00,20210719,23,24,24.0,False,False,False,False,False,True,True,2,1,0,0,1,1.0,1.0,0,0,7,0,0,0.0,1,13584,0,15,0.0,0.0,0.0,0,0,0,1.6999999999999993,23.7,93,74.01858999999999,1.2,0.0,,23.0,23.0,23.0,98.0,,,111.95833333333333,191.0,2021-07,2021-07,23,24.933233490843662,-1.9332334908436621,1.9332334908436621,False
2021-07-19 03:00:00,20210719,23,24,24.0,False,False,False,False,False,True,True,3,1,0,0,1,1.0,1.0,0,0,7,0,0,0.0,1,13584,0,15,0.0,0.0,0.0,0,0,0,1.6000000000000014,23.6,95,74.02680000000001,1.0,0.0,,24.0,24.0,23.75,94.0,,,111.95833333333333,191.0,2021-07,2021-07,23,25.811534578399716,-2.8115345783997157,2.8115345783997157,False
2021-07-19 04:00:00,20210719,25,27,27.0,False,False,False,False,False,True,True,4,1,0,0,1,1.0,1.0,0,0,7,0,0,0.0,1,13584,0,15,0.0,0.0,0.0,0,0,0,1.6000000000000014,23.6,95,74.02680000000001,1.3,0.0,,22.0,24.0,24.25,96.0,,,111.95833333333333,191.0,2021-07,2021-07,25,25.774099874872352,-0.774099874872352,0.774099874872352,False
2021-07-19 05:00:00,20210719,23,23,23.0,False,False,False,False,False,True,True,5,1,0,0,1,1.0,1.0,0,0,7,0,0,0.0,1,13584,0,15,0.0,0.0,0.0,0,0,0,1.3999999999999986,23.4,98,73.94268,1.1,0.0,,23.0,23.0,23.0,84.0,,,111.95833333333333,191.0,2021-07,2021-07,23,24.66068238601444,-1.6606823860144395,1.6606823860144395,False
2021-07-19 06:00:00,20210719,23,23,23.0,False,False,False,False,False,True,True,6,1,0,0,1,1.0,1.0,0,0,7,0,0,0.0,1,13584,0,15,0.0,0.0,0.0,0,0,0,1.8000000000000007,23.8,97,74.56214,1.3,0.0,,24.0,22.0,22.75,85.0,,,111.95833333333333,191.0,2021-07,2021-07,23,24.529744322449307,-1.5297443224493072,1.5297443224493072,False
2021-07-19 07:00:00,20210719,65,119,97.5,False,False,False,False,False,True,True,7,1,0,0,1,1.0,1.0,0,1,7,0,0,0.0,1,13584,0,15,0.0,604.0,0.0,0,0,0,3.0,25.0,91,76.0595,2.0,0.0,,65.0,63.0,60.75,57.0,,,111.95833333333333,191.0,2021-07,2021-07,65,70.3371412834481,-5.337141283448105,5.337141283448105,False
2021-07-19 08:00:00,20210719,188,200,197.0,False,False,False,False,False,True,True,8,1,0,0,1,1.0,1.0,2,0,7,604,604,6.405228458030842,0,13584,0,15,0.0,1431.0,604.0,0,0,0,5.300000000000001,27.3,83,78.97641,1.4,0.0,,186.0,168.0,179.75,25.0,,,111.95833333333333,191.0,2021-07,2021-07,188,177.62864327675197,10.371356723248027,10.371356723248027,True
2021-07-19 09:00:00,20210719,179,185,183.5,False,False,False,False,False,True,True,9,1,0,0,1,1.0,1.0,2,0,7,1431,800,7.266827347520591,0,13584,0,15,604.0,568.0,827.0,0,0,0,6.300000000000001,28.3,75,79.51075,0.6,0.0,,191.0,170.0,182.0,23.0,,,111.95833333333333,191.0,2021-07,2021-07,179,179.86417725272727,-0.8641772527272735,0.8641772527272735,True
2021-07-19 10:00:00,20210719,185,209,206.0,False,False,False,False,False,True,True,10,1,0,0,1,1.0,1.0,2,0,7,568,568,6.343880434126331,0,13584,0,15,1431.0,1280.0,-863.0,0,0,0,5.899999999999999,27.9,76,79.02296,0.8,0.0,,175.0,173.0,175.0,23.0,,,111.95833333333333,191.0,2021-07,2021-07,185,181.37669722539724,3.623302774602763,3.623302774602763,True
2021-07-19 11:00:00,20210719,199,222,214.5,False,False,False,False,False,True,True,11,1,0,0,1,1.0,1.0,2,0,7,1280,800,7.155396301896734,0,13584,0,15,568.0,0.0,712.0,0,0,0,6.399999999999999,28.4,75,79.666,1.3,0.0,,186.0,172.0,180.5,24.0,,,111.95833333333333,191.0,2021-07,2021-07,199,162.79492711940554,36.20507288059446,36.20507288059446,True
2021-07-19 12:00:00,20210719,117,134,160.0,False,False,False,False,False,True,True,12,1,0,0,1,1.0,1.0,1,1,7,0,0,0.0,1,13584,0,15,1280.0,645.0,-1280.0,0,0,0,7.800000000000001,29.8,68,80.77536,1.0,0.0,,115.0,104.0,113.75,24.0,,,111.95833333333333,191.0,2021-07,2021-07,117,113.0837203103199,3.9162796896800955,3.9162796896800955,False
2021-07-19 13:00:00,20210719,178,193,190.5,False,False,False,False,False,True,True,13,1,0,0,1,1.0,1.0,2,0,7,645,645,6.470799503782602,0,13584,0,15,0.0,2075.0,645.0,0,0,0,6.800000000000001,28.8,73,80.00276,1.2,0.0,,167.0,168.0,177.5,23.0,,,111.95833333333333,191.0,2021-07,2021-07,178,175.26328107265985,2.7367189273401493,2.7367189273401493,True
2021-07-19 14:00:00,20210719,178,190,183.5,False,False,False,False,False,True,True,14,1,0,0,1,1.0,1.0,2,0,7,2075,800,7.638198244285779,0,13584,0,15,645.0,2253.0,1430.0,0,0,0,6.5,28.5,72,79.40379999999999,1.2,0.0,,184.0,169.0,180.5,23.0,,,111.95833333333333,191.0,2021-07,2021-07,178,178.92407357609184,-0.9240735760918426,0.9240735760918426,True
2021-07-19 15:00:00,20210719,169,201,197.5,False,False,False,False,False,True,True,15,1,0,0,1,1.0,1.0,2,0,7,2253,800,7.720461694599722,0,13584,0,15,2075.0,1495.0,178.0,0,0,0,6.899999999999999,28.9,69,79.58358999999999,1.2,0.0,,164.0,160.0,168.75,25.0,,,111.95833333333333,191.0,2021-07,2021-07,169,174.13880406454064,-5.138804064540636,5.138804064540636,False
2021-07-19 16:00:00,20210719,183,187,194.0,False,False,False,False,False,True,True,16,1,0,0,1,1.0,1.0,2,0,7,1495,800,7.310550158534422,0,13584,0,15,2253.0,389.0,-758.0,0,0,0,7.5,29.5,67,80.18135000000001,1.4,0.0,,174.0,158.0,165.0,23.0,,,111.95833333333333,191.0,2021-07,2021-07,183,176.01724611901946,6.982753880980539,6.982753880980539,True
2021-07-19 17:00:00,20210719,149,190,175.5,False,False,False,False,False,True,True,17,1,0,0,1,1.0,1.0,2,1,7,389,389,5.966146739123692,0,13584,0,15,1495.0,465.0,-1106.0,0,0,0,7.0,29.0,67,79.4447,1.5,0.0,,138.0,129.0,137.75,22.0,,,111.95833333333333,191.0,2021-07,2021-07,149,143.4345087869609,5.56549121303911,5.56549121303911,False
2021-07-19 18:00:00,20210719,171,188,189.0,False,False,False,False,False,True,True,18,1,0,0,1,1.0,1.0,2,0,7,465,465,6.144185634125646,0,13584,0,15,389.0,1962.0,76.0,0,0,0,6.100000000000001,28.1,72,78.79468,1.8,0.0,,157.0,158.0,162.0,24.0,,,111.95833333333333,191.0,2021-07,2021-07,171,170.24452476891273,0.7554752310872743,0.7554752310872743,False
2021-07-19 19:00:00,20210719,151,162,159.0,False,False,False,False,False,True,True,19,1,0,0,1,1.0,1.0,2,0,7,1962,800,7.5822291942764615,0,13584,0,15,465.0,72.0,1497.0,0,0,0,5.5,27.5,76,78.398,0.7,0.0,,157.0,139.0,148.0,23.0,,,111.95833333333333,191.0,2021-07,2021-07,151,160.11408336058585,-9.114083360585852,9.114083360585852,False
2021-07-19 20:00:00,20210719,127,136,134.0,False,False,False,False,False,True,True,20,1,0,0,1,1.0,1.0,0,0,7,72,72,4.290459441148391,0,13584,0,15,1962.0,94.0,-1890.0,0,0,0,4.300000000000001,26.3,84,77.46208,0.7,0.0,,125.0,120.0,121.0,23.0,,,111.95833333333333,191.0,2021-07,2021-07,127,122.84163832220905,4.15836167779095,4.15836167779095,False
2021-07-19 21:00:00,20210719,124,129,130.5,False,False,False,False,False,True,True,21,1,0,0,1,1.0,1.0,0,0,7,94,94,4.553876891600541,0,13584,0,15,72.0,70.0,22.0,0,0,0,3.6999999999999993,25.7,92,77.36856,0.0,0.0,,120.0,117.0,120.5,24.0,,,111.95833333333333,191.0,2021-07,2021-07,124,120.65091444479286,3.3490855552071395,3.3490855552071395,False
2021-07-19 22:00:00,20210719,106,114,111.5,False,False,False,False,False,True,True,22,1,0,0,1,1.0,1.0,0,0,7,70,70,4.2626798770413155,0,13584,0,15,94.0,181.0,-24.0,0,0,0,3.3999999999999986,25.4,95,77.17769999999999,0.5,0.0,,116.0,104.0,110.75,25.0,,,111.95833333333333,191.0,2021-07,2021-07,106,118.24965334450457,-12.249653344504566,12.249653344504566,False
2021-07-19 23:00:00,20210719,110,120,119.5,False,False,False,False,False,True,True,23,1,0,0,1,1.0,1.0,0,0,7,181,181,5.204006687076795,0,13584,0,15,70.0,,111.0,0,0,0,3.6999999999999993,25.7,97,77.92571,1.3,0.0,,103.0,102.0,106.0,23.0,,,111.95833333333333,191.0,2021-07,2021-07,110,109.29154549533149,0.7084545046685093,0.7084545046685093,False
2021-07-20 00:00:00,20210720,71,76,84.5,False,False,False,False,False,True,True,0,2,0,0,0,0.0,2.0,0,0,7,1584,800,7.368339686311381,0,23473,0,23,,567.0,,0,0,0,4.100000000000001,26.1,93,78.17227,0.9,0.0,26.0,69.0,68.0,68.5,26.0,114.41666666666667,199.0,136.08333333333334,188.0,2021-07,2021-07,71,85.76048203013045,-14.760482030130447,14.760482030130447,False
2021-07-20 01:00:00,20210720,100,112,108.0,False,False,False,False,False,True,True,1,2,0,0,0,0.0,2.0,0,0,7,567,567,6.342121418721152,0,23473,0,23,1584.0,591.0,-1017.0,0,0,0,3.6999999999999993,25.7,93,77.47998999999999,0.2,0.0,24.0,96.0,103.0,102.75,24.0,114.41666666666667,199.0,136.08333333333334,188.0,2021-07,2021-07,100,113.02757309747489,-13.027573097474885,13.027573097474885,False
2021-07-20 02:00:00,20210720,103,106,105.0,False,False,False,False,False,True,True,2,2,0,0,0,0.0,2.0,0,0,7,591,591,6.3835066348840055,0,23473,0,23,567.0,392.0,24.0,0,0,0,3.6999999999999993,25.7,94,77.59142,0.2,0.0,23.0,112.0,105.0,110.75,23.0,114.41666666666667,199.0,136.08333333333334,188.0,2021-07,2021-07,103,116.8030506229552,-13.803050622955197,13.803050622955197,False
2021-07-20 03:00:00,20210720,105,116,114.0,False,False,False,False,False,True,True,3,2,0,0,0,0.0,2.0,0,0,7,392,392,5.973809611869261,0,23473,0,23,591.0,796.0,-199.0,0,0,0,3.1999999999999993,25.2,97,77.04056,0.2,0.0,23.0,110.0,105.0,108.0,23.0,114.41666666666667,199.0,136.08333333333334,188.0,2021-07,2021-07,105,115.87789360997515,-10.877893609975146,10.877893609975146,False
2021-07-20 04:00:00,20210720,107,110,111.0,False,False,False,False,False,True,True,4,2,0,0,0,0.0,2.0,0,0,7,796,796,6.680854678790215,0,23473,0,23,392.0,388.0,404.0,0,0,0,3.1999999999999993,25.2,97,77.04056,0.8,0.0,25.0,106.0,106.0,109.75,25.0,114.41666666666667,199.0,136.08333333333334,188.0,2021-07,2021-07,107,115.5403514138929,-8.540351413892907,8.540351413892907,False
2021-07-20 05:00:00,20210720,91,106,96.5,False,False,False,False,False,True,True,5,2,0,0,0,0.0,2.0,0,0,7,388,388,5.963579343618446,0,23473,0,23,796.0,102.0,-408.0,0,0,0,3.1000000000000014,25.1,98,76.96902,0.6,0.0,23.0,143.0,98.0,106.25,23.0,114.41666666666667,199.0,136.08333333333334,188.0,2021-07,2021-07,91,135.87627396060526,-44.87627396060526,44.87627396060526,False
2021-07-20 06:00:00,20210720,110,117,113.5,False,False,False,False,False,True,True,6,2,0,0,0,0.0,2.0,0,0,7,102,102,4.634728988229636,0,23473,0,23,388.0,1086.0,-286.0,0,0,0,4.699999999999999,26.7,90,78.8467,0.8,0.0,23.0,123.0,98.0,112.0,23.0,114.41666666666667,199.0,136.08333333333334,188.0,2021-07,2021-07,110,119.08533559316402,-9.085335593164018,9.085335593164018,False
2021-07-20 07:00:00,20210720,133,148,147.0,False,False,False,False,False,True,True,7,2,0,0,0,0.0,2.0,0,1,7,1086,800,6.99117688712121,0,23473,0,23,102.0,1248.0,984.0,0,0,0,6.399999999999999,28.4,81,80.49495999999999,1.1,0.0,65.0,111.0,119.0,126.5,65.0,114.41666666666667,199.0,136.08333333333334,188.0,2021-07,2021-07,133,123.86413799957587,9.135862000424126,9.135862000424126,False
2021-07-20 08:00:00,20210720,188,201,196.0,False,False,False,False,False,True,True,8,2,0,0,0,0.0,2.0,2,0,7,1248,800,7.130098510125578,0,23473,0,23,1086.0,1828.0,162.0,0,0,0,7.699999999999999,29.7,68,80.62704,0.6,0.0,188.0,102.0,180.0,163.75,188.0,114.41666666666667,199.0,136.08333333333334,188.0,2021-07,2021-07,188,150.2438060634897,37.7561939365103,37.7561939365103,True
2021-07-20 09:00:00,20210720,191,200,197.0,False,False,False,False,False,True,True,9,2,0,0,0,0.0,2.0,2,0,7,1828,800,7.511524648390866,0,23473,0,23,1248.0,1282.0,580.0,0,0,0,8.8,30.8,57,80.47744,1.4,0.0,179.0,112.0,180.0,159.5,179.0,114.41666666666667,199.0,136.08333333333334,188.0,2021-07,2021-07,191,143.98498886787453,47.015011132125466,47.015011132125466,True
2021-07-20 10:00:00,20210720,189,197,197.0,False,False,False,False,False,True,True,10,2,0,0,0,0.0,2.0,2,0,7,1282,800,7.1569563646156364,0,23473,0,23,1828.0,1327.0,-546.0,0,0,0,9.100000000000001,31.1,58,81.05462,1.2,0.0,185.0,124.0,168.0,156.75,185.0,114.41666666666667,199.0,136.08333333333334,188.0,2021-07,2021-07,189,143.82015021156303,45.17984978843697,45.17984978843697,True
2021-07-20 11:00:00,20210720,190,192,194.5,False,False,False,False,False,True,True,11,2,0,0,0,0.0,2.0,2,0,7,1327,800,7.191429330036379,0,23473,0,23,1282.0,0.0,45.0,0,0,0,9.7,31.7,60,82.2268,2.8,0.0,199.0,139.0,176.0,170.0,199.0,114.41666666666667,199.0,136.08333333333334,188.0,2021-07,2021-07,190,155.7550209999608,34.244979000039194,34.244979000039194,True
2021-07-20 12:00:00,20210720,121,142,166.0,False,False,False,False,False,True,True,12,2,0,0,0,0.0,2.0,1,1,7,0,0,0.0,1,23473,0,23,1327.0,1234.0,-1327.0,0,0,0,9.7,31.7,57,81.71431,1.9,0.0,117.0,123.0,110.0,115.5,117.0,114.41666666666667,199.0,136.08333333333334,188.0,2021-07,2021-07,121,111.76043106890232,9.23956893109768,9.23956893109768,False
2021-07-20 13:00:00,20210720,178,194,188.5,False,False,False,False,False,True,True,13,2,0,0,0,0.0,2.0,2,0,7,1234,800,7.118826249062078,0,23473,0,23,0.0,823.0,1234.0,0,0,0,8.100000000000001,30.1,60,79.9804,3.8,0.0,178.0,107.0,159.0,154.75,178.0,114.41666666666667,199.0,136.08333333333334,188.0,2021-07,2021-07,178,139.89426745291192,38.10573254708808,38.10573254708808,True
2021-07-20 14:00:00,20210720,187,192,193.0,False,False,False,False,False,True,True,14,2,0,0,0,0.0,2.0,2,0,7,823,800,6.714170529909472,0,23473,0,23,1234.0,419.0,-411.0,0,0,0,7.899999999999999,29.9,63,80.15862999999999,3.6,0.0,178.0,150.0,179.0,165.75,178.0,114.41666666666667,199.0,136.08333333333334,188.0,2021-07,2021-07,187,168.78041722393695,18.21958277606305,18.21958277606305,True
2021-07-20 15:00:00,20210720,167,199,189.5,False,False,False,False,False,True,True,15,2,0,0,0,0.0,2.0,2,0,7,419,419,6.040254711277414,0,23473,0,23,823.0,2403.0,-404.0,0,0,0,8.2,30.2,65,80.9007,3.2,0.0,169.0,181.0,158.0,164.5,169.0,114.41666666666667,199.0,136.08333333333334,188.0,2021-07,2021-07,167,169.97918699489378,-2.97918699489378,2.97918699489378,False
2021-07-20 16:00:00,20210720,185,201,200.0,False,False,False,False,False,True,True,16,2,0,0,0,0.0,2.0,2,0,7,2403,800,7.784889295655098,0,23473,0,23,419.0,881.0,1984.0,0,0,0,7.699999999999999,29.7,63,79.87189000000001,3.1,0.0,183.0,174.0,171.0,167.25,183.0,114.41666666666667,199.0,136.08333333333334,188.0,2021-07,2021-07,185,170.71146405139226,14.288535948607745,14.288535948607745,True
2021-07-20 17:00:00,20210720,132,159,152.0,False,False,False,False,False,True,True,17,2,0,0,0,0.0,2.0,2,1,7,881,800,6.782192056006791,0,23473,0,23,2403.0,2031.0,-1522.0,0,0,0,7.100000000000001,29.1,63,79.01167,2.1,0.0,149.0,143.0,129.0,130.0,149.0,114.41666666666667,199.0,136.08333333333334,188.0,2021-07,2021-07,132,144.34059575864214,-12.340595758642138,12.340595758642138,False
2021-07-20 18:00:00,20210720,175,182,180.5,False,False,False,False,False,True,True,18,2,0,0,0,0.0,2.0,2,0,7,2031,800,7.616775808698373,0,23473,0,23,881.0,3506.0,1150.0,0,0,0,5.5,27.5,74,78.1395,1.3,0.0,171.0,152.0,153.0,156.0,171.0,114.41666666666667,199.0,136.08333333333334,188.0,2021-07,2021-07,175,164.47279544210457,10.52720455789543,10.52720455789543,True
2021-07-20 19:00:00,20210720,170,176,176.5,False,False,False,False,False,True,True,19,2,0,0,0,0.0,2.0,2,0,7,3506,800,8.162516250140179,0,23473,0,23,2031.0,80.0,1475.0,0,0,0,4.5,26.5,80,77.31299999999999,1.1,0.0,151.0,174.0,151.0,160.25,151.0,114.41666666666667,199.0,136.08333333333334,188.0,2021-07,2021-07,170,164.15922401006483,5.8407759899351674,5.8407759899351674,False
2021-07-20 20:00:00,20210720,127,132,145.5,False,False,False,False,False,True,True,20,2,0,0,0,0.0,2.0,0,0,7,80,80,4.394449154672439,0,23473,0,23,3506.0,562.0,-3426.0,0,0,0,4.0,26.0,83,76.8552,1.2,0.0,127.0,175.0,134.0,144.25,127.0,114.41666666666667,199.0,136.08333333333334,188.0,2021-07,2021-07,127,150.34409835230676,-23.34409835230676,23.34409835230676,False
2021-07-20 21:00:00,20210720,130,137,135.0,False,False,False,False,False,True,True,21,2,0,0,0,0.0,2.0,0,0,7,562,562,6.333279628139691,0,23473,0,23,80.0,235.0,482.0,0,0,0,4.100000000000001,26.1,79,76.55681,1.5,0.0,124.0,174.0,126.0,137.5,124.0,114.41666666666667,199.0,136.08333333333334,188.0,2021-07,2021-07,130,151.09202093924324,-21.09202093924324,21.09202093924324,False
2021-07-20 22:00:00,20210720,112,121,120.5,False,False,False,False,False,True,True,22,2,0,0,0,0.0,2.0,0,0,7,235,235,5.4638318050256105,0,23473,0,23,562.0,108.0,-327.0,0,0,0,3.8999999999999986,25.9,79,76.23839,1.4,0.0,106.0,178.0,112.0,129.25,106.0,114.41666666666667,199.0,136.08333333333334,188.0,2021-07,2021-07,112,148.85683899684014,-36.85683899684014,36.85683899684014,False
2021-07-20 23:00:00,20210720,109,117,119.0,False,False,False,False,False,True,True,23,2,0,0,0,0.0,2.0,0,0,7,108,108,4.6913478822291435,0,23473,0,23,235.0,,-127.0,0,0,0,3.3000000000000007,25.3,83,75.71301,1.4,0.0,110.0,188.0,106.0,127.75,110.0,114.41666666666667,199.0,136.08333333333334,188.0,2021-07,2021-07,109,137.09338465639368,-28.09338465639368,28.09338465639368,False
2021-07-21 00:00:00,20210721,78,85,90.5,False,False,False,False,False,True,True,0,3,0,0,0,0.0,3.0,0,0,7,286,286,5.659482215759621,0,19461,0,23,,270.0,,0,0,0,2.5,24.5,86,74.7063,1.0,0.0,71.0,73.0,76.0,71.25,71.0,140.45833333333334,191.0,131.25,185.0,2021-07,2021-07,78,78.53276810052434,-0.5327681005243363,0.5327681005243363,False
2021-07-21 01:00:00,20210721,107,113,112.5,False,False,False,False,False,True,True,1,3,0,0,0,0.0,3.0,0,0,7,270,270,5.602118820879701,0,19461,0,23,286.0,126.0,-16.0,0,0,0,2.1000000000000014,24.1,90,74.4241,0.9,0.0,100.0,102.0,102.0,102.75,100.0,140.45833333333334,191.0,131.25,185.0,2021-07,2021-07,107,110.00298623278563,-3.0029862327856307,3.0029862327856307,False
2021-07-21 02:00:00,20210721,100,108,104.5,False,False,False,False,False,True,True,2,3,0,0,0,0.0,3.0,0,0,7,126,126,4.844187086458591,0,19461,0,23,270.0,528.0,-144.0,0,0,0,2.3000000000000007,24.3,89,74.66673,1.3,0.0,103.0,105.0,106.0,110.25,103.0,140.45833333333334,191.0,131.25,185.0,2021-07,2021-07,100,113.07618874008416,-13.076188740084163,13.076188740084163,False
2021-07-21 03:00:00,20210721,102,111,108.5,False,False,False,False,False,True,True,3,3,0,0,0,0.0,3.0,0,0,7,528,528,6.270988431858299,0,19461,0,23,126.0,158.0,402.0,0,0,0,1.1999999999999993,23.2,95,73.3266,1.3,0.0,105.0,102.0,110.0,106.75,105.0,140.45833333333334,191.0,131.25,185.0,2021-07,2021-07,102,111.34987226894147,-9.349872268941468,9.349872268941468,False
2021-07-21 04:00:00,20210721,107,117,114.0,False,False,False,False,False,True,True,4,3,0,0,0,0.0,3.0,0,0,7,158,158,5.0689042022202315,0,19461,0,23,528.0,187.0,-370.0,0,0,0,1.0,23.0,98,73.2306,0.9,0.0,107.0,105.0,106.0,108.0,107.0,140.45833333333334,191.0,131.25,185.0,2021-07,2021-07,107,111.67686605141394,-4.676866051413938,4.676866051413938,False
2021-07-21 05:00:00,20210721,94,111,105.0,False,False,False,False,False,True,True,5,3,0,0,0,0.0,3.0,0,0,7,187,187,5.236441962829949,0,19461,0,23,158.0,56.0,29.0,0,0,0,2.0,24.0,93,74.5378,1.6,0.0,91.0,89.0,94.0,94.0,91.0,140.45833333333334,191.0,131.25,185.0,2021-07,2021-07,94,100.58340839537982,-6.58340839537982,6.58340839537982,False
2021-07-21 06:00:00,20210721,106,110,109.5,False,False,False,False,False,True,True,6,3,0,0,0,0.0,3.0,0,0,7,56,56,4.04305126783455,0,19461,0,23,187.0,842.0,-131.0,0,0,0,2.6999999999999993,24.7,92,75.64776,1.7,0.0,110.0,106.0,102.0,109.75,110.0,140.45833333333334,191.0,131.25,185.0,2021-07,2021-07,106,114.1836031323938,-8.183603132393799,8.183603132393799,False
2021-07-21 07:00:00,20210721,128,149,148.5,False,False,False,False,False,True,True,7,3,0,0,0,0.0,3.0,0,1,7,842,800,6.736966958001855,0,19461,0,23,56.0,933.0,786.0,0,0,0,5.0,27.0,83,78.48689999999999,2.1,0.0,133.0,132.0,130.0,133.5,133.0,140.45833333333334,191.0,131.25,185.0,2021-07,2021-07,128,134.23084486126186,-6.230844861261858,6.230844861261858,False
2021-07-21 08:00:00,20210721,193,209,204.5,False,False,False,False,False,True,True,8,3,0,0,0,0.0,3.0,2,0,7,933,800,6.839476438228843,0,19461,0,23,842.0,1013.0,91.0,0,0,0,6.300000000000001,28.3,75,79.51075,1.9,0.0,188.0,179.0,181.0,175.75,188.0,140.45833333333334,191.0,131.25,185.0,2021-07,2021-07,193,177.43398100249735,15.566018997502653,15.566018997502653,True
2021-07-21 09:00:00,20210721,204,214,209.5,False,False,False,False,False,True,True,9,3,0,0,0,0.0,3.0,2,0,7,1013,800,6.921658184151129,0,19461,0,23,933.0,628.0,80.0,0,0,0,7.100000000000001,29.1,72,80.31747999999999,2.8,0.0,191.0,185.0,178.0,175.5,191.0,140.45833333333334,191.0,131.25,185.0,2021-07,2021-07,204,178.0606652947378,25.939334705262212,25.939334705262212,True
2021-07-21 10:00:00,20210721,179,197,190.0,False,False,False,False,False,True,True,10,3,0,0,0,0.0,3.0,2,0,7,628,628,6.444131256700441,0,19461,0,23,1013.0,1336.0,-385.0,0,0,0,7.100000000000001,29.1,67,79.59203,3.8,0.0,189.0,175.0,174.0,164.0,189.0,140.45833333333334,191.0,131.25,185.0,2021-07,2021-07,179,177.20466910312612,1.7953308968738781,1.7953308968738781,True
2021-07-21 11:00:00,20210721,197,206,203.0,False,False,False,False,False,True,True,11,3,0,0,0,0.0,3.0,2,0,7,1336,800,7.198183577101943,0,19461,0,23,628.0,88.0,708.0,0,0,0,7.300000000000001,29.3,71,80.47497,3.0,0.0,190.0,185.0,178.0,165.75,190.0,140.45833333333334,191.0,131.25,185.0,2021-07,2021-07,197,178.46880880116467,18.53119119883533,18.53119119883533,True
2021-07-21 12:00:00,20210721,128,150,178.0,False,False,False,False,False,True,True,12,3,0,0,0,0.0,3.0,1,1,7,88,88,4.48863636973214,0,19461,0,23,1336.0,1911.0,-1248.0,0,0,0,7.699999999999999,29.7,63,79.87189000000001,2.6,0.0,121.0,99.0,112.0,103.0,121.0,140.45833333333334,191.0,131.25,185.0,2021-07,2021-07,128,111.2113131429647,16.7886868570353,16.7886868570353,False
2021-07-21 13:00:00,20210721,189,204,198.5,False,False,False,False,False,True,True,13,3,0,0,0,0.0,3.0,2,0,7,1911,800,7.555905093611346,0,19461,0,23,88.0,972.0,1823.0,0,0,0,7.199999999999999,29.2,72,80.46976,2.6,0.0,178.0,166.0,173.0,164.75,178.0,140.45833333333334,191.0,131.25,185.0,2021-07,2021-07,189,180.2212816222653,8.778718377734691,8.778718377734691,True
2021-07-21 14:00:00,20210721,199,203,202.0,False,False,False,False,False,True,True,14,3,0,0,0,0.0,3.0,2,0,7,972,800,6.880384082186005,0,19461,0,23,1911.0,4021.0,-939.0,0,0,0,7.399999999999999,29.4,75,81.21849999999999,2.5,0.0,187.0,178.0,175.0,167.5,187.0,140.45833333333334,191.0,131.25,185.0,2021-07,2021-07,199,176.1073355053152,22.892664494684794,22.892664494684794,True
2021-07-21 15:00:00,20210721,171,199,191.0,False,False,False,False,False,True,True,15,3,0,0,0,0.0,3.0,2,0,7,4021,800,8.299534570332597,0,19461,0,23,972.0,865.0,3049.0,0,0,0,6.899999999999999,28.9,77,80.72846999999999,2.9,0.0,167.0,134.0,158.0,151.5,167.0,140.45833333333334,191.0,131.25,185.0,2021-07,2021-07,171,146.95545330846582,24.04454669153418,24.04454669153418,False
2021-07-21 16:00:00,20210721,182,189,185.5,False,False,False,False,False,True,True,16,3,0,0,0,0.0,3.0,2,0,7,865,800,6.763884908562435,0,19461,0,23,4021.0,593.0,-3156.0,0,0,0,6.100000000000001,28.1,79,79.74101,2.5,0.0,185.0,154.0,177.0,163.0,185.0,140.45833333333334,191.0,131.25,185.0,2021-07,2021-07,182,172.3679195449281,9.6320804550719,9.6320804550719,True
2021-07-21 17:00:00,20210721,138,153,161.0,False,False,False,False,False,True,True,17,3,0,0,0,0.0,3.0,2,1,7,593,593,6.386879319362645,0,19461,0,23,865.0,972.0,-272.0,0,0,0,5.300000000000001,27.3,81,78.72187,2.3,0.0,132.0,140.0,138.0,140.5,132.0,140.45833333333334,191.0,131.25,185.0,2021-07,2021-07,138,146.73340471527865,-8.733404715278652,8.733404715278652,False
2021-07-21 18:00:00,20210721,162,168,165.0,False,False,False,False,False,True,True,18,3,0,0,0,0.0,3.0,2,0,7,972,800,6.880384082186005,0,19461,0,23,593.0,3122.0,379.0,0,0,0,5.0,27.0,82,78.3626,2.5,0.0,175.0,165.0,169.0,164.0,175.0,140.45833333333334,191.0,131.25,185.0,2021-07,2021-07,162,169.88018686484688,-7.880186864846877,7.880186864846877,False
2021-07-21 19:00:00,20210721,162,174,168.5,False,False,False,False,False,True,True,19,3,0,0,0,0.0,3.0,2,0,7,3122,800,8.046549357283078,0,19461,0,23,972.0,0.0,2150.0,0,0,0,4.600000000000001,26.6,83,77.83422,1.9,0.0,170.0,138.0,157.0,143.25,170.0,140.45833333333334,191.0,131.25,185.0,2021-07,2021-07,162,140.64471371115425,21.355286288845747,21.355286288845747,False
2021-07-21 20:00:00,20210721,131,138,134.5,False,False,False,False,False,True,True,20,3,0,0,0,0.0,3.0,0,0,7,0,0,0.0,1,19461,0,23,3122.0,273.0,-3122.0,0,0,0,4.300000000000001,26.3,85,77.57945,2.8,0.0,127.0,112.0,117.0,116.5,127.0,140.45833333333334,191.0,131.25,185.0,2021-07,2021-07,131,110.93508991682842,20.064910083171583,20.064910083171583,False
2021-07-21 21:00:00,20210721,117,118,123.0,False,False,False,False,False,True,True,21,3,0,0,0,0.0,3.0,0,0,7,273,273,5.6131281063880705,0,19461,0,23,0.0,275.0,273.0,0,0,0,4.399999999999999,26.4,82,77.38952,2.7,0.0,130.0,112.0,115.0,116.5,130.0,140.45833333333334,191.0,131.25,185.0,2021-07,2021-07,117,117.71898933034554,-0.7189893303455364,0.7189893303455364,False
2021-07-21 22:00:00,20210721,104,114,112.0,False,False,False,False,False,True,True,22,3,0,0,0,0.0,3.0,0,0,7,275,275,5.62040086571715,0,19461,0,23,273.0,6.0,2.0,0,0,0,4.0,26.0,84,76.9696,1.7,0.0,112.0,110.0,104.0,108.5,112.0,140.45833333333334,191.0,131.25,185.0,2021-07,2021-07,104,114.39539676382992,-10.395396763829922,10.395396763829922,False
2021-07-21 23:00:00,20210721,103,111,110.0,False,False,False,False,False,True,True,23,3,0,0,0,0.0,3.0,0,0,7,6,6,1.9459101490553132,0,19461,0,23,275.0,,-269.0,0,0,0,4.100000000000001,26.1,85,77.24915,1.5,0.0,109.0,104.0,105.0,105.75,109.0,140.45833333333334,191.0,131.25,185.0,2021-07,2021-07,103,110.50375191658766,-7.50375191658766,7.50375191658766,False
2021-07-22 00:00:00,20210722,71,73,80.5,False,False,False,False,False,True,True,0,4,0,0,0,0.0,4.0,0,0,7,222,222,5.407171771460119,0,15801,0,22,,150.0,,0,0,0,3.6999999999999993,25.7,87,76.81141,1.8,0.0,78.0,67.0,73.0,69.5,78.0,140.875,204.0,135.66666666666666,198.0,2021-07,2021-07,71,77.61714568936941,-6.6171456893694085,6.6171456893694085,False
2021-07-22 01:00:00,20210722,99,106,106.0,False,False,False,False,False,True,True,1,4,0,0,0,0.0,4.0,0,0,7,150,150,5.017279836814924,0,15801,0,22,222.0,23.0,-72.0,0,0,0,3.3999999999999986,25.4,89,76.52694,2.0,0.0,107.0,90.0,99.0,101.0,107.0,140.875,204.0,135.66666666666666,198.0,2021-07,2021-07,99,103.28349700357069,-4.283497003570687,4.283497003570687,False
2021-07-22 02:00:00,20210722,103,111,109.5,False,False,False,False,False,True,True,2,4,0,0,0,0.0,4.0,0,0,7,23,23,3.1780538303479458,0,15801,0,22,150.0,162.0,-127.0,0,0,0,3.1999999999999993,25.2,91,76.40168,1.8,0.0,100.0,111.0,104.0,111.5,100.0,140.875,204.0,135.66666666666666,198.0,2021-07,2021-07,103,113.61464271132593,-10.614642711325928,10.614642711325928,False
2021-07-22 03:00:00,20210722,100,105,104.0,False,False,False,False,False,True,True,3,4,0,0,0,0.0,4.0,0,0,7,162,162,5.093750200806762,0,15801,0,22,23.0,82.0,139.0,0,0,0,3.1000000000000014,25.1,91,76.23059,2.3,0.0,102.0,109.0,105.0,109.5,102.0,140.875,204.0,135.66666666666666,198.0,2021-07,2021-07,100,113.0558492417693,-13.055849241769295,13.055849241769295,False
2021-07-22 04:00:00,20210722,105,108,107.0,False,False,False,False,False,True,True,4,4,0,0,0,0.0,4.0,0,0,7,82,82,4.418840607796598,0,15801,0,22,162.0,0.0,-80.0,0,0,0,3.1999999999999993,25.2,91,76.40168,1.0,0.0,107.0,110.0,106.0,109.0,107.0,140.875,204.0,135.66666666666666,198.0,2021-07,2021-07,105,110.96667126284383,-5.966671262843832,5.966671262843832,False
2021-07-22 05:00:00,20210722,86,103,94.0,False,False,False,False,False,True,True,5,4,0,0,0,0.0,4.0,0,0,7,0,0,0.0,1,15801,0,22,82.0,482.0,-82.0,0,0,0,3.1999999999999993,25.2,91,76.40168,1.4,0.0,94.0,88.0,96.0,94.5,94.0,140.875,204.0,135.66666666666666,198.0,2021-07,2021-07,86,98.24477158997813,-12.244771589978129,12.244771589978129,False
2021-07-22 06:00:00,20210722,106,109,107.5,False,False,False,False,False,True,True,6,4,0,0,0,0.0,4.0,0,0,7,482,482,6.180016653652572,0,15801,0,22,0.0,1255.0,482.0,0,0,0,3.6999999999999993,25.7,90,77.14569999999999,1.6,0.0,106.0,103.0,110.0,110.25,106.0,140.875,204.0,135.66666666666666,198.0,2021-07,2021-07,106,111.08582474919093,-5.085824749190934,5.085824749190934,False
2021-07-22 07:00:00,20210722,122,146,139.0,False,False,False,False,False,True,True,7,4,0,0,0,0.0,4.0,0,1,7,1255,800,7.135687347028144,0,15801,0,22,482.0,709.0,773.0,0,0,0,5.100000000000001,27.1,84,78.77536,1.9,0.0,128.0,107.0,133.0,129.5,128.0,140.875,204.0,135.66666666666666,198.0,2021-07,2021-07,122,121.87026238721403,0.1297376127859735,0.1297376127859735,False
2021-07-22 08:00:00,20210722,197,213,203.0,False,False,False,False,False,True,True,8,4,0,0,0,0.0,4.0,2,0,7,709,709,6.565264970035361,0,15801,0,22,1255.0,491.0,-546.0,0,0,0,5.699999999999999,27.7,80,79.2354,2.4,0.0,193.0,134.0,166.0,166.0,193.0,140.875,204.0,135.66666666666666,198.0,2021-07,2021-07,197,155.78243822734672,41.21756177265328,41.21756177265328,True
2021-07-22 09:00:00,20210722,192,197,194.5,False,False,False,False,False,True,True,9,4,0,0,0,0.0,4.0,2,0,7,491,491,6.198478716492308,0,15801,0,22,709.0,679.0,-218.0,0,0,0,6.100000000000001,28.1,76,79.33544,2.9,0.0,204.0,113.0,180.0,158.25,204.0,140.875,204.0,135.66666666666666,198.0,2021-07,2021-07,192,140.48714357907545,51.51285642092455,51.51285642092455,True
2021-07-22 10:00:00,20210722,180,192,190.0,False,False,False,False,False,True,True,10,4,0,0,0,0.0,4.0,2,0,7,679,679,6.522092798170152,0,15801,0,22,491.0,691.0,188.0,0,0,0,6.699999999999999,28.7,78,80.55514,3.6,0.0,179.0,108.0,184.0,154.5,179.0,140.875,204.0,135.66666666666666,198.0,2021-07,2021-07,180,140.53685833606173,39.46314166393827,39.46314166393827,True
2021-07-22 11:00:00,20210722,186,192,190.0,False,False,False,False,False,True,True,11,4,0,0,0,0.0,4.0,2,0,7,691,691,6.539585955617669,0,15801,0,22,679.0,30.0,12.0,0,0,0,7.5,29.5,73,81.07565,3.1,0.0,197.0,134.0,190.0,169.0,197.0,140.875,204.0,135.66666666666666,198.0,2021-07,2021-07,186,157.55209466709152,28.447905332908476,28.447905332908476,True
2021-07-22 12:00:00,20210722,104,119,155.5,False,False,False,False,False,True,True,12,4,0,0,0,0.0,4.0,1,1,7,30,30,3.4339872044851463,0,15801,0,22,691.0,2297.0,-661.0,0,0,0,7.199999999999999,29.2,73,80.61583999999999,3.2,0.0,128.0,118.0,120.0,113.5,128.0,140.875,204.0,135.66666666666666,198.0,2021-07,2021-07,104,117.70529999780064,-13.705299997800637,13.705299997800637,False
2021-07-22 13:00:00,20210722,171,177,175.5,False,False,False,False,False,True,True,13,4,0,0,0,0.0,4.0,2,0,7,2297,800,7.739794458408701,0,15801,0,22,30.0,383.0,2267.0,0,0,0,6.300000000000001,28.3,77,79.78509,2.8,0.0,189.0,122.0,186.0,167.25,189.0,140.875,204.0,135.66666666666666,198.0,2021-07,2021-07,171,149.9923369759761,21.007663024023913,21.007663024023913,False
2021-07-22 14:00:00,20210722,182,189,185.5,False,False,False,False,False,True,True,14,4,0,0,0,0.0,4.0,2,0,7,383,383,5.950642552587727,0,15801,0,22,2297.0,727.0,-1914.0,0,0,0,6.600000000000001,28.6,76,80.11664,3.2,0.0,199.0,155.0,184.0,172.25,199.0,140.875,204.0,135.66666666666666,198.0,2021-07,2021-07,182,173.44231157636784,8.557688423632158,8.557688423632158,True
2021-07-22 15:00:00,20210722,164,182,181.0,False,False,False,False,False,True,True,15,4,0,0,0,0.0,4.0,2,0,7,727,727,6.590301048196686,0,15801,0,22,383.0,634.0,344.0,0,0,0,6.699999999999999,28.7,77,80.41400999999999,3.4,0.0,171.0,152.0,161.0,156.75,171.0,140.875,204.0,135.66666666666666,198.0,2021-07,2021-07,164,163.6124923031954,0.3875076968045903,0.3875076968045903,False
2021-07-22 16:00:00,20210722,165,172,176.0,False,False,False,False,False,True,True,16,4,0,0,0,0.0,4.0,2,0,7,634,634,6.453624998892692,0,15801,0,22,727.0,552.0,-93.0,0,0,0,7.300000000000001,29.3,75,81.06325,2.2,0.0,182.0,184.0,174.0,172.5,182.0,140.875,204.0,135.66666666666666,198.0,2021-07,2021-07,165,171.56951155871192,-6.569511558711923,6.569511558711923,False
2021-07-22 17:00:00,20210722,124,155,144.0,False,False,False,False,False,True,True,17,4,0,0,0,0.0,4.0,2,1,7,552,552,6.315358001522335,0,15801,0,22,634.0,992.0,-82.0,0,0,0,5.399999999999999,27.4,80,78.75479999999999,2.1,0.0,138.0,172.0,128.0,142.5,138.0,140.875,204.0,135.66666666666666,198.0,2021-07,2021-07,124,154.83745439445326,-30.83745439445326,30.83745439445326,False
2021-07-22 18:00:00,20210722,164,169,164.5,False,False,False,False,False,True,True,18,4,0,0,0,0.0,4.0,2,0,7,992,800,6.900730664045173,0,15801,0,22,552.0,4520.0,440.0,0,0,0,4.800000000000001,26.8,85,78.40520000000001,1.9,0.0,162.0,192.0,147.0,161.5,162.0,140.875,204.0,135.66666666666666,198.0,2021-07,2021-07,164,163.7828849755898,0.21711502441019093,0.21711502441019093,False
2021-07-22 19:00:00,20210722,154,163,166.0,False,False,False,False,False,True,True,19,4,0,0,0,0.0,4.0,2,0,7,4520,800,8.416488487294606,0,15801,0,22,992.0,368.0,3528.0,0,0,0,4.0,26.0,90,77.656,2.6,0.0,162.0,160.0,147.0,157.25,162.0,140.875,204.0,135.66666666666666,198.0,2021-07,2021-07,154,159.4174911702513,-5.41749117025131,5.41749117025131,False
2021-07-22 20:00:00,20210722,132,138,135.0,False,False,False,False,False,True,True,20,4,0,0,0,0.0,4.0,0,0,7,368,368,5.910796644040527,0,15801,0,22,4520.0,0.0,-4152.0,0,0,0,3.5,25.5,92,77.0244,1.2,0.0,131.0,155.0,130.0,140.75,131.0,140.875,204.0,135.66666666666666,198.0,2021-07,2021-07,132,140.28264800571685,-8.282648005716851,8.282648005716851,False
2021-07-22 21:00:00,20210722,120,123,124.5,False,False,False,False,False,True,True,21,4,0,0,0,0.0,4.0,0,0,7,0,0,0.0,1,15801,0,22,368.0,270.0,-368.0,0,0,0,3.8000000000000007,25.8,89,77.20338000000001,1.7,0.0,117.0,187.0,125.0,145.75,117.0,140.875,204.0,135.66666666666666,198.0,2021-07,2021-07,120,134.34553593688932,-14.34553593688932,14.34553593688932,False
2021-07-22 22:00:00,20210722,115,122,120.5,False,False,False,False,False,True,True,22,4,0,0,0,0.0,4.0,0,0,7,270,270,5.602118820879701,0,15801,0,22,0.0,82.0,270.0,0,0,0,3.3000000000000007,25.3,90,76.4653,0.9,0.0,104.0,198.0,111.0,137.25,104.0,140.875,204.0,135.66666666666666,198.0,2021-07,2021-07,115,143.85827231044496,-28.85827231044496,28.85827231044496,False
2021-07-22 23:00:00,20210722,107,114,110.5,False,False,False,False,False,True,True,23,4,0,0,0,0.0,4.0,0,0,7,82,82,4.418840607796598,0,15801,0,22,270.0,,-188.0,0,0,0,3.1999999999999993,25.2,92,76.50816,1.3,0.0,103.0,187.0,113.0,130.75,103.0,140.875,204.0,135.66666666666666,198.0,2021-07,2021-07,107,135.99305160059347,-28.993051600593475,28.993051600593475,False
2021-07-23 00:00:00,20210723,78,87,95.5,False,False,False,False,False,True,True,0,5,0,0,0,0.0,5.0,0,0,7,200,200,5.303304908059076,0,23560,0,21,,91.0,,0,0,0,2.8999999999999986,24.9,94,76.19894,1.2,0.0,71.0,65.0,73.0,69.25,71.0,135.375,197.0,132.20833333333334,188.0,2021-07,2021-07,78,77.6450767887474,0.35492321125259707,0.35492321125259707,False
2021-07-23 01:00:00,20210723,105,111,108.5,False,False,False,False,False,True,True,1,5,0,0,0,0.0,5.0,0,0,7,91,91,4.5217885770490405,0,23560,0,21,200.0,376.0,-109.0,0,0,0,2.5,24.5,96,75.70179999999999,1.2,0.0,99.0,96.0,102.0,105.75,99.0,135.375,197.0,132.20833333333334,188.0,2021-07,2021-07,105,111.70270700732497,-6.702707007324975,6.702707007324975,False
2021-07-23 02:00:00,20210723,105,110,106.0,False,False,False,False,False,True,True,2,5,0,0,0,0.0,5.0,0,0,7,376,376,5.932245187448011,0,23560,0,21,91.0,102.0,285.0,0,0,0,2.3999999999999986,24.4,97,75.62432,1.2,0.0,103.0,101.0,110.0,111.0,103.0,135.375,197.0,132.20833333333334,188.0,2021-07,2021-07,105,111.31355071832144,-6.313550718321437,6.313550718321437,False
2021-07-23 03:00:00,20210723,102,109,107.5,False,False,False,False,False,True,True,3,5,0,0,0,0.0,5.0,0,0,7,102,102,4.634728988229636,0,23560,0,21,376.0,162.0,-274.0,0,0,0,2.1999999999999993,24.2,98,75.36684,1.3,0.0,100.0,107.0,99.0,108.25,100.0,135.375,197.0,132.20833333333334,188.0,2021-07,2021-07,102,111.96337544844216,-9.963375448442164,9.963375448442164,False
2021-07-23 04:00:00,20210723,99,101,103.0,False,False,False,False,False,True,True,4,5,0,0,0,0.0,5.0,0,0,7,162,162,5.093750200806762,0,23560,0,21,102.0,0.0,60.0,0,0,0,2.1000000000000014,24.1,98,75.18881999999999,1.6,0.0,105.0,106.0,104.0,108.5,105.0,135.375,197.0,132.20833333333334,188.0,2021-07,2021-07,99,110.54785631538671,-11.54785631538671,11.54785631538671,False
2021-07-23 05:00:00,20210723,89,99,96.0,False,False,False,False,False,True,True,5,5,0,0,0,0.0,5.0,0,0,7,0,0,0.0,1,23560,0,21,162.0,0.0,-162.0,0,0,0,2.1000000000000014,24.1,96,74.99763999999999,1.0,0.0,86.0,88.0,98.0,97.0,86.0,135.375,197.0,132.20833333333334,188.0,2021-07,2021-07,89,95.49130511684372,-6.491305116843719,6.491305116843719,False
2021-07-23 06:00:00,20210723,103,105,104.0,False,False,False,False,False,True,True,6,5,0,0,0,0.0,5.0,0,0,7,0,0,0.0,1,23560,0,21,0.0,2387.0,0.0,0,0,0,2.6000000000000014,24.6,95,75.7773,2.0,0.0,106.0,106.0,113.0,111.25,106.0,135.375,197.0,132.20833333333334,188.0,2021-07,2021-07,103,102.2595835170065,0.7404164829934956,0.7404164829934956,False
2021-07-23 07:00:00,20210723,122,144,143.5,False,False,False,False,False,True,True,7,5,0,0,0,0.0,5.0,0,1,7,2387,800,7.778211474512493,0,23560,0,21,0.0,999.0,2387.0,0,0,0,4.199999999999999,26.2,88,77.76344,2.2,0.0,122.0,135.0,137.0,135.0,122.0,135.375,197.0,132.20833333333334,188.0,2021-07,2021-07,122,139.07273814090783,-17.07273814090783,17.07273814090783,False
2021-07-23 08:00:00,20210723,191,202,200.5,False,False,False,False,False,True,True,8,5,0,0,0,0.0,5.0,2,0,7,999,800,6.907755278982137,0,23560,0,21,2387.0,1838.0,-1388.0,0,0,0,4.800000000000001,26.8,85,78.40520000000001,1.9,0.0,197.0,187.0,174.0,169.5,197.0,135.375,197.0,132.20833333333334,188.0,2021-07,2021-07,191,175.72659610531548,15.27340389468452,15.27340389468452,True
2021-07-23 09:00:00,20210723,185,190,189.5,False,False,False,False,False,True,True,9,5,0,0,0,0.0,5.0,2,0,7,1838,800,7.516977224604321,0,23560,0,21,999.0,1231.0,839.0,0,0,0,5.800000000000001,27.8,81,79.52781999999999,1.6,0.0,192.0,185.0,166.0,174.0,192.0,135.375,197.0,132.20833333333334,188.0,2021-07,2021-07,185,175.3507045257128,9.649295474287186,9.649295474287186,True
2021-07-23 10:00:00,20210723,179,189,185.5,False,False,False,False,False,True,True,10,5,0,0,0,0.0,5.0,2,0,7,1231,800,7.116394144093465,0,23560,0,21,1838.0,1813.0,-607.0,0,0,0,6.899999999999999,28.9,73,80.15602999999999,2.7,0.0,180.0,169.0,164.0,167.25,180.0,135.375,197.0,132.20833333333334,188.0,2021-07,2021-07,179,174.058200378708,4.941799621292006,4.941799621292006,True
2021-07-23 11:00:00,20210723,188,199,194.0,False,False,False,False,False,True,True,11,5,0,0,0,0.0,5.0,2,0,7,1813,800,7.503289630675082,0,23560,0,21,1231.0,0.0,582.0,0,0,0,6.899999999999999,28.9,73,80.15602999999999,2.9,0.0,186.0,188.0,171.0,179.5,186.0,135.375,197.0,132.20833333333334,188.0,2021-07,2021-07,188,162.91089423805334,25.089105761946655,25.089105761946655,True
2021-07-23 12:00:00,20210723,113,125,157.0,False,False,False,False,False,True,True,12,5,0,0,0,0.0,5.0,1,1,7,0,0,0.0,1,23560,0,21,1813.0,979.0,-1813.0,0,0,0,7.199999999999999,29.2,74,80.76192,2.0,0.0,104.0,116.0,100.0,111.5,104.0,135.375,197.0,132.20833333333334,188.0,2021-07,2021-07,113,110.43952362796425,2.560476372035751,2.560476372035751,False
2021-07-23 13:00:00,20210723,180,192,185.0,False,False,False,False,False,True,True,13,5,0,0,0,0.0,5.0,2,0,7,979,800,6.887552571664617,0,23560,0,21,0.0,1335.0,979.0,0,0,0,7.199999999999999,29.2,73,80.61583999999999,2.8,0.0,171.0,172.0,174.0,173.75,171.0,135.375,197.0,132.20833333333334,188.0,2021-07,2021-07,180,176.59280636359594,3.4071936364040596,3.4071936364040596,True
2021-07-23 14:00:00,20210723,184,190,188.0,False,False,False,False,False,True,True,14,5,0,0,0,0.0,5.0,2,0,7,1335,800,7.197435354096591,0,23560,0,21,979.0,923.0,356.0,0,0,0,7.300000000000001,29.3,75,81.06325,4.3,0.0,182.0,166.0,181.0,174.75,182.0,135.375,197.0,132.20833333333334,188.0,2021-07,2021-07,184,176.91123662727296,7.088763372727044,7.088763372727044,True
2021-07-23 15:00:00,20210723,175,206,199.0,False,False,False,False,False,True,True,15,5,0,0,0,0.0,5.0,2,0,7,923,800,6.828712071641684,0,23560,0,21,1335.0,6161.0,-412.0,0,0,0,6.399999999999999,28.4,77,79.94232,2.5,0.0,164.0,158.0,167.0,160.75,164.0,135.375,197.0,132.20833333333334,188.0,2021-07,2021-07,175,165.85015499320315,9.149845006796852,9.149845006796852,True
2021-07-23 16:00:00,20210723,189,197,200.5,False,False,False,False,False,True,True,16,5,0,0,0,0.0,5.0,2,0,7,6161,800,8.726156679156613,0,23560,0,21,923.0,555.0,5238.0,0,0,0,6.100000000000001,28.1,78,79.60582,1.9,0.0,165.0,165.0,171.0,165.0,165.0,135.375,197.0,132.20833333333334,188.0,2021-07,2021-07,189,169.9470208071202,19.052979192879803,19.052979192879803,True
2021-07-23 17:00:00,20210723,138,178,166.0,False,False,False,False,False,True,True,17,5,0,0,0,0.0,5.0,2,1,7,555,555,6.320768294250582,0,23560,0,21,6161.0,1693.0,-5606.0,0,0,0,5.800000000000001,27.8,78,79.13116,2.4,0.0,124.0,138.0,143.0,142.25,124.0,135.375,197.0,132.20833333333334,188.0,2021-07,2021-07,138,144.76837994049149,-6.768379940491485,6.768379940491485,False
2021-07-23 18:00:00,20210723,175,176,176.5,False,False,False,False,False,True,True,18,5,0,0,0,0.0,5.0,2,0,7,1693,800,7.434847875211999,0,23560,0,21,555.0,2039.0,1138.0,0,0,0,4.600000000000001,26.6,86,78.19524,1.8,0.0,164.0,158.0,170.0,157.5,164.0,135.375,197.0,132.20833333333334,188.0,2021-07,2021-07,175,164.9837322478658,10.016267752134212,10.016267752134212,True
2021-07-23 19:00:00,20210723,145,165,170.5,False,False,False,False,False,True,True,19,5,0,0,0,0.0,5.0,2,0,7,2039,800,7.620705086838262,0,23560,0,21,1693.0,113.0,346.0,0,0,0,3.8999999999999986,25.9,88,77.25908,1.6,0.0,154.0,136.0,134.0,129.0,154.0,135.375,197.0,132.20833333333334,188.0,2021-07,2021-07,145,141.42925418802932,3.5707458119706814,3.5707458119706814,False
2021-07-23 20:00:00,20210723,111,115,115.0,False,False,False,False,False,True,True,20,5,0,0,0,0.0,5.0,0,0,7,113,113,4.736198448394496,0,23560,0,21,2039.0,12.0,-1926.0,0,0,0,3.6000000000000014,25.6,91,77.08604,1.6,0.0,132.0,114.0,104.0,112.25,132.0,135.375,197.0,132.20833333333334,188.0,2021-07,2021-07,111,118.26118900854898,-7.261189008548982,7.261189008548982,False
2021-07-23 21:00:00,20210723,107,110,108.5,False,False,False,False,False,True,True,21,5,0,0,0,0.0,5.0,0,0,7,12,12,2.5649493574615367,0,23560,0,21,113.0,371.0,-101.0,0,0,0,2.8999999999999986,24.9,93,76.09543,0.2,0.0,120.0,114.0,103.0,111.75,120.0,135.375,197.0,132.20833333333334,188.0,2021-07,2021-07,107,119.8597881160531,-12.859788116053096,12.859788116053096,False
2021-07-23 22:00:00,20210723,100,107,105.5,False,False,False,False,False,True,True,22,5,0,0,0,0.0,5.0,0,0,7,371,371,5.918893854273146,0,23560,0,21,12.0,180.0,359.0,0,0,0,3.0,25.0,94,76.37299999999999,0.9,0.0,115.0,102.0,102.0,109.5,115.0,135.375,197.0,132.20833333333334,188.0,2021-07,2021-07,100,114.82415637427356,-14.824156374273556,14.824156374273556,False
2021-07-23 23:00:00,20210723,102,111,109.0,False,False,False,False,False,True,True,23,5,0,0,0,0.0,5.0,0,0,7,180,180,5.198497031265826,0,23560,0,21,371.0,,-191.0,0,0,0,2.8999999999999986,24.9,92,75.99192,1.2,0.0,107.0,101.0,96.0,98.0,107.0,135.375,197.0,132.20833333333334,188.0,2021-07,2021-07,102,107.99137458181916,-5.991374581819159,5.991374581819159,False
2021-07-24 00:00:00,20210724,68,72,81.5,False,False,False,False,False,True,True,0,6,1,0,0,0.0,6.0,0,0,7,0,0,0.0,1,2319,0,7,,501.0,,0,0,0,2.6999999999999993,24.7,91,75.54623,1.2,0.0,78.0,64.0,65.0,66.75,78.0,136.04166666666666,191.0,44.0,101.0,2021-07,2021-07,68,62.0450594579026,5.954940542097397,5.954940542097397,False
2021-07-24 01:00:00,20210724,96,101,100.0,False,False,False,False,False,True,True,1,6,1,0,0,0.0,6.0,0,0,7,501,501,6.218600119691729,0,2319,0,7,0.0,51.0,501.0,0,0,0,2.6000000000000014,24.6,91,75.37514,1.1,0.0,105.0,101.0,97.0,104.5,105.0,136.04166666666666,191.0,44.0,101.0,2021-07,2021-07,96,95.17465670672347,0.8253432932765321,0.8253432932765321,False
2021-07-24 02:00:00,20210724,95,100,99.5,False,False,False,False,False,True,True,2,6,1,0,0,0.0,6.0,0,0,7,51,51,3.9512437185814275,0,2319,0,7,501.0,42.0,-450.0,0,0,0,2.3999999999999986,24.4,94,75.32864,0.9,0.0,105.0,98.0,97.0,103.0,105.0,136.04166666666666,191.0,44.0,101.0,2021-07,2021-07,95,100.64352774190421,-5.643527741904208,5.643527741904208,False
2021-07-24 03:00:00,20210724,93,104,102.5,False,False,False,False,False,True,True,3,6,1,0,0,0.0,6.0,0,0,7,42,42,3.7612001156935624,0,2319,0,7,51.0,262.0,-9.0,0,0,0,2.0,24.0,96,74.82159999999999,0.8,0.0,102.0,94.0,97.0,100.75,102.0,136.04166666666666,191.0,44.0,101.0,2021-07,2021-07,93,97.84255842836374,-4.842558428363745,4.842558428363745,False
2021-07-24 04:00:00,20210724,97,100,100.5,False,False,False,False,False,True,True,4,6,1,0,0,0.0,6.0,0,0,7,262,262,5.572154032177765,0,2319,0,7,42.0,62.0,220.0,0,0,0,1.8999999999999986,23.9,97,74.73917,1.2,0.0,99.0,96.0,100.0,106.25,99.0,136.04166666666666,191.0,44.0,101.0,2021-07,2021-07,97,101.95738933506327,-4.957389335063269,4.957389335063269,False
2021-07-24 05:00:00,20210724,81,91,89.0,False,False,False,False,False,True,True,5,6,1,0,0,0.0,6.0,0,0,7,62,62,4.143134726391533,0,2319,0,7,262.0,919.0,-200.0,0,0,0,1.8000000000000007,23.8,98,74.65476,0.8,0.0,89.0,84.0,83.0,88.25,89.0,136.04166666666666,191.0,44.0,101.0,2021-07,2021-07,81,93.38240742803718,-12.382407428037183,12.382407428037183,False
2021-07-24 06:00:00,20210724,95,98,97.5,False,False,False,False,False,True,True,6,6,1,0,0,0.0,6.0,0,0,7,919,800,6.824373670043086,0,2319,0,7,62.0,482.0,857.0,0,0,0,2.8999999999999986,24.9,96,76.40596,0.7,0.0,103.0,85.0,101.0,100.5,103.0,136.04166666666666,191.0,44.0,101.0,2021-07,2021-07,95,109.41987500893104,-14.419875008931044,14.419875008931044,False
2021-07-24 07:00:00,20210724,61,81,84.0,False,False,False,False,False,True,True,7,6,1,0,0,0.0,6.0,0,1,7,482,482,6.180016653652572,0,2319,0,7,919.0,0.0,-437.0,0,0,0,3.8000000000000007,25.8,90,77.3158,0.6,0.0,122.0,57.0,75.0,64.0,122.0,136.04166666666666,191.0,44.0,101.0,2021-07,2021-07,61,69.86873291214174,-8.868732912141738,8.868732912141738,False
2021-07-24 08:00:00,20210724,25,28,30.0,False,False,False,False,False,True,True,8,6,1,0,0,0.0,6.0,2,0,7,0,0,0.0,1,2319,0,7,482.0,0.0,-482.0,0,0,0,4.899999999999999,26.9,84,78.44703999999999,2.0,0.0,191.0,25.0,26.0,24.0,191.0,136.04166666666666,191.0,44.0,101.0,2021-07,2021-07,25,33.662349508640546,-8.662349508640546,8.662349508640546,False
2021-07-24 09:00:00,20210724,24,24,24.0,False,False,False,False,False,True,True,9,6,1,0,0,0.0,6.0,2,0,7,0,0,0.0,1,2319,0,7,0.0,0.0,0.0,0,0,0,7.100000000000001,29.1,78,81.18802,1.3,0.0,185.0,23.0,27.0,24.5,185.0,136.04166666666666,191.0,44.0,101.0,2021-07,2021-07,24,23.280932396555595,0.7190676034444046,0.7190676034444046,False
2021-07-24 10:00:00,20210724,24,24,24.0,False,False,False,False,False,True,True,10,6,1,0,0,0.0,6.0,2,0,7,0,0,0.0,1,2319,0,7,0.0,0.0,0.0,0,0,0,6.800000000000001,28.8,74,80.14488,2.5,0.0,179.0,23.0,30.0,25.5,179.0,136.04166666666666,191.0,44.0,101.0,2021-07,2021-07,24,23.469103979494406,0.5308960205055939,0.5308960205055939,False
2021-07-24 11:00:00,20210724,27,29,28.0,False,False,False,False,False,True,True,11,6,1,0,0,0.0,6.0,2,0,7,0,0,0.0,1,2319,0,7,0.0,0.0,0.0,0,0,0,6.5,28.5,76,79.96039999999999,3.2,0.0,188.0,24.0,29.0,25.0,188.0,136.04166666666666,191.0,44.0,101.0,2021-07,2021-07,27,24.140152361269912,2.8598476387300877,2.8598476387300877,False
2021-07-24 12:00:00,20210724,23,24,24.5,False,False,False,False,False,True,True,12,6,1,0,0,0.0,6.0,1,1,7,0,0,0.0,1,2319,0,7,0.0,0.0,0.0,0,0,0,7.600000000000001,29.6,72,81.07888,3.5,0.0,113.0,24.0,26.0,24.5,113.0,136.04166666666666,191.0,44.0,101.0,2021-07,2021-07,23,23.474337719140475,-0.4743377191404754,0.4743377191404754,False
2021-07-24 13:00:00,20210724,24,24,24.0,False,False,False,False,False,True,True,13,6,1,0,0,0.0,6.0,2,0,7,0,0,0.0,1,2319,0,7,0.0,0.0,0.0,0,0,0,8.0,30.0,71,81.53399999999999,3.2,0.0,180.0,23.0,25.0,23.75,180.0,136.04166666666666,191.0,44.0,101.0,2021-07,2021-07,24,23.541913652321156,0.4580863476788437,0.4580863476788437,False
2021-07-24 14:00:00,20210724,24,24,24.0,False,False,False,False,False,True,True,14,6,1,0,0,0.0,6.0,2,0,7,0,0,0.0,1,2319,0,7,0.0,0.0,0.0,0,0,0,7.800000000000001,29.8,69,80.92738,3.0,0.0,184.0,23.0,23.0,23.0,184.0,136.04166666666666,191.0,44.0,101.0,2021-07,2021-07,24,23.224190767389032,0.7758092326109676,0.7758092326109676,False
2021-07-24 15:00:00,20210724,26,28,27.5,False,False,False,False,False,True,True,15,6,1,0,0,0.0,6.0,2,0,7,0,0,0.0,1,2319,0,7,0.0,0.0,0.0,0,0,0,7.300000000000001,29.3,64,79.44548,3.5,0.0,175.0,25.0,24.0,23.75,175.0,136.04166666666666,191.0,44.0,101.0,2021-07,2021-07,26,23.51553502501707,2.484464974982931,2.484464974982931,False
2021-07-24 16:00:00,20210724,24,25,24.5,False,False,False,False,False,True,True,16,6,1,0,0,0.0,6.0,2,0,7,0,0,0.0,1,2319,0,7,0.0,0.0,0.0,0,0,0,7.199999999999999,29.2,68,79.88543999999999,1.5,0.0,189.0,23.0,24.0,23.25,189.0,136.04166666666666,191.0,44.0,101.0,2021-07,2021-07,24,23.18796278681704,0.8120372131829612,0.8120372131829612,False
2021-07-24 17:00:00,20210724,24,24,24.5,False,False,False,False,False,True,True,17,6,1,0,0,0.0,6.0,2,1,7,0,0,0.0,1,2319,0,7,0.0,0.0,0.0,0,0,0,6.699999999999999,28.7,70,79.42609999999999,1.6,0.0,138.0,22.0,23.0,23.25,138.0,136.04166666666666,191.0,44.0,101.0,2021-07,2021-07,24,22.64124177642716,1.3587582235728384,1.3587582235728384,False
2021-07-24 18:00:00,20210724,25,29,26.5,False,False,False,False,False,True,True,18,6,1,0,0,0.0,6.0,2,0,7,0,0,0.0,1,2319,0,7,0.0,0.0,0.0,0,0,0,4.899999999999999,26.9,82,78.20042,1.8,0.0,175.0,24.0,22.0,23.0,175.0,136.04166666666666,191.0,44.0,101.0,2021-07,2021-07,25,23.149671579972026,1.8503284200279744,1.8503284200279744,False
2021-07-24 19:00:00,20210724,25,28,28.5,False,False,False,False,False,True,True,19,6,1,0,0,0.0,6.0,2,0,7,0,0,0.0,1,2319,0,7,0.0,0.0,0.0,0,0,0,4.300000000000001,26.3,85,77.57945,1.4,0.0,145.0,23.0,24.0,23.75,145.0,136.04166666666666,191.0,44.0,101.0,2021-07,2021-07,25,23.380679854793794,1.6193201452062063,1.6193201452062063,False
2021-07-24 20:00:00,20210724,24,25,24.5,False,False,False,False,False,True,True,20,6,1,0,0,0.0,6.0,0,0,7,0,0,0.0,1,2319,0,7,0.0,0.0,0.0,0,0,0,4.100000000000001,26.1,89,77.71071,2.5,0.0,111.0,23.0,22.0,23.0,111.0,136.04166666666666,191.0,44.0,101.0,2021-07,2021-07,24,23.33951277880333,0.6604872211966715,0.6604872211966715,False
2021-07-24 21:00:00,20210724,25,25,25.0,False,False,False,False,False,True,True,21,6,1,0,0,0.0,6.0,0,0,7,0,0,0.0,1,2319,0,7,0.0,0.0,0.0,0,0,0,4.199999999999999,26.2,90,77.99619999999999,2.7,0.0,107.0,24.0,22.0,23.25,107.0,136.04166666666666,191.0,44.0,101.0,2021-07,2021-07,25,23.580103121421484,1.4198968785785162,1.4198968785785162,False
2021-07-24 22:00:00,20210724,26,28,26.5,False,False,False,False,False,True,True,22,6,1,0,0,0.0,6.0,0,0,7,0,0,0.0,1,2319,0,7,0.0,0.0,0.0,0,0,0,4.100000000000001,26.1,91,77.94149,1.3,0.0,100.0,25.0,25.0,24.5,100.0,136.04166666666666,191.0,44.0,101.0,2021-07,2021-07,26,23.772324067750976,2.2276759322490243,2.2276759322490243,False
2021-07-24 23:00:00,20210724,24,24,24.5,False,False,False,False,False,True,True,23,6,1,0,0,0.0,6.0,0,0,7,0,0,0.0,1,2319,0,7,0.0,,0.0,0,0,0,4.0,26.0,91,77.7704,1.0,0.0,102.0,23.0,22.0,23.25,102.0,136.04166666666666,191.0,44.0,101.0,2021-07,2021-07,24,24.270655118880327,-0.27065511888032745,0.27065511888032745,False
2021-07-25 00:00:00,20210725,24,24,24.0,False,True,False,False,False,True,True,0,7,1,0,0,0.0,7.0,0,0,7,0,0,0.0,1,0,1,0,,0.0,,0,0,0,3.6000000000000014,25.6,92,77.19648000000001,1.2,0.0,68.0,,,,68.0,45.0,97.0,,,2021-07,2021-07,24,23.609966063024967,0.3900339369750334,0.3900339369750334,False
2021-07-25 01:00:00,20210725,25,26,25.0,False,True,False,False,False,True,True,1,7,1,0,0,0.0,7.0,0,0,7,0,0,0.0,1,0,1,0,0.0,0.0,0.0,0,0,0,2.8000000000000007,24.8,96,76.22991999999999,0.4,0.0,96.0,,,,96.0,45.0,97.0,,,2021-07,2021-07,25,23.557425157126104,1.4425748428738956,1.4425748428738956,False
2021-07-25 02:00:00,20210725,25,29,27.5,False,True,False,False,False,True,True,2,7,1,0,0,0.0,7.0,0,0,7,0,0,0.0,1,0,1,0,0.0,0.0,0.0,0,0,0,2.8999999999999986,24.9,95,76.30245,0.8,0.0,95.0,,,,95.0,45.0,97.0,,,2021-07,2021-07,25,23.648645954630997,1.3513540453690034,1.3513540453690034,False
2021-07-25 03:00:00,20210725,24,26,25.0,False,True,False,False,False,True,True,3,7,1,0,0,0.0,7.0,0,0,7,0,0,0.0,1,0,1,0,0.0,0.0,0.0,0,0,0,2.3000000000000007,24.3,97,75.44729000000001,1.3,0.0,93.0,,,,93.0,45.0,97.0,,,2021-07,2021-07,24,23.53558852802111,0.46441147197889165,0.46441147197889165,False
2021-07-25 04:00:00,20210725,24,24,24.0,False,True,False,False,False,True,True,4,7,1,0,0,0.0,7.0,0,0,7,0,0,0.0,1,0,1,0,0.0,0.0,0.0,0,0,0,2.5,24.5,98,75.90090000000001,2.0,0.0,97.0,,,,97.0,45.0,97.0,,,2021-07,2021-07,24,23.605863842705432,0.3941361572945681,0.3941361572945681,False
2021-07-25 05:00:00,20210725,26,28,27.5,False,True,False,False,False,True,True,5,7,1,0,0,0.0,7.0,0,0,7,0,0,0.0,1,0,1,0,0.0,0.0,0.0,0,0,0,2.6999999999999993,24.7,98,76.25694,1.6,0.0,81.0,,,,81.0,45.0,97.0,,,2021-07,2021-07,26,23.38344934337442,2.6165506566255807,2.6165506566255807,False
2021-07-25 06:00:00,20210725,24,24,25.0,False,True,False,False,False,True,True,6,7,1,0,0,0.0,7.0,0,0,7,0,0,0.0,1,0,1,0,0.0,0.0,0.0,0,0,0,3.5,25.5,95,77.35275,0.6,0.0,95.0,,,,95.0,45.0,97.0,,,2021-07,2021-07,24,23.45665483136801,0.5433451686319906,0.5433451686319906,False
2021-07-25 07:00:00,20210725,24,24,24.0,False,True,False,False,False,True,True,7,7,1,0,0,0.0,7.0,0,1,7,0,0,0.0,1,0,1,0,0.0,0.0,0.0,0,0,0,5.100000000000001,27.1,89,79.40181,1.5,0.0,61.0,,,,61.0,45.0,97.0,,,2021-07,2021-07,24,23.173862313143328,0.8261376868566721,0.8261376868566721,False
2021-07-25 08:00:00,20210725,24,24,24.0,False,True,False,False,False,True,True,8,7,1,0,0,0.0,7.0,2,0,7,0,0,0.0,1,0,1,0,0.0,0.0,0.0,0,0,0,6.399999999999999,28.4,81,80.49495999999999,3.0,0.0,25.0,,,,25.0,45.0,97.0,,,2021-07,2021-07,24,23.660014273392346,0.33998572660765447,0.33998572660765447,False
2021-07-25 09:00:00,20210725,26,29,27.0,False,True,False,False,False,True,True,9,7,1,0,0,0.0,7.0,2,0,7,0,0,0.0,1,0,1,0,0.0,0.0,0.0,0,0,0,6.100000000000001,28.1,80,79.87620000000001,2.6,0.0,24.0,,,,24.0,45.0,97.0,,,2021-07,2021-07,26,23.646849670656604,2.3531503293433964,2.3531503293433964,False
2021-07-25 10:00:00,20210725,24,24,24.0,False,True,False,False,False,True,True,10,7,1,0,0,0.0,7.0,2,0,7,0,0,0.0,1,0,1,0,0.0,0.0,0.0,0,0,0,6.800000000000001,28.8,76,80.42912,2.7,0.0,24.0,,,,24.0,45.0,97.0,,,2021-07,2021-07,24,23.674858712659184,0.3251412873408164,0.3251412873408164,False
2021-07-25 11:00:00,20210725,24,24,24.0,False,True,False,False,False,True,True,11,7,1,0,0,0.0,7.0,2,0,7,0,0,0.0,1,0,1,0,0.0,0.0,0.0,0,0,0,7.0,29.0,77,80.8857,3.0,0.0,27.0,,,,27.0,45.0,97.0,,,2021-07,2021-07,24,24.10743360125035,-0.1074336012503494,0.1074336012503494,False
2021-07-25 12:00:00,20210725,26,28,27.0,False,True,False,False,False,True,True,12,7,1,0,0,0.0,7.0,1,1,7,0,0,0.0,1,0,1,0,0.0,0.0,0.0,0,0,0,8.5,30.5,62,80.8599,2.9,0.0,23.0,,,,23.0,45.0,97.0,,,2021-07,2021-07,26,23.44839023752591,2.55160976247409,2.55160976247409,False
2021-07-25 13:00:00,20210725,24,24,25.0,False,True,False,False,False,True,True,13,7,1,0,0,0.0,7.0,2,0,7,0,0,0.0,1,0,1,0,0.0,0.0,0.0,0,0,0,9.0,31.0,58,80.9162,2.4,0.0,24.0,,,,24.0,45.0,97.0,,,2021-07,2021-07,24,23.490005351914608,0.5099946480853923,0.5099946480853923,False
2021-07-25 14:00:00,20210725,24,25,24.5,False,True,False,False,False,True,True,14,7,1,0,0,0.0,7.0,2,0,7,0,0,0.0,1,0,1,0,0.0,0.0,0.0,0,0,0,8.5,30.5,58,80.22409999999999,2.8,0.0,24.0,,,,24.0,45.0,97.0,,,2021-07,2021-07,24,23.645749264606497,0.35425073539350294,0.35425073539350294,False
2021-07-25 15:00:00,20210725,25,25,25.0,False,True,False,False,False,True,True,15,7,1,0,0,0.0,7.0,2,0,7,0,0,0.0,1,0,1,0,0.0,0.0,0.0,0,0,0,8.0,30.0,58,79.532,2.5,0.0,26.0,,,,26.0,45.0,97.0,,,2021-07,2021-07,25,23.487757840966456,1.5122421590335442,1.5122421590335442,False
2021-07-25 16:00:00,20210725,26,29,28.0,False,True,False,False,False,True,True,16,7,1,0,0,0.0,7.0,2,0,7,0,0,0.0,1,0,1,0,0.0,0.0,0.0,0,0,0,7.199999999999999,29.2,66,79.59328,2.5,0.0,24.0,,,,24.0,45.0,97.0,,,2021-07,2021-07,26,23.488173317888428,2.511826682111572,2.511826682111572,False
2021-07-25 17:00:00,20210725,24,24,24.0,False,True,False,False,False,True,True,17,7,1,0,0,0.0,7.0,2,1,7,0,0,0.0,1,0,1,0,0.0,0.0,0.0,0,0,0,6.0,28.0,69,78.2398,2.4,0.0,24.0,,,,24.0,45.0,97.0,,,2021-07,2021-07,24,23.377275937064837,0.6227240629351627,0.6227240629351627,False
2021-07-25 18:00:00,20210725,23,24,23.5,False,True,False,False,False,True,True,18,7,1,0,0,0.0,7.0,2,0,7,0,0,0.0,1,0,1,0,0.0,0.0,0.0,0,0,0,5.600000000000001,27.6,70,77.7728,1.1,0.0,25.0,,,,25.0,45.0,97.0,,,2021-07,2021-07,23,23.50179580737533,-0.5017958073753306,0.5017958073753306,False
2021-07-25 19:00:00,20210725,25,28,26.5,False,True,False,False,False,True,True,19,7,1,0,0,0.0,7.0,2,0,7,0,0,0.0,1,0,1,0,0.0,0.0,0.0,0,0,0,4.199999999999999,26.2,85,77.4143,0.9,0.0,25.0,,,,25.0,45.0,97.0,,,2021-07,2021-07,25,23.53589185561884,1.4641081443811608,1.4641081443811608,False
2021-07-25 20:00:00,20210725,24,24,25.5,False,True,False,False,False,True,True,20,7,1,0,0,0.0,7.0,0,0,7,0,0,0.0,1,0,1,0,0.0,0.0,0.0,0,0,0,3.8999999999999986,25.9,92,77.71271999999999,2.2,0.0,24.0,,,,24.0,45.0,97.0,,,2021-07,2021-07,24,23.73566575021618,0.26433424978381836,0.26433424978381836,False
2021-07-25 21:00:00,20210725,24,24,24.0,False,True,False,False,False,True,True,21,7,1,0,0,0.0,7.0,0,0,7,0,0,0.0,1,0,1,0,0.0,0.0,0.0,0,0,0,3.0,25.0,91,76.0595,0.5,0.0,25.0,,,,25.0,45.0,97.0,,,2021-07,2021-07,24,23.761543419063106,0.23845658093689437,0.23845658093689437,False
2021-07-25 22:00:00,20210725,24,24,24.0,False,True,False,False,False,True,True,22,7,1,0,0,0.0,7.0,0,0,7,0,0,0.0,1,0,1,0,0.0,0.0,0.0,0,0,0,3.5,25.5,94,77.2433,1.3,0.0,26.0,,,,26.0,45.0,97.0,,,2021-07,2021-07,24,23.721883154107672,0.27811684589232755,0.27811684589232755,False
2021-07-25 23:00:00,20210725,26,28,27.0,False,True,False,False,False,True,True,23,7,1,0,0,0.0,7.0,0,0,7,0,0,0.0,1,0,1,0,0.0,,0.0,0,0,0,3.3000000000000007,25.3,95,77.00265,0.4,0.0,24.0,,,,24.0,45.0,97.0,,,2021-07,2021-07,26,24.415468604633688,1.5845313953663123,1.5845313953663123,False
2021-07-26 00:00:00,20210726,24,24,24.0,False,False,False,False,False,True,True,0,1,0,0,1,1.0,1.0,0,0,7,0,0,0.0,1,24022,0,14,,0.0,,0,0,0,3.1000000000000014,25.1,97,76.86353,1.0,0.0,,26.0,25.0,25.0,68.0,,,114.41666666666667,199.0,2021-07,2021-07,24,26.786712654000187,-2.786712654000187,2.786712654000187,False
2021-07-26 01:00:00,20210726,24,24,24.0,False,False,False,False,False,True,True,1,1,0,0,1,1.0,1.0,0,0,7,0,0,0.0,1,24022,0,14,0.0,0.0,0.0,0,0,0,2.8000000000000007,24.8,98,76.43495999999999,1.2,0.0,,24.0,23.0,24.0,96.0,,,114.41666666666667,199.0,2021-07,2021-07,24,25.118581837025037,-1.1185818370250367,1.1185818370250367,False
2021-07-26 02:00:00,20210726,25,27,25.5,False,False,False,False,False,True,True,2,1,0,0,1,1.0,1.0,0,0,7,0,0,0.0,1,24022,0,14,0.0,0.0,0.0,0,0,0,2.6000000000000014,24.6,98,76.07892,1.6,0.0,,23.0,23.0,23.25,95.0,,,114.41666666666667,199.0,2021-07,2021-07,25,24.56145817228979,0.43854182771021044,0.43854182771021044,False
2021-07-26 03:00:00,20210726,25,27,27.0,False,False,False,False,False,True,True,3,1,0,0,1,1.0,1.0,0,0,7,0,0,0.0,1,24022,0,14,0.0,0.0,0.0,0,0,0,2.5,24.5,98,75.90090000000001,1.5,0.0,,23.0,24.0,23.75,93.0,,,114.41666666666667,199.0,2021-07,2021-07,25,25.273688186632526,-0.27368818663252625,0.27368818663252625,False
2021-07-26 04:00:00,20210726,24,24,24.0,False,False,False,False,False,True,True,4,1,0,0,1,1.0,1.0,0,0,7,0,0,0.0,1,24022,0,14,0.0,0.0,0.0,0,0,0,2.3999999999999986,24.4,98,75.72288,1.1,0.0,,25.0,22.0,24.25,97.0,,,114.41666666666667,199.0,2021-07,2021-07,24,24.742322711750507,-0.7423227117505071,0.7423227117505071,False
2021-07-26 05:00:00,20210726,24,24,24.0,False,False,False,False,False,True,True,5,1,0,0,1,1.0,1.0,0,0,7,0,0,0.0,1,24022,0,14,0.0,0.0,0.0,0,0,0,2.6999999999999993,24.7,98,76.25694,1.1,0.0,,23.0,23.0,23.25,81.0,,,114.41666666666667,199.0,2021-07,2021-07,24,24.18649735404702,-0.18649735404702028,0.18649735404702028,False
2021-07-26 06:00:00,20210726,26,27,26.5,False,False,False,False,False,True,True,6,1,0,0,1,1.0,1.0,0,0,7,0,0,0.0,1,24022,0,14,0.0,0.0,0.0,0,0,0,4.899999999999999,26.9,91,79.31021,0.9,0.0,,23.0,24.0,23.0,95.0,,,114.41666666666667,199.0,2021-07,2021-07,26,24.985772959493772,1.0142270405062277,1.0142270405062277,False
2021-07-26 07:00:00,20210726,71,127,101.0,False,False,False,False,False,True,True,7,1,0,0,1,1.0,1.0,0,1,7,0,0,0.0,1,24022,0,14,0.0,805.0,0.0,0,0,0,5.899999999999999,27.9,82,79.82221999999999,1.9,0.0,,65.0,65.0,62.5,61.0,,,114.41666666666667,199.0,2021-07,2021-07,71,69.69871416946478,1.301285830535221,1.301285830535221,False
2021-07-26 08:00:00,20210726,198,217,211.5,False,False,False,False,False,True,True,8,1,0,0,1,1.0,1.0,2,0,7,805,800,6.692083742506628,0,24022,0,14,0.0,1283.0,805.0,0,0,0,7.399999999999999,29.4,69,80.33014,2.1,0.0,,188.0,186.0,179.25,25.0,,,114.41666666666667,199.0,2021-07,2021-07,198,179.33778619081417,18.66221380918583,18.66221380918583,True
2021-07-26 09:00:00,20210726,184,189,187.5,False,False,False,False,False,True,True,9,1,0,0,1,1.0,1.0,2,0,7,1283,800,7.157735484249907,0,24022,0,14,805.0,1149.0,478.0,0,0,0,7.800000000000001,29.8,62,79.86323999999999,2.9,0.0,,179.0,191.0,179.5,24.0,,,114.41666666666667,199.0,2021-07,2021-07,184,182.31504472846052,1.6849552715394793,1.6849552715394793,True
2021-07-26 10:00:00,20210726,185,207,199.0,False,False,False,False,False,True,True,10,1,0,0,1,1.0,1.0,2,0,7,1149,800,7.047517221357296,0,24022,0,14,1283.0,3069.0,-134.0,0,0,0,7.899999999999999,29.9,60,79.6996,2.2,0.0,,185.0,175.0,175.0,24.0,,,114.41666666666667,199.0,2021-07,2021-07,185,181.8294508289804,3.170549171019587,3.170549171019587,True
2021-07-26 11:00:00,20210726,190,202,204.5,False,False,False,False,False,True,True,11,1,0,0,1,1.0,1.0,2,0,7,3069,800,8.029432840581244,0,24022,0,14,1149.0,0.0,1920.0,0,0,0,8.8,30.8,58,80.63936,2.0,0.0,,199.0,186.0,185.0,27.0,,,114.41666666666667,199.0,2021-07,2021-07,190,161.1614455336322,28.83855446636781,28.83855446636781,True
2021-07-26 12:00:00,20210726,113,130,158.0,False,False,False,False,False,True,True,12,1,0,0,1,1.0,1.0,1,1,7,0,0,0.0,1,24022,0,14,3069.0,1969.0,-3069.0,0,0,0,8.7,30.7,53,79.69629,2.7,0.0,,117.0,115.0,114.25,23.0,,,114.41666666666667,199.0,2021-07,2021-07,113,111.07643310427648,1.9235668957235248,1.9235668957235248,False
2021-07-26 13:00:00,20210726,169,180,179.0,False,False,False,False,False,True,True,13,1,0,0,1,1.0,1.0,2,0,7,1969,800,7.585788821732034,0,24022,0,14,0.0,669.0,1969.0,0,0,0,9.100000000000001,31.1,50,79.7355,2.7,0.0,,178.0,167.0,174.5,24.0,,,114.41666666666667,199.0,2021-07,2021-07,169,178.3107952100003,-9.310795210000293,9.310795210000293,False
2021-07-26 14:00:00,20210726,186,199,192.0,False,False,False,False,False,True,True,14,1,0,0,1,1.0,1.0,2,0,7,669,669,6.507277712385012,0,24022,0,14,1969.0,2463.0,-1300.0,0,0,0,8.5,30.5,53,79.42935,3.0,0.0,,178.0,184.0,177.75,24.0,,,114.41666666666667,199.0,2021-07,2021-07,186,180.2778360970826,5.722163902917401,5.722163902917401,True
2021-07-26 15:00:00,20210726,158,180,178.5,False,False,False,False,False,True,True,15,1,0,0,1,1.0,1.0,2,0,7,2463,800,7.80954132465341,0,24022,0,14,669.0,1238.0,1794.0,0,0,0,8.399999999999999,30.4,57,79.92772,2.4,0.0,,169.0,164.0,168.75,26.0,,,114.41666666666667,199.0,2021-07,2021-07,158,174.25724892352704,-16.257248923527044,16.257248923527044,False
2021-07-26 16:00:00,20210726,169,177,175.0,False,False,False,False,False,True,True,16,1,0,0,1,1.0,1.0,2,0,7,1238,800,7.122059881629142,0,24022,0,14,2463.0,6579.0,-1225.0,0,0,0,7.300000000000001,29.3,62,79.15134,2.6,0.0,,183.0,174.0,170.75,24.0,,,114.41666666666667,199.0,2021-07,2021-07,169,177.9496623380053,-8.94966233800531,8.94966233800531,False
2021-07-26 17:00:00,20210726,136,169,156.5,False,False,False,False,False,True,True,17,1,0,0,1,1.0,1.0,2,1,7,6579,800,8.791790024319363,0,24022,0,14,1238.0,1120.0,5341.0,0,0,0,6.300000000000001,28.3,65,78.13905,2.9,0.0,,149.0,138.0,141.5,24.0,,,114.41666666666667,199.0,2021-07,2021-07,136,150.0946331297088,-14.094633129708797,14.094633129708797,False
2021-07-26 18:00:00,20210726,175,186,183.5,False,False,False,False,False,True,True,18,1,0,0,1,1.0,1.0,2,0,7,1120,800,7.02197642307216,0,24022,0,14,6579.0,3479.0,-5459.0,0,0,0,5.300000000000001,27.3,77,78.21279,2.3,0.0,,171.0,157.0,165.75,25.0,,,114.41666666666667,199.0,2021-07,2021-07,175,175.59392251278777,-0.5939225127877705,0.5939225127877705,True
2021-07-26 19:00:00,20210726,157,177,173.0,False,False,False,False,False,True,True,19,1,0,0,1,1.0,1.0,2,0,7,3479,800,8.15478757276852,0,24022,0,14,1120.0,19.0,2359.0,0,0,0,4.399999999999999,26.4,81,77.27116,1.4,0.0,,151.0,157.0,150.0,25.0,,,114.41666666666667,199.0,2021-07,2021-07,157,162.19428558822344,-5.194285588223437,5.194285588223437,False
2021-07-26 20:00:00,20210726,102,103,110.0,False,False,False,False,False,True,True,20,1,0,0,1,1.0,1.0,0,0,7,19,19,2.995732273553991,0,24022,0,14,3479.0,0.0,-3460.0,0,0,0,3.8999999999999986,25.9,86,77.03226,1.5,0.0,,127.0,125.0,121.0,24.0,,,114.41666666666667,199.0,2021-07,2021-07,102,120.56171202620362,-18.561712026203622,18.561712026203622,False
2021-07-26 21:00:00,20210726,110,116,113.0,False,False,False,False,False,True,True,21,1,0,0,1,1.0,1.0,0,0,7,0,0,0.0,1,24022,0,14,19.0,132.0,-19.0,0,0,0,3.6000000000000014,25.6,87,76.64428000000001,1.3,0.0,,124.0,120.0,119.75,25.0,,,114.41666666666667,199.0,2021-07,2021-07,110,112.49871452612189,-2.498714526121887,2.498714526121887,False
2021-07-26 22:00:00,20210726,110,116,115.0,False,False,False,False,False,True,True,22,1,0,0,1,1.0,1.0,0,0,7,132,132,4.890349128221754,0,24022,0,14,0.0,48.0,132.0,0,0,0,2.8999999999999986,24.9,90,75.7849,1.3,0.0,,106.0,116.0,108.75,26.0,,,114.41666666666667,199.0,2021-07,2021-07,110,109.43782991424126,0.5621700857587371,0.5621700857587371,False
2021-07-26 23:00:00,20210726,95,107,110.0,False,False,False,False,False,True,True,23,1,0,0,1,1.0,1.0,0,0,7,48,48,3.8918202981106265,0,24022,0,14,132.0,,-84.0,0,0,0,2.6999999999999993,24.7,92,75.64776,1.6,0.0,,110.0,103.0,105.5,24.0,,,114.41666666666667,199.0,2021-07,2021-07,95,109.36323780100186,-14.363237801001858,14.363237801001858,False
2021-07-27 00:00:00,20210727,68,70,71.0,False,False,False,False,False,True,True,0,2,0,0,0,0.0,2.0,0,0,7,89,89,4.499809670330265,0,20776,0,24,,63.0,,0,0,0,2.8000000000000007,24.8,94,76.02488,1.8,0.0,24.0,71.0,69.0,68.5,24.0,111.66666666666667,198.0,140.45833333333334,191.0,2021-07,2021-07,68,76.75909304137447,-8.75909304137447,8.75909304137447,False
2021-07-27 01:00:00,20210727,102,110,109.5,False,False,False,False,False,True,True,1,2,0,0,0,0.0,2.0,0,0,7,63,63,4.1588830833596715,0,20776,0,24,89.0,4.0,-26.0,0,0,0,2.3999999999999986,24.4,93,75.23007999999999,1.7,0.0,24.0,100.0,96.0,100.75,24.0,111.66666666666667,198.0,140.45833333333334,191.0,2021-07,2021-07,102,106.99915829353277,-4.999158293532773,4.999158293532773,False
2021-07-27 02:00:00,20210727,115,119,116.0,False,False,False,False,False,True,True,2,2,0,0,0,0.0,2.0,0,0,7,4,4,1.6094379124341003,0,20776,0,24,63.0,74.0,-59.0,0,0,0,1.8999999999999986,23.9,96,74.64555999999999,1.0,0.0,25.0,103.0,112.0,108.25,25.0,111.66666666666667,198.0,140.45833333333334,191.0,2021-07,2021-07,115,112.28514052734918,2.714859472650815,2.714859472650815,False
2021-07-27 03:00:00,20210727,105,111,110.0,False,False,False,False,False,True,True,3,2,0,0,0,0.0,2.0,0,0,7,74,74,4.31748811353631,0,20776,0,24,4.0,36.0,70.0,0,0,0,1.5,23.5,98,74.1207,0.6,0.0,25.0,105.0,110.0,106.0,25.0,111.66666666666667,198.0,140.45833333333334,191.0,2021-07,2021-07,105,111.04232922710666,-6.042329227106663,6.042329227106663,False
2021-07-27 04:00:00,20210727,108,114,113.5,False,False,False,False,False,True,True,4,2,0,0,0,0.0,2.0,0,0,7,36,36,3.6109179126442243,0,20776,0,24,74.0,2.0,-38.0,0,0,0,1.3999999999999986,23.4,98,73.94268,1.1,0.0,24.0,107.0,106.0,107.25,24.0,111.66666666666667,198.0,140.45833333333334,191.0,2021-07,2021-07,108,111.01619836203889,-3.0161983620388924,3.0161983620388924,False
2021-07-27 05:00:00,20210727,89,106,99.0,False,False,False,False,False,True,True,5,2,0,0,0,0.0,2.0,0,0,7,2,2,1.0986122886681098,0,20776,0,24,36.0,229.0,-34.0,0,0,0,1.5,23.5,98,74.1207,0.7,0.0,24.0,91.0,143.0,105.5,24.0,111.66666666666667,198.0,140.45833333333334,191.0,2021-07,2021-07,89,106.98556107640245,-17.985561076402448,17.985561076402448,False
2021-07-27 06:00:00,20210727,105,111,110.0,False,False,False,False,False,True,True,6,2,0,0,0,0.0,2.0,0,0,7,229,229,5.438079308923196,0,20776,0,24,2.0,1262.0,227.0,0,0,0,2.8999999999999986,24.9,98,76.61298,0.9,0.0,26.0,110.0,123.0,111.0,26.0,111.66666666666667,198.0,140.45833333333334,191.0,2021-07,2021-07,105,115.62821635082969,-10.628216350829689,10.628216350829689,False
2021-07-27 07:00:00,20210727,134,161,154.5,False,False,False,False,False,True,True,7,2,0,0,0,0.0,2.0,0,1,7,1262,800,7.141245122350491,0,20776,0,24,229.0,1862.0,1033.0,0,0,0,5.100000000000001,27.1,86,79.02593999999999,1.9,0.0,71.0,133.0,111.0,125.0,71.0,111.66666666666667,198.0,140.45833333333334,191.0,2021-07,2021-07,134,134.71525671381463,-0.7152567138146253,0.7152567138146253,False
2021-07-27 08:00:00,20210727,194,207,204.5,False,False,False,False,False,True,True,8,2,0,0,0,0.0,2.0,2,0,7,1862,800,7.529943370601589,0,20776,0,24,1262.0,593.0,600.0,0,0,0,5.800000000000001,27.8,81,79.52781999999999,1.7,0.0,198.0,188.0,102.0,168.0,198.0,111.66666666666667,198.0,140.45833333333334,191.0,2021-07,2021-07,194,169.0405403653813,24.959459634618696,24.959459634618696,True
2021-07-27 09:00:00,20210727,181,192,190.0,False,False,False,False,False,True,True,9,2,0,0,0,0.0,2.0,2,0,7,593,593,6.386879319362645,0,20776,0,24,1862.0,976.0,-1269.0,0,0,0,7.899999999999999,29.9,70,81.2297,2.0,0.0,184.0,191.0,112.0,165.5,184.0,111.66666666666667,198.0,140.45833333333334,191.0,2021-07,2021-07,181,168.30736622286594,12.692633777134063,12.692633777134063,True
2021-07-27 10:00:00,20210727,188,206,203.5,False,False,False,False,False,True,True,10,2,0,0,0,0.0,2.0,2,0,7,976,800,6.884486652042782,0,20776,0,24,593.0,857.0,383.0,0,0,0,8.0,30.0,65,80.61,3.3,0.0,185.0,189.0,124.0,161.0,185.0,111.66666666666667,198.0,140.45833333333334,191.0,2021-07,2021-07,188,163.8797073630997,24.120292636900302,24.120292636900302,True
2021-07-27 11:00:00,20210727,207,211,210.5,False,False,False,False,False,True,True,11,2,0,0,0,0.0,2.0,2,0,7,857,800,6.754604099487962,0,20776,0,24,976.0,184.0,-119.0,0,0,0,8.7,30.7,65,81.62745,3.5,0.0,190.0,190.0,139.0,174.5,190.0,111.66666666666667,198.0,140.45833333333334,191.0,2021-07,2021-07,207,169.235116589547,37.764883410452995,37.764883410452995,True
2021-07-27 12:00:00,20210727,110,124,163.5,False,False,False,False,False,True,True,12,2,0,0,0,0.0,2.0,1,1,7,184,184,5.220355825078324,0,20776,0,24,857.0,606.0,-673.0,0,0,0,8.0,30.0,67,80.918,4.8,0.0,113.0,121.0,123.0,118.0,113.0,111.66666666666667,198.0,140.45833333333334,191.0,2021-07,2021-07,110,122.39882811614369,-12.39882811614369,12.39882811614369,False
2021-07-27 13:00:00,20210727,182,198,192.5,False,False,False,False,False,True,True,13,2,0,0,0,0.0,2.0,2,0,7,606,606,6.408528791059498,0,20776,0,24,184.0,1654.0,422.0,0,0,0,7.699999999999999,29.7,68,80.62704,4.4,0.0,169.0,178.0,107.0,157.75,169.0,111.66666666666667,198.0,140.45833333333334,191.0,2021-07,2021-07,182,161.1906848318212,20.809315168178813,20.809315168178813,True
2021-07-27 14:00:00,20210727,195,199,197.0,False,False,False,False,False,True,True,14,2,0,0,0,0.0,2.0,2,0,7,1654,800,7.411556287811163,0,20776,0,24,606.0,1224.0,1048.0,0,0,0,7.600000000000001,29.6,69,80.62876,3.8,0.0,186.0,187.0,150.0,173.25,186.0,111.66666666666667,198.0,140.45833333333334,191.0,2021-07,2021-07,195,173.45608807429608,21.543911925703924,21.543911925703924,True
2021-07-27 15:00:00,20210727,179,201,200.0,False,False,False,False,False,True,True,15,2,0,0,0,0.0,2.0,2,0,7,1224,800,7.110696122978827,0,20776,0,24,1654.0,1271.0,-430.0,0,0,0,7.199999999999999,29.2,73,80.61583999999999,3.8,0.0,158.0,167.0,181.0,167.25,158.0,111.66666666666667,198.0,140.45833333333334,191.0,2021-07,2021-07,179,172.05466485610768,6.945335143892322,6.945335143892322,True
2021-07-27 16:00:00,20210727,186,187,192.5,False,False,False,False,False,True,True,16,2,0,0,0,0.0,2.0,2,0,7,1271,800,7.148345743900068,0,20776,0,24,1224.0,350.0,47.0,0,0,0,6.600000000000001,28.6,75,79.9765,3.6,0.0,169.0,185.0,174.0,173.5,169.0,111.66666666666667,198.0,140.45833333333334,191.0,2021-07,2021-07,186,173.45155157715303,12.548448422846974,12.548448422846974,True
2021-07-27 17:00:00,20210727,159,184,178.0,False,False,False,False,False,True,True,17,2,0,0,0,0.0,2.0,2,1,7,350,350,5.860786223465865,0,20776,0,24,1271.0,5796.0,-921.0,0,0,0,6.399999999999999,28.4,77,79.94232,2.0,0.0,136.0,132.0,143.0,133.0,136.0,111.66666666666667,198.0,140.45833333333334,191.0,2021-07,2021-07,159,140.58597817342843,18.41402182657157,18.41402182657157,False
2021-07-27 18:00:00,20210727,169,174,177.0,False,False,False,False,False,True,True,18,2,0,0,0,0.0,2.0,2,0,7,5796,800,8.665095821339733,0,20776,0,24,350.0,3392.0,5446.0,0,0,0,5.100000000000001,27.1,79,78.14891,2.0,0.0,175.0,175.0,152.0,161.5,175.0,111.66666666666667,198.0,140.45833333333334,191.0,2021-07,2021-07,169,164.51118406738354,4.488815932616461,4.488815932616461,False
2021-07-27 19:00:00,20210727,169,180,173.0,False,False,False,False,False,True,True,19,2,0,0,0,0.0,2.0,2,0,7,3392,800,8.129469764784231,0,20776,0,24,5796.0,2.0,-2404.0,0,0,0,4.399999999999999,26.4,85,77.74459999999999,2.1,0.0,157.0,170.0,174.0,163.75,157.0,111.66666666666667,198.0,140.45833333333334,191.0,2021-07,2021-07,169,165.59075222360158,3.4092477763984164,3.4092477763984164,False
2021-07-27 20:00:00,20210727,144,147,153.5,False,False,False,False,False,True,True,20,2,0,0,0,0.0,2.0,0,0,7,2,2,1.0986122886681098,0,20776,0,24,3392.0,8.0,-3390.0,0,0,0,4.0,26.0,86,77.19839999999999,1.3,0.0,102.0,127.0,175.0,142.75,102.0,111.66666666666667,198.0,140.45833333333334,191.0,2021-07,2021-07,144,125.35017307476629,18.64982692523371,18.64982692523371,False
2021-07-27 21:00:00,20210727,144,148,146.0,False,False,False,False,False,True,True,21,2,0,0,0,0.0,2.0,0,0,7,8,8,2.1972245773362196,0,20776,0,24,2.0,41.0,6.0,0,0,0,3.6000000000000014,25.6,87,76.64428000000001,1.4,0.0,110.0,130.0,174.0,138.5,110.0,111.66666666666667,198.0,140.45833333333334,191.0,2021-07,2021-07,144,133.5621578829997,10.437842117000287,10.437842117000287,False
2021-07-27 22:00:00,20210727,129,132,139.5,False,False,False,False,False,True,True,22,2,0,0,0,0.0,2.0,0,0,7,41,41,3.7376696182833684,0,20776,0,24,8.0,201.0,33.0,0,0,0,3.0,25.0,89,75.8505,1.8,0.0,110.0,112.0,178.0,128.75,110.0,111.66666666666667,198.0,140.45833333333334,191.0,2021-07,2021-07,129,125.90588427827008,3.0941157217299207,3.0941157217299207,False
2021-07-27 23:00:00,20210727,122,139,138.5,False,False,False,False,False,True,True,23,2,0,0,0,0.0,2.0,0,0,7,201,201,5.308267697401205,0,20776,0,24,41.0,,160.0,0,0,0,2.6999999999999993,24.7,92,75.64776,1.4,0.0,95.0,109.0,188.0,126.75,95.0,111.66666666666667,198.0,140.45833333333334,191.0,2021-07,2021-07,122,122.31343935649473,-0.313439356494726,0.313439356494726,False
2021-07-29 00:00:00,20210729,68,70,74.0,False,False,False,False,False,True,True,0,4,0,0,0,0.0,4.0,0,0,7,0,0,0.0,1,25698,0,23,,313.0,,0,0,0,2.0,24.0,93,74.5378,0.9,0.0,88.0,71.0,67.0,69.75,88.0,145.66666666666666,208.0,135.375,197.0,2021-07,2021-07,68,63.97887389914539,4.021126100854609,4.021126100854609,False
2021-07-29 01:00:00,20210729,110,118,117.0,False,False,False,False,False,True,True,1,4,0,0,0,0.0,4.0,0,0,7,313,313,5.749392985908253,0,25698,0,23,0.0,206.0,313.0,0,0,0,1.5,23.5,95,73.85175,1.8,0.0,121.0,99.0,90.0,98.0,121.0,145.66666666666666,208.0,135.375,197.0,2021-07,2021-07,110,96.31593587867265,13.684064121327353,13.684064121327353,False
2021-07-29 02:00:00,20210729,111,118,116.5,False,False,False,False,False,True,True,2,4,0,0,0,0.0,4.0,0,0,7,206,206,5.332718793265369,0,25698,0,23,313.0,49.0,-107.0,0,0,0,1.1000000000000014,23.1,98,73.40862,0.6,0.0,119.0,103.0,111.0,107.75,119.0,145.66666666666666,208.0,135.375,197.0,2021-07,2021-07,111,110.3594799807184,0.6405200192815954,0.6405200192815954,False
2021-07-29 03:00:00,20210729,110,117,117.0,False,False,False,False,False,True,True,3,4,0,0,0,0.0,4.0,0,0,7,49,49,3.912023005428146,0,25698,0,23,206.0,100.0,-157.0,0,0,0,1.5,23.5,98,74.1207,0.6,0.0,122.0,100.0,109.0,105.25,122.0,145.66666666666666,208.0,135.375,197.0,2021-07,2021-07,110,108.90217139602423,1.0978286039757705,1.0978286039757705,False
2021-07-29 04:00:00,20210729,111,116,115.0,False,False,False,False,False,True,True,4,4,0,0,0,0.0,4.0,0,0,7,100,100,4.61512051684126,0,25698,0,23,49.0,156.0,51.0,0,0,0,1.3999999999999986,23.4,97,73.85401999999999,0.7,0.0,119.0,105.0,110.0,106.25,119.0,145.66666666666666,208.0,135.375,197.0,2021-07,2021-07,111,109.5463848589243,1.4536151410757014,1.4536151410757014,False
2021-07-29 05:00:00,20210729,94,119,109.0,False,False,False,False,False,True,True,5,4,0,0,0,0.0,4.0,0,0,7,156,156,5.056245805348308,0,25698,0,23,100.0,94.0,56.0,0,0,0,1.8000000000000007,23.8,98,74.65476,1.0,0.0,105.0,86.0,88.0,90.75,105.0,145.66666666666666,208.0,135.375,197.0,2021-07,2021-07,94,97.4553983905422,-3.4553983905422,3.4553983905422,False
2021-07-29 06:00:00,20210729,116,121,121.0,False,False,False,False,False,True,True,6,4,0,0,0,0.0,4.0,0,0,7,94,94,4.553876891600541,0,25698,0,23,156.0,925.0,-62.0,0,0,0,4.0,26.0,90,77.656,0.9,0.0,124.0,106.0,103.0,107.25,124.0,145.66666666666666,208.0,135.375,197.0,2021-07,2021-07,116,112.92141978586206,3.0785802141379435,3.0785802141379435,False
2021-07-29 07:00:00,20210729,141,159,154.0,False,False,False,False,False,True,True,7,4,0,0,0,0.0,4.0,0,1,7,925,800,6.8308742346461795,0,25698,0,23,94.0,909.0,831.0,0,0,0,5.0,27.0,84,78.6112,1.2,0.0,156.0,122.0,107.0,122.75,156.0,145.66666666666666,208.0,135.375,197.0,2021-07,2021-07,141,121.9615126499671,19.038487350032895,19.038487350032895,False
2021-07-29 08:00:00,20210729,192,204,202.5,False,False,False,False,False,True,True,8,4,0,0,0,0.0,4.0,2,0,7,909,800,6.813444599510896,0,25698,0,23,925.0,1181.0,-16.0,0,0,0,6.600000000000001,28.6,72,79.55608000000001,1.4,0.0,198.0,197.0,134.0,169.75,198.0,145.66666666666666,208.0,135.375,197.0,2021-07,2021-07,192,166.0198129388945,25.98018706110551,25.98018706110551,True
2021-07-29 09:00:00,20210729,198,205,201.5,False,False,False,False,False,True,True,9,4,0,0,0,0.0,4.0,2,0,7,1181,800,7.074963197966044,0,25698,0,23,909.0,884.0,272.0,0,0,0,8.100000000000001,30.1,66,80.91034,1.1,0.0,198.0,192.0,113.0,165.75,198.0,145.66666666666666,208.0,135.375,197.0,2021-07,2021-07,198,166.86750477620726,31.132495223792745,31.132495223792745,True
2021-07-29 10:00:00,20210729,187,203,199.5,False,False,False,False,False,True,True,10,4,0,0,0,0.0,4.0,2,0,7,884,800,6.785587645007929,0,25698,0,23,1181.0,1597.0,-297.0,0,0,0,8.5,30.5,65,81.33675,1.5,0.0,188.0,180.0,108.0,161.0,188.0,145.66666666666666,208.0,135.375,197.0,2021-07,2021-07,187,159.63434240828136,27.365657591718644,27.365657591718644,True
2021-07-29 11:00:00,20210729,207,211,208.0,False,False,False,False,False,True,True,11,4,0,0,0,0.0,4.0,2,0,7,1597,800,7.37650812632622,0,25698,0,23,884.0,200.0,713.0,0,0,0,8.2,30.2,61,80.27678,1.9,0.0,208.0,186.0,134.0,174.5,208.0,145.66666666666666,208.0,135.375,197.0,2021-07,2021-07,207,166.16420425671444,40.83579574328556,40.83579574328556,True
2021-07-29 12:00:00,20210729,112,133,172.0,False,False,False,False,False,True,True,12,4,0,0,0,0.0,4.0,1,1,7,200,200,5.303304908059076,0,25698,0,23,1597.0,1480.0,-1397.0,0,0,0,9.600000000000001,31.6,60,82.0864,2.3,0.0,121.0,104.0,118.0,113.25,121.0,145.66666666666666,208.0,135.375,197.0,2021-07,2021-07,112,113.79140494896235,-1.7914049489623523,1.7914049489623523,False
2021-07-29 13:00:00,20210729,192,206,201.0,False,False,False,False,False,True,True,13,4,0,0,0,0.0,4.0,2,0,7,1480,800,7.300472814267799,0,25698,0,23,200.0,3092.0,1280.0,0,0,0,9.600000000000001,31.6,60,82.0864,2.7,0.0,194.0,171.0,122.0,167.25,194.0,145.66666666666666,208.0,135.375,197.0,2021-07,2021-07,192,165.15888490900932,26.841115090990684,26.841115090990684,True
2021-07-29 14:00:00,20210729,187,201,196.0,False,False,False,False,False,True,True,14,4,0,0,0,0.0,4.0,2,0,7,3092,800,8.03689677268507,0,25698,0,23,1480.0,2184.0,1612.0,0,0,0,8.7,30.7,64,81.46652,2.2,0.0,196.0,182.0,155.0,177.0,196.0,145.66666666666666,208.0,135.375,197.0,2021-07,2021-07,187,168.78211738995563,18.21788261004437,18.21788261004437,True
2021-07-29 15:00:00,20210729,164,186,182.0,False,False,False,False,False,True,True,15,4,0,0,0,0.0,4.0,2,0,7,2184,800,7.68937110752969,0,25698,0,23,3092.0,2656.0,-908.0,0,0,0,8.3,30.3,63,80.73211,1.5,0.0,161.0,164.0,152.0,160.25,161.0,145.66666666666666,208.0,135.375,197.0,2021-07,2021-07,164,160.92214550026628,3.077854499733718,3.077854499733718,False
2021-07-29 16:00:00,20210729,166,172,171.0,False,False,False,False,False,True,True,16,4,0,0,0,0.0,4.0,2,0,7,2656,800,7.884952945759814,0,25698,0,23,2184.0,735.0,472.0,0,0,0,7.699999999999999,29.7,61,79.56983,2.7,0.0,174.0,165.0,184.0,173.25,174.0,145.66666666666666,208.0,135.375,197.0,2021-07,2021-07,166,167.2855718707706,-1.2855718707706103,1.2855718707706103,False
2021-07-29 17:00:00,20210729,129,152,147.0,False,False,False,False,False,True,True,17,4,0,0,0,0.0,4.0,2,1,7,735,735,6.601230118728877,0,25698,0,23,2656.0,5687.0,-1921.0,0,0,0,7.899999999999999,29.9,59,79.54659,1.8,0.0,147.0,124.0,172.0,139.75,147.0,145.66666666666666,208.0,135.375,197.0,2021-07,2021-07,129,132.09744032679143,-3.0974403267914283,3.0974403267914283,False
2021-07-29 18:00:00,20210729,174,180,179.5,False,False,False,False,False,True,True,18,4,0,0,0,0.0,4.0,2,0,7,5687,800,8.646113971483077,0,25698,0,23,735.0,2616.0,4952.0,0,0,0,6.199999999999999,28.2,64,77.85752,1.2,0.0,183.0,164.0,192.0,165.0,183.0,145.66666666666666,208.0,135.375,197.0,2021-07,2021-07,174,166.68580455269594,7.3141954473040585,7.3141954473040585,True
2021-07-29 19:00:00,20210729,169,181,175.5,False,False,False,False,False,True,True,19,4,0,0,0,0.0,4.0,2,0,7,2616,800,7.869783902530146,0,25698,0,23,5687.0,149.0,-3071.0,0,0,0,5.5,27.5,67,77.23474999999999,1.4,0.0,151.0,154.0,160.0,156.0,151.0,145.66666666666666,208.0,135.375,197.0,2021-07,2021-07,169,161.39182191193945,7.608178088060555,7.608178088060555,False
2021-07-29 20:00:00,20210729,128,134,144.5,False,False,False,False,False,True,True,20,4,0,0,0,0.0,4.0,0,0,7,149,149,5.0106352940962555,0,25698,0,23,2616.0,131.0,-2467.0,0,0,0,4.899999999999999,26.9,77,77.58386999999999,0.7,0.0,107.0,132.0,155.0,139.75,107.0,145.66666666666666,208.0,135.375,197.0,2021-07,2021-07,128,133.29141262610483,-5.2914126261048295,5.2914126261048295,False
2021-07-29 21:00:00,20210729,126,131,130.0,False,False,False,False,False,True,True,21,4,0,0,0,0.0,4.0,0,0,7,131,131,4.882801922586371,0,25698,0,23,149.0,180.0,-18.0,0,0,0,3.8000000000000007,25.8,79,76.07918000000001,0.8,0.0,110.0,120.0,187.0,143.0,110.0,145.66666666666666,208.0,135.375,197.0,2021-07,2021-07,126,125.16781235981789,0.8321876401821129,0.8321876401821129,False
2021-07-29 22:00:00,20210729,122,130,126.5,False,False,False,False,False,True,True,22,4,0,0,0,0.0,4.0,0,0,7,180,180,5.198497031265826,0,25698,0,23,131.0,174.0,49.0,0,0,0,3.3000000000000007,25.3,84,75.82048,0.2,0.0,103.0,115.0,198.0,135.75,103.0,145.66666666666666,208.0,135.375,197.0,2021-07,2021-07,122,125.70384505296545,-3.7038450529654483,3.7038450529654483,False
2021-07-29 23:00:00,20210729,114,127,124.0,False,False,False,False,False,True,True,23,4,0,0,0,0.0,4.0,0,0,7,174,174,5.1647859739235145,0,25698,0,23,180.0,,-6.0,0,0,0,3.1999999999999993,25.2,86,75.86928,0.5,0.0,103.0,107.0,187.0,128.75,103.0,145.66666666666666,208.0,135.375,197.0,2021-07,2021-07,114,121.10698631352949,-7.1069863135294895,7.1069863135294895,False
2021-07-31 00:00:00,20210731,23,24,50.5,False,True,False,False,False,True,True,0,6,1,0,0,0.0,6.0,0,0,7,0,0,0.0,1,0,1,0,,0.0,,0,0,0,3.1000000000000014,25.1,86,75.70313999999999,1.0,0.0,88.0,68.0,64.0,66.0,88.0,145.66666666666666,208.0,45.0,97.0,2021-07,2021-07,23,25.028817380991644,-2.0288173809916437,2.0288173809916437,False
2021-07-31 01:00:00,20210731,21,21,22.5,False,True,False,False,False,True,True,1,6,1,0,0,0.0,6.0,0,0,7,0,0,0.0,1,0,1,0,0.0,0.0,0.0,0,0,0,3.3999999999999986,25.4,82,75.76772,1.4,0.0,121.0,96.0,101.0,99.5,121.0,145.66666666666666,208.0,45.0,97.0,2021-07,2021-07,21,33.60486614440533,-12.604866144405328,12.604866144405328,False
2021-07-31 02:00:00,20210731,21,21,21.0,False,True,False,False,False,True,True,2,6,1,0,0,0.0,6.0,0,0,7,0,0,0.0,1,0,1,0,0.0,0.0,0.0,0,0,0,2.3999999999999986,24.4,89,74.83583999999999,1.3,0.0,119.0,95.0,98.0,99.0,119.0,145.66666666666666,208.0,45.0,97.0,2021-07,2021-07,21,33.65483562586753,-12.654835625867527,12.654835625867527,False
2021-07-31 03:00:00,20210731,21,21,21.0,False,True,False,False,False,True,True,3,6,1,0,0,0.0,6.0,0,0,7,0,0,0.0,1,0,1,0,0.0,0.0,0.0,0,0,0,2.0,24.0,90,74.25399999999999,0.4,0.0,122.0,93.0,94.0,96.75,122.0,145.66666666666666,208.0,45.0,97.0,2021-07,2021-07,21,31.65415226911604,-10.65415226911604,10.65415226911604,False
2021-07-31 04:00:00,20210731,23,26,25.0,False,True,False,False,False,True,True,4,6,1,0,0,0.0,6.0,0,0,7,0,0,0.0,1,0,1,0,0.0,0.0,0.0,0,0,0,1.8999999999999986,23.9,92,74.27112,1.1,0.0,119.0,97.0,96.0,99.25,119.0,145.66666666666666,208.0,45.0,97.0,2021-07,2021-07,23,33.420604645418514,-10.420604645418514,10.420604645418514,False
2021-07-31 05:00:00,20210731,20,21,21.0,False,True,False,False,False,True,True,5,6,1,0,0,0.0,6.0,0,0,7,0,0,0.0,1,0,1,0,0.0,0.0,0.0,0,0,0,1.6000000000000014,23.6,94,73.93616,0.3,0.0,105.0,81.0,84.0,84.25,105.0,145.66666666666666,208.0,45.0,97.0,2021-07,2021-07,20,27.960623584328527,-7.960623584328527,7.960623584328527,False
2021-07-31 06:00:00,20210731,21,21,20.5,False,True,False,False,False,True,True,6,6,1,0,0,0.0,6.0,0,0,7,0,0,0.0,1,0,1,0,0.0,0.0,0.0,0,0,0,4.399999999999999,26.4,84,77.62624,0.6,0.0,124.0,95.0,85.0,94.75,124.0,145.66666666666666,208.0,45.0,97.0,2021-07,2021-07,21,33.01859936329717,-12.01859936329717,12.01859936329717,False
2021-07-31 07:00:00,20210731,22,23,23.0,False,True,False,False,False,True,True,7,6,1,0,0,0.0,6.0,0,1,7,0,0,0.0,1,0,1,0,0.0,0.0,0.0,0,0,0,6.300000000000001,28.3,77,79.78509,1.6,0.0,156.0,61.0,57.0,61.5,156.0,145.66666666666666,208.0,45.0,97.0,2021-07,2021-07,22,23.328030525391465,-1.3280305253914655,1.3280305253914655,False
2021-07-31 08:00:00,20210731,21,21,21.5,False,True,False,False,False,True,True,8,6,1,0,0,0.0,6.0,2,0,7,0,0,0.0,1,0,1,0,0.0,0.0,0.0,0,0,0,7.800000000000001,29.8,73,81.53546,1.2,0.0,198.0,25.0,25.0,24.5,198.0,145.66666666666666,208.0,45.0,97.0,2021-07,2021-07,21,23.315677134426114,-2.315677134426114,2.315677134426114,False
2021-07-31 09:00:00,20210731,21,21,21.0,False,True,False,False,False,True,True,9,6,1,0,0,0.0,6.0,2,0,7,0,0,0.0,1,0,1,0,0.0,0.0,0.0,0,0,0,9.3,31.3,67,82.83329,1.6,0.0,198.0,24.0,23.0,24.75,198.0,145.66666666666666,208.0,45.0,97.0,2021-07,2021-07,21,23.175821489838693,-2.175821489838693,2.175821489838693,False
2021-07-31 10:00:00,20210731,22,23,22.0,False,True,False,False,False,True,True,10,6,1,0,0,0.0,6.0,2,0,7,0,0,0.0,1,0,1,0,0.0,0.0,0.0,0,0,0,10.399999999999999,32.4,68,84.63167999999999,2.8,0.0,188.0,24.0,23.0,25.0,188.0,145.66666666666666,208.0,45.0,97.0,2021-07,2021-07,22,23.475764966570242,-1.4757649665702424,1.4757649665702424,False
2021-07-31 11:00:00,20210731,23,26,25.5,False,True,False,False,False,True,True,11,6,1,0,0,0.0,6.0,2,0,7,0,0,0.0,1,0,1,0,0.0,0.0,0.0,0,0,0,10.700000000000003,32.7,65,84.53445,2.0,0.0,208.0,27.0,24.0,25.75,208.0,145.66666666666666,208.0,45.0,97.0,2021-07,2021-07,23,23.931450543693582,-0.9314505436935825,0.9314505436935825,False
2021-07-31 12:00:00,20210731,21,21,21.0,False,True,False,False,False,True,True,12,6,1,0,0,0.0,6.0,1,1,7,0,0,0.0,1,0,1,0,0.0,0.0,0.0,0,0,0,10.799999999999997,32.8,69,85.40668,2.1,0.0,121.0,23.0,24.0,24.25,121.0,145.66666666666666,208.0,45.0,97.0,2021-07,2021-07,21,23.412443839069393,-2.412443839069393,2.412443839069393,False
2021-07-31 13:00:00,20210731,21,21,21.0,False,True,False,False,False,True,True,13,6,1,0,0,0.0,6.0,2,0,7,0,0,0.0,1,0,1,0,0.0,0.0,0.0,0,0,0,10.100000000000001,32.1,71,84.71109,2.4,0.0,194.0,24.0,23.0,23.5,194.0,145.66666666666666,208.0,45.0,97.0,2021-07,2021-07,21,23.667483444514346,-2.667483444514346,2.667483444514346,False
2021-07-31 14:00:00,20210731,22,25,23.5,False,True,False,False,False,True,True,14,6,1,0,0,0.0,6.0,2,0,7,0,0,0.0,1,0,1,0,0.0,0.0,0.0,0,0,0,8.8,30.8,75,83.392,2.4,0.0,196.0,24.0,23.0,23.0,196.0,145.66666666666666,208.0,45.0,97.0,2021-07,2021-07,22,23.542702144943544,-1.5427021449435436,1.5427021449435436,False
2021-07-31 15:00:00,20210731,22,23,23.0,False,True,False,False,False,True,True,15,6,1,0,0,0.0,6.0,2,0,7,0,0,0.0,1,0,1,0,0.0,0.0,0.0,0,0,0,7.5,29.5,83,82.56615,1.6,0.0,161.0,26.0,25.0,24.5,161.0,145.66666666666666,208.0,45.0,97.0,2021-07,2021-07,22,23.62358636778345,-1.6235863677834494,1.6235863677834494,False
2021-07-31 16:00:00,20210731,21,21,21.0,False,True,False,False,False,True,True,16,6,1,0,0,0.0,6.0,2,0,7,0,0,0.0,1,0,1,0,0.0,0.0,0.0,0,0,0,6.399999999999999,28.4,85,81.04759999999999,1.8,0.0,174.0,24.0,23.0,23.5,174.0,145.66666666666666,208.0,45.0,97.0,2021-07,2021-07,21,23.618621987293434,-2.6186219872934338,2.6186219872934338,False
2021-07-31 17:00:00,20210731,21,21,21.0,False,True,False,False,False,True,True,17,6,1,0,0,0.0,6.0,2,1,7,0,0,0.0,1,0,1,0,0.0,0.0,0.0,0,0,0,6.5,28.5,86,81.3519,1.7,0.0,147.0,24.0,22.0,22.75,147.0,145.66666666666666,208.0,45.0,97.0,2021-07,2021-07,21,23.237578233882015,-2.237578233882015,2.237578233882015,False
2021-07-31 18:00:00,20210731,23,28,25.5,False,True,False,False,False,True,True,18,6,1,0,0,0.0,6.0,2,0,7,0,0,0.0,1,0,1,0,0.0,0.0,0.0,0,0,0,6.399999999999999,28.4,87,81.32392,1.0,0.0,183.0,25.0,24.0,23.25,183.0,145.66666666666666,208.0,45.0,97.0,2021-07,2021-07,23,23.549966545989463,-0.5499665459894629,0.5499665459894629,False
2021-07-31 19:00:00,20210731,21,21,21.0,False,True,False,False,False,True,True,19,6,1,0,0,0.0,6.0,2,0,7,0,0,0.0,1,0,1,0,0.0,0.0,0.0,0,0,0,6.0,28.0,90,81.05799999999999,0.3,0.0,151.0,25.0,23.0,24.0,151.0,145.66666666666666,208.0,45.0,97.0,2021-07,2021-07,21,23.786293309824885,-2.7862933098248845,2.7862933098248845,False
2021-07-31 20:00:00,20210731,21,21,21.0,False,True,False,False,False,True,True,20,6,1,0,0,0.0,6.0,0,0,7,0,0,0.0,1,0,1,0,0.0,0.0,0.0,0,0,0,5.600000000000001,27.6,92,80.63808,0.8,0.0,107.0,24.0,23.0,22.75,107.0,145.66666666666666,208.0,45.0,97.0,2021-07,2021-07,21,23.675884613835837,-2.675884613835837,2.675884613835837,False
2021-07-31 21:00:00,20210731,23,25,24.5,False,True,False,False,False,True,True,21,6,1,0,0,0.0,6.0,0,0,7,0,0,0.0,1,0,1,0,0.0,0.0,0.0,0,0,0,5.600000000000001,27.6,93,80.76832,1.5,0.0,110.0,25.0,24.0,23.5,110.0,145.66666666666666,208.0,45.0,97.0,2021-07,2021-07,23,24.048073603742548,-1.048073603742548,1.048073603742548,False
2021-07-31 22:00:00,20210731,21,21,23.0,False,True,False,False,False,True,True,22,6,1,0,0,0.0,6.0,0,0,7,0,0,0.0,1,0,1,0,0.0,0.0,0.0,0,0,0,5.600000000000001,27.6,94,80.89856,1.0,0.0,103.0,26.0,25.0,25.0,103.0,145.66666666666666,208.0,45.0,97.0,2021-07,2021-07,21,24.040980531311934,-3.0409805313119342,3.0409805313119342,False
2021-07-31 23:00:00,20210731,21,21,21.0,False,True,False,False,False,True,True,23,6,1,0,0,0.0,6.0,0,0,7,0,0,0.0,1,0,1,0,0.0,,0.0,0,0,0,5.600000000000001,27.6,94,80.89856,1.0,0.0,103.0,24.0,23.0,22.75,103.0,145.66666666666666,208.0,45.0,97.0,2021-07,2021-07,21,24.342485955768584,-3.342485955768584,3.342485955768584,False
2021-08-01 00:00:00,20210801,21,21,21.0,False,True,False,False,False,True,True,0,7,1,0,1,1.0,1.0,0,0,8,0,0,0.0,1,0,1,0,,0.0,,0,0,0,5.399999999999999,27.4,94,80.55044,1.3,0.0,,,,,88.0,,,,,2021-08,2021-08,21,23.815816721025268,-2.815816721025268,2.815816721025268,False
2021-08-01 01:00:00,20210801,23,26,25.5,False,True,False,False,False,True,True,1,7,1,0,1,1.0,1.0,0,0,8,0,0,0.0,1,0,1,0,0.0,0.0,0.0,0,0,0,5.199999999999999,27.2,94,80.20232,1.7,0.0,,,,,121.0,,,,,2021-08,2021-08,23,23.969626146376616,-0.9696261463766156,0.9696261463766156,False
2021-08-01 02:00:00,20210801,21,21,21.0,False,True,False,False,False,True,True,2,7,1,0,1,1.0,1.0,0,0,8,0,0,0.0,1,0,1,0,0.0,0.0,0.0,0,0,0,3.5,25.5,93,77.13385,2.1,0.0,,,,,119.0,,,,,2021-08,2021-08,21,24.057066795049405,-3.057066795049405,3.057066795049405,False
2021-08-01 03:00:00,20210801,21,21,21.0,False,True,False,False,False,True,True,3,7,1,0,1,1.0,1.0,0,0,8,0,0,0.0,1,0,1,0,0.0,0.0,0.0,0,0,0,3.1999999999999993,25.2,97,77.04056,0.3,0.1,,,,,122.0,,,,,2021-08,2021-08,21,23.578049156619176,-2.5780491566191763,2.5780491566191763,False
2021-08-01 04:00:00,20210801,22,25,22.5,False,True,False,False,False,True,True,4,7,1,0,1,1.0,1.0,0,0,8,0,0,0.0,1,0,1,0,0.0,0.0,0.0,0,0,0,2.8999999999999986,24.9,98,76.61298,0.4,0.1,,,,,119.0,,,,,2021-08,2021-08,22,23.56390255977791,-1.5639025597779117,1.5639025597779117,False
2021-08-01 05:00:00,20210801,22,24,24.5,False,True,False,False,False,True,True,5,7,1,0,1,1.0,1.0,0,0,8,0,0,0.0,1,0,1,0,0.0,0.0,0.0,0,0,0,2.8000000000000007,24.8,98,76.43495999999999,0.9,0.2,,,,,105.0,,,,,2021-08,2021-08,22,23.626661035170713,-1.626661035170713,1.626661035170713,False
2021-08-01 06:00:00,20210801,20,21,20.5,False,True,False,False,False,True,True,6,7,1,0,1,1.0,1.0,0,0,8,0,0,0.0,1,0,1,0,0.0,0.0,0.0,0,0,0,4.0,26.0,98,78.5712,0.6,0.2,,,,,124.0,,,,,2021-08,2021-08,20,23.934919258087206,-3.9349192580872057,3.9349192580872057,False
2021-08-01 07:00:00,20210801,20,21,20.5,False,True,False,False,False,True,True,7,7,1,0,1,1.0,1.0,0,1,8,0,0,0.0,1,0,1,0,0.0,0.0,0.0,0,0,0,5.899999999999999,27.9,91,81.02111,1.1,0.2,,,,,156.0,,,,,2021-08,2021-08,20,23.63891184504457,-3.6389118450445714,3.6389118450445714,False
2021-08-01 08:00:00,20210801,23,28,25.0,False,True,False,False,False,True,True,8,7,1,0,1,1.0,1.0,2,0,8,0,0,0.0,1,0,1,0,0.0,0.0,0.0,0,0,0,7.199999999999999,29.2,82,81.93056,1.4,0.2,,,,,198.0,,,,,2021-08,2021-08,23,22.425353642491206,0.5746463575087937,0.5746463575087937,False
2021-08-01 09:00:00,20210801,22,24,26.0,False,True,False,False,False,True,True,9,7,1,0,1,1.0,1.0,2,0,8,0,0,0.0,1,0,1,0,0.0,0.0,0.0,0,0,0,9.0,31.0,74,83.5386,1.5,0.2,,,,,198.0,,,,,2021-08,2021-08,22,23.146961998279053,-1.1469619982790533,1.1469619982790533,False
2021-08-01 10:00:00,20210801,21,21,21.0,False,True,False,False,False,True,True,10,7,1,0,1,1.0,1.0,2,0,8,0,0,0.0,1,0,1,0,0.0,0.0,0.0,0,0,0,9.3,31.3,68,83.00016,1.2,0.2,,,,,188.0,,,,,2021-08,2021-08,21,23.09216584167127,-2.092165841671271,2.092165841671271,False
2021-08-01 11:00:00,20210801,21,21,21.0,False,True,False,False,False,True,True,11,7,1,0,1,1.0,1.0,2,0,8,0,0,0.0,1,0,1,0,0.0,0.0,0.0,0,0,0,10.600000000000001,32.6,71,85.46754,2.1,0.2,,,,,208.0,,,,,2021-08,2021-08,21,23.187501250025463,-2.1875012500254627,2.1875012500254627,False
2021-08-01 12:00:00,20210801,23,25,24.0,False,True,False,False,False,True,True,12,7,1,0,1,1.0,1.0,1,1,8,0,0,0.0,1,0,1,0,0.0,0.0,0.0,0,0,0,9.899999999999999,31.9,71,84.40851,2.4,0.2,,,,,121.0,,,,,2021-08,2021-08,23,23.39604482727489,-0.39604482727488843,0.39604482727488843,False
2021-08-01 13:00:00,20210801,21,21,23.0,False,True,False,False,False,True,True,13,7,1,0,1,1.0,1.0,2,0,8,0,0,0.0,1,0,1,0,0.0,0.0,0.0,0,0,0,8.0,30.0,76,82.304,2.3,0.2,,,,,194.0,,,,,2021-08,2021-08,21,22.735048953337113,-1.7350489533371132,1.7350489533371132,False
2021-08-01 14:00:00,20210801,21,21,21.0,False,True,False,False,False,True,True,14,7,1,0,1,1.0,1.0,2,0,8,0,0,0.0,1,0,1,0,0.0,0.0,0.0,0,0,0,6.699999999999999,28.7,87,81.82531,2.1,0.2,,,,,196.0,,,,,2021-08,2021-08,21,22.53510764307752,-1.5351076430775201,1.5351076430775201,False
2021-08-01 15:00:00,20210801,22,23,22.0,False,True,False,False,False,True,True,15,7,1,0,1,1.0,1.0,2,0,8,0,0,0.0,1,0,1,0,0.0,0.0,0.0,0,0,0,6.699999999999999,28.7,89,82.10757,1.2,0.2,,,,,161.0,,,,,2021-08,2021-08,22,22.51371057997872,-0.5137105799787207,0.5137105799787207,False
2021-08-01 16:00:00,20210801,23,25,24.5,False,True,False,False,False,True,True,16,7,1,0,1,1.0,1.0,2,0,8,0,0,0.0,1,0,1,0,0.0,0.0,0.0,0,0,0,6.699999999999999,28.7,88,81.96644,0.9,0.2,,,,,174.0,,,,,2021-08,2021-08,23,22.40682768856492,0.5931723114350795,0.5931723114350795,False
2021-08-01 17:00:00,20210801,21,21,21.0,False,True,False,False,False,True,True,17,7,1,0,1,1.0,1.0,2,1,8,0,0,0.0,1,0,1,0,0.0,0.0,0.0,0,0,0,6.5,28.5,90,81.9085,1.5,0.2,,,,,147.0,,,,,2021-08,2021-08,21,22.387352981122095,-1.3873529811220955,1.3873529811220955,False
2021-08-01 18:00:00,20210801,20,21,20.5,False,True,False,False,False,True,True,18,7,1,0,1,1.0,1.0,2,0,8,0,0,0.0,1,0,1,0,0.0,0.0,0.0,0,0,0,6.300000000000001,28.3,91,81.70546999999999,1.5,0.2,,,,,183.0,,,,,2021-08,2021-08,20,22.75419698722045,-2.7541969872204497,2.7541969872204497,False
2021-08-01 19:00:00,20210801,21,22,21.5,False,True,False,False,False,True,True,19,7,1,0,1,1.0,1.0,2,0,8,0,0,0.0,1,0,1,0,0.0,0.0,0.0,0,0,0,5.199999999999999,27.2,98,80.70743999999999,1.9,5.3,,,,,151.0,,,,,2021-08,2021-08,21,23.283594140966102,-2.283594140966102,2.283594140966102,False
2021-08-01 20:00:00,20210801,23,26,24.0,False,True,False,False,False,True,True,20,7,1,0,1,1.0,1.0,0,0,8,0,0,0.0,1,0,1,0,0.0,0.0,0.0,0,0,0,4.699999999999999,26.7,98,79.81734,1.5,20.2,,,,,107.0,,,,,2021-08,2021-08,23,23.992709217684833,-0.9927092176848333,0.9927092176848333,False
2021-08-01 21:00:00,20210801,22,22,22.0,False,True,False,False,False,True,True,21,7,1,0,1,1.0,1.0,0,0,8,0,0,0.0,1,0,1,0,0.0,0.0,0.0,0,0,0,3.8999999999999986,25.9,98,78.39318,1.5,20.2,,,,,110.0,,,,,2021-08,2021-08,22,24.434854582127127,-2.4348545821271266,2.4348545821271266,False
2021-08-01 22:00:00,20210801,22,23,22.0,False,True,False,False,False,True,True,22,7,1,0,1,1.0,1.0,0,0,8,0,0,0.0,1,0,1,0,0.0,0.0,0.0,0,0,0,4.0,26.0,98,78.5712,1.8,20.2,,,,,103.0,,,,,2021-08,2021-08,22,24.12757161751907,-2.12757161751907,2.12757161751907,False
2021-08-01 23:00:00,20210801,22,24,22.5,False,True,False,False,False,True,True,23,7,1,0,1,1.0,1.0,0,0,8,0,0,0.0,1,0,1,0,0.0,,0.0,0,0,0,4.300000000000001,26.3,98,79.10525999999999,1.4,20.2,,,,,103.0,,,,,2021-08,2021-08,22,24.38426384365921,-2.384263843659209,2.384263843659209,False
2021-08-02 00:00:00,20210802,21,23,23.5,False,True,False,False,False,True,True,0,1,0,0,1,2.0,1.0,0,0,8,0,0,0.0,1,0,1,0,,0.0,,0,0,0,4.0,26.0,98,78.5712,1.3,0.0,,24.0,26.0,25.0,88.0,,,111.66666666666667,198.0,2021-08,2021-08,21,21.77417128055643,-0.7741712805564305,0.7741712805564305,False
2021-08-02 01:00:00,20210802,21,21,21.0,False,True,False,False,False,True,True,1,1,0,0,1,2.0,1.0,0,0,8,0,0,0.0,1,0,1,0,0.0,0.0,0.0,0,0,0,3.8999999999999986,25.9,98,78.39318,1.9,0.0,,24.0,24.0,23.5,121.0,,,111.66666666666667,198.0,2021-08,2021-08,21,21.54094816004928,-0.5409481600492789,0.5409481600492789,False
2021-08-02 02:00:00,20210802,21,21,21.0,False,True,False,False,False,True,True,2,1,0,0,1,2.0,1.0,0,0,8,0,0,0.0,1,0,1,0,0.0,0.0,0.0,0,0,0,3.5,25.5,98,77.6811,0.3,0.0,,25.0,23.0,23.5,119.0,,,111.66666666666667,198.0,2021-08,2021-08,21,20.550839539028313,0.4491604609716866,0.4491604609716866,False
2021-08-02 03:00:00,20210802,23,26,24.5,False,True,False,False,False,True,True,3,1,0,0,1,2.0,1.0,0,0,8,0,0,0.0,1,0,1,0,0.0,0.0,0.0,0,0,0,3.5,25.5,98,77.6811,0.9,0.0,,25.0,23.0,24.0,122.0,,,111.66666666666667,198.0,2021-08,2021-08,23,20.8970335625541,2.1029664374459003,2.1029664374459003,False
2021-08-02 04:00:00,20210802,21,21,21.0,False,True,False,False,False,True,True,4,1,0,0,1,2.0,1.0,0,0,8,0,0,0.0,1,0,1,0,0.0,0.0,0.0,0,0,0,3.3000000000000007,25.3,98,77.32506000000001,1.2,0.0,,24.0,25.0,23.75,119.0,,,111.66666666666667,198.0,2021-08,2021-08,21,21.444829606840514,-0.4448296068405142,0.4448296068405142,False
2021-08-02 05:00:00,20210802,21,21,21.0,False,True,False,False,False,True,True,5,1,0,0,1,2.0,1.0,0,0,8,0,0,0.0,1,0,1,0,0.0,0.0,0.0,0,0,0,3.3999999999999986,25.4,98,77.50308,1.4,0.0,,24.0,23.0,23.25,105.0,,,111.66666666666667,198.0,2021-08,2021-08,21,20.961085783029862,0.03891421697013797,0.03891421697013797,False
2021-08-02 06:00:00,20210802,22,25,22.5,False,True,False,False,False,True,True,6,1,0,0,1,2.0,1.0,0,0,8,0,0,0.0,1,0,1,0,0.0,0.0,0.0,0,0,0,4.300000000000001,26.3,98,79.10525999999999,0.7,0.0,,26.0,23.0,23.75,124.0,,,111.66666666666667,198.0,2021-08,2021-08,22,21.060540110346082,0.9394598896539179,0.9394598896539179,False
2021-08-02 07:00:00,20210802,21,24,24.5,False,True,False,False,False,True,True,7,1,0,0,1,2.0,1.0,0,1,8,0,0,0.0,1,0,1,0,0.0,0.0,0.0,0,0,0,4.699999999999999,26.7,98,79.81734,1.4,0.0,,71.0,65.0,66.0,156.0,,,111.66666666666667,198.0,2021-08,2021-08,21,14.195512608725139,6.804487391274861,6.804487391274861,False
2021-08-02 08:00:00,20210802,20,21,20.5,False,True,False,False,False,True,True,8,1,0,0,1,2.0,1.0,2,0,8,0,0,0.0,1,0,1,0,0.0,0.0,0.0,0,0,0,6.399999999999999,28.4,95,82.4292,1.3,0.0,,198.0,188.0,185.0,198.0,,,111.66666666666667,198.0,2021-08,2021-08,20,25.86473928235476,-5.864739282354758,5.864739282354758,False
2021-08-02 09:00:00,20210802,21,21,21.0,False,True,False,False,False,True,True,9,1,0,0,1,2.0,1.0,2,0,8,0,0,0.0,1,0,1,0,0.0,0.0,0.0,0,0,0,6.5,28.5,90,81.9085,0.9,0.0,,184.0,179.0,181.0,198.0,,,111.66666666666667,198.0,2021-08,2021-08,21,22.097214094774333,-1.0972140947743334,1.0972140947743334,False
2021-08-02 10:00:00,20210802,22,25,23.0,False,True,False,False,False,True,True,10,1,0,0,1,2.0,1.0,2,0,8,0,0,0.0,1,0,1,0,0.0,0.0,0.0,0,0,0,9.600000000000001,31.6,71,83.95464,2.0,0.0,,185.0,185.0,179.5,188.0,,,111.66666666666667,198.0,2021-08,2021-08,22,23.800656897479097,-1.8006568974790973,1.8006568974790973,False
2021-08-02 11:00:00,20210802,21,21,23.0,False,True,False,False,False,True,True,11,1,0,0,1,2.0,1.0,2,0,8,0,0,0.0,1,0,1,0,0.0,0.0,0.0,0,0,0,6.800000000000001,28.8,91,82.56092000000001,1.5,4.6,,190.0,199.0,186.75,208.0,,,111.66666666666667,198.0,2021-08,2021-08,21,24.34446921803257,-3.3444692180325717,3.3444692180325717,False
2021-08-02 12:00:00,20210802,21,21,21.0,False,True,False,False,False,True,True,12,1,0,0,1,2.0,1.0,1,1,8,0,0,0.0,1,0,1,0,0.0,0.0,0.0,0,0,0,5.300000000000001,27.3,94,80.37638,2.0,16.7,,113.0,117.0,112.25,121.0,,,111.66666666666667,198.0,2021-08,2021-08,21,27.86428520891633,-6.864285208916328,6.864285208916328,False
2021-08-02 13:00:00,20210802,22,23,22.0,False,True,False,False,False,True,True,13,1,0,0,1,2.0,1.0,2,0,8,0,0,0.0,1,0,1,0,0.0,0.0,0.0,0,0,0,7.899999999999999,29.9,86,83.67786,0.6,16.7,,169.0,178.0,170.5,194.0,,,111.66666666666667,198.0,2021-08,2021-08,22,20.32593965061638,1.6740603493836197,1.6740603493836197,False
2021-08-02 14:00:00,20210802,23,25,24.0,False,True,False,False,False,True,True,14,1,0,0,1,2.0,1.0,2,0,8,0,0,0.0,1,0,1,0,0.0,0.0,0.0,0,0,0,9.3,31.3,70,83.3339,1.5,16.7,,186.0,178.0,179.25,196.0,,,111.66666666666667,198.0,2021-08,2021-08,23,25.64103458933866,-2.641034589338659,2.641034589338659,False
2021-08-02 15:00:00,20210802,21,21,21.0,False,True,False,False,False,True,True,15,1,0,0,1,2.0,1.0,2,0,8,0,0,0.0,1,0,1,0,0.0,0.0,0.0,0,0,0,10.0,32.0,66,83.6908,3.1,16.7,,158.0,169.0,162.75,161.0,,,111.66666666666667,198.0,2021-08,2021-08,21,21.26846174014455,-0.2684617401445486,0.2684617401445486,False
2021-08-02 16:00:00,20210802,21,21,21.0,False,True,False,False,False,True,True,16,1,0,0,1,2.0,1.0,2,0,8,0,0,0.0,1,0,1,0,0.0,0.0,0.0,0,0,0,9.0,31.0,70,82.88300000000001,3.8,16.7,,169.0,183.0,171.0,174.0,,,111.66666666666667,198.0,2021-08,2021-08,21,21.394316959147826,-0.39431695914782594,0.39431695914782594,False
2021-08-02 17:00:00,20210802,22,24,22.5,False,True,False,False,False,True,True,17,1,0,0,1,2.0,1.0,2,1,8,0,0,0.0,1,0,1,0,0.0,0.0,0.0,0,0,0,8.100000000000001,30.1,75,82.30525,3.2,16.7,,136.0,149.0,138.0,147.0,,,111.66666666666667,198.0,2021-08,2021-08,22,18.605212565498437,3.3947874345015627,3.3947874345015627,False
2021-08-02 18:00:00,20210802,22,26,25.0,False,True,False,False,False,True,True,18,1,0,0,1,2.0,1.0,2,0,8,0,0,0.0,1,0,1,0,0.0,0.0,0.0,0,0,0,7.300000000000001,29.3,78,81.50446,1.3,16.7,,175.0,171.0,165.25,183.0,,,111.66666666666667,198.0,2021-08,2021-08,22,19.96468328603294,2.0353167139670596,2.0353167139670596,False
2021-08-02 19:00:00,20210802,21,21,21.0,False,True,False,False,False,True,True,19,1,0,0,1,2.0,1.0,2,0,8,0,0,0.0,1,0,1,0,0.0,0.0,0.0,0,0,0,6.399999999999999,28.4,82,80.63311999999999,1.9,16.7,,157.0,151.0,151.0,151.0,,,111.66666666666667,198.0,2021-08,2021-08,21,19.038313886023996,1.961686113976004,1.961686113976004,False
2021-08-02 20:00:00,20210802,22,24,22.5,False,True,False,False,False,True,True,20,1,0,0,1,2.0,1.0,0,0,8,0,0,0.0,1,0,1,0,0.0,0.0,0.0,0,0,0,5.600000000000001,27.6,82,79.33568,1.1,16.7,,102.0,127.0,118.5,107.0,,,111.66666666666667,198.0,2021-08,2021-08,22,31.475184742255646,-9.475184742255646,9.475184742255646,False
2021-08-02 21:00:00,20210802,22,24,22.5,False,True,False,False,False,True,True,21,1,0,0,1,2.0,1.0,0,0,8,0,0,0.0,1,0,1,0,0.0,0.0,0.0,0,0,0,4.899999999999999,26.9,84,78.44703999999999,0.5,16.7,,110.0,124.0,117.75,110.0,,,111.66666666666667,198.0,2021-08,2021-08,22,30.119430302822774,-8.119430302822774,8.119430302822774,False
2021-08-02 22:00:00,20210802,22,24,24.0,False,True,False,False,False,True,True,22,1,0,0,1,2.0,1.0,0,0,8,0,0,0.0,1,0,1,0,0.0,0.0,0.0,0,0,0,4.699999999999999,26.7,81,77.75473,1.2,16.7,,110.0,106.0,109.0,103.0,,,111.66666666666667,198.0,2021-08,2021-08,22,32.201582132207776,-10.201582132207776,10.201582132207776,False
2021-08-02 23:00:00,20210802,21,21,21.0,False,True,False,False,False,True,True,23,1,0,0,1,2.0,1.0,0,0,8,0,0,0.0,1,0,1,0,0.0,,0.0,0,0,0,3.6000000000000014,25.6,89,76.86516,0.2,16.7,,95.0,110.0,102.5,103.0,,,111.66666666666667,198.0,2021-08,2021-08,21,25.897038070035844,-4.897038070035844,4.897038070035844,False
2021-08-03 00:00:00,20210803,21,22,21.5,False,True,False,False,False,True,True,0,2,0,0,1,3.0,1.0,0,0,8,0,0,0.0,1,0,1,0,,0.0,,0,0,0,3.5,25.5,87,76.47715,1.1,0.0,,68.0,71.0,69.0,88.0,,,145.16666666666666,207.0,2021-08,2021-08,21,17.51132914446355,3.4886708555364514,3.4886708555364514,False
2021-08-03 01:00:00,20210803,23,26,25.5,False,True,False,False,False,True,True,1,2,0,0,1,3.0,1.0,0,0,8,0,0,0.0,1,0,1,0,0.0,0.0,0.0,0,0,0,2.6000000000000014,24.6,90,75.27459999999999,0.4,0.0,,102.0,100.0,100.25,121.0,,,145.16666666666666,207.0,2021-08,2021-08,23,34.340339793663134,-11.340339793663134,11.340339793663134,False
2021-08-03 02:00:00,20210803,21,21,21.0,False,True,False,False,False,True,True,2,2,0,0,1,3.0,1.0,0,0,8,0,0,0.0,1,0,1,0,0.0,0.0,0.0,0,0,0,1.8999999999999986,23.9,96,74.64555999999999,0.2,0.0,,115.0,103.0,108.75,119.0,,,145.16666666666666,207.0,2021-08,2021-08,21,32.15818349917364,-11.158183499173639,11.158183499173639,False
2021-08-03 03:00:00,20210803,21,22,21.5,False,True,False,False,False,True,True,3,2,0,0,1,3.0,1.0,0,0,8,0,0,0.0,1,0,1,0,0.0,0.0,0.0,0,0,0,2.3000000000000007,24.3,96,75.34972,1.1,0.0,,105.0,105.0,106.25,122.0,,,145.16666666666666,207.0,2021-08,2021-08,21,37.80065278708031,-16.80065278708031,16.80065278708031,False
2021-08-03 04:00:00,20210803,21,21,21.0,False,True,False,False,False,True,True,4,2,0,0,1,3.0,1.0,0,0,8,0,0,0.0,1,0,1,0,0.0,0.0,0.0,0,0,0,1.8999999999999986,23.9,98,74.83278,0.7,0.0,,108.0,107.0,106.75,119.0,,,145.16666666666666,207.0,2021-08,2021-08,21,37.39867575902417,-16.398675759024172,16.398675759024172,False
2021-08-03 05:00:00,20210803,22,24,23.5,False,True,False,False,False,True,True,5,2,0,0,1,3.0,1.0,0,0,8,0,0,0.0,1,0,1,0,0.0,0.0,0.0,0,0,0,2.1000000000000014,24.1,94,74.80646,1.1,0.0,,89.0,91.0,105.25,105.0,,,145.16666666666666,207.0,2021-08,2021-08,22,22.519009606193595,-0.5190096061935954,0.5190096061935954,False
2021-08-03 06:00:00,20210803,21,21,21.0,False,True,False,False,False,True,True,6,2,0,0,1,3.0,1.0,0,0,8,0,0,0.0,1,0,1,0,0.0,0.0,0.0,0,0,0,3.3000000000000007,25.3,91,76.57276999999999,0.1,0.0,,105.0,110.0,109.0,124.0,,,145.16666666666666,207.0,2021-08,2021-08,21,36.37180473635191,-15.371804736351912,15.371804736351912,False
2021-08-03 07:00:00,20210803,20,21,20.5,False,True,False,False,False,True,True,7,2,0,0,1,3.0,1.0,0,1,8,0,0,0.0,1,0,1,0,0.0,0.0,0.0,0,0,0,3.6999999999999993,25.7,89,77.03426999999999,0.9,0.0,,134.0,133.0,124.25,156.0,,,145.16666666666666,207.0,2021-08,2021-08,20,23.198974096003436,-3.198974096003436,3.198974096003436,False
2021-08-03 08:00:00,20210803,22,25,23.5,False,True,False,False,False,True,True,8,2,0,0,1,3.0,1.0,2,0,8,0,0,0.0,1,0,1,0,0.0,0.0,0.0,0,0,0,4.699999999999999,26.7,82,77.87606,1.0,0.0,,194.0,188.0,166.0,198.0,,,145.16666666666666,207.0,2021-08,2021-08,22,29.083906175480582,-7.083906175480582,7.083906175480582,False
2021-08-03 09:00:00,20210803,21,21,23.0,False,True,False,False,False,True,True,9,2,0,0,1,3.0,1.0,2,0,8,0,0,0.0,1,0,1,0,0.0,0.0,0.0,0,0,0,5.100000000000001,27.1,85,78.90065,1.4,0.0,,181.0,191.0,166.0,198.0,,,145.16666666666666,207.0,2021-08,2021-08,21,25.98373229484491,-4.983732294844909,4.983732294844909,False
2021-08-03 10:00:00,20210803,21,21,21.0,False,True,False,False,False,True,True,10,2,0,0,1,3.0,1.0,2,0,8,0,0,0.0,1,0,1,0,0.0,0.0,0.0,0,0,0,5.600000000000001,27.6,87,79.98688,2.3,0.0,,188.0,189.0,167.25,188.0,,,145.16666666666666,207.0,2021-08,2021-08,21,29.594598391037504,-8.594598391037504,8.594598391037504,False
2021-08-03 11:00:00,20210803,22,24,22.5,False,True,False,False,False,True,True,11,2,0,0,1,3.0,1.0,2,0,8,0,0,0.0,1,0,1,0,0.0,0.0,0.0,0,0,0,7.5,29.5,79,81.96995,1.1,0.0,,207.0,190.0,178.0,208.0,,,145.16666666666666,207.0,2021-08,2021-08,22,27.873088035459187,-5.873088035459187,5.873088035459187,False
2021-08-03 12:00:00,20210803,23,25,24.0,False,True,False,False,False,True,True,12,2,0,0,1,3.0,1.0,1,1,8,0,0,0.0,1,0,1,0,0.0,0.0,0.0,0,0,0,8.899999999999999,30.9,68,82.40688,1.0,0.0,,110.0,121.0,116.0,121.0,,,145.16666666666666,207.0,2021-08,2021-08,23,34.1375712311467,-11.137571231146701,11.137571231146701,False
2021-08-03 13:00:00,20210803,21,21,21.0,False,True,False,False,False,True,True,13,2,0,0,1,3.0,1.0,2,0,8,0,0,0.0,1,0,1,0,0.0,0.0,0.0,0,0,0,7.899999999999999,29.9,74,81.84173999999999,1.0,0.0,,182.0,178.0,156.5,194.0,,,145.16666666666666,207.0,2021-08,2021-08,21,26.94837441158997,-5.94837441158997,5.94837441158997,False
2021-08-03 14:00:00,20210803,21,22,21.5,False,True,False,False,False,True,True,14,2,0,0,1,3.0,1.0,2,0,8,0,0,0.0,1,0,1,0,0.0,0.0,0.0,0,0,0,6.399999999999999,28.4,84,80.90943999999999,1.3,0.7,,195.0,187.0,177.75,196.0,,,145.16666666666666,207.0,2021-08,2021-08,21,27.30696613202195,-6.306966132021952,6.306966132021952,False
2021-08-03 15:00:00,20210803,23,26,23.5,False,True,False,False,False,True,True,15,2,0,0,1,3.0,1.0,2,0,8,0,0,0.0,1,0,1,0,0.0,0.0,0.0,0,0,0,7.5,29.5,76,81.52279999999999,2.6,0.7,,179.0,167.0,171.25,161.0,,,145.16666666666666,207.0,2021-08,2021-08,23,23.14851384268584,-0.14851384268584056,0.14851384268584056,False
2021-08-03 16:00:00,20210803,22,24,25.0,False,True,False,False,False,True,True,16,2,0,0,1,3.0,1.0,2,0,8,0,0,0.0,1,0,1,0,0.0,0.0,0.0,0,0,0,7.399999999999999,29.4,73,80.92238,3.0,0.7,,186.0,185.0,179.0,174.0,,,145.16666666666666,207.0,2021-08,2021-08,22,27.353724280221865,-5.353724280221865,5.353724280221865,False
2021-08-03 17:00:00,20210803,21,21,21.0,False,True,False,False,False,True,True,17,2,0,0,1,3.0,1.0,2,1,8,0,0,0.0,1,0,1,0,0.0,0.0,0.0,0,0,0,7.0,29.0,76,80.7416,1.3,0.7,,159.0,132.0,140.75,147.0,,,145.16666666666666,207.0,2021-08,2021-08,21,19.034170365547652,1.9658296344523478,1.9658296344523478,False
2021-08-03 18:00:00,20210803,22,24,22.5,False,True,False,False,False,True,True,18,2,0,0,1,3.0,1.0,2,0,8,0,0,0.0,1,0,1,0,0.0,0.0,0.0,0,0,0,6.100000000000001,28.1,83,80.28177,1.2,0.7,,169.0,175.0,162.25,183.0,,,145.16666666666666,207.0,2021-08,2021-08,22,23.595600646839824,-1.5956006468398236,1.5956006468398236,False
2021-08-03 19:00:00,20210803,23,25,24.5,False,True,False,False,False,True,True,19,2,0,0,1,3.0,1.0,2,0,8,0,0,0.0,1,0,1,0,0.0,0.0,0.0,0,0,0,5.399999999999999,27.4,87,79.65261999999998,0.6,0.7,,169.0,170.0,166.0,151.0,,,145.16666666666666,207.0,2021-08,2021-08,23,21.525105423974424,1.4748945760255765,1.4748945760255765,False
2021-08-03 20:00:00,20210803,21,22,22.0,False,True,False,False,False,True,True,20,2,0,0,1,3.0,1.0,0,0,8,0,0,0.0,1,0,1,0,0.0,0.0,0.0,0,0,0,5.300000000000001,27.3,86,79.35822,0.6,0.7,,144.0,127.0,145.0,107.0,,,145.16666666666666,207.0,2021-08,2021-08,21,19.696317004625566,1.3036829953744338,1.3036829953744338,False
2021-08-03 21:00:00,20210803,22,22,22.0,False,True,False,False,False,True,True,21,2,0,0,1,3.0,1.0,0,0,8,0,0,0.0,1,0,1,0,0.0,0.0,0.0,0,0,0,5.300000000000001,27.3,85,79.23095,1.0,0.7,,144.0,130.0,143.5,110.0,,,145.16666666666666,207.0,2021-08,2021-08,22,20.14578596121076,1.854214038789241,1.854214038789241,False
2021-08-03 22:00:00,20210803,21,21,21.0,False,True,False,False,False,True,True,22,2,0,0,1,3.0,1.0,0,0,8,0,0,0.0,1,0,1,0,0.0,0.0,0.0,0,0,0,3.8999999999999986,25.9,92,77.71271999999999,0.4,0.7,,129.0,112.0,132.75,103.0,,,145.16666666666666,207.0,2021-08,2021-08,21,17.71067199761895,3.289328002381051,3.289328002381051,False
2021-08-03 23:00:00,20210803,23,26,24.5,False,True,False,False,False,True,True,23,2,0,0,1,3.0,1.0,0,0,8,0,0,0.0,1,0,1,0,0.0,,0.0,0,0,0,3.6000000000000014,25.6,93,77.30692,0.5,0.7,,122.0,109.0,131.25,103.0,,,145.16666666666666,207.0,2021-08,2021-08,23,17.23109243175429,5.768907568245709,5.768907568245709,False
2021-08-04 00:00:00,20210804,21,21,21.0,False,True,False,False,False,True,True,0,3,0,0,1,4.0,1.0,0,0,8,0,0,0.0,1,0,1,0,,0.0,,0,0,0,3.8999999999999986,25.9,93,77.82612999999999,0.9,0.0,,88.0,78.0,78.75,88.0,,,145.66666666666666,208.0,2021-08,2021-08,21,22.688816324981428,-1.6888163249814276,1.6888163249814276,False
2021-08-04 01:00:00,20210804,21,21,21.0,False,True,False,False,False,True,True,1,3,0,0,1,4.0,1.0,0,0,8,0,0,0.0,1,0,1,0,0.0,0.0,0.0,0,0,0,2.6999999999999993,24.7,95,75.95235,0.1,0.0,,121.0,107.0,108.0,121.0,,,145.66666666666666,208.0,2021-08,2021-08,21,31.17738200524363,-10.17738200524363,10.17738200524363,False
2021-08-04 02:00:00,20210804,20,21,20.5,False,True,False,False,False,True,True,2,3,0,0,1,4.0,1.0,0,0,8,0,0,0.0,1,0,1,0,0.0,0.0,0.0,0,0,0,2.3000000000000007,24.3,93,75.05701,0.6,0.0,,119.0,100.0,107.5,119.0,,,145.66666666666666,208.0,2021-08,2021-08,20,32.54056373789604,-12.540563737896044,12.540563737896044,False
2021-08-04 03:00:00,20210804,22,25,23.5,False,True,False,False,False,True,True,3,3,0,0,1,4.0,1.0,0,0,8,0,0,0.0,1,0,1,0,0.0,0.0,0.0,0,0,0,2.3999999999999986,24.4,96,75.52575999999999,0.2,0.0,,122.0,102.0,109.0,122.0,,,145.66666666666666,208.0,2021-08,2021-08,22,31.171707914003935,-9.171707914003935,9.171707914003935,False
2021-08-04 04:00:00,20210804,21,21,21.0,False,True,False,False,False,True,True,4,3,0,0,1,4.0,1.0,0,0,8,0,0,0.0,1,0,1,0,0.0,0.0,0.0,0,0,0,2.1000000000000014,24.1,98,75.18881999999999,0.3,0.0,,119.0,107.0,109.25,119.0,,,145.66666666666666,208.0,2021-08,2021-08,21,32.09105623839937,-11.091056238399368,11.091056238399368,False
2021-08-04 05:00:00,20210804,21,21,21.0,False,True,False,False,False,True,True,5,3,0,0,1,4.0,1.0,0,0,8,0,0,0.0,1,0,1,0,0.0,0.0,0.0,0,0,0,2.3000000000000007,24.3,92,74.95944,1.0,0.0,,105.0,94.0,95.5,105.0,,,145.66666666666666,208.0,2021-08,2021-08,21,34.18092248257737,-13.180922482577373,13.180922482577373,False
2021-08-04 06:00:00,20210804,23,26,24.5,False,True,False,False,False,True,True,6,3,0,0,1,4.0,1.0,0,0,8,0,0,0.0,1,0,1,0,0.0,0.0,0.0,0,0,0,4.600000000000001,26.6,83,77.83422,0.4,0.0,,124.0,106.0,109.5,124.0,,,145.66666666666666,208.0,2021-08,2021-08,23,33.10026259331264,-10.100262593312642,10.100262593312642,False
2021-08-04 07:00:00,20210804,20,21,21.0,False,True,False,False,False,True,True,7,3,0,0,1,4.0,1.0,0,1,8,0,0,0.0,1,0,1,0,0.0,0.0,0.0,0,0,0,6.0,28.0,79,79.58179999999999,0.7,0.0,,156.0,128.0,136.5,156.0,,,145.66666666666666,208.0,2021-08,2021-08,20,19.8621841714435,0.13781582855650143,0.13781582855650143,False
2021-08-04 08:00:00,20210804,21,23,22.0,False,True,False,False,False,True,True,8,3,0,0,1,4.0,1.0,2,0,8,0,0,0.0,1,0,1,0,0.0,0.0,0.0,0,0,0,7.600000000000001,29.6,67,80.32868,0.9,0.0,,198.0,193.0,187.75,198.0,,,145.66666666666666,208.0,2021-08,2021-08,21,29.045092625169957,-8.045092625169957,8.045092625169957,False
2021-08-04 09:00:00,20210804,21,21,21.5,False,True,False,False,False,True,True,9,3,0,0,1,4.0,1.0,2,0,8,0,0,0.0,1,0,1,0,0.0,0.0,0.0,0,0,0,9.3,31.3,58,81.33145999999999,1.0,0.0,,198.0,204.0,191.25,198.0,,,145.66666666666666,208.0,2021-08,2021-08,21,29.12111821832463,-8.121118218324629,8.121118218324629,False
2021-08-04 10:00:00,20210804,22,25,23.5,False,True,False,False,False,True,True,10,3,0,0,1,4.0,1.0,2,0,8,0,0,0.0,1,0,1,0,0.0,0.0,0.0,0,0,0,10.299999999999997,32.3,53,81.83180999999999,1.7,0.0,,188.0,179.0,179.0,188.0,,,145.66666666666666,208.0,2021-08,2021-08,22,29.425138740074996,-7.4251387400749955,7.4251387400749955,False
2021-08-04 11:00:00,20210804,21,21,21.0,False,True,False,False,False,True,True,11,3,0,0,1,4.0,1.0,2,0,8,0,0,0.0,1,0,1,0,0.0,0.0,0.0,0,0,0,10.899999999999999,32.9,57,83.36347,1.5,0.0,,208.0,197.0,192.0,208.0,,,145.66666666666666,208.0,2021-08,2021-08,21,28.795378626869695,-7.795378626869695,7.795378626869695,False
2021-08-04 12:00:00,20210804,21,21,21.0,False,True,False,False,False,True,True,12,3,0,0,1,4.0,1.0,1,1,8,0,0,0.0,1,0,1,0,0.0,0.0,0.0,0,0,0,10.0,32.0,67,83.8646,2.3,0.0,,121.0,128.0,115.0,121.0,,,145.66666666666666,208.0,2021-08,2021-08,21,27.895245405030206,-6.895245405030206,6.895245405030206,False
2021-08-04 13:00:00,20210804,22,25,23.0,False,True,False,False,False,True,True,13,3,0,0,1,4.0,1.0,2,0,8,0,0,0.0,1,0,1,0,0.0,0.0,0.0,0,0,0,10.600000000000001,32.6,65,84.3891,1.7,0.0,,194.0,189.0,180.5,194.0,,,145.66666666666666,208.0,2021-08,2021-08,22,28.367603910969546,-6.367603910969546,6.367603910969546,False
2021-08-04 14:00:00,20210804,22,24,24.5,False,True,False,False,False,True,True,14,3,0,0,1,4.0,1.0,2,0,8,0,0,0.0,1,0,1,0,0.0,0.0,0.0,0,0,0,9.899999999999999,31.9,59,82.33479,2.1,0.0,,196.0,199.0,187.0,196.0,,,145.66666666666666,208.0,2021-08,2021-08,22,28.261110404479933,-6.261110404479933,6.261110404479933,False
2021-08-04 15:00:00,20210804,22,24,22.5,False,True,False,False,False,True,True,15,3,0,0,1,4.0,1.0,2,0,8,0,0,0.0,1,0,1,0,0.0,0.0,0.0,0,0,0,10.0,32.0,59,82.4742,1.8,0.0,,161.0,171.0,156.0,161.0,,,145.66666666666666,208.0,2021-08,2021-08,22,25.50117084084493,-3.5011708408449316,3.5011708408449316,False
2021-08-04 16:00:00,20210804,21,22,22.5,False,True,False,False,False,True,True,16,3,0,0,1,4.0,1.0,2,0,8,0,0,0.0,1,0,1,0,0.0,0.0,0.0,0,0,0,9.899999999999999,31.9,55,81.64355,1.6,0.0,,174.0,182.0,171.75,174.0,,,145.66666666666666,208.0,2021-08,2021-08,21,24.318545851022744,-3.318545851022744,3.318545851022744,False
2021-08-04 17:00:00,20210804,23,26,24.0,False,True,False,False,False,True,True,17,3,0,0,1,4.0,1.0,2,1,8,0,0,0.0,1,0,1,0,0.0,0.0,0.0,0,0,0,8.5,30.5,63,81.01885,1.8,0.0,,147.0,138.0,140.75,147.0,,,145.66666666666666,208.0,2021-08,2021-08,23,21.75000592127122,1.249994078728779,1.249994078728779,False
2021-08-04 18:00:00,20210804,21,22,24.0,False,True,False,False,False,True,True,18,3,0,0,1,4.0,1.0,2,0,8,0,0,0.0,1,0,1,0,0.0,0.0,0.0,0,0,0,7.5,29.5,65,79.88325,1.1,0.0,,183.0,162.0,169.75,183.0,,,145.66666666666666,208.0,2021-08,2021-08,21,24.469188190651124,-3.469188190651124,3.469188190651124,False
2021-08-04 19:00:00,20210804,21,21,21.0,False,True,False,False,False,True,True,19,3,0,0,1,4.0,1.0,2,0,8,0,0,0.0,1,0,1,0,0.0,0.0,0.0,0,0,0,6.300000000000001,28.3,79,80.05942999999999,1.3,0.0,,151.0,162.0,152.0,151.0,,,145.66666666666666,208.0,2021-08,2021-08,21,22.92811050054448,-1.9281105005444807,1.9281105005444807,False
2021-08-04 20:00:00,20210804,21,21,21.0,False,True,False,False,False,True,True,20,3,0,0,1,4.0,1.0,0,0,8,0,0,0.0,1,0,1,0,0.0,0.0,0.0,0,0,0,5.600000000000001,27.6,87,79.98688,0.4,0.0,,107.0,131.0,116.75,107.0,,,145.66666666666666,208.0,2021-08,2021-08,21,32.86395218576494,-11.863952185764937,11.863952185764937,False
2021-08-04 21:00:00,20210804,23,26,24.5,False,True,False,False,False,True,True,21,3,0,0,1,4.0,1.0,0,0,8,0,0,0.0,1,0,1,0,0.0,0.0,0.0,0,0,0,4.600000000000001,26.6,91,78.79694,0.7,0.0,,110.0,117.0,113.5,110.0,,,145.66666666666666,208.0,2021-08,2021-08,23,31.85113459360105,-8.85113459360105,8.85113459360105,False
2021-08-04 22:00:00,20210804,21,21,21.0,False,True,False,False,False,True,True,22,3,0,0,1,4.0,1.0,0,0,8,0,0,0.0,1,0,1,0,0.0,0.0,0.0,0,0,0,4.300000000000001,26.3,91,78.28367,0.1,0.0,,103.0,104.0,105.25,103.0,,,145.66666666666666,208.0,2021-08,2021-08,21,33.00827948278647,-12.00827948278647,12.00827948278647,False
2021-08-04 23:00:00,20210804,21,22,21.5,False,True,False,False,False,True,True,23,3,0,0,1,4.0,1.0,0,0,8,0,0,0.0,1,0,1,0,0.0,,0.0,0,0,0,3.8999999999999986,25.9,88,77.25908,0.6,0.0,,103.0,103.0,103.75,103.0,,,145.66666666666666,208.0,2021-08,2021-08,21,33.09224210445773,-12.092242104457732,12.092242104457732,False
2021-08-05 00:00:00,20210805,21,21,21.0,False,True,False,False,False,True,True,0,4,0,0,1,5.0,1.0,0,0,8,0,0,0.0,1,0,1,0,,0.0,,0,0,0,3.6999999999999993,25.7,90,77.14569999999999,0.7,0.0,,68.0,71.0,69.75,88.0,,,142.83333333333334,207.0,2021-08,2021-08,21,17.939916250321176,3.0600837496788245,3.0600837496788245,False
2021-08-05 01:00:00,20210805,22,25,24.0,False,True,False,False,False,True,True,1,4,0,0,1,5.0,1.0,0,0,8,0,0,0.0,1,0,1,0,0.0,0.0,0.0,0,0,0,3.6000000000000014,25.6,89,76.86516,1.7,0.0,,110.0,99.0,99.5,121.0,,,142.83333333333334,207.0,2021-08,2021-08,22,35.033429156439645,-13.033429156439645,13.033429156439645,False
2021-08-05 02:00:00,20210805,21,21,21.0,False,True,False,False,False,True,True,2,4,0,0,1,5.0,1.0,0,0,8,0,0,0.0,1,0,1,0,0.0,0.0,0.0,0,0,0,3.1000000000000014,25.1,90,76.1251,1.2,0.0,,111.0,103.0,107.25,119.0,,,142.83333333333334,207.0,2021-08,2021-08,21,37.795752652117876,-16.795752652117876,16.795752652117876,False
2021-08-05 03:00:00,20210805,21,21,21.0,False,True,False,False,False,True,True,3,4,0,0,1,5.0,1.0,0,0,8,0,0,0.0,1,0,1,0,0.0,0.0,0.0,0,0,0,2.8999999999999986,24.9,93,76.09543,1.0,0.0,,110.0,100.0,106.0,122.0,,,142.83333333333334,207.0,2021-08,2021-08,21,35.27853422496782,-14.27853422496782,14.27853422496782,False
2021-08-05 04:00:00,20210805,22,25,22.5,False,True,False,False,False,True,True,4,4,0,0,1,5.0,1.0,0,0,8,0,0,0.0,1,0,1,0,0.0,0.0,0.0,0,0,0,2.3999999999999986,24.4,93,75.23007999999999,0.1,0.0,,111.0,105.0,108.0,119.0,,,142.83333333333334,207.0,2021-08,2021-08,22,37.25536258207435,-15.255362582074348,15.255362582074348,False
2021-08-05 05:00:00,20210805,21,22,23.5,False,True,False,False,False,True,True,5,4,0,0,1,5.0,1.0,0,0,8,0,0,0.0,1,0,1,0,0.0,0.0,0.0,0,0,0,2.5,24.5,93,75.40315,1.7,0.0,,94.0,86.0,91.0,105.0,,,142.83333333333334,207.0,2021-08,2021-08,21,23.351545896500056,-2.351545896500056,2.351545896500056,False
2021-08-05 06:00:00,20210805,21,22,21.5,False,True,False,False,False,True,True,6,4,0,0,1,5.0,1.0,0,0,8,0,0,0.0,1,0,1,0,0.0,0.0,0.0,0,0,0,5.100000000000001,27.1,87,79.15123,0.6,0.0,,116.0,106.0,108.75,124.0,,,142.83333333333334,207.0,2021-08,2021-08,21,35.23861133318655,-14.238611333186547,14.238611333186547,False
2021-08-05 07:00:00,20210805,20,20,20.5,False,True,False,False,False,True,True,7,4,0,0,1,5.0,1.0,0,1,8,0,0,0.0,1,0,1,0,0.0,0.0,0.0,0,0,0,6.399999999999999,28.4,81,80.49495999999999,0.9,0.0,,141.0,122.0,125.75,156.0,,,142.83333333333334,207.0,2021-08,2021-08,20,26.52678791617072,-6.5267879161707185,6.5267879161707185,False
2021-08-05 08:00:00,20210805,22,24,23.5,False,True,False,False,False,True,True,8,4,0,0,1,5.0,1.0,2,0,8,0,0,0.0,1,0,1,0,0.0,0.0,0.0,0,0,0,8.399999999999999,30.4,72,82.29711999999999,1.0,0.0,,192.0,197.0,172.25,198.0,,,142.83333333333334,207.0,2021-08,2021-08,22,30.200159222263625,-8.200159222263625,8.200159222263625,False
2021-08-05 09:00:00,20210805,21,21,21.0,False,True,False,False,False,True,True,9,4,0,0,1,5.0,1.0,2,0,8,0,0,0.0,1,0,1,0,0.0,0.0,0.0,0,0,0,9.3,31.3,62,81.99894,2.4,0.0,,198.0,192.0,170.75,198.0,,,142.83333333333334,207.0,2021-08,2021-08,21,29.628386371175537,-8.628386371175537,8.628386371175537,False
2021-08-05 10:00:00,20210805,21,21,21.0,False,True,False,False,False,True,True,10,4,0,0,1,5.0,1.0,2,0,8,0,0,0.0,1,0,1,0,0.0,0.0,0.0,0,0,0,10.299999999999997,32.3,62,83.42274,1.9,0.0,,187.0,180.0,164.75,188.0,,,142.83333333333334,207.0,2021-08,2021-08,21,30.03692198406039,-9.036921984060388,9.036921984060388,False
2021-08-05 11:00:00,20210805,22,25,23.5,False,True,False,False,False,True,True,11,4,0,0,1,5.0,1.0,2,0,8,0,0,0.0,1,0,1,0,0.0,0.0,0.0,0,0,0,10.299999999999997,32.3,63,83.59951,1.6,0.0,,207.0,186.0,179.25,208.0,,,142.83333333333334,207.0,2021-08,2021-08,22,29.285032389538372,-7.285032389538372,7.285032389538372,False
2021-08-05 12:00:00,20210805,22,24,24.5,False,True,False,False,False,True,True,12,4,0,0,1,5.0,1.0,1,1,8,0,0,0.0,1,0,1,0,0.0,0.0,0.0,0,0,0,10.799999999999997,32.8,63,84.31635999999999,2.1,0.0,,112.0,104.0,113.5,121.0,,,142.83333333333334,207.0,2021-08,2021-08,22,29.18054187050015,-7.18054187050015,7.18054187050015,False
2021-08-05 13:00:00,20210805,22,24,22.5,False,True,False,False,False,True,True,13,4,0,0,1,5.0,1.0,2,0,8,0,0,0.0,1,0,1,0,0.0,0.0,0.0,0,0,0,10.299999999999997,32.3,63,83.59951,2.5,0.0,,192.0,171.0,167.75,194.0,,,142.83333333333334,207.0,2021-08,2021-08,22,27.86515902695486,-5.86515902695486,5.86515902695486,False
2021-08-05 14:00:00,20210805,21,22,22.5,False,True,False,False,False,True,True,14,4,0,0,1,5.0,1.0,2,0,8,0,0,0.0,1,0,1,0,0.0,0.0,0.0,0,0,0,11.299999999999997,33.3,57,83.91319,1.9,0.0,,187.0,182.0,177.0,196.0,,,142.83333333333334,207.0,2021-08,2021-08,21,29.031701837926235,-8.031701837926235,8.031701837926235,False
2021-08-05 15:00:00,20210805,23,25,24.0,False,True,False,False,False,True,True,15,4,0,0,1,5.0,1.0,2,0,8,0,0,0.0,1,0,1,0,0.0,0.0,0.0,0,0,0,10.600000000000001,32.6,62,83.84988,2.1,0.0,,164.0,164.0,160.25,161.0,,,142.83333333333334,207.0,2021-08,2021-08,23,23.506735627108075,-0.5067356271080747,0.5067356271080747,False
2021-08-05 16:00:00,20210805,22,22,23.0,False,True,False,False,False,True,True,16,4,0,0,1,5.0,1.0,2,0,8,0,0,0.0,1,0,1,0,0.0,0.0,0.0,0,0,0,9.8,31.8,59,82.19538,2.1,0.0,,166.0,165.0,172.25,174.0,,,142.83333333333334,207.0,2021-08,2021-08,22,22.783495954592638,-0.7834959545926381,0.7834959545926381,False
2021-08-05 17:00:00,20210805,22,22,22.0,False,True,False,False,False,True,True,17,4,0,0,1,5.0,1.0,2,1,8,0,0,0.0,1,0,1,0,0.0,0.0,0.0,0,0,0,9.5,31.5,59,81.77714999999999,1.4,0.0,,129.0,124.0,138.25,147.0,,,142.83333333333334,207.0,2021-08,2021-08,22,21.892009672253735,0.10799032774626482,0.10799032774626482,False
2021-08-05 18:00:00,20210805,21,21,21.0,False,True,False,False,False,True,True,18,4,0,0,1,5.0,1.0,2,0,8,0,0,0.0,1,0,1,0,0.0,0.0,0.0,0,0,0,8.0,30.0,62,80.148,1.4,0.0,,174.0,164.0,169.25,183.0,,,142.83333333333334,207.0,2021-08,2021-08,21,24.25536011618394,-3.2553601161839403,3.2553601161839403,False
2021-08-05 19:00:00,20210805,22,25,23.5,False,True,False,False,False,True,True,19,4,0,0,1,5.0,1.0,2,0,8,0,0,0.0,1,0,1,0,0.0,0.0,0.0,0,0,0,7.5,29.5,68,80.3304,1.2,0.0,,169.0,154.0,157.5,151.0,,,142.83333333333334,207.0,2021-08,2021-08,22,23.212692077138204,-1.212692077138204,1.212692077138204,False
2021-08-05 20:00:00,20210805,21,22,21.0,False,True,False,False,False,True,True,20,4,0,0,1,5.0,1.0,0,0,8,0,0,0.0,1,0,1,0,0.0,0.0,0.0,0,0,0,7.0,29.0,68,79.58879999999999,0.9,0.0,,128.0,132.0,136.25,107.0,,,142.83333333333334,207.0,2021-08,2021-08,21,20.240520925079466,0.7594790749205345,0.7594790749205345,False
2021-08-05 21:00:00,20210805,21,22,21.5,False,True,False,False,False,True,True,21,4,0,0,1,5.0,1.0,0,0,8,0,0,0.0,1,0,1,0,0.0,0.0,0.0,0,0,0,5.800000000000001,27.8,77,78.99894,0.7,0.0,,126.0,120.0,139.5,110.0,,,142.83333333333334,207.0,2021-08,2021-08,21,19.82458812838766,1.17541187161234,1.17541187161234,False
2021-08-05 22:00:00,20210805,22,23,22.0,False,True,False,False,False,True,True,22,4,0,0,1,5.0,1.0,0,0,8,0,0,0.0,1,0,1,0,0.0,0.0,0.0,0,0,0,4.800000000000001,26.8,84,78.28288,0.3,0.0,,122.0,115.0,136.5,103.0,,,142.83333333333334,207.0,2021-08,2021-08,22,18.85304259015447,3.1469574098455304,3.1469574098455304,False
2021-08-05 23:00:00,20210805,23,26,24.5,False,True,False,False,False,True,True,23,4,0,0,1,5.0,1.0,0,0,8,0,0,0.0,1,0,1,0,0.0,,0.0,0,0,0,4.600000000000001,26.6,84,77.95456,1.6,0.0,,114.0,107.0,130.25,103.0,,,142.83333333333334,207.0,2021-08,2021-08,23,20.75484228320735,2.245157716792651,2.245157716792651,False
2021-08-06 00:00:00,20210806,21,21,21.0,False,True,False,False,False,True,True,0,5,0,0,1,6.0,1.0,0,0,8,0,0,0.0,1,0,1,0,,0.0,,0,0,0,3.6000000000000014,25.6,86,76.53384,0.8,0.0,,88.0,78.0,76.0,88.0,,,145.66666666666666,208.0,2021-08,2021-08,21,22.594822476138614,-1.5948224761386136,1.5948224761386136,False
2021-08-06 01:00:00,20210806,21,21,21.0,False,True,False,False,False,True,True,1,5,0,0,1,6.0,1.0,0,0,8,0,0,0.0,1,0,1,0,0.0,0.0,0.0,0,0,0,3.6000000000000014,25.6,86,76.53384,1.1,0.0,,121.0,105.0,106.0,121.0,,,145.66666666666666,208.0,2021-08,2021-08,21,32.6872089080657,-11.6872089080657,11.6872089080657,False
2021-08-06 02:00:00,20210806,20,21,20.5,False,True,False,False,False,True,True,2,5,0,0,1,6.0,1.0,0,0,8,0,0,0.0,1,0,1,0,0.0,0.0,0.0,0,0,0,3.0,25.0,91,76.0595,0.5,0.0,,119.0,105.0,108.75,119.0,,,145.66666666666666,208.0,2021-08,2021-08,20,33.100289952048364,-13.100289952048364,13.100289952048364,False
2021-08-06 03:00:00,20210806,22,25,23.5,False,True,False,False,False,True,True,3,5,0,0,1,6.0,1.0,0,0,8,0,0,0.0,1,0,1,0,0.0,0.0,0.0,0,0,0,3.3999999999999986,25.4,92,76.85231999999999,1.4,0.0,,122.0,102.0,107.5,122.0,,,145.66666666666666,208.0,2021-08,2021-08,22,32.2570441787838,-10.2570441787838,10.2570441787838,False
2021-08-06 04:00:00,20210806,22,23,22.0,False,True,False,False,False,True,True,4,5,0,0,1,6.0,1.0,0,0,8,0,0,0.0,1,0,1,0,0.0,0.0,0.0,0,0,0,2.8000000000000007,24.8,95,76.1274,1.1,0.0,,119.0,99.0,107.0,119.0,,,145.66666666666666,208.0,2021-08,2021-08,22,33.538200400043245,-11.538200400043245,11.538200400043245,False
2021-08-06 05:00:00,20210806,21,21,21.0,False,True,False,False,False,True,True,5,5,0,0,1,6.0,1.0,0,0,8,0,0,0.0,1,0,1,0,0.0,0.0,0.0,0,0,0,2.8999999999999986,24.9,96,76.40596,1.1,0.0,,105.0,89.0,95.0,105.0,,,145.66666666666666,208.0,2021-08,2021-08,21,33.81204493782167,-12.812044937821668,12.812044937821668,False
2021-08-06 06:00:00,20210806,22,25,23.5,False,True,False,False,False,True,True,6,5,0,0,1,6.0,1.0,0,0,8,0,0,0.0,1,0,1,0,0.0,0.0,0.0,0,0,0,4.699999999999999,26.7,87,78.48271,1.5,0.0,,124.0,103.0,111.5,124.0,,,145.66666666666666,208.0,2021-08,2021-08,22,34.1230689431302,-12.1230689431302,12.1230689431302,False
2021-08-06 07:00:00,20210806,20,21,22.5,False,True,False,False,False,True,True,7,5,0,0,1,6.0,1.0,0,1,8,0,0,0.0,1,0,1,0,0.0,0.0,0.0,0,0,0,6.5,28.5,78,80.2387,2.1,0.0,,156.0,122.0,137.5,156.0,,,145.66666666666666,208.0,2021-08,2021-08,20,20.297480323549518,-0.29748032354951803,0.29748032354951803,False
2021-08-06 08:00:00,20210806,20,21,20.5,False,True,False,False,False,True,True,8,5,0,0,1,6.0,1.0,2,0,8,0,0,0.0,1,0,1,0,0.0,0.0,0.0,0,0,0,8.7,30.7,69,82.27117,1.5,0.0,,198.0,191.0,187.5,198.0,,,145.66666666666666,208.0,2021-08,2021-08,20,30.34453550871694,-10.344535508716941,10.344535508716941,False
2021-08-06 09:00:00,20210806,21,21,21.0,False,True,False,False,False,True,True,9,5,0,0,1,6.0,1.0,2,0,8,0,0,0.0,1,0,1,0,0.0,0.0,0.0,0,0,0,9.8,31.8,62,82.71083999999999,2.9,0.0,,198.0,185.0,183.5,198.0,,,145.66666666666666,208.0,2021-08,2021-08,21,29.65412694198599,-8.65412694198599,8.65412694198599,False
2021-08-06 10:00:00,20210806,24,25,24.5,False,True,False,False,False,True,True,10,5,0,0,1,6.0,1.0,2,0,8,0,0,0.0,1,0,1,0,0.0,0.0,0.0,0,0,0,10.700000000000003,32.7,60,83.63080000000001,2.1,0.0,,188.0,179.0,175.0,188.0,,,145.66666666666666,208.0,2021-08,2021-08,24,30.111677392372652,-6.111677392372652,6.111677392372652,False
2021-08-06 11:00:00,20210806,24,25,24.5,False,True,False,False,False,True,True,11,5,0,0,1,6.0,1.0,2,0,8,0,0,0.0,1,0,1,0,0.0,0.0,0.0,0,0,0,10.700000000000003,32.7,59,83.45007000000001,2.6,0.0,,208.0,188.0,188.75,208.0,,,145.66666666666666,208.0,2021-08,2021-08,24,29.44272608842733,-5.442726088427332,5.442726088427332,False
2021-08-06 12:00:00,20210806,24,24,24.0,False,True,False,False,False,True,True,12,5,0,0,1,6.0,1.0,1,1,8,0,0,0.0,1,0,1,0,0.0,0.0,0.0,0,0,0,10.700000000000003,32.7,58,83.26934,3.4,0.0,,121.0,113.0,112.5,121.0,,,145.66666666666666,208.0,2021-08,2021-08,24,30.91215037642571,-6.912150376425711,6.912150376425711,False
2021-08-06 13:00:00,20210806,23,24,23.5,False,True,False,False,False,True,True,13,5,0,0,1,6.0,1.0,2,0,8,0,0,0.0,1,0,1,0,0.0,0.0,0.0,0,0,0,10.899999999999999,32.9,59,83.72888999999999,2.9,0.0,,194.0,180.0,180.0,194.0,,,145.66666666666666,208.0,2021-08,2021-08,23,28.911990674400545,-5.9119906744005455,5.9119906744005455,False
2021-08-06 14:00:00,20210806,24,27,25.5,False,True,False,False,False,True,True,14,5,0,0,1,6.0,1.0,2,0,8,0,0,0.0,1,0,1,0,0.0,0.0,0.0,0,0,0,10.200000000000003,32.2,59,82.75302,3.0,0.0,,196.0,184.0,181.75,196.0,,,145.66666666666666,208.0,2021-08,2021-08,24,29.14074987192016,-5.1407498719201605,5.1407498719201605,False
2021-08-06 15:00:00,20210806,22,22,21.5,False,True,False,False,False,True,True,15,5,0,0,1,6.0,1.0,2,0,8,0,0,0.0,1,0,1,0,0.0,0.0,0.0,0,0,0,10.0,32.0,59,82.4742,3.3,0.0,,161.0,175.0,165.25,161.0,,,145.66666666666666,208.0,2021-08,2021-08,22,24.924812357479226,-2.924812357479226,2.924812357479226,False
2021-08-06 16:00:00,20210806,22,22,22.0,False,True,False,False,False,True,True,16,5,0,0,1,6.0,1.0,2,0,8,0,0,0.0,1,0,1,0,0.0,0.0,0.0,0,0,0,9.3,31.3,66,82.66642,2.9,0.0,,174.0,189.0,174.75,174.0,,,145.66666666666666,208.0,2021-08,2021-08,22,25.661324584077935,-3.661324584077935,3.661324584077935,False
2021-08-06 17:00:00,20210806,23,25,24.5,False,True,False,False,False,True,True,17,5,0,0,1,6.0,1.0,2,1,8,0,0,0.0,1,0,1,0,0.0,0.0,0.0,0,0,0,9.399999999999999,31.4,68,83.14848,1.6,0.0,,147.0,138.0,141.5,147.0,,,145.66666666666666,208.0,2021-08,2021-08,23,21.227863979691033,1.7721360203089667,1.7721360203089667,False
2021-08-06 18:00:00,20210806,22,22,23.0,False,True,False,False,False,True,True,18,5,0,0,1,6.0,1.0,2,0,8,0,0,0.0,1,0,1,0,0.0,0.0,0.0,0,0,0,7.699999999999999,29.7,78,82.13734,1.3,0.0,,183.0,175.0,171.5,183.0,,,145.66666666666666,208.0,2021-08,2021-08,22,24.484773342559134,-2.4847733425591336,2.4847733425591336,False
2021-08-06 19:00:00,20210806,21,21,21.5,False,True,False,False,False,True,True,19,5,0,0,1,6.0,1.0,2,0,8,0,0,0.0,1,0,1,0,0.0,0.0,0.0,0,0,0,6.600000000000001,28.6,85,81.3779,0.7,0.0,,151.0,145.0,141.5,151.0,,,145.66666666666666,208.0,2021-08,2021-08,21,19.57283512187904,1.4271648781209585,1.4271648781209585,False
2021-08-06 20:00:00,20210806,21,21,21.0,False,True,False,False,False,True,True,20,5,0,0,1,6.0,1.0,0,0,8,0,0,0.0,1,0,1,0,0.0,0.0,0.0,0,0,0,5.899999999999999,27.9,90,80.8879,1.0,0.0,,107.0,111.0,109.0,107.0,,,145.66666666666666,208.0,2021-08,2021-08,21,35.77998159802306,-14.779981598023063,14.779981598023063,False
2021-08-06 21:00:00,20210806,23,26,25.0,False,True,False,False,False,True,True,21,5,0,0,1,6.0,1.0,0,0,8,0,0,0.0,1,0,1,0,0.0,0.0,0.0,0,0,0,5.399999999999999,27.4,94,80.55044,0.7,0.0,,110.0,107.0,108.5,110.0,,,145.66666666666666,208.0,2021-08,2021-08,23,35.56386592937599,-12.563865929375993,12.563865929375993,False
2021-08-06 22:00:00,20210806,21,21,21.0,False,True,False,False,False,True,True,22,5,0,0,1,6.0,1.0,0,0,8,0,0,0.0,1,0,1,0,0.0,0.0,0.0,0,0,0,5.399999999999999,27.4,94,80.55044,1.4,0.0,,103.0,100.0,101.75,103.0,,,145.66666666666666,208.0,2021-08,2021-08,21,32.54851078293813,-11.54851078293813,11.54851078293813,False
2021-08-06 23:00:00,20210806,21,21,21.0,False,True,False,False,False,True,True,23,5,0,0,1,6.0,1.0,0,0,8,0,0,0.0,1,0,1,0,0.0,,0.0,0,0,0,4.699999999999999,26.7,92,79.08936,1.9,0.0,,103.0,102.0,100.5,103.0,,,145.66666666666666,208.0,2021-08,2021-08,21,35.86444408516718,-14.864444085167179,14.864444085167179,False
2021-08-07 00:00:00,20210807,22,24,22.5,False,True,False,False,False,True,True,0,6,1,0,1,7.0,1.0,0,0,8,0,0,0.0,1,0,1,0,,0.0,,0,0,0,4.199999999999999,26.2,91,78.11258,1.0,0.0,,,68.0,65.66666666666667,88.0,,,,,2021-08,2021-08,22,23.230936811316088,-1.230936811316088,1.230936811316088,False
2021-08-07 01:00:00,20210807,22,25,24.5,False,True,False,False,False,True,True,1,6,1,0,1,7.0,1.0,0,0,8,0,0,0.0,1,0,1,0,0.0,0.0,0.0,0,0,0,3.8000000000000007,25.8,97,78.10274,1.9,0.0,,,96.0,98.0,121.0,,,,,2021-08,2021-08,22,23.741114956823257,-1.7411149568232567,1.7411149568232567,False
2021-08-07 02:00:00,20210807,21,21,21.0,False,True,False,False,False,True,True,2,6,1,0,1,7.0,1.0,0,0,8,0,0,0.0,1,0,1,0,0.0,0.0,0.0,0,0,0,3.8999999999999986,25.9,98,78.39318,2.5,0.0,,,95.0,96.66666666666667,119.0,,,,,2021-08,2021-08,21,23.67904344087654,-2.6790434408765407,2.6790434408765407,False
2021-08-07 03:00:00,20210807,21,21,20.5,False,True,False,False,False,True,True,3,6,1,0,1,7.0,1.0,0,0,8,0,0,0.0,1,0,1,0,0.0,0.0,0.0,0,0,0,4.100000000000001,26.1,98,78.74922000000001,2.0,0.0,,,93.0,94.66666666666667,122.0,,,,,2021-08,2021-08,21,23.690789905282326,-2.690789905282326,2.690789905282326,False
2021-08-07 04:00:00,20210807,21,21,21.0,False,True,False,False,False,True,True,4,6,1,0,1,7.0,1.0,0,0,8,0,0,0.0,1,0,1,0,0.0,0.0,0.0,0,0,0,3.8999999999999986,25.9,98,78.39318,0.5,0.0,,,97.0,97.66666666666667,119.0,,,,,2021-08,2021-08,21,23.3384443847693,-2.3384443847693,2.3384443847693,False
2021-08-07 05:00:00,20210807,22,24,23.0,False,True,False,False,False,True,True,5,6,1,0,1,7.0,1.0,0,0,8,0,0,0.0,1,0,1,0,0.0,0.0,0.0,0,0,0,4.100000000000001,26.1,98,78.74922000000001,1.7,0.0,,,81.0,82.66666666666667,105.0,,,,,2021-08,2021-08,22,22.766122520863544,-0.7661225208635436,0.7661225208635436,False
2021-08-07 06:00:00,20210807,21,21,21.0,False,True,False,False,False,True,True,6,6,1,0,1,7.0,1.0,0,0,8,0,0,0.0,1,0,1,0,0.0,0.0,0.0,0,0,0,4.600000000000001,26.6,96,79.39864,0.6,0.0,,,95.0,93.66666666666667,124.0,,,,,2021-08,2021-08,21,23.448971783369146,-2.448971783369146,2.448971783369146,False
2021-08-07 07:00:00,20210807,21,21,21.0,False,True,False,False,False,True,True,7,6,1,0,1,7.0,1.0,0,1,8,0,0,0.0,1,0,1,0,0.0,0.0,0.0,0,0,0,6.100000000000001,28.1,88,80.95772,1.3,0.0,,,61.0,64.33333333333333,156.0,,,,,2021-08,2021-08,21,23.066625710829538,-2.0666257108295376,2.0666257108295376,False
2021-08-07 08:00:00,20210807,22,25,23.5,False,True,False,False,False,True,True,8,6,1,0,1,7.0,1.0,2,0,8,0,0,0.0,1,0,1,0,0.0,0.0,0.0,0,0,0,8.2,30.2,81,83.39638,1.3,0.0,,,25.0,25.333333333333332,198.0,,,,,2021-08,2021-08,22,22.518226448180652,-0.518226448180652,0.518226448180652,False
2021-08-07 09:00:00,20210807,22,24,24.5,False,True,False,False,False,True,True,9,6,1,0,1,7.0,1.0,2,0,8,0,0,0.0,1,0,1,0,0.0,0.0,0.0,0,0,0,8.600000000000001,30.6,77,83.40137999999999,0.9,0.0,,,24.0,24.666666666666668,198.0,,,,,2021-08,2021-08,22,22.17935542584455,-0.17935542584455177,0.17935542584455177,False
2021-08-07 10:00:00,20210807,21,21,21.0,False,True,False,False,False,True,True,10,6,1,0,1,7.0,1.0,2,0,8,0,0,0.0,1,0,1,0,0.0,0.0,0.0,0,0,0,9.899999999999999,31.9,62,82.85322,1.5,0.0,,,24.0,25.666666666666668,188.0,,,,,2021-08,2021-08,21,22.237920884180994,-1.237920884180994,1.237920884180994,False
2021-08-07 11:00:00,20210807,21,21,21.0,False,True,False,False,False,True,True,11,6,1,0,1,7.0,1.0,2,0,8,0,0,0.0,1,0,1,0,0.0,0.0,0.0,0,0,0,11.399999999999999,33.4,52,83.11232,2.1,0.0,,,27.0,26.666666666666668,208.0,,,,,2021-08,2021-08,21,22.53569057172666,-1.5356905717266613,1.5356905717266613,False
2021-08-07 12:00:00,20210807,23,26,24.5,False,True,False,False,False,True,True,12,6,1,0,1,7.0,1.0,1,1,8,0,0,0.0,1,0,1,0,0.0,0.0,0.0,0,0,0,10.899999999999999,32.9,55,82.99805,2.1,0.0,,,23.0,24.333333333333332,121.0,,,,,2021-08,2021-08,23,22.16519442178189,0.8348055782181092,0.8348055782181092,False
2021-08-07 13:00:00,20210807,21,21,21.5,False,True,False,False,False,True,True,13,6,1,0,1,7.0,1.0,2,0,8,0,0,0.0,1,0,1,0,0.0,0.0,0.0,0,0,0,10.899999999999999,32.9,59,83.72888999999999,2.0,0.0,,,24.0,24.0,194.0,,,,,2021-08,2021-08,21,22.050638061825385,-1.050638061825385,1.050638061825385,False
2021-08-07 14:00:00,20210807,21,21,21.0,False,True,False,False,False,True,True,14,6,1,0,1,7.0,1.0,2,0,8,0,0,0.0,1,0,1,0,0.0,0.0,0.0,0,0,0,10.299999999999997,32.3,66,84.12982,2.5,0.0,,,24.0,23.333333333333332,196.0,,,,,2021-08,2021-08,21,22.06558821141788,-1.0655882114178787,1.0655882114178787,False
2021-08-07 15:00:00,20210807,21,22,21.5,False,True,False,False,False,True,True,15,6,1,0,1,7.0,1.0,2,0,8,0,0,0.0,1,0,1,0,0.0,0.0,0.0,0,0,0,9.600000000000001,31.6,68,83.44512,1.9,0.0,,,26.0,25.0,161.0,,,,,2021-08,2021-08,21,22.13401865361193,-1.1340186536119283,1.1340186536119283,False
2021-08-07 16:00:00,20210807,24,25,24.5,False,True,False,False,False,True,True,16,6,1,0,1,7.0,1.0,2,0,8,0,0,0.0,1,0,1,0,0.0,0.0,0.0,0,0,0,9.399999999999999,31.4,65,82.6449,2.1,0.0,,,24.0,23.666666666666668,174.0,,,,,2021-08,2021-08,24,22.051070183714515,1.9489298162854851,1.9489298162854851,False
2021-08-07 17:00:00,20210807,21,21,21.0,False,True,False,False,False,True,True,17,6,1,0,1,7.0,1.0,2,1,8,0,0,0.0,1,0,1,0,0.0,0.0,0.0,0,0,0,7.699999999999999,29.7,76,81.83528,3.0,0.0,,,24.0,23.0,147.0,,,,,2021-08,2021-08,21,21.54839300213894,-0.5483930021389405,0.5483930021389405,False
2021-08-07 18:00:00,20210807,21,21,21.0,False,True,False,False,False,True,True,18,6,1,0,1,7.0,1.0,2,0,8,0,0,0.0,1,0,1,0,0.0,0.0,0.0,0,0,0,6.600000000000001,28.6,86,81.51804,3.1,0.0,,,25.0,23.666666666666668,183.0,,,,,2021-08,2021-08,21,21.797234657898574,-0.7972346578985743,0.7972346578985743,False
2021-08-07 19:00:00,20210807,22,24,22.5,False,True,False,False,False,True,True,19,6,1,0,1,7.0,1.0,2,0,8,0,0,0.0,1,0,1,0,0.0,0.0,0.0,0,0,0,6.199999999999999,28.2,89,81.26202,1.1,0.0,,,25.0,24.0,151.0,,,,,2021-08,2021-08,22,21.915251965919172,0.0847480340808282,0.0847480340808282,False
2021-08-07 20:00:00,20210807,23,26,25.0,False,True,False,False,False,True,True,20,6,1,0,1,7.0,1.0,0,0,8,0,0,0.0,1,0,1,0,0.0,0.0,0.0,0,0,0,6.199999999999999,28.2,89,81.26202,1.4,0.0,,,24.0,23.0,107.0,,,,,2021-08,2021-08,23,22.47589278486951,0.5241072151304884,0.5241072151304884,False
2021-08-07 21:00:00,20210807,22,22,22.0,False,True,False,False,False,True,True,21,6,1,0,1,7.0,1.0,0,0,8,0,0,0.0,1,0,1,0,0.0,0.0,0.0,0,0,0,6.0,28.0,88,80.7896,0.9,0.0,,,25.0,23.666666666666668,110.0,,,,,2021-08,2021-08,22,22.856133929982775,-0.856133929982775,0.856133929982775,False
2021-08-07 22:00:00,20210807,21,21,21.5,False,True,False,False,False,True,True,22,6,1,0,1,7.0,1.0,0,0,8,0,0,0.0,1,0,1,0,0.0,0.0,0.0,0,0,0,4.800000000000001,26.8,95,79.6284,1.3,0.3,,,26.0,25.333333333333332,103.0,,,,,2021-08,2021-08,21,23.048856052168336,-2.048856052168336,2.048856052168336,False
2021-08-07 23:00:00,20210807,23,25,24.0,False,True,False,False,False,True,True,23,6,1,0,1,7.0,1.0,0,0,8,0,0,0.0,1,0,1,0,0.0,,0.0,0,0,0,4.199999999999999,26.2,98,78.92724,0.8,1.1,,,24.0,23.0,103.0,,,,,2021-08,2021-08,23,22.99567250526231,0.004327494737690785,0.004327494737690785,False
2021-08-08 00:00:00,20210808,21,21,23.0,False,True,False,False,False,True,True,0,7,1,0,1,8.0,1.0,0,0,8,0,0,0.0,1,0,1,0,,0.0,,0,0,0,3.1000000000000014,25.1,98,76.96902,1.6,1.1,,,,,88.0,,,,,2021-08,2021-08,21,23.872677295720095,-2.872677295720095,2.872677295720095,False
2021-08-08 01:00:00,20210808,21,21,21.0,False,True,False,False,False,True,True,1,7,1,0,1,8.0,1.0,0,0,8,0,0,0.0,1,0,1,0,0.0,0.0,0.0,0,0,0,2.1000000000000014,24.1,98,75.18881999999999,1.5,5.2,,,,,121.0,,,,,2021-08,2021-08,21,23.956472867680066,-2.9564728676800662,2.9564728676800662,False
2021-08-08 02:00:00,20210808,21,21,21.0,False,True,False,False,False,True,True,2,7,1,0,1,8.0,1.0,0,0,8,0,0,0.0,1,0,1,0,0.0,0.0,0.0,0,0,0,1.8999999999999986,23.9,98,74.83278,2.6,7.3,,,,,119.0,,,,,2021-08,2021-08,21,23.985896985961485,-2.9858969859614852,2.9858969859614852,False
2021-08-08 03:00:00,20210808,23,24,24.0,False,True,False,False,False,True,True,3,7,1,0,1,8.0,1.0,0,0,8,0,0,0.0,1,0,1,0,0.0,0.0,0.0,0,0,0,1.5,23.5,98,74.1207,1.7,7.9,,,,,122.0,,,,,2021-08,2021-08,23,23.958609324478772,-0.9586093244787719,0.9586093244787719,False
2021-08-08 04:00:00,20210808,21,21,21.0,False,True,False,False,False,True,True,4,7,1,0,1,8.0,1.0,0,0,8,0,0,0.0,1,0,1,0,0.0,0.0,0.0,0,0,0,1.1999999999999993,23.2,98,73.58663999999999,0.3,7.9,,,,,119.0,,,,,2021-08,2021-08,21,23.525048514178906,-2.5250485141789056,2.5250485141789056,False
2021-08-08 05:00:00,20210808,21,21,21.0,False,True,False,False,False,True,True,5,7,1,0,1,8.0,1.0,0,0,8,0,0,0.0,1,0,1,0,0.0,0.0,0.0,0,0,0,1.5,23.5,98,74.1207,2.1,7.9,,,,,105.0,,,,,2021-08,2021-08,21,23.861626232529318,-2.861626232529318,2.861626232529318,False
2021-08-08 06:00:00,20210808,21,23,22.0,False,True,False,False,False,True,True,6,7,1,0,1,8.0,1.0,0,0,8,0,0,0.0,1,0,1,0,0.0,0.0,0.0,0,0,0,2.6000000000000014,24.6,98,76.07892,1.9,7.9,,,,,124.0,,,,,2021-08,2021-08,21,23.87065368483893,-2.8706536848389312,2.8706536848389312,False
2021-08-08 07:00:00,20210808,22,25,23.5,False,True,False,False,False,True,True,7,7,1,0,1,8.0,1.0,0,1,8,0,0,0.0,1,0,1,0,0.0,0.0,0.0,0,0,0,3.8999999999999986,25.9,92,77.71271999999999,1.2,7.9,,,,,156.0,,,,,2021-08,2021-08,22,24.147110648189557,-2.1471106481895568,2.1471106481895568,False
2021-08-08 08:00:00,20210808,21,21,21.0,False,True,False,False,False,True,True,8,7,1,0,1,8.0,1.0,2,0,8,0,0,0.0,1,0,1,0,0.0,0.0,0.0,0,0,0,4.399999999999999,26.4,92,78.57311999999999,1.4,7.9,,,,,198.0,,,,,2021-08,2021-08,21,23.538014839510964,-2.5380148395109643,2.5380148395109643,False
2021-08-08 09:00:00,20210808,21,21,21.0,False,True,False,False,False,True,True,9,7,1,0,1,8.0,1.0,2,0,8,0,0,0.0,1,0,1,0,0.0,0.0,0.0,0,0,0,5.600000000000001,27.6,88,80.11712,2.2,7.9,,,,,198.0,,,,,2021-08,2021-08,21,23.355931869593878,-2.355931869593878,2.355931869593878,False
2021-08-08 10:00:00,20210808,23,25,24.0,False,True,False,False,False,True,True,10,7,1,0,1,8.0,1.0,2,0,8,0,0,0.0,1,0,1,0,0.0,0.0,0.0,0,0,0,6.0,28.0,84,80.2528,2.1,7.9,,,,,188.0,,,,,2021-08,2021-08,23,23.49435882041317,-0.4943588204131686,0.4943588204131686,False
2021-08-08 11:00:00,20210808,21,21,23.0,False,True,False,False,False,True,True,11,7,1,0,1,8.0,1.0,2,0,8,0,0,0.0,1,0,1,0,0.0,0.0,0.0,0,0,0,5.199999999999999,27.2,89,79.57092,1.8,8.0,,,,,208.0,,,,,2021-08,2021-08,21,23.639841026366202,-2.639841026366202,2.639841026366202,False
2021-08-08 12:00:00,20210808,21,21,21.0,False,True,False,False,False,True,True,12,7,1,0,1,8.0,1.0,1,1,8,0,0,0.0,1,0,1,0,0.0,0.0,0.0,0,0,0,1.1000000000000014,23.1,97,73.32293,2.4,22.9,,,,,121.0,,,,,2021-08,2021-08,21,23.870080222442862,-2.870080222442862,2.870080222442862,False
2021-08-08 13:00:00,20210808,21,23,21.5,False,True,False,False,False,True,True,13,7,1,0,1,8.0,1.0,2,0,8,0,0,0.0,1,0,1,0,0.0,0.0,0.0,0,0,0,1.8000000000000007,23.8,98,74.65476,2.2,23.4,,,,,194.0,,,,,2021-08,2021-08,21,23.489842635618487,-2.489842635618487,2.489842635618487,False
2021-08-08 14:00:00,20210808,22,25,23.5,False,True,False,False,False,True,True,14,7,1,0,1,8.0,1.0,2,0,8,0,0,0.0,1,0,1,0,0.0,0.0,0.0,0,0,0,1.8999999999999986,23.9,98,74.83278,1.6,23.7,,,,,196.0,,,,,2021-08,2021-08,22,23.47933360212397,-1.479333602123969,1.479333602123969,False
2021-08-08 15:00:00,20210808,21,21,21.0,False,True,False,False,False,True,True,15,7,1,0,1,8.0,1.0,2,0,8,0,0,0.0,1,0,1,0,0.0,0.0,0.0,0,0,0,2.1000000000000014,24.1,98,75.18881999999999,2.0,24.2,,,,,161.0,,,,,2021-08,2021-08,21,23.478426183258225,-2.4784261832582253,2.4784261832582253,False
2021-08-08 16:00:00,20210808,21,21,21.0,False,True,False,False,False,True,True,16,7,1,0,1,8.0,1.0,2,0,8,0,0,0.0,1,0,1,0,0.0,0.0,0.0,0,0,0,2.1999999999999993,24.2,98,75.36684,1.4,24.6,,,,,174.0,,,,,2021-08,2021-08,21,23.493643199792245,-2.4936431997922455,2.4936431997922455,False
2021-08-08 17:00:00,20210808,22,25,23.5,False,True,False,False,False,True,True,17,7,1,0,1,8.0,1.0,2,1,8,0,0,0.0,1,0,1,0,0.0,0.0,0.0,0,0,0,2.8000000000000007,24.8,98,76.43495999999999,2.0,24.8,,,,,147.0,,,,,2021-08,2021-08,22,23.193508146318,-1.193508146317999,1.193508146317999,False
2021-08-08 18:00:00,20210808,22,24,24.5,False,True,False,False,False,True,True,18,7,1,0,1,8.0,1.0,2,0,8,0,0,0.0,1,0,1,0,0.0,0.0,0.0,0,0,0,2.3999999999999986,24.4,98,75.72288,1.9,24.8,,,,,183.0,,,,,2021-08,2021-08,22,23.492764990847196,-1.4927649908471956,1.4927649908471956,False
2021-08-08 19:00:00,20210808,21,21,21.0,False,True,False,False,False,True,True,19,7,1,0,1,8.0,1.0,2,0,8,0,0,0.0,1,0,1,0,0.0,0.0,0.0,0,0,0,1.8999999999999986,23.9,98,74.83278,1.7,25.7,,,,,151.0,,,,,2021-08,2021-08,21,23.523335338912528,-2.5233353389125277,2.5233353389125277,False
2021-08-08 20:00:00,20210808,21,22,21.5,False,True,False,False,False,True,True,20,7,1,0,1,8.0,1.0,0,0,8,0,0,0.0,1,0,1,0,0.0,0.0,0.0,0,0,0,1.1999999999999993,23.2,98,73.58663999999999,2.3,28.0,,,,,107.0,,,,,2021-08,2021-08,21,24.125619697241294,-3.1256196972412944,3.1256196972412944,False
2021-08-08 21:00:00,20210808,22,26,23.5,False,True,False,False,False,True,True,21,7,1,0,1,8.0,1.0,0,0,8,0,0,0.0,1,0,1,0,0.0,0.0,0.0,0,0,0,0.6999999999999993,22.7,98,72.69654,2.4,29.5,,,,,110.0,,,,,2021-08,2021-08,22,24.509599306392616,-2.509599306392616,2.509599306392616,False
2021-08-08 22:00:00,20210808,21,22,24.0,False,True,False,False,False,True,True,22,7,1,0,1,8.0,1.0,0,0,8,0,0,0.0,1,0,1,0,0.0,0.0,0.0,0,0,0,1.3000000000000007,23.3,98,73.76465999999999,2.5,34.7,,,,,103.0,,,,,2021-08,2021-08,21,24.392884570580197,-3.392884570580197,3.392884570580197,False
2021-08-08 23:00:00,20210808,21,21,21.0,False,True,False,False,False,True,True,23,7,1,0,1,8.0,1.0,0,0,8,0,0,0.0,1,0,1,0,0.0,,0.0,0,0,0,1.1000000000000014,23.1,98,73.40862,2.8,37.2,,,,,103.0,,,,,2021-08,2021-08,21,24.988198816188316,-3.9881988161883157,3.9881988161883157,False
2021-08-09 00:00:00,20210809,21,21,21.0,False,False,False,False,False,True,True,0,1,0,0,1,9.0,1.0,0,0,8,0,0,0.0,1,20689,0,15,,0.0,,0,0,0,1.3000000000000007,23.3,98,73.76465999999999,3.3,5.2,,,24.0,25.0,88.0,,,,,2021-08,2021-08,21,25.565276723490058,-4.565276723490058,4.565276723490058,False
2021-08-09 01:00:00,20210809,23,25,24.5,False,False,False,False,False,True,True,1,1,0,0,1,9.0,1.0,0,0,8,0,0,0.0,1,20689,0,15,0.0,0.0,0.0,0,0,0,1.6000000000000014,23.6,98,74.29872,3.3,7.1,,,24.0,23.666666666666668,121.0,,,,,2021-08,2021-08,23,25.45543936579936,-2.4554393657993607,2.4554393657993607,False
2021-08-09 02:00:00,20210809,20,21,21.0,False,False,False,False,False,True,True,2,1,0,0,1,9.0,1.0,0,0,8,0,0,0.0,1,20689,0,15,0.0,0.0,0.0,0,0,0,1.3999999999999986,23.4,98,73.94268,4.5,7.6,,,25.0,23.666666666666668,119.0,,,,,2021-08,2021-08,20,25.777171257180687,-5.777171257180687,5.777171257180687,False
2021-08-09 03:00:00,20210809,22,23,22.0,False,False,False,False,False,True,True,3,1,0,0,1,9.0,1.0,0,0,8,0,0,0.0,1,20689,0,15,0.0,0.0,0.0,0,0,0,0.6999999999999993,22.7,98,72.69654,4.5,8.3,,,25.0,24.0,122.0,,,,,2021-08,2021-08,22,25.83824504602803,-3.8382450460280317,3.8382450460280317,False
2021-08-09 04:00:00,20210809,21,22,21.5,False,False,False,False,False,True,True,4,1,0,0,1,9.0,1.0,0,0,8,0,0,0.0,1,20689,0,15,0.0,0.0,0.0,0,0,0,0.6999999999999993,22.7,96,72.53308,4.3,8.5,,,24.0,23.666666666666668,119.0,,,,,2021-08,2021-08,21,25.78082731474053,-4.780827314740531,4.780827314740531,False
2021-08-09 05:00:00,20210809,21,25,23.5,False,False,False,False,False,True,True,5,1,0,0,1,9.0,1.0,0,0,8,0,0,0.0,1,20689,0,15,0.0,0.0,0.0,0,0,0,0.6999999999999993,22.7,96,72.53308,4.1,8.8,,,24.0,23.333333333333332,105.0,,,,,2021-08,2021-08,21,25.682369744676972,-4.682369744676972,4.682369744676972,False
2021-08-09 06:00:00,20210809,20,20,20.0,False,False,False,False,False,True,True,6,1,0,0,1,9.0,1.0,0,0,8,0,0,0.0,1,20689,0,15,0.0,10.0,0.0,0,0,0,0.6000000000000014,22.6,97,72.43778,4.1,9.0,,,26.0,24.333333333333332,124.0,,,,,2021-08,2021-08,20,36.07474926724603,-16.074749267246027,16.074749267246027,False
2021-08-09 07:00:00,20210809,70,112,102.0,False,False,False,False,False,True,True,7,1,0,0,1,9.0,1.0,0,1,8,10,10,2.3978952727983707,0,20689,0,15,0.0,749.0,10.0,0,0,0,0.5,22.5,98,72.34049999999999,3.3,9.7,,,71.0,67.0,156.0,,,,,2021-08,2021-08,70,79.73022094309243,-9.730220943092434,9.730220943092434,False
2021-08-09 08:00:00,20210809,193,215,211.5,False,False,False,False,False,True,True,8,1,0,0,1,9.0,1.0,2,0,8,749,749,6.620073206530356,0,20689,0,15,10.0,773.0,739.0,0,0,0,1.6000000000000014,23.6,93,73.84552,2.6,9.7,,,198.0,190.66666666666666,198.0,,,,,2021-08,2021-08,193,171.25469356107124,21.745306438928765,21.745306438928765,True
2021-08-09 09:00:00,20210809,191,197,202.5,False,False,False,False,False,True,True,9,1,0,0,1,9.0,1.0,2,0,8,773,773,6.651571873589727,0,20689,0,15,749.0,408.0,24.0,0,0,0,3.0,25.0,85,75.4325,2.7,9.7,,,184.0,184.66666666666666,198.0,,,,,2021-08,2021-08,191,172.0094057589241,18.99059424107591,18.99059424107591,True
2021-08-09 10:00:00,20210809,182,201,193.5,False,False,False,False,False,True,True,10,1,0,0,1,9.0,1.0,2,0,8,408,408,6.013715156042802,0,20689,0,15,773.0,1431.0,-365.0,0,0,0,4.5,26.5,75,76.71625,2.6,9.7,,,185.0,181.66666666666666,188.0,,,,,2021-08,2021-08,182,166.3121612540525,15.687838745947488,15.687838745947488,True
2021-08-09 11:00:00,20210809,187,192,191.0,False,False,False,False,False,True,True,11,1,0,0,1,9.0,1.0,2,0,8,1431,800,7.266827347520591,0,20689,0,15,408.0,120.0,1023.0,0,0,0,4.5,26.5,76,76.8356,1.8,9.7,,,190.0,191.66666666666666,208.0,,,,,2021-08,2021-08,187,176.00688979488405,10.993110205115954,10.993110205115954,True
2021-08-09 12:00:00,20210809,129,144,163.5,False,False,False,False,False,True,True,12,1,0,0,1,9.0,1.0,1,1,8,120,120,4.795790545596741,0,20689,0,15,1431.0,7569.0,-1311.0,0,0,0,6.199999999999999,28.2,69,78.53842,3.1,9.7,,,113.0,115.0,121.0,,,,,2021-08,2021-08,129,110.59978157608766,18.400218423912335,18.400218423912335,False
2021-08-09 13:00:00,20210809,182,200,195.0,False,False,False,False,False,True,True,13,1,0,0,1,9.0,1.0,2,0,8,7569,800,8.931948346431495,0,20689,0,15,120.0,3753.0,7449.0,0,0,0,7.199999999999999,29.2,64,79.30112,2.8,9.7,,,169.0,171.33333333333334,194.0,,,,,2021-08,2021-08,182,169.32946385893214,12.670536141067856,12.670536141067856,True
2021-08-09 14:00:00,20210809,183,191,195.5,False,False,False,False,False,True,True,14,1,0,0,1,9.0,1.0,2,0,8,3753,800,8.230577217146454,0,20689,0,15,7569.0,1087.0,-3816.0,0,0,0,6.199999999999999,28.2,70,78.6746,2.1,9.7,,,186.0,182.66666666666666,196.0,,,,,2021-08,2021-08,183,173.0420597214717,9.957940278528298,9.957940278528298,True
2021-08-09 15:00:00,20210809,167,183,179.5,False,False,False,False,False,True,True,15,1,0,0,1,9.0,1.0,2,0,8,1087,800,6.992096427415888,0,20689,0,15,3753.0,1416.0,-2666.0,0,0,0,6.699999999999999,28.7,69,79.28497,3.5,9.7,,,158.0,163.66666666666666,161.0,,,,,2021-08,2021-08,167,171.59505834939702,-4.595058349397021,4.595058349397021,False
2021-08-09 16:00:00,20210809,184,191,190.5,False,False,False,False,False,True,True,16,1,0,0,1,9.0,1.0,2,0,8,1416,800,7.256297239690681,0,20689,0,15,1087.0,3120.0,329.0,0,0,0,6.100000000000001,28.1,69,78.38911,2.9,9.7,,,169.0,175.33333333333334,174.0,,,,,2021-08,2021-08,184,169.89456446615566,14.105435533844343,14.105435533844343,True
2021-08-09 17:00:00,20210809,146,169,171.0,False,False,False,False,False,True,True,17,1,0,0,1,9.0,1.0,2,1,8,3120,800,8.045908742270779,0,20689,0,15,1416.0,0.0,1704.0,0,0,0,5.5,27.5,73,78.01025,2.6,9.7,,,136.0,141.0,147.0,,,,,2021-08,2021-08,146,129.36658779887867,16.63341220112133,16.63341220112133,False
2021-08-09 18:00:00,20210809,98,103,110.0,False,False,False,False,False,True,True,18,1,0,0,1,9.0,1.0,2,0,8,0,0,0.0,1,20689,0,15,3120.0,0.0,-3120.0,0,0,0,4.100000000000001,26.1,79,76.55681,1.4,9.7,,,175.0,167.66666666666666,183.0,,,,,2021-08,2021-08,98,93.10836649109395,4.891633508906054,4.891633508906054,False
2021-08-09 19:00:00,20210809,93,95,94.5,False,False,False,False,False,True,True,19,1,0,0,1,9.0,1.0,2,0,8,0,0,0.0,1,20689,0,15,0.0,36.0,0.0,0,0,0,3.3999999999999986,25.4,83,75.87618,1.3,9.7,,,157.0,155.0,151.0,,,,,2021-08,2021-08,93,81.5854828867394,11.414517113260601,11.414517113260601,False
2021-08-09 20:00:00,20210809,109,113,111.5,False,False,False,False,False,True,True,20,1,0,0,1,9.0,1.0,0,0,8,36,36,3.6109179126442243,0,20689,0,15,0.0,114.0,36.0,0,0,0,2.8000000000000007,24.8,83,74.89716,1.0,9.7,,,102.0,118.0,107.0,,,,,2021-08,2021-08,109,97.06183406100565,11.938165938994345,11.938165938994345,False
2021-08-09 21:00:00,20210809,115,119,117.5,False,False,False,False,False,True,True,21,1,0,0,1,9.0,1.0,0,0,8,114,114,4.74493212836325,0,20689,0,15,36.0,63.0,78.0,0,0,0,1.3000000000000007,23.3,94,73.41398,2.2,9.8,,,110.0,118.0,110.0,,,,,2021-08,2021-08,115,108.38425369869076,6.615746301309244,6.615746301309244,False
2021-08-09 22:00:00,20210809,109,112,110.5,False,False,False,False,False,True,True,22,1,0,0,1,9.0,1.0,0,0,8,63,63,4.1588830833596715,0,20689,0,15,114.0,40.0,-51.0,0,0,0,0.0,22.0,98,71.4504,1.3,18.0,,,110.0,110.66666666666667,103.0,,,,,2021-08,2021-08,109,104.79288468400718,4.207115315992823,4.207115315992823,False
2021-08-09 23:00:00,20210809,98,108,110.0,False,False,False,False,False,True,True,23,1,0,0,1,9.0,1.0,0,0,8,40,40,3.713572066704308,0,20689,0,15,63.0,,-23.0,0,0,0,0.0,22.0,98,71.4504,0.7,19.8,,,95.0,102.66666666666667,103.0,,,,,2021-08,2021-08,98,92.21868046829208,5.781319531707922,5.781319531707922,False
2021-08-10 00:00:00,20210810,68,71,73.5,False,False,False,False,False,True,True,0,2,0,0,0,0.0,2.0,0,0,8,0,0,0.0,1,17425,0,21,,30.0,,0,0,0,0.10000000000000142,22.1,98,71.62842,1.1,0.3,21.0,,68.0,69.33333333333333,21.0,107.66666666666667,193.0,,,2021-08,2021-08,68,57.20305349919832,10.796946500801681,10.796946500801681,False
2021-08-10 01:00:00,20210810,99,104,102.5,False,False,False,False,False,True,True,1,2,0,0,0,0.0,2.0,0,0,8,30,30,3.4339872044851463,0,17425,0,21,0.0,435.0,30.0,0,0,0,0.10000000000000142,22.1,98,71.62842,1.7,0.3,23.0,,102.0,99.33333333333333,23.0,107.66666666666667,193.0,,,2021-08,2021-08,99,93.55559725422478,5.444402745775221,5.444402745775221,False
2021-08-10 02:00:00,20210810,96,97,95.5,False,False,False,False,False,True,True,2,2,0,0,0,0.0,2.0,0,0,8,435,435,6.077642243349034,0,17425,0,21,30.0,18.0,405.0,0,0,0,0.0,21.9,98,71.27238,1.3,0.3,20.0,,115.0,110.0,20.0,107.66666666666667,193.0,,,2021-08,2021-08,96,107.75475563805144,-11.754755638051435,11.754755638051435,False
2021-08-10 03:00:00,20210810,98,104,102.5,False,False,False,False,False,True,True,3,2,0,0,0,0.0,2.0,0,0,8,18,18,2.9444389791664403,0,17425,0,21,435.0,88.0,-417.0,0,0,0,0.0,22.0,98,71.4504,0.6,0.3,22.0,,105.0,106.66666666666667,22.0,107.66666666666667,193.0,,,2021-08,2021-08,98,102.96609854000123,-4.9660985400012265,4.9660985400012265,False
2021-08-10 04:00:00,20210810,101,103,103.0,False,False,False,False,False,True,True,4,2,0,0,0,0.0,2.0,0,0,8,88,88,4.48863636973214,0,17425,0,21,18.0,10.0,70.0,0,0,0,0.0,22.0,98,71.4504,2.3,0.3,21.0,,108.0,107.0,21.0,107.66666666666667,193.0,,,2021-08,2021-08,101,103.35826843544383,-2.358268435443833,2.358268435443833,False
2021-08-10 05:00:00,20210810,85,99,95.0,False,False,False,False,False,True,True,5,2,0,0,0,0.0,2.0,0,0,8,10,10,2.3978952727983707,0,17425,0,21,88.0,194.0,-78.0,0,0,0,0.0,21.9,98,71.27238,2.4,0.3,21.0,,89.0,107.66666666666667,21.0,107.66666666666667,193.0,,,2021-08,2021-08,85,96.04703870955912,-11.047038709559118,11.047038709559118,False
2021-08-10 06:00:00,20210810,100,105,101.0,False,False,False,False,False,True,True,6,2,0,0,0,0.0,2.0,0,0,8,194,194,5.272999558563747,0,17425,0,21,10.0,1883.0,184.0,0,0,0,0.0,21.8,98,71.09436,1.8,0.3,20.0,,105.0,112.66666666666667,20.0,107.66666666666667,193.0,,,2021-08,2021-08,100,107.43274270890514,-7.432742708905138,7.432742708905138,False
2021-08-10 07:00:00,20210810,128,138,135.0,False,False,False,False,False,True,True,7,2,0,0,0,0.0,2.0,0,1,8,1883,800,7.5411524551363085,0,17425,0,21,194.0,503.0,1689.0,0,0,0,0.5,22.5,98,72.34049999999999,0.9,0.3,70.0,,134.0,126.0,70.0,107.66666666666667,193.0,,,2021-08,2021-08,128,125.28104292756717,2.718957072432829,2.718957072432829,False
2021-08-10 08:00:00,20210810,183,195,192.5,False,False,False,False,False,True,True,8,2,0,0,0,0.0,2.0,2,0,8,503,503,6.222576268071369,0,17425,0,21,1883.0,1091.0,-1380.0,0,0,0,1.1999999999999993,23.2,96,73.41328,0.7,0.3,193.0,,194.0,161.33333333333334,193.0,107.66666666666667,193.0,,,2021-08,2021-08,183,161.94591319439954,21.054086805600463,21.054086805600463,True
2021-08-10 09:00:00,20210810,185,193,191.5,False,False,False,False,False,True,True,9,2,0,0,0,0.0,2.0,2,0,8,1091,800,6.9957661563048505,0,17425,0,21,503.0,1629.0,588.0,0,0,0,1.8999999999999986,23.9,93,74.36473,1.1,0.4,191.0,,181.0,161.33333333333334,191.0,107.66666666666667,193.0,,,2021-08,2021-08,185,170.48326989899203,14.516730101007965,14.516730101007965,True
2021-08-10 10:00:00,20210810,175,192,189.0,False,False,False,False,False,True,True,10,2,0,0,0,0.0,2.0,2,0,8,1629,800,7.396335293800808,0,17425,0,21,1091.0,1421.0,538.0,0,0,0,3.0,25.0,98,76.791,0.7,1.6,182.0,,188.0,167.0,182.0,107.66666666666667,193.0,,,2021-08,2021-08,175,176.4660559141862,-1.4660559141861995,1.4660559141861995,False
2021-08-10 11:00:00,20210810,185,191,187.0,False,False,False,False,False,True,True,11,2,0,0,0,0.0,2.0,2,0,8,1421,800,7.259819610363186,0,17425,0,21,1629.0,0.0,-208.0,0,0,0,4.300000000000001,26.3,81,77.10997,1.5,1.6,187.0,,207.0,178.66666666666666,187.0,107.66666666666667,193.0,,,2021-08,2021-08,185,166.77628553322438,18.22371446677562,18.22371446677562,True
2021-08-10 12:00:00,20210810,107,119,152.0,False,False,False,False,False,True,True,12,2,0,0,0,0.0,2.0,1,1,8,0,0,0.0,1,17425,0,21,1421.0,1199.0,-1421.0,0,0,0,4.899999999999999,26.9,81,78.07711,1.7,1.6,129.0,,110.0,118.0,129.0,107.66666666666667,193.0,,,2021-08,2021-08,107,89.13669088783462,17.863309112165382,17.863309112165382,False
2021-08-10 13:00:00,20210810,181,190,188.5,False,False,False,False,False,True,True,13,2,0,0,0,0.0,2.0,2,0,8,1199,800,7.090076835776092,0,17425,0,21,0.0,1693.0,1199.0,0,0,0,4.5,26.5,77,76.95495,1.9,1.6,182.0,,182.0,155.66666666666666,182.0,107.66666666666667,193.0,,,2021-08,2021-08,181,152.77542698733916,28.22457301266084,28.22457301266084,True
2021-08-10 14:00:00,20210810,170,180,185.0,False,False,False,False,False,True,True,14,2,0,0,0,0.0,2.0,2,0,8,1693,800,7.434847875211999,0,17425,0,21,1199.0,687.0,494.0,0,0,0,3.5,25.5,84,76.1488,2.1,1.6,183.0,,195.0,177.33333333333334,183.0,107.66666666666667,193.0,,,2021-08,2021-08,170,174.37343094981324,-4.37343094981324,4.37343094981324,False
2021-08-10 15:00:00,20210810,155,181,174.0,False,False,False,False,False,True,True,15,2,0,0,0,0.0,2.0,2,0,8,687,687,6.5337888379333435,0,17425,0,21,1693.0,662.0,-1006.0,0,0,0,3.3999999999999986,25.4,87,76.31002,2.3,1.6,167.0,,179.0,175.66666666666666,167.0,107.66666666666667,193.0,,,2021-08,2021-08,155,171.3361324925825,-16.336132492582493,16.336132492582493,False
2021-08-10 16:00:00,20210810,169,182,180.0,False,False,False,False,False,True,True,16,2,0,0,0,0.0,2.0,2,0,8,662,662,6.4967749901858625,0,17425,0,21,687.0,518.0,-25.0,0,0,0,3.3999999999999986,25.4,85,76.09309999999999,1.0,1.6,184.0,,186.0,181.66666666666666,184.0,107.66666666666667,193.0,,,2021-08,2021-08,169,168.96558837564382,0.03441162435618139,0.03441162435618139,False
2021-08-10 17:00:00,20210810,126,156,144.0,False,False,False,False,False,True,True,17,2,0,0,0,0.0,2.0,2,1,8,518,518,6.251903883165888,0,17425,0,21,662.0,3333.0,-144.0,0,0,0,2.8999999999999986,24.9,89,75.68139,1.2,1.7,146.0,,159.0,144.66666666666666,146.0,107.66666666666667,193.0,,,2021-08,2021-08,126,135.24118090720518,-9.241180907205177,9.241180907205177,False
2021-08-10 18:00:00,20210810,165,168,166.0,False,False,False,False,False,True,True,18,2,0,0,0,0.0,2.0,2,0,8,3333,800,8.111928063310739,0,17425,0,21,518.0,1764.0,2815.0,0,0,0,2.5,24.5,94,75.5027,0.5,1.7,98.0,,169.0,165.33333333333334,98.0,107.66666666666667,193.0,,,2021-08,2021-08,165,165.64499693004882,-0.6449969300488192,0.6449969300488192,False
2021-08-10 19:00:00,20210810,156,163,164.5,False,False,False,False,False,True,True,19,2,0,0,0,0.0,2.0,2,0,8,1764,800,7.475905969367397,0,17425,0,21,3333.0,113.0,-1569.0,0,0,0,2.1000000000000014,24.1,97,75.09323,0.5,1.7,93.0,,169.0,171.0,93.0,107.66666666666667,193.0,,,2021-08,2021-08,156,168.19911009487703,-12.199110094877028,12.199110094877028,False
2021-08-10 20:00:00,20210810,129,135,133.0,False,False,False,False,False,True,True,20,2,0,0,0,0.0,2.0,0,0,8,113,113,4.736198448394496,0,17425,0,21,1764.0,149.0,-1651.0,0,0,0,1.8999999999999986,23.9,97,74.73917,1.1,1.7,109.0,,144.0,148.66666666666666,109.0,107.66666666666667,193.0,,,2021-08,2021-08,129,124.12686854096587,4.873131459034127,4.873131459034127,False
2021-08-10 21:00:00,20210810,123,127,130.0,False,False,False,False,False,True,True,21,2,0,0,0,0.0,2.0,0,0,8,149,149,5.0106352940962555,0,17425,0,21,113.0,5.0,36.0,0,0,0,1.8999999999999986,23.9,97,74.73917,0.6,1.7,115.0,,144.0,149.33333333333334,115.0,107.66666666666667,193.0,,,2021-08,2021-08,123,118.9225233717463,4.077476628253706,4.077476628253706,False
2021-08-10 22:00:00,20210810,106,114,110.5,False,False,False,False,False,True,True,22,2,0,0,0,0.0,2.0,0,0,8,5,5,1.791759469228055,0,17425,0,21,149.0,0.0,-144.0,0,0,0,2.1000000000000014,24.1,96,74.99763999999999,2.0,1.7,109.0,,129.0,139.66666666666666,109.0,107.66666666666667,193.0,,,2021-08,2021-08,106,104.89622923396938,1.103770766030621,1.103770766030621,False
2021-08-10 23:00:00,20210810,99,109,105.0,False,False,False,False,False,True,True,23,2,0,0,0,0.0,2.0,0,0,8,0,0,0.0,1,17425,0,21,5.0,,-5.0,0,0,0,1.5,23.5,97,74.03105,1.1,1.7,98.0,,122.0,139.66666666666666,98.0,107.66666666666667,193.0,,,2021-08,2021-08,99,78.45051016138706,20.549489838612942,20.549489838612942,False
2021-08-11 00:00:00,20210811,77,83,82.5,False,False,False,False,False,True,True,0,3,0,0,0,0.0,3.0,0,0,8,0,0,0.0,1,19587,0,23,,54.0,,0,0,0,1.1999999999999993,23.2,98,73.58663999999999,0.9,0.0,68.0,,88.0,79.66666666666667,68.0,132.875,185.0,,,2021-08,2021-08,77,67.11927307423184,9.880726925768158,9.880726925768158,False
2021-08-11 01:00:00,20210811,99,108,105.0,False,False,False,False,False,True,True,1,3,0,0,0,0.0,3.0,0,0,8,54,54,4.007333185232471,0,19587,0,23,0.0,55.0,54.0,0,0,0,1.3999999999999986,23.4,98,73.94268,1.9,0.0,99.0,,121.0,110.0,99.0,132.875,185.0,,,2021-08,2021-08,99,96.8406414110009,2.1593585889990976,2.1593585889990976,False
2021-08-11 02:00:00,20210811,109,114,111.5,False,False,False,False,False,True,True,2,3,0,0,0,0.0,3.0,0,0,8,55,55,4.02535169073515,0,19587,0,23,54.0,6.0,1.0,0,0,0,1.1000000000000014,23.1,98,73.40862,1.3,0.0,96.0,,119.0,108.0,96.0,132.875,185.0,,,2021-08,2021-08,109,104.52141238961063,4.4785876103893685,4.4785876103893685,False
2021-08-11 03:00:00,20210811,104,113,107.5,False,False,False,False,False,True,True,3,3,0,0,0,0.0,3.0,0,0,8,6,6,1.9459101490553132,0,19587,0,23,55.0,78.0,-49.0,0,0,0,0.6999999999999993,22.7,98,72.69654,0.7,0.0,98.0,,122.0,108.66666666666667,98.0,132.875,185.0,,,2021-08,2021-08,104,104.67998753350709,-0.679987533507088,0.679987533507088,False
2021-08-11 04:00:00,20210811,111,116,114.5,False,False,False,False,False,True,True,4,3,0,0,0,0.0,3.0,0,0,8,78,78,4.3694478524670215,0,19587,0,23,6.0,900.0,72.0,0,0,0,0.6999999999999993,22.7,98,72.69654,1.5,0.0,101.0,,119.0,110.33333333333333,101.0,132.875,185.0,,,2021-08,2021-08,111,108.38118300639535,2.6188169936046535,2.6188169936046535,False
2021-08-11 05:00:00,20210811,92,105,102.0,False,False,False,False,False,True,True,5,3,0,0,0,0.0,3.0,0,0,8,900,800,6.803505257608338,0,19587,0,23,78.0,69.0,822.0,0,0,0,0.5,22.5,98,72.34049999999999,1.2,0.0,85.0,,105.0,96.0,85.0,132.875,185.0,,,2021-08,2021-08,92,109.25986267283626,-17.259862672836263,17.259862672836263,False
2021-08-11 06:00:00,20210811,122,129,126.5,False,False,False,False,False,True,True,6,3,0,0,0,0.0,3.0,0,0,8,69,69,4.248495242049359,0,19587,0,23,900.0,527.0,-831.0,0,0,0,1.3000000000000007,23.3,98,73.76465999999999,1.0,0.0,100.0,,124.0,112.0,100.0,132.875,185.0,,,2021-08,2021-08,122,108.46486627682789,13.535133723172109,13.535133723172109,False
2021-08-11 07:00:00,20210811,132,150,146.0,False,False,False,False,False,True,True,7,3,0,0,0,0.0,3.0,0,1,8,527,527,6.269096283706261,0,19587,0,23,69.0,783.0,458.0,0,0,0,4.100000000000001,26.1,94,78.28766,0.6,0.0,128.0,,156.0,138.66666666666666,128.0,132.875,185.0,,,2021-08,2021-08,132,124.14296658669768,7.857033413302318,7.857033413302318,False
2021-08-11 08:00:00,20210811,203,218,215.0,False,False,False,False,False,True,True,8,3,0,0,0,0.0,3.0,2,0,8,783,783,6.664409020350408,0,19587,0,23,527.0,885.0,256.0,0,0,0,3.6000000000000014,25.6,94,77.41736,1.6,0.0,183.0,,198.0,190.0,183.0,132.875,185.0,,,2021-08,2021-08,203,176.033824760146,26.96617523985401,26.96617523985401,True
2021-08-11 09:00:00,20210811,179,189,198.5,False,False,False,False,False,True,True,9,3,0,0,0,0.0,3.0,2,0,8,885,800,6.786716950605081,0,19587,0,23,783.0,4050.0,102.0,0,0,0,5.300000000000001,27.3,79,78.46733,0.9,0.0,185.0,,198.0,195.66666666666666,185.0,132.875,185.0,,,2021-08,2021-08,179,176.7338086126518,2.2661913873481865,2.2661913873481865,True
2021-08-11 10:00:00,20210811,183,192,192.0,False,False,False,False,False,True,True,10,3,0,0,0,0.0,3.0,2,0,8,4050,800,8.30671904320269,0,19587,0,23,885.0,1856.0,3165.0,0,0,0,6.600000000000001,28.6,66,78.71524,0.5,0.0,175.0,,188.0,180.66666666666666,175.0,132.875,185.0,,,2021-08,2021-08,183,175.40451062703428,7.595489372965716,7.595489372965716,True
2021-08-11 11:00:00,20210811,184,192,191.0,False,False,False,False,False,True,True,11,3,0,0,0,0.0,3.0,2,0,8,1856,800,7.526717561352706,0,19587,0,23,4050.0,187.0,-2194.0,0,0,0,5.600000000000001,27.6,79,78.94496000000001,1.6,0.0,185.0,,208.0,196.66666666666666,185.0,132.875,185.0,,,2021-08,2021-08,184,178.5284371067078,5.471562893292202,5.471562893292202,True
2021-08-11 12:00:00,20210811,113,132,162.0,False,False,False,False,False,True,True,12,3,0,0,0,0.0,3.0,1,1,8,187,187,5.236441962829949,0,19587,0,23,1856.0,500.0,-1669.0,0,0,0,7.399999999999999,29.4,67,80.03402,2.0,0.0,107.0,,121.0,116.0,107.0,132.875,185.0,,,2021-08,2021-08,113,117.01476083637984,-4.0147608363798355,4.0147608363798355,False
2021-08-11 13:00:00,20210811,183,205,200.0,False,False,False,False,False,True,True,13,3,0,0,0,0.0,3.0,2,0,8,500,500,6.2166061010848646,0,19587,0,23,187.0,979.0,313.0,0,0,0,6.699999999999999,28.7,76,80.27288,2.4,0.0,181.0,,194.0,183.0,181.0,132.875,185.0,,,2021-08,2021-08,183,171.02382164448215,11.976178355517845,11.976178355517845,True
2021-08-11 14:00:00,20210811,187,207,206.0,False,False,False,False,False,True,True,14,3,0,0,0,0.0,3.0,2,0,8,979,800,6.887552571664617,0,19587,0,23,500.0,1734.0,479.0,0,0,0,6.399999999999999,28.4,80,80.35679999999999,2.3,0.0,170.0,,196.0,191.0,170.0,132.875,185.0,,,2021-08,2021-08,187,177.4371562838345,9.562843716165503,9.562843716165503,True
2021-08-11 15:00:00,20210811,153,177,170.5,False,False,False,False,False,True,True,15,3,0,0,0,0.0,3.0,2,0,8,1734,800,7.45876269238096,0,19587,0,23,979.0,330.0,755.0,0,0,0,6.699999999999999,28.7,73,79.84949,2.6,0.0,155.0,,161.0,155.33333333333334,155.0,132.875,185.0,,,2021-08,2021-08,153,159.84139045544507,-6.841390455445065,6.841390455445065,False
2021-08-11 16:00:00,20210811,182,187,186.0,False,False,False,False,False,True,True,16,3,0,0,0,0.0,3.0,2,0,8,330,330,5.802118375377063,0,19587,0,23,1734.0,251.0,-1404.0,0,0,0,5.0,27.0,76,77.6168,2.2,0.0,169.0,,174.0,170.0,169.0,132.875,185.0,,,2021-08,2021-08,182,161.91315350162242,20.086846498377582,20.086846498377582,True
2021-08-11 17:00:00,20210811,151,177,172.5,False,False,False,False,False,True,True,17,3,0,0,0,0.0,3.0,2,1,8,251,251,5.529429087511423,0,19587,0,23,330.0,2420.0,-79.0,0,0,0,3.6999999999999993,25.7,77,75.69711,1.9,0.0,126.0,,147.0,141.66666666666666,126.0,132.875,185.0,,,2021-08,2021-08,151,126.67507981601572,24.324920183984275,24.324920183984275,False
2021-08-11 18:00:00,20210811,180,194,187.0,False,False,False,False,False,True,True,18,3,0,0,0,0.0,3.0,2,0,8,2420,800,7.791935956938058,0,19587,0,23,251.0,3724.0,2169.0,0,0,0,3.1999999999999993,25.2,78,75.01744,2.8,0.0,165.0,,183.0,170.0,165.0,132.875,185.0,,,2021-08,2021-08,180,170.86644354917257,9.133556450827427,9.133556450827427,True
2021-08-11 19:00:00,20210811,150,163,167.5,False,False,False,False,False,True,True,19,3,0,0,0,0.0,3.0,2,0,8,3724,800,8.22282213081366,0,19587,0,23,2420.0,6.0,1304.0,0,0,0,2.3999999999999986,24.4,88,74.73728,1.9,0.0,156.0,,151.0,150.33333333333334,156.0,132.875,185.0,,,2021-08,2021-08,150,146.56726486756455,3.432735132435454,3.432735132435454,False
2021-08-11 20:00:00,20210811,125,128,130.0,False,False,False,False,False,True,True,20,3,0,0,0,0.0,3.0,0,0,8,6,6,1.9459101490553132,0,19587,0,23,3724.0,69.0,-3718.0,0,0,0,1.8999999999999986,23.9,87,73.80306999999999,1.2,0.0,129.0,,107.0,116.66666666666667,129.0,132.875,185.0,,,2021-08,2021-08,125,109.27620133711802,15.723798662881975,15.723798662881975,False
2021-08-11 21:00:00,20210811,108,115,118.0,False,False,False,False,False,True,True,21,3,0,0,0,0.0,3.0,0,0,8,69,69,4.248495242049359,0,19587,0,23,6.0,98.0,63.0,0,0,0,1.1000000000000014,23.1,88,72.55172,0.7,0.0,123.0,,110.0,113.0,123.0,132.875,185.0,,,2021-08,2021-08,108,108.43146834030661,-0.4314683403066084,0.4314683403066084,False
2021-08-11 22:00:00,20210811,110,116,114.0,False,False,False,False,False,True,True,22,3,0,0,0,0.0,3.0,0,0,8,98,98,4.59511985013459,0,19587,0,23,69.0,26.0,29.0,0,0,0,1.1999999999999993,23.2,91,72.97988,1.2,0.0,106.0,,103.0,105.66666666666667,106.0,132.875,185.0,,,2021-08,2021-08,110,105.08079852866194,4.919201471338056,4.919201471338056,False
2021-08-11 23:00:00,20210811,99,109,104.5,False,False,False,False,False,True,True,23,3,0,0,0,0.0,3.0,0,0,8,26,26,3.295836866004329,0,19587,0,23,98.0,,-72.0,0,0,0,0.6000000000000014,22.6,93,72.11482000000001,1.2,0.0,99.0,,103.0,103.33333333333333,99.0,132.875,185.0,,,2021-08,2021-08,99,98.87000449809416,0.12999550190583875,0.12999550190583875,False
2021-08-12 00:00:00,20210812,76,81,82.5,False,False,False,False,False,True,True,0,4,0,0,0,0.0,4.0,0,0,8,0,0,0.0,1,22339,0,21,,139.0,,0,0,0,0.0,21.9,96,71.12476,1.2,0.0,77.0,,68.0,68.66666666666667,77.0,139.0,203.0,,,2021-08,2021-08,76,57.55961347200398,18.44038652799602,18.44038652799602,False
2021-08-12 01:00:00,20210812,105,115,113.0,False,False,False,False,False,True,True,1,4,0,0,0,0.0,4.0,0,0,8,139,139,4.941642422609304,0,22339,0,21,0.0,108.0,139.0,0,0,0,0.0,21.8,97,71.02154,1.5,0.0,99.0,,110.0,99.66666666666667,99.0,139.0,203.0,,,2021-08,2021-08,105,96.43712374742616,8.562876252573844,8.562876252573844,False
2021-08-12 02:00:00,20210812,108,110,111.0,False,False,False,False,False,True,True,2,4,0,0,0,0.0,4.0,0,0,8,108,108,4.6913478822291435,0,22339,0,21,139.0,191.0,-31.0,0,0,0,0.0,21.4,98,70.38228,1.1,0.0,109.0,,111.0,108.33333333333333,109.0,139.0,203.0,,,2021-08,2021-08,108,105.66201162385248,2.3379883761475213,2.3379883761475213,False
2021-08-12 03:00:00,20210812,104,110,109.0,False,False,False,False,False,True,True,3,4,0,0,0,0.0,4.0,0,0,8,191,191,5.2574953720277815,0,22339,0,21,108.0,108.0,83.0,0,0,0,0.0,20.9,98,69.49217999999999,0.7,0.0,104.0,,110.0,106.33333333333333,104.0,139.0,203.0,,,2021-08,2021-08,104,105.37969595611031,-1.3796959561103108,1.3796959561103108,False
2021-08-12 04:00:00,20210812,107,114,112.5,False,False,False,False,False,True,True,4,4,0,0,0,0.0,4.0,0,0,8,108,108,4.6913478822291435,0,22339,0,21,191.0,459.0,-83.0,0,0,0,0.0,21.4,98,70.38228,0.5,0.0,111.0,,111.0,108.66666666666667,111.0,139.0,203.0,,,2021-08,2021-08,107,105.71405331260956,1.2859466873904353,1.2859466873904353,False
2021-08-12 05:00:00,20210812,89,103,101.5,False,False,False,False,False,True,True,5,4,0,0,0,0.0,4.0,0,0,8,459,459,6.131226489483141,0,22339,0,21,108.0,300.0,351.0,0,0,0,0.0,21.5,98,70.5603,0.4,0.0,92.0,,94.0,89.33333333333333,92.0,139.0,203.0,,,2021-08,2021-08,89,100.49344446867299,-11.49344446867299,11.49344446867299,False
2021-08-12 06:00:00,20210812,114,117,115.5,False,False,False,False,False,True,True,6,4,0,0,0,0.0,4.0,0,0,8,300,300,5.707110264748875,0,22339,0,21,459.0,702.0,-159.0,0,0,0,0.3999999999999986,22.4,98,72.16247999999999,1.4,0.0,122.0,,116.0,108.33333333333333,122.0,139.0,203.0,,,2021-08,2021-08,114,107.69472216341416,6.305277836585844,6.305277836585844,False
2021-08-12 07:00:00,20210812,130,149,146.0,False,False,False,False,False,True,True,7,4,0,0,0,0.0,4.0,0,1,8,702,702,6.555356891810665,0,22339,0,21,300.0,1250.0,402.0,0,0,0,1.6000000000000014,23.6,95,74.02680000000001,1.1,0.0,132.0,,141.0,123.33333333333333,132.0,139.0,203.0,,,2021-08,2021-08,130,128.23740997921982,1.7625900207801806,1.7625900207801806,False
2021-08-12 08:00:00,20210812,187,196,195.0,False,False,False,False,False,True,True,8,4,0,0,0,0.0,4.0,2,0,8,1250,800,7.1316985104669115,0,22339,0,21,702.0,1195.0,548.0,0,0,0,3.3000000000000007,25.3,90,76.4653,1.0,0.0,203.0,,192.0,174.33333333333334,203.0,139.0,203.0,,,2021-08,2021-08,187,176.50471847695448,10.49528152304552,10.49528152304552,True
2021-08-12 09:00:00,20210812,181,189,192.5,False,False,False,False,False,True,True,9,4,0,0,0,0.0,4.0,2,0,8,1195,800,7.086737934510577,0,22339,0,21,1250.0,990.0,-55.0,0,0,0,6.100000000000001,28.1,74,79.06506,1.6,0.0,179.0,,198.0,167.66666666666666,179.0,139.0,203.0,,,2021-08,2021-08,181,182.4554881910308,-1.4554881910308097,1.4554881910308097,True
2021-08-12 10:00:00,20210812,177,186,182.5,False,False,False,False,False,True,True,10,4,0,0,0,0.0,4.0,2,0,8,990,800,6.898714534329988,0,22339,0,21,1195.0,1075.0,-205.0,0,0,0,6.800000000000001,28.8,66,79.00792,2.8,0.0,183.0,,187.0,158.33333333333334,183.0,139.0,203.0,,,2021-08,2021-08,177,171.1500374134554,5.849962586544592,5.849962586544592,True
2021-08-12 11:00:00,20210812,188,199,197.5,False,False,False,False,False,True,True,11,4,0,0,0,0.0,4.0,2,0,8,1075,800,6.98100574072173,0,22339,0,21,990.0,85.0,85.0,0,0,0,6.199999999999999,28.2,73,79.08314,2.6,0.0,184.0,,207.0,175.66666666666666,184.0,139.0,203.0,,,2021-08,2021-08,188,180.30285551635703,7.6971444836429725,7.6971444836429725,True
2021-08-12 12:00:00,20210812,120,133,166.0,False,False,False,False,False,True,True,12,4,0,0,0,0.0,4.0,1,1,8,85,85,4.454347296253507,0,22339,0,21,1075.0,1315.0,-990.0,0,0,0,5.600000000000001,27.6,75,78.424,3.0,0.0,113.0,,112.0,111.33333333333333,113.0,139.0,203.0,,,2021-08,2021-08,120,110.0979777184118,9.902022281588202,9.902022281588202,False
2021-08-12 13:00:00,20210812,170,191,188.5,False,False,False,False,False,True,True,13,4,0,0,0,0.0,4.0,2,0,8,1315,800,7.182352111885263,0,22339,0,21,85.0,1222.0,1230.0,0,0,0,6.199999999999999,28.2,73,79.08314,2.9,0.0,183.0,,192.0,161.66666666666666,183.0,139.0,203.0,,,2021-08,2021-08,170,176.78942582666068,-6.7894258266606755,6.7894258266606755,False
2021-08-12 14:00:00,20210812,184,193,190.0,False,False,False,False,False,True,True,14,4,0,0,0,0.0,4.0,2,0,8,1222,800,7.109062135687172,0,22339,0,21,1315.0,768.0,-93.0,0,0,0,6.0,28.0,76,79.1792,3.8,0.0,187.0,,187.0,174.66666666666666,187.0,139.0,203.0,,,2021-08,2021-08,184,180.28328362283148,3.716716377168524,3.716716377168524,True
2021-08-12 15:00:00,20210812,165,197,191.0,False,False,False,False,False,True,True,15,4,0,0,0,0.0,4.0,2,0,8,768,768,6.645090969505644,0,22339,0,21,1222.0,6810.0,-454.0,0,0,0,5.100000000000001,27.1,79,78.14891,2.1,0.0,153.0,,164.0,160.0,153.0,139.0,203.0,,,2021-08,2021-08,165,162.8093402942939,2.1906597057061106,2.1906597057061106,False
2021-08-12 16:00:00,20210812,170,176,184.5,False,False,False,False,False,True,True,16,4,0,0,0,0.0,4.0,2,0,8,6810,800,8.826294231241318,0,22339,0,21,768.0,635.0,6042.0,0,0,0,4.699999999999999,26.7,81,77.75473,2.0,0.0,182.0,,166.0,171.66666666666666,182.0,139.0,203.0,,,2021-08,2021-08,170,170.62375368799295,-0.6237536879929451,0.6237536879929451,False
2021-08-12 17:00:00,20210812,135,160,154.0,False,False,False,False,False,True,True,17,4,0,0,0,0.0,4.0,2,1,8,635,635,6.455198563340122,0,22339,0,21,6810.0,1081.0,-6175.0,0,0,0,4.100000000000001,26.1,84,77.13376,1.3,0.0,151.0,,129.0,141.66666666666666,151.0,139.0,203.0,,,2021-08,2021-08,135,133.5378327546872,1.4621672453127985,1.4621672453127985,False
2021-08-12 18:00:00,20210812,172,177,176.0,False,False,False,False,False,True,True,18,4,0,0,0,0.0,4.0,2,0,8,1081,800,6.9865664594064265,0,22339,0,21,635.0,3692.0,446.0,0,0,0,3.8000000000000007,25.8,85,76.75370000000001,1.2,0.0,180.0,,174.0,176.66666666666666,180.0,139.0,203.0,,,2021-08,2021-08,172,170.91655029724333,1.083449702756667,1.083449702756667,False
2021-08-12 19:00:00,20210812,161,182,175.5,False,False,False,False,False,True,True,19,4,0,0,0,0.0,4.0,2,0,8,3692,800,8.214194414852564,0,22339,0,21,1081.0,114.0,2611.0,0,0,0,3.3999999999999986,25.4,88,76.41847999999999,1.1,0.0,150.0,,169.0,161.0,150.0,139.0,203.0,,,2021-08,2021-08,161,163.28563521339822,-2.2856352133982227,2.2856352133982227,False
2021-08-12 20:00:00,20210812,125,127,128.0,False,False,False,False,False,True,True,20,4,0,0,0,0.0,4.0,0,0,8,114,114,4.74493212836325,0,22339,0,21,3692.0,0.0,-3578.0,0,0,0,2.3000000000000007,24.3,98,75.54486,1.5,0.8,125.0,,128.0,138.33333333333334,125.0,139.0,203.0,,,2021-08,2021-08,125,111.7493494282423,13.250650571757703,13.250650571757703,False
2021-08-12 21:00:00,20210812,112,114,118.5,False,False,False,False,False,True,True,21,4,0,0,0,0.0,4.0,0,0,8,0,0,0.0,1,22339,0,21,114.0,0.0,-114.0,0,0,0,2.1999999999999993,24.2,98,75.36684,0.9,1.3,108.0,,126.0,144.33333333333334,108.0,139.0,203.0,,,2021-08,2021-08,112,80.56758240000346,31.43241759999654,31.43241759999654,False
2021-08-12 22:00:00,20210812,116,122,121.5,False,False,False,False,False,True,True,22,4,0,0,0,0.0,4.0,0,0,8,0,0,0.0,1,22339,0,21,0.0,100.0,0.0,0,0,0,2.1000000000000014,24.1,98,75.18881999999999,0.7,1.3,110.0,,122.0,145.0,110.0,139.0,203.0,,,2021-08,2021-08,116,78.15385049182599,37.84614950817401,37.84614950817401,False
2021-08-12 23:00:00,20210812,103,118,120.0,False,False,False,False,False,True,True,23,4,0,0,0,0.0,4.0,0,0,8,100,100,4.61512051684126,0,22339,0,21,0.0,,100.0,0,0,0,1.8999999999999986,23.9,98,74.83278,0.9,1.4,99.0,,114.0,136.0,99.0,139.0,203.0,,,2021-08,2021-08,103,98.05389275093414,4.946107249065861,4.946107249065861,False
2021-08-13 00:00:00,20210813,72,79,81.0,False,False,False,False,False,True,True,0,5,0,0,0,0.0,5.0,0,0,8,137,137,4.927253685157205,0,17668,0,22,,45.0,,0,0,0,1.8999999999999986,23.9,98,74.83278,1.2,0.0,76.0,,88.0,77.0,76.0,137.45833333333334,188.0,,,2021-08,2021-08,72,83.33945967139266,-11.33945967139266,11.33945967139266,False
2021-08-13 01:00:00,20210813,100,105,104.5,False,False,False,False,False,True,True,1,5,0,0,0,0.0,5.0,0,0,8,45,45,3.828641396489095,0,17668,0,22,137.0,100.0,-92.0,0,0,0,1.6999999999999993,23.7,98,74.47673999999999,1.1,0.0,105.0,,121.0,107.33333333333333,105.0,137.45833333333334,188.0,,,2021-08,2021-08,100,104.30791079703484,-4.307910797034836,4.307910797034836,False
2021-08-13 02:00:00,20210813,112,117,113.0,False,False,False,False,False,True,True,2,5,0,0,0,0.0,5.0,0,0,8,100,100,4.61512051684126,0,17668,0,22,45.0,190.0,55.0,0,0,0,1.6999999999999993,23.7,98,74.47673999999999,1.2,0.0,108.0,,119.0,108.33333333333333,108.0,137.45833333333334,188.0,,,2021-08,2021-08,112,104.47563455261574,7.524365447384255,7.524365447384255,False
2021-08-13 03:00:00,20210813,116,120,118.0,False,False,False,False,False,True,True,3,5,0,0,0,0.0,5.0,0,0,8,190,190,5.25227342804663,0,17668,0,22,100.0,97.0,90.0,0,0,0,1.3000000000000007,23.3,98,73.76465999999999,1.3,0.2,104.0,,122.0,110.33333333333333,104.0,137.45833333333334,188.0,,,2021-08,2021-08,116,104.69920098564586,11.30079901435414,11.30079901435414,False
2021-08-13 04:00:00,20210813,110,116,114.0,False,False,False,False,False,True,True,4,5,0,0,0,0.0,5.0,0,0,8,97,97,4.584967478670572,0,17668,0,22,190.0,0.0,-93.0,0,0,0,1.3999999999999986,23.4,98,73.94268,1.1,0.2,107.0,,119.0,108.0,107.0,137.45833333333334,188.0,,,2021-08,2021-08,110,98.6200886058045,11.379911394195503,11.379911394195503,False
2021-08-13 05:00:00,20210813,88,108,102.0,False,False,False,False,False,True,True,5,5,0,0,0,0.0,5.0,0,0,8,0,0,0.0,1,17668,0,22,97.0,831.0,-97.0,0,0,0,1.1000000000000014,23.1,98,73.40862,1.9,0.2,89.0,,105.0,94.0,89.0,137.45833333333334,188.0,,,2021-08,2021-08,88,79.49171129759763,8.508288702402368,8.508288702402368,False
2021-08-13 06:00:00,20210813,110,116,115.5,False,False,False,False,False,True,True,6,5,0,0,0,0.0,5.0,0,0,8,831,800,6.723832440821209,0,17668,0,22,0.0,352.0,831.0,0,0,0,1.1999999999999993,23.2,98,73.58663999999999,1.9,0.2,114.0,,124.0,111.0,114.0,137.45833333333334,188.0,,,2021-08,2021-08,110,105.72799453279299,4.272005467207009,4.272005467207009,False
2021-08-13 07:00:00,20210813,136,166,156.5,False,False,False,False,False,True,True,7,5,0,0,0,0.0,5.0,0,1,8,352,352,5.8664680569332965,0,17668,0,22,831.0,1107.0,-479.0,0,0,0,1.8999999999999986,23.9,98,74.83278,1.7,0.2,130.0,,156.0,137.66666666666666,130.0,137.45833333333334,188.0,,,2021-08,2021-08,136,121.16246177069625,14.837538229303746,14.837538229303746,False
2021-08-13 08:00:00,20210813,196,207,204.0,False,False,False,False,False,True,True,8,5,0,0,0,0.0,5.0,2,0,8,1107,800,7.010311867307229,0,17668,0,22,352.0,1246.0,755.0,0,0,0,2.8999999999999986,24.9,92,75.99192,2.8,0.2,187.0,,198.0,192.0,187.0,137.45833333333334,188.0,,,2021-08,2021-08,196,173.47598674082406,22.524013259175945,22.524013259175945,True
2021-08-13 09:00:00,20210813,188,191,189.5,False,False,False,False,False,True,True,9,5,0,0,0,0.0,5.0,2,0,8,1246,800,7.1284959456800365,0,17668,0,22,1107.0,1023.0,139.0,0,0,0,3.6999999999999993,25.7,88,76.92284,1.7,0.2,181.0,,198.0,189.33333333333334,181.0,137.45833333333334,188.0,,,2021-08,2021-08,188,174.5171431021283,13.482856897871699,13.482856897871699,True
2021-08-13 10:00:00,20210813,184,201,198.0,False,False,False,False,False,True,True,10,5,0,0,0,0.0,5.0,2,0,8,1023,800,6.931471805599453,0,17668,0,22,1246.0,1809.0,-223.0,0,0,0,1.6000000000000014,23.6,96,74.11744,1.4,3.5,177.0,,188.0,178.66666666666666,177.0,137.45833333333334,188.0,,,2021-08,2021-08,184,171.0015079492908,12.998492050709189,12.998492050709189,True
2021-08-13 11:00:00,20210813,196,204,203.5,False,False,False,False,False,True,True,11,5,0,0,0,0.0,5.0,2,0,8,1809,800,7.501082124259871,0,17668,0,22,1023.0,30.0,786.0,0,0,0,3.1000000000000014,25.1,91,76.23059,2.0,3.5,188.0,,208.0,194.66666666666666,188.0,137.45833333333334,188.0,,,2021-08,2021-08,196,171.34555947347062,24.654440526529385,24.654440526529385,True
2021-08-13 12:00:00,20210813,111,134,169.0,False,False,False,False,False,True,True,12,5,0,0,0,0.0,5.0,1,1,8,30,30,3.4339872044851463,0,17668,0,22,1809.0,1393.0,-1779.0,0,0,0,3.6999999999999993,25.7,87,76.81141,2.3,3.5,120.0,,121.0,116.66666666666667,120.0,137.45833333333334,188.0,,,2021-08,2021-08,111,109.09869016120011,1.9013098387998895,1.9013098387998895,False
2021-08-13 13:00:00,20210813,183,195,194.5,False,False,False,False,False,True,True,13,5,0,0,0,0.0,5.0,2,0,8,1393,800,7.2399325913204695,0,17668,0,22,30.0,1512.0,1363.0,0,0,0,3.8999999999999986,25.9,82,76.57862,3.2,3.5,170.0,,194.0,182.0,170.0,137.45833333333334,188.0,,,2021-08,2021-08,183,172.56135746327337,10.438642536726633,10.438642536726633,True
2021-08-13 14:00:00,20210813,189,200,196.0,False,False,False,False,False,True,True,14,5,0,0,0,0.0,5.0,2,0,8,1512,800,7.321849713788356,0,17668,0,22,1393.0,1316.0,119.0,0,0,0,4.399999999999999,26.4,80,77.1528,3.2,3.5,184.0,,196.0,182.0,184.0,137.45833333333334,188.0,,,2021-08,2021-08,189,175.53321839257706,13.466781607422945,13.466781607422945,True
2021-08-13 15:00:00,20210813,167,195,189.5,False,False,False,False,False,True,True,15,5,0,0,0,0.0,5.0,2,0,8,1316,800,7.183111701743281,0,17668,0,22,1512.0,1055.0,-196.0,0,0,0,4.199999999999999,26.2,81,76.94878,3.3,3.5,165.0,,161.0,164.66666666666666,165.0,137.45833333333334,188.0,,,2021-08,2021-08,167,170.0407823412704,-3.0407823412703863,3.0407823412703863,False
2021-08-13 16:00:00,20210813,183,186,190.5,False,False,False,False,False,True,True,16,5,0,0,0,0.0,5.0,2,0,8,1055,800,6.962243464266207,0,17668,0,22,1316.0,770.0,-261.0,0,0,0,3.5,25.5,84,76.1488,1.9,3.5,170.0,,174.0,176.0,170.0,137.45833333333334,188.0,,,2021-08,2021-08,183,170.29146491560994,12.708535084390064,12.708535084390064,True
2021-08-13 17:00:00,20210813,149,176,170.5,False,False,False,False,False,True,True,17,5,0,0,0,0.0,5.0,2,1,8,770,770,6.647688373563329,0,17668,0,22,1055.0,1523.0,-285.0,0,0,0,3.1999999999999993,25.2,86,75.86928,1.2,3.5,135.0,,147.0,141.0,135.0,137.45833333333334,188.0,,,2021-08,2021-08,149,137.46852576745243,11.531474232547566,11.531474232547566,False
2021-08-13 18:00:00,20210813,174,177,176.5,False,False,False,False,False,True,True,18,5,0,0,0,0.0,5.0,2,0,8,1523,800,7.329093736246592,0,17668,0,22,770.0,2206.0,753.0,0,0,0,2.6999999999999993,24.7,86,75.03858,1.7,3.5,172.0,,183.0,172.0,172.0,137.45833333333334,188.0,,,2021-08,2021-08,174,170.38802314035684,3.611976859643164,3.611976859643164,False
2021-08-13 19:00:00,20210813,146,168,170.0,False,False,False,False,False,True,True,19,5,0,0,0,0.0,5.0,2,0,8,2206,800,7.699389406256737,0,17668,0,22,1523.0,0.0,683.0,0,0,0,2.6999999999999993,24.7,87,75.14010999999999,2.2,3.5,161.0,,151.0,144.0,161.0,137.45833333333334,188.0,,,2021-08,2021-08,146,133.5015299393905,12.498470060609492,12.498470060609492,False
2021-08-13 20:00:00,20210813,117,125,123.5,False,False,False,False,False,True,True,20,5,0,0,0,0.0,5.0,0,0,8,0,0,0.0,1,17668,0,22,2206.0,55.0,-2206.0,0,0,0,2.8000000000000007,24.8,88,75.40976,1.4,3.5,125.0,,107.0,110.66666666666667,125.0,137.45833333333334,188.0,,,2021-08,2021-08,117,80.24651440021084,36.75348559978916,36.75348559978916,False
2021-08-13 21:00:00,20210813,113,119,122.0,False,False,False,False,False,True,True,21,5,0,0,0,0.0,5.0,0,0,8,55,55,4.02535169073515,0,17668,0,22,0.0,832.0,55.0,0,0,0,2.6000000000000014,24.6,89,75.17406,1.2,3.5,112.0,,110.0,110.33333333333333,112.0,137.45833333333334,188.0,,,2021-08,2021-08,113,99.60594207875845,13.394057921241554,13.394057921241554,False
2021-08-13 22:00:00,20210813,109,118,117.0,False,False,False,False,False,True,True,22,5,0,0,0,0.0,5.0,0,0,8,832,800,6.725033642166843,0,17668,0,22,55.0,39.0,777.0,0,0,0,2.3000000000000007,24.3,90,74.7643,1.3,3.5,116.0,,103.0,101.66666666666667,116.0,137.45833333333334,188.0,,,2021-08,2021-08,109,108.06918510703747,0.9308148929625304,0.9308148929625304,False
2021-08-13 23:00:00,20210813,97,116,117.0,False,False,False,False,False,True,True,23,5,0,0,0,0.0,5.0,0,0,8,39,39,3.6888794541139363,0,17668,0,22,832.0,,-793.0,0,0,0,2.0,24.0,91,74.3486,1.9,3.5,103.0,,103.0,102.0,103.0,137.45833333333334,188.0,,,2021-08,2021-08,97,96.83356725845704,0.1664327415429625,0.1664327415429625,False
2021-08-14 00:00:00,20210814,62,67,69.0,False,False,False,False,False,True,True,0,6,1,0,0,0.0,6.0,0,0,8,0,0,0.0,1,1529,0,7,,237.0,,0,0,0,2.0,24.0,91,74.3486,1.4,0.0,72.0,,,66.0,72.0,139.41666666666666,196.0,,,2021-08,2021-08,62,44.59383459857659,17.406165401423408,17.406165401423408,False
2021-08-14 01:00:00,20210814,97,106,105.0,False,False,False,False,False,True,True,1,6,1,0,0,0.0,6.0,0,0,8,237,237,5.472270673671475,0,1529,0,7,0.0,61.0,237.0,0,0,0,2.3000000000000007,24.3,90,74.7643,1.6,0.0,100.0,,,98.5,100.0,139.41666666666666,196.0,,,2021-08,2021-08,97,74.2029764778096,22.7970235221904,22.7970235221904,False
2021-08-14 02:00:00,20210814,107,108,108.0,False,False,False,False,False,True,True,2,6,1,0,0,0.0,6.0,0,0,8,61,61,4.127134385045092,0,1529,0,7,237.0,61.0,-176.0,0,0,0,2.1999999999999993,24.2,91,74.69077999999999,1.8,0.0,112.0,,,96.5,112.0,139.41666666666666,196.0,,,2021-08,2021-08,107,83.28929615151112,23.710703848488876,23.710703848488876,False
2021-08-14 03:00:00,20210814,91,98,96.5,False,False,False,False,False,True,True,3,6,1,0,0,0.0,6.0,0,0,8,61,61,4.127134385045092,0,1529,0,7,61.0,40.0,0.0,0,0,0,1.3000000000000007,23.3,98,73.76465999999999,1.8,0.6,116.0,,,93.5,116.0,139.41666666666666,196.0,,,2021-08,2021-08,91,83.4318910812213,7.568108918778705,7.568108918778705,False
2021-08-14 04:00:00,20210814,98,100,99.0,False,False,False,False,False,True,True,4,6,1,0,0,0.0,6.0,0,0,8,40,40,3.713572066704308,0,1529,0,7,61.0,198.0,-21.0,0,0,0,1.1999999999999993,23.2,97,73.49996,2.0,1.0,110.0,,,96.5,110.0,139.41666666666666,196.0,,,2021-08,2021-08,98,82.6663402682792,15.3336597317208,15.3336597317208,False
2021-08-14 05:00:00,20210814,83,91,88.5,False,False,False,False,False,True,True,5,6,1,0,0,0.0,6.0,0,0,8,198,198,5.293304824724492,0,1529,0,7,40.0,136.0,158.0,0,0,0,1.1999999999999993,23.2,97,73.49996,1.7,1.1,88.0,,,82.5,88.0,139.41666666666666,196.0,,,2021-08,2021-08,83,83.6148584525708,-0.6148584525708003,0.6148584525708003,False
2021-08-14 06:00:00,20210814,86,91,91.0,False,False,False,False,False,True,True,6,6,1,0,0,0.0,6.0,0,0,8,136,136,4.919980925828125,0,1529,0,7,198.0,796.0,-62.0,0,0,0,0.6000000000000014,22.6,98,72.51852,1.7,3.7,110.0,,,90.0,110.0,139.41666666666666,196.0,,,2021-08,2021-08,86,85.71838345060074,0.28161654939925995,0.28161654939925995,False
2021-08-14 07:00:00,20210814,53,75,78.0,False,False,False,False,False,True,True,7,6,1,0,0,0.0,6.0,0,1,8,796,796,6.680854678790215,0,1529,0,7,136.0,0.0,660.0,0,0,0,0.1999999999999993,22.2,98,71.80644,1.5,12.8,136.0,,,59.0,136.0,139.41666666666666,196.0,,,2021-08,2021-08,53,78.87175323538143,-25.871753235381433,25.871753235381433,False
2021-08-14 08:00:00,20210814,23,26,28.0,False,False,False,False,False,True,True,8,6,1,0,0,0.0,6.0,2,0,8,0,0,0.0,1,1529,0,7,796.0,0.0,-796.0,0,0,0,0.1999999999999993,22.2,98,71.80644,2.0,16.1,196.0,,,25.0,196.0,139.41666666666666,196.0,,,2021-08,2021-08,23,38.57505476980432,-15.575054769804318,15.575054769804318,False
2021-08-14 09:00:00,20210814,22,23,22.0,False,False,False,False,False,True,True,9,6,1,0,0,0.0,6.0,2,0,8,0,0,0.0,1,1529,0,7,0.0,0.0,0.0,0,0,0,0.10000000000000142,22.1,98,71.62842,2.0,20.1,188.0,,,23.5,188.0,139.41666666666666,196.0,,,2021-08,2021-08,22,25.602183135417093,-3.602183135417093,3.602183135417093,False
2021-08-14 10:00:00,20210814,21,21,22.0,False,False,False,False,False,True,True,10,6,1,0,0,0.0,6.0,2,0,8,0,0,0.0,1,1529,0,7,0.0,0.0,0.0,0,0,0,0.8999999999999986,22.9,98,73.05257999999999,2.8,23.7,184.0,,,23.5,184.0,139.41666666666666,196.0,,,2021-08,2021-08,21,25.724517921209866,-4.724517921209866,4.724517921209866,False
2021-08-14 11:00:00,20210814,23,26,25.0,False,False,False,False,False,True,True,11,6,1,0,0,0.0,6.0,2,0,8,0,0,0.0,1,1529,0,7,0.0,0.0,0.0,0,0,0,0.8999999999999986,22.9,97,72.96887,2.4,24.1,196.0,,,25.5,196.0,139.41666666666666,196.0,,,2021-08,2021-08,23,25.721178606635632,-2.7211786066356325,2.7211786066356325,False
2021-08-14 12:00:00,20210814,22,23,24.5,False,False,False,False,False,True,True,12,6,1,0,0,0.0,6.0,1,1,8,0,0,0.0,1,1529,0,7,0.0,0.0,0.0,0,0,0,0.6999999999999993,22.7,96,72.53308,2.7,25.7,111.0,,,23.5,111.0,139.41666666666666,196.0,,,2021-08,2021-08,22,25.37817021501279,-3.3781702150127906,3.3781702150127906,False
2021-08-14 13:00:00,20210814,21,21,21.0,False,False,False,False,False,True,True,13,6,1,0,0,0.0,6.0,2,0,8,0,0,0.0,1,1529,0,7,0.0,0.0,0.0,0,0,0,1.6999999999999993,23.7,94,74.11022,2.3,26.1,183.0,,,23.5,183.0,139.41666666666666,196.0,,,2021-08,2021-08,21,25.656836207550953,-4.656836207550953,4.656836207550953,False
2021-08-14 14:00:00,20210814,22,22,22.0,False,False,False,False,False,True,True,14,6,1,0,0,0.0,6.0,2,0,8,0,0,0.0,1,1529,0,7,0.0,0.0,0.0,0,0,0,2.1999999999999993,24.2,86,74.20787999999999,2.2,26.1,189.0,,,23.5,189.0,139.41666666666666,196.0,,,2021-08,2021-08,22,25.656836207550953,-3.6568362075509526,3.6568362075509526,False
2021-08-14 15:00:00,20210814,23,26,24.5,False,False,False,False,False,True,True,15,6,1,0,0,0.0,6.0,2,0,8,0,0,0.0,1,1529,0,7,0.0,0.0,0.0,0,0,0,2.8000000000000007,24.8,85,75.1022,2.1,26.1,167.0,,,25.5,167.0,139.41666666666666,196.0,,,2021-08,2021-08,23,25.631915952980687,-2.6319159529806875,2.6319159529806875,False
2021-08-14 16:00:00,20210814,22,22,22.5,False,False,False,False,False,True,True,16,6,1,0,0,0.0,6.0,2,0,8,0,0,0.0,1,1529,0,7,0.0,0.0,0.0,0,0,0,3.5,25.5,81,75.82045,1.8,26.1,183.0,,,23.5,183.0,139.41666666666666,196.0,,,2021-08,2021-08,22,25.576103776828347,-3.5761037768283472,3.5761037768283472,False
2021-08-14 17:00:00,20210814,21,22,22.0,False,False,False,False,False,True,True,17,6,1,0,0,0.0,6.0,2,1,8,0,0,0.0,1,1529,0,7,0.0,0.0,0.0,0,0,0,2.5,24.5,84,74.5072,2.4,26.1,149.0,,,23.0,149.0,139.41666666666666,196.0,,,2021-08,2021-08,21,25.321278256621195,-4.321278256621195,4.321278256621195,False
2021-08-14 18:00:00,20210814,22,24,23.0,False,False,False,False,False,True,True,18,6,1,0,0,0.0,6.0,2,0,8,0,0,0.0,1,1529,0,7,0.0,0.0,0.0,0,0,0,2.1000000000000014,24.1,88,74.23292000000001,1.9,26.1,174.0,,,24.5,174.0,139.41666666666666,196.0,,,2021-08,2021-08,22,25.65470336622425,-3.6547033662242505,3.6547033662242505,False
2021-08-14 19:00:00,20210814,23,26,24.0,False,False,False,False,False,True,True,19,6,1,0,0,0.0,6.0,2,0,8,0,0,0.0,1,1529,0,7,0.0,0.0,0.0,0,0,0,1.5,23.5,90,73.4035,1.8,26.1,146.0,,,24.0,146.0,139.41666666666666,196.0,,,2021-08,2021-08,23,25.638968558954712,-2.638968558954712,2.638968558954712,False
2021-08-14 20:00:00,20210814,22,22,22.0,False,False,False,False,False,True,True,20,6,1,0,0,0.0,6.0,0,0,8,0,0,0.0,1,1529,0,7,0.0,0.0,0.0,0,0,0,0.6000000000000014,22.6,94,72.19556,3.1,26.2,117.0,,,23.5,117.0,139.41666666666666,196.0,,,2021-08,2021-08,22,25.75896789468291,-3.758967894682911,3.758967894682911,False
2021-08-14 21:00:00,20210814,22,23,22.5,False,False,False,False,False,True,True,21,6,1,0,0,0.0,6.0,0,0,8,0,0,0.0,1,1529,0,7,0.0,0.0,0.0,0,0,0,0.3999999999999986,22.4,94,71.84743999999999,2.8,26.5,113.0,,,24.5,113.0,139.41666666666666,196.0,,,2021-08,2021-08,22,25.781004455230473,-3.781004455230473,3.781004455230473,False
2021-08-14 22:00:00,20210814,23,25,24.5,False,False,False,False,False,True,True,22,6,1,0,0,0.0,6.0,0,0,8,0,0,0.0,1,1529,0,7,0.0,0.0,0.0,0,0,0,0.5,22.5,93,71.94175,2.3,26.5,109.0,,,25.5,109.0,139.41666666666666,196.0,,,2021-08,2021-08,23,25.365278605109143,-2.3652786051091432,2.3652786051091432,False
2021-08-14 23:00:00,20210814,22,22,21.5,False,False,False,False,False,True,True,23,6,1,0,0,0.0,6.0,0,0,8,0,0,0.0,1,1529,0,7,0.0,,0.0,0,0,0,0.3000000000000007,22.3,94,71.67338000000001,2.4,26.5,97.0,,,23.5,97.0,139.41666666666666,196.0,,,2021-08,2021-08,22,25.73558593024963,-3.7355859302496306,3.7355859302496306,False
2021-08-15 00:00:00,20210815,22,22,22.0,False,True,False,False,False,True,True,0,7,1,1,0,0.0,7.0,0,0,8,0,0,0.0,1,0,1,0,,0.0,,0,0,0,0.1999999999999993,22.2,94,71.49932,2.5,0.0,62.0,,,,62.0,42.958333333333336,107.0,,,2021-08,2021-08,22,21.90982833213324,0.09017166786675901,0.09017166786675901,False
2021-08-15 01:00:00,20210815,23,28,25.0,False,True,False,False,False,True,True,1,7,1,1,0,0.0,7.0,0,0,8,0,0,0.0,1,0,1,0,0.0,0.0,0.0,0,0,0,0.3000000000000007,22.3,92,71.51784,2.2,0.0,97.0,,,,97.0,42.958333333333336,107.0,,,2021-08,2021-08,23,21.931727447875833,1.0682725521241672,1.0682725521241672,False
2021-08-15 02:00:00,20210815,22,24,26.0,False,True,False,False,False,True,True,2,7,1,1,0,0.0,7.0,0,0,8,0,0,0.0,1,0,1,0,0.0,0.0,0.0,0,0,0,0.5,22.5,91,71.78225,2.5,0.0,107.0,,,,107.0,42.958333333333336,107.0,,,2021-08,2021-08,22,21.97617845029239,0.02382154970760908,0.02382154970760908,False
2021-08-15 03:00:00,20210815,21,22,21.5,False,True,False,False,False,True,True,3,7,1,1,0,0.0,7.0,0,0,8,0,0,0.0,1,0,1,0,0.0,0.0,0.0,0,0,0,0.1999999999999993,22.2,92,71.34576,2.8,0.0,91.0,,,,91.0,42.958333333333336,107.0,,,2021-08,2021-08,21,22.07962862341181,-1.0796286234118107,1.0796286234118107,False
2021-08-15 04:00:00,20210815,22,22,22.0,False,True,False,False,False,True,True,4,7,1,1,0,0.0,7.0,0,0,8,0,0,0.0,1,0,1,0,0.0,0.0,0.0,0,0,0,0.0,22.0,90,70.852,2.2,0.0,98.0,,,,98.0,42.958333333333336,107.0,,,2021-08,2021-08,22,21.949284613384123,0.05071538661587738,0.05071538661587738,False
2021-08-15 05:00:00,20210815,23,25,25.0,False,True,False,False,False,True,True,5,7,1,1,0,0.0,7.0,0,0,8,0,0,0.0,1,0,1,0,0.0,0.0,0.0,0,0,0,0.0,21.8,90,70.5118,2.2,0.0,83.0,,,,83.0,42.958333333333336,107.0,,,2021-08,2021-08,23,21.875844340630977,1.1241556593690234,1.1241556593690234,False
2021-08-15 06:00:00,20210815,22,22,22.0,False,True,False,False,False,True,True,6,7,1,1,0,0.0,7.0,0,0,8,0,0,0.0,1,0,1,0,0.0,0.0,0.0,0,0,0,0.3999999999999986,22.4,86,71.21735999999999,2.8,0.0,86.0,,,,86.0,42.958333333333336,107.0,,,2021-08,2021-08,22,22.05102732939447,-0.051027329394468524,0.051027329394468524,False
2021-08-15 07:00:00,20210815,21,21,21.0,False,True,False,False,False,True,True,7,7,1,1,0,0.0,7.0,0,1,8,0,0,0.0,1,0,1,0,0.0,0.0,0.0,0,0,0,1.8999999999999986,23.9,82,73.33502,2.8,0.0,53.0,,,,53.0,42.958333333333336,107.0,,,2021-08,2021-08,21,21.89008408648678,-0.8900840864867803,0.8900840864867803,False
2021-08-15 08:00:00,20210815,23,26,25.0,False,True,False,False,False,True,True,8,7,1,1,0,0.0,7.0,2,0,8,0,0,0.0,1,0,1,0,0.0,0.0,0.0,0,0,0,2.5,24.5,81,74.20855,3.2,0.0,23.0,,,,23.0,42.958333333333336,107.0,,,2021-08,2021-08,23,22.321275242415282,0.6787247575847175,0.6787247575847175,False
2021-08-15 09:00:00,20210815,23,24,25.0,False,True,False,False,False,True,True,9,7,1,1,0,0.0,7.0,2,0,8,0,0,0.0,1,0,1,0,0.0,0.0,0.0,0,0,0,3.1999999999999993,25.2,80,75.2304,2.9,0.0,22.0,,,,22.0,42.958333333333336,107.0,,,2021-08,2021-08,23,22.119408715751717,0.8805912842482826,0.8805912842482826,False
2021-08-15 10:00:00,20210815,21,21,21.0,False,True,False,False,False,True,True,10,7,1,1,0,0.0,7.0,2,0,8,0,0,0.0,1,0,1,0,0.0,0.0,0.0,0,0,0,2.8999999999999986,24.9,82,74.95682,3.4,0.0,21.0,,,,21.0,42.958333333333336,107.0,,,2021-08,2021-08,21,22.320084415687393,-1.3200844156873934,1.3200844156873934,False
2021-08-15 11:00:00,20210815,22,22,22.0,False,True,False,False,False,True,True,11,7,1,1,0,0.0,7.0,2,0,8,0,0,0.0,1,0,1,0,0.0,0.0,0.0,0,0,0,1.8999999999999986,23.9,96,74.64555999999999,1.3,0.4,23.0,,,,23.0,42.958333333333336,107.0,,,2021-08,2021-08,22,22.173133475587974,-0.17313347558797432,0.17313347558797432,False
2021-08-15 12:00:00,20210815,23,26,25.0,False,True,False,False,False,True,True,12,7,1,1,0,0.0,7.0,1,1,8,0,0,0.0,1,0,1,0,0.0,0.0,0.0,0,0,0,1.1000000000000014,23.1,98,73.40862,2.9,1.5,22.0,,,,22.0,42.958333333333336,107.0,,,2021-08,2021-08,23,21.758760743567368,1.2412392564326318,1.2412392564326318,False
2021-08-15 13:00:00,20210815,22,22,23.0,False,True,False,False,False,True,True,13,7,1,1,0,0.0,7.0,2,0,8,0,0,0.0,1,0,1,0,0.0,0.0,0.0,0,0,0,2.6000000000000014,24.6,93,75.57622,2.6,1.5,21.0,,,,21.0,42.958333333333336,107.0,,,2021-08,2021-08,22,22.083147177851217,-0.08314717785121672,0.08314717785121672,False
2021-08-15 14:00:00,20210815,22,22,22.0,False,True,False,False,False,True,True,14,7,1,1,0,0.0,7.0,2,0,8,0,0,0.0,1,0,1,0,0.0,0.0,0.0,0,0,0,2.6000000000000014,24.6,93,75.57622,2.6,1.5,22.0,,,,22.0,42.958333333333336,107.0,,,2021-08,2021-08,22,22.083147177851217,-0.08314717785121672,0.08314717785121672,False
2021-08-15 15:00:00,20210815,21,21,21.0,False,True,False,False,False,True,True,15,7,1,1,0,0.0,7.0,2,0,8,0,0,0.0,1,0,1,0,0.0,0.0,0.0,0,0,0,1.3000000000000007,23.3,98,73.76465999999999,1.5,1.5,23.0,,,,23.0,42.958333333333336,107.0,,,2021-08,2021-08,21,22.022791723819623,-1.0227917238196227,1.0227917238196227,False
2021-08-15 16:00:00,20210815,23,25,24.5,False,True,False,False,False,True,True,16,7,1,1,0,0.0,7.0,2,0,8,0,0,0.0,1,0,1,0,0.0,0.0,0.0,0,0,0,0.8999999999999986,22.9,98,73.05257999999999,1.9,1.5,22.0,,,,22.0,42.958333333333336,107.0,,,2021-08,2021-08,23,21.979871814026723,1.0201281859732774,1.0201281859732774,False
2021-08-15 17:00:00,20210815,22,22,22.0,False,True,False,False,False,True,True,17,7,1,1,0,0.0,7.0,2,1,8,0,0,0.0,1,0,1,0,0.0,0.0,0.0,0,0,0,1.3000000000000007,23.3,95,73.50165,2.3,1.5,21.0,,,,21.0,42.958333333333336,107.0,,,2021-08,2021-08,22,21.76739935594209,0.2326006440579107,0.2326006440579107,False
2021-08-15 18:00:00,20210815,21,21,21.5,False,True,False,False,False,True,True,18,7,1,1,0,0.0,7.0,2,0,8,0,0,0.0,1,0,1,0,0.0,0.0,0.0,0,0,0,1.0,23.0,90,72.553,2.5,0.0,22.0,,,,22.0,42.958333333333336,107.0,,,2021-08,2021-08,21,22.115459921528664,-1.1154599215286645,1.1154599215286645,False
2021-08-15 19:00:00,20210815,23,25,24.5,False,True,False,False,False,True,True,19,7,1,1,0,0.0,7.0,2,0,8,0,0,0.0,1,0,1,0,0.0,0.0,0.0,0,0,0,0.0,22.0,96,71.3008,1.2,0.0,23.0,,,,23.0,42.958333333333336,107.0,,,2021-08,2021-08,23,22.112904167509928,0.887095832490072,0.887095832490072,False
2021-08-15 20:00:00,20210815,22,22,23.0,False,True,False,False,False,True,True,20,7,1,1,0,0.0,7.0,0,0,8,0,0,0.0,1,0,1,0,0.0,0.0,0.0,0,0,0,0.3000000000000007,22.3,96,71.82892,1.9,0.0,22.0,,,,22.0,42.958333333333336,107.0,,,2021-08,2021-08,22,21.9482490646046,0.05175093539540043,0.05175093539540043,False
2021-08-15 21:00:00,20210815,22,22,22.0,False,True,False,False,False,True,True,21,7,1,1,0,0.0,7.0,0,0,8,0,0,0.0,1,0,1,0,0.0,0.0,0.0,0,0,0,0.5,22.5,91,71.78225,1.4,0.0,22.0,,,,22.0,42.958333333333336,107.0,,,2021-08,2021-08,22,22.081586271297468,-0.08158627129746776,0.08158627129746776,False
2021-08-15 22:00:00,20210815,23,24,23.0,False,True,False,False,False,True,True,22,7,1,1,0,0.0,7.0,0,0,8,0,0,0.0,1,0,1,0,0.0,0.0,0.0,0,0,0,0.6000000000000014,22.6,90,71.8726,1.8,0.0,23.0,,,,23.0,42.958333333333336,107.0,,,2021-08,2021-08,23,21.844281453964182,1.1557185460358177,1.1557185460358177,False
2021-08-15 23:00:00,20210815,23,25,24.5,False,True,False,False,False,True,True,23,7,1,1,0,0.0,7.0,0,0,8,0,0,0.0,1,0,1,0,0.0,,0.0,0,0,0,0.3000000000000007,22.3,94,71.67338000000001,2.0,0.0,22.0,,,,22.0,42.958333333333336,107.0,,,2021-08,2021-08,23,22.22175422815248,0.7782457718475193,0.7782457718475193,False
2021-08-16 00:00:00,20210816,22,22,22.0,False,False,False,False,False,True,True,0,1,0,1,1,1.0,1.0,0,0,8,0,0,0.0,1,10238,0,15,,0.0,,1,0,10238,0.0,22.0,93,71.0764,1.7,0.0,,21.0,,23.666666666666668,62.0,,,107.66666666666667,193.0,2021-08,2021-08,22,32.014895583526226,-10.014895583526226,10.014895583526226,False
2021-08-16 01:00:00,20210816,21,23,22.0,False,False,False,False,False,True,True,1,1,0,1,1,1.0,1.0,0,0,8,0,0,0.0,1,10238,0,15,0.0,0.0,0.0,1,0,10238,0.0,21.8,92,70.65744,1.6,0.0,,23.0,,23.666666666666668,97.0,,,107.66666666666667,193.0,2021-08,2021-08,21,31.56533136911303,-10.565331369113029,10.565331369113029,False
2021-08-16 02:00:00,20210816,23,26,25.0,False,False,False,False,False,True,True,2,1,0,1,1,1.0,1.0,0,0,8,0,0,0.0,1,10238,0,15,0.0,0.0,0.0,1,0,10238,0.0,21.6,91,70.24244,1.8,0.0,,20.0,,22.666666666666668,107.0,,,107.66666666666667,193.0,2021-08,2021-08,23,31.64544192600137,-8.645441926001372,8.645441926001372,False
2021-08-16 03:00:00,20210816,21,21,22.5,False,False,False,False,False,True,True,3,1,0,1,1,1.0,1.0,0,0,8,0,0,0.0,1,10238,0,15,0.0,0.0,0.0,1,0,10238,0.0,21.3,92,69.79704,2.1,0.0,,22.0,,23.333333333333332,91.0,,,107.66666666666667,193.0,2021-08,2021-08,21,31.752193508673106,-10.752193508673106,10.752193508673106,False
2021-08-16 04:00:00,20210816,22,22,22.0,False,False,False,False,False,True,True,4,1,0,1,1,1.0,1.0,0,0,8,0,0,0.0,1,10238,0,15,0.0,0.0,0.0,1,0,10238,0.0,21.3,95,70.00065,1.6,0.0,,21.0,,23.333333333333332,98.0,,,107.66666666666667,193.0,2021-08,2021-08,22,32.01258591339237,-10.012585913392371,10.012585913392371,False
2021-08-16 05:00:00,20210816,22,22,22.0,False,False,False,False,False,True,True,5,1,0,1,1,1.0,1.0,0,0,8,0,0,0.0,1,10238,0,15,0.0,0.0,0.0,1,0,10238,0.0,21.5,95,70.35075,2.2,0.0,,21.0,,22.666666666666668,83.0,,,107.66666666666667,193.0,2021-08,2021-08,22,31.672820312607495,-9.672820312607495,9.672820312607495,False
2021-08-16 06:00:00,20210816,23,26,24.5,False,False,False,False,False,True,True,6,1,0,1,1,1.0,1.0,0,0,8,0,0,0.0,1,10238,0,15,0.0,27.0,0.0,1,0,10238,0.1999999999999993,22.2,94,71.49932,1.8,0.0,,20.0,,23.0,86.0,,,107.66666666666667,193.0,2021-08,2021-08,23,42.52924742414667,-19.529247424146668,19.529247424146668,False
2021-08-16 07:00:00,20210816,60,122,92.5,False,False,False,False,False,True,True,7,1,0,1,1,1.0,1.0,0,1,8,27,27,3.332204510175204,0,10238,0,15,0.0,566.0,27.0,1,27,10238,0.6000000000000014,22.6,93,72.11482000000001,1.6,0.0,,70.0,,68.66666666666667,53.0,,,107.66666666666667,193.0,2021-08,2021-08,60,77.05789790408026,-17.057897904080264,17.057897904080264,False
2021-08-16 08:00:00,20210816,174,183,182.5,False,False,False,False,False,True,True,8,1,0,1,1,1.0,1.0,2,0,8,566,566,6.340359303727752,0,10238,0,15,27.0,642.0,539.0,1,566,10238,1.1000000000000014,23.1,95,73.15155,1.8,0.3,,193.0,,193.0,23.0,,,107.66666666666667,193.0,2021-08,2021-08,174,177.22611212251266,-3.22611212251266,3.22611212251266,False
2021-08-16 09:00:00,20210816,183,190,188.0,False,False,False,False,False,True,True,9,1,0,1,1,1.0,1.0,2,0,8,642,642,6.466144724237619,0,10238,0,15,566.0,1720.0,76.0,1,642,10238,3.3999999999999986,25.4,78,75.33388,2.2,0.3,,191.0,,184.66666666666666,22.0,,,107.66666666666667,193.0,2021-08,2021-08,183,178.00893762396313,4.991062376036865,4.991062376036865,True
2021-08-16 10:00:00,20210816,144,157,154.0,False,False,False,False,False,True,True,10,1,0,1,1,1.0,1.0,2,0,8,1720,800,7.450660796211539,0,10238,0,15,642.0,1472.0,1078.0,1,1720,10238,3.5,25.5,74,75.0543,3.5,0.3,,182.0,,184.0,21.0,,,107.66666666666667,193.0,2021-08,2021-08,144,174.24031179434394,-30.24031179434394,30.24031179434394,False
2021-08-16 11:00:00,20210816,155,157,156.5,False,False,False,False,False,True,True,11,1,0,1,1,1.0,1.0,2,0,8,1472,800,7.29505641646263,0,10238,0,15,1720.0,0.0,-248.0,1,1472,10238,4.199999999999999,26.2,68,75.43584,4.1,0.3,,187.0,,192.0,23.0,,,107.66666666666667,193.0,2021-08,2021-08,155,179.80373469716264,-24.80373469716264,24.80373469716264,False
2021-08-16 12:00:00,20210816,97,107,131.0,False,False,False,False,False,True,True,12,1,0,1,1,1.0,1.0,1,1,8,0,0,0.0,1,10238,0,15,1472.0,1404.0,-1472.0,1,0,10238,4.300000000000001,26.3,67,75.46679,2.9,0.3,,129.0,,119.66666666666667,22.0,,,107.66666666666667,193.0,2021-08,2021-08,97,103.30740512955441,-6.307405129554411,6.307405129554411,False
2021-08-16 13:00:00,20210816,153,157,156.5,False,False,False,False,False,True,True,13,1,0,1,1,1.0,1.0,2,0,8,1404,800,7.247792581767846,0,10238,0,15,0.0,1828.0,1404.0,1,1404,10238,4.100000000000001,26.1,68,75.28752,3.5,0.3,,182.0,,176.33333333333334,21.0,,,107.66666666666667,193.0,2021-08,2021-08,153,175.39302291692061,-22.393022916920614,22.393022916920614,False
2021-08-16 14:00:00,20210816,146,153,151.0,False,False,False,False,False,True,True,14,1,0,1,1,1.0,1.0,2,0,8,1828,800,7.511524648390866,0,10238,0,15,1404.0,547.0,424.0,1,1828,10238,3.8999999999999986,25.9,66,74.76406,3.3,0.3,,183.0,,182.33333333333334,22.0,,,107.66666666666667,193.0,2021-08,2021-08,146,175.18374663045128,-29.18374663045128,29.18374663045128,False
2021-08-16 15:00:00,20210816,133,146,143.0,False,False,False,False,False,True,True,15,1,0,1,1,1.0,1.0,2,0,8,547,547,6.306275286948016,0,10238,0,15,1828.0,1490.0,-1281.0,1,547,10238,3.0,25.0,70,73.865,3.6,0.3,,167.0,,164.66666666666666,23.0,,,107.66666666666667,193.0,2021-08,2021-08,133,171.0129838929653,-38.01298389296531,38.01298389296531,False
2021-08-16 16:00:00,20210816,116,125,124.5,False,False,False,False,False,True,True,16,1,0,1,1,1.0,1.0,2,0,8,1490,800,7.307202314764738,0,10238,0,15,547.0,0.0,943.0,1,1490,10238,2.6999999999999993,24.7,71,73.51563,2.9,0.3,,184.0,,178.66666666666666,22.0,,,107.66666666666667,193.0,2021-08,2021-08,116,169.04920245727564,-53.04920245727564,53.04920245727564,False
2021-08-16 17:00:00,20210816,100,105,109.0,False,False,False,False,False,True,True,17,1,0,1,1,1.0,1.0,2,1,8,0,0,0.0,1,10238,0,15,1490.0,22.0,-1490.0,1,0,10238,2.6000000000000014,24.6,73,73.56542,2.3,0.3,,146.0,,143.66666666666666,21.0,,,107.66666666666667,193.0,2021-08,2021-08,100,98.67535885462756,1.3246411453724392,1.3246411453724392,False
2021-08-16 18:00:00,20210816,92,94,94.5,False,False,False,False,False,True,True,18,1,0,1,1,1.0,1.0,2,0,8,22,22,3.1354942159291497,0,10238,0,15,0.0,31.0,22.0,1,22,10238,1.8999999999999986,23.9,78,72.96058,1.8,0.3,,98.0,,148.0,22.0,,,107.66666666666667,193.0,2021-08,2021-08,92,104.2213637553084,-12.221363755308403,12.221363755308403,False
2021-08-16 19:00:00,20210816,89,95,94.0,False,False,False,False,False,True,True,19,1,0,1,1,1.0,1.0,2,0,8,31,31,3.4657359027997265,0,10238,0,15,22.0,130.0,9.0,1,31,10238,1.5,23.5,81,72.59665,1.7,0.3,,93.0,,133.66666666666666,23.0,,,107.66666666666667,193.0,2021-08,2021-08,89,102.59827127369311,-13.598271273693115,13.598271273693115,False
2021-08-16 20:00:00,20210816,98,102,98.5,False,False,False,False,False,True,True,20,1,0,1,1,1.0,1.0,0,0,8,130,130,4.875197323201151,0,10238,0,15,31.0,138.0,99.0,1,130,10238,1.0,23.0,85,72.12950000000001,2.5,0.3,,109.0,,112.66666666666667,22.0,,,107.66666666666667,193.0,2021-08,2021-08,98,98.6445553657212,-0.6445553657212031,0.6445553657212031,False
2021-08-16 21:00:00,20210816,112,116,114.5,False,False,False,False,False,True,True,21,1,0,1,1,1.0,1.0,0,0,8,138,138,4.9344739331306915,0,10238,0,15,130.0,35.0,8.0,1,138,10238,1.1999999999999993,23.2,85,72.4598,2.9,0.3,,115.0,,116.33333333333333,22.0,,,107.66666666666667,193.0,2021-08,2021-08,112,105.41802734147781,6.58197265852219,6.58197265852219,False
2021-08-16 22:00:00,20210816,95,102,98.5,False,False,False,False,False,True,True,22,1,0,1,1,1.0,1.0,0,0,8,35,35,3.58351893845611,0,10238,0,15,138.0,186.0,-103.0,1,35,10238,1.0,23.0,88,72.3836,2.4,0.3,,109.0,,108.33333333333333,23.0,,,107.66666666666667,193.0,2021-08,2021-08,95,95.73369691514297,-0.7336969151429713,0.7336969151429713,False
2021-08-16 23:00:00,20210816,96,102,102.0,False,False,False,False,False,True,True,23,1,0,1,1,1.0,1.0,0,0,8,186,186,5.231108616854587,0,10238,0,15,35.0,,151.0,1,186,10238,1.1999999999999993,23.2,86,72.54648,2.2,0.3,,98.0,,101.0,22.0,,,107.66666666666667,193.0,2021-08,2021-08,96,88.81908063784904,7.180919362150959,7.180919362150959,False
2021-08-17 00:00:00,20210817,70,71,77.5,False,False,False,False,False,True,True,0,2,0,0,0,0.0,2.0,0,0,8,141,141,4.955827057601261,0,29279,0,23,,267.0,,0,0,0,0.6999999999999993,22.7,89,71.96097,2.4,0.0,22.0,68.0,,69.0,22.0,91.54166666666667,183.0,132.875,185.0,2021-08,2021-08,70,75.37637047592972,-5.376370475929718,5.376370475929718,False
2021-08-17 01:00:00,20210817,96,100,100.0,False,False,False,False,False,True,True,1,2,0,0,0,0.0,2.0,0,0,8,267,267,5.5909869805108565,0,29279,0,23,141.0,238.0,126.0,0,0,0,0.8999999999999986,22.9,89,72.29919,2.2,0.0,21.0,99.0,,100.33333333333333,21.0,91.54166666666667,183.0,132.875,185.0,2021-08,2021-08,96,96.40624858825072,-0.40624858825071897,0.40624858825071897,False
2021-08-17 02:00:00,20210817,98,101,99.5,False,False,False,False,False,True,True,2,2,0,0,0,0.0,2.0,0,0,8,238,238,5.476463551931511,0,29279,0,23,267.0,127.0,-29.0,0,0,0,0.5,22.5,96,72.181,1.9,0.1,23.0,96.0,,104.66666666666667,23.0,91.54166666666667,183.0,132.875,185.0,2021-08,2021-08,98,94.49108617414366,3.5089138258563395,3.5089138258563395,False
2021-08-17 03:00:00,20210817,92,99,97.0,False,False,False,False,False,True,True,3,2,0,0,0,0.0,2.0,0,0,8,127,127,4.852030263919617,0,29279,0,23,238.0,36.0,-111.0,0,0,0,1.1000000000000014,23.1,92,72.89448,2.4,0.1,21.0,98.0,,102.66666666666667,21.0,91.54166666666667,183.0,132.875,185.0,2021-08,2021-08,92,94.00597334359628,-2.005973343596281,2.005973343596281,False
2021-08-17 04:00:00,20210817,93,98,96.5,False,False,False,False,False,True,True,4,2,0,0,0,0.0,2.0,0,0,8,36,36,3.6109179126442243,0,29279,0,23,127.0,86.0,-91.0,0,0,0,1.3000000000000007,23.3,89,72.97563,2.0,0.1,22.0,101.0,,105.33333333333333,22.0,91.54166666666667,183.0,132.875,185.0,2021-08,2021-08,93,96.72090991535946,-3.7209099153594565,3.7209099153594565,False
2021-08-17 05:00:00,20210817,86,103,96.0,False,False,False,False,False,True,True,5,2,0,0,0,0.0,2.0,0,0,8,86,86,4.465908118654584,0,29279,0,23,36.0,290.0,50.0,0,0,0,0.8999999999999986,22.9,90,72.38289999999999,2.9,0.3,22.0,85.0,,88.33333333333333,22.0,91.54166666666667,183.0,132.875,185.0,2021-08,2021-08,86,92.50056508364345,-6.500565083643451,6.500565083643451,False
2021-08-17 06:00:00,20210817,94,96,98.5,False,False,False,False,False,True,True,6,2,0,0,0,0.0,2.0,0,0,8,290,290,5.673323267171493,0,29279,0,23,86.0,1761.0,204.0,0,0,0,0.10000000000000142,22.1,97,71.55263,2.0,1.7,23.0,100.0,,105.0,23.0,91.54166666666667,183.0,132.875,185.0,2021-08,2021-08,94,97.8339759602098,-3.8339759602097985,3.8339759602097985,False
2021-08-17 07:00:00,20210817,125,146,141.5,False,False,False,False,False,True,True,7,2,0,0,0,0.0,2.0,0,1,8,1761,800,7.474204806496124,0,29279,0,23,290.0,930.0,1471.0,0,0,0,0.0,21.9,98,71.27238,1.2,4.4,60.0,128.0,,131.66666666666666,60.0,91.54166666666667,183.0,132.875,185.0,2021-08,2021-08,125,133.45856248900225,-8.458562489002247,8.458562489002247,False
2021-08-17 08:00:00,20210817,164,171,169.5,False,False,False,False,False,True,True,8,2,0,0,0,0.0,2.0,2,0,8,930,800,6.836259277277067,0,29279,0,23,1761.0,1618.0,-831.0,0,0,0,0.3999999999999986,22.4,98,72.16247999999999,1.3,5.3,174.0,183.0,,188.33333333333334,174.0,91.54166666666667,183.0,132.875,185.0,2021-08,2021-08,164,176.12625842344028,-12.126258423440277,12.126258423440277,False
2021-08-17 09:00:00,20210817,163,170,168.0,False,False,False,False,False,True,True,9,2,0,0,0,0.0,2.0,2,0,8,1618,800,7.389563953677635,0,29279,0,23,930.0,1182.0,688.0,0,0,0,0.0,21.4,98,70.38228,3.2,7.1,183.0,185.0,,185.66666666666666,183.0,91.54166666666667,183.0,132.875,185.0,2021-08,2021-08,163,176.08897398034813,-13.088973980348129,13.088973980348129,False
2021-08-17 10:00:00,20210817,153,165,163.5,False,False,False,False,False,True,True,10,2,0,0,0,0.0,2.0,2,0,8,1182,800,7.075808863978387,0,29279,0,23,1618.0,1144.0,-436.0,0,0,0,0.0,21.4,98,70.38228,3.1,15.1,144.0,175.0,,184.0,144.0,91.54166666666667,183.0,132.875,185.0,2021-08,2021-08,153,172.09335797290103,-19.093357972901032,19.093357972901032,False
2021-08-17 11:00:00,20210817,169,173,172.0,False,False,False,False,False,True,True,11,2,0,0,0,0.0,2.0,2,0,8,1144,800,7.0431599159883405,0,29279,0,23,1182.0,0.0,-38.0,0,0,0,0.3000000000000007,22.3,98,71.98446,3.0,21.1,155.0,185.0,,194.0,155.0,91.54166666666667,183.0,132.875,185.0,2021-08,2021-08,169,176.42753488984377,-7.42753488984377,7.42753488984377,False
2021-08-17 12:00:00,20210817,110,134,141.0,False,False,False,False,False,True,True,12,2,0,0,0,0.0,2.0,1,1,8,0,0,0.0,1,29279,0,23,1144.0,2870.0,-1144.0,0,0,0,0.10000000000000142,22.1,98,71.62842,2.3,29.7,97.0,107.0,,112.66666666666667,97.0,91.54166666666667,183.0,132.875,185.0,2021-08,2021-08,110,101.99162792912693,8.008372070873065,8.008372070873065,False
2021-08-17 13:00:00,20210817,162,164,163.5,False,False,False,False,False,True,True,13,2,0,0,0,0.0,2.0,2,0,8,2870,800,7.962415680121064,0,29279,0,23,0.0,1412.0,2870.0,0,0,0,0.1999999999999993,22.2,98,71.80644,2.2,32.8,153.0,181.0,,180.33333333333334,153.0,91.54166666666667,183.0,132.875,185.0,2021-08,2021-08,162,173.22247360918416,-11.222473609184163,11.222473609184163,False
2021-08-17 14:00:00,20210817,161,164,163.0,False,False,False,False,False,True,True,14,2,0,0,0,0.0,2.0,2,0,8,1412,800,7.253470382684528,0,29279,0,23,2870.0,7913.0,-1458.0,0,0,0,0.6999999999999993,22.7,93,72.28789,3.8,32.9,146.0,170.0,,184.0,146.0,91.54166666666667,183.0,132.875,185.0,2021-08,2021-08,161,173.48922412493812,-12.489224124938119,12.489224124938119,False
2021-08-17 15:00:00,20210817,150,168,163.5,False,False,False,False,False,True,True,15,2,0,0,0,0.0,2.0,2,0,8,7913,800,8.97638862194537,0,29279,0,23,1412.0,3108.0,6501.0,0,0,0,1.1999999999999993,23.2,86,72.54648,3.3,32.9,133.0,155.0,,167.0,133.0,91.54166666666667,183.0,132.875,185.0,2021-08,2021-08,150,170.26344518497086,-20.263445184970863,20.263445184970863,False
2021-08-17 16:00:00,20210817,152,158,163.0,False,False,False,False,False,True,True,16,2,0,0,0,0.0,2.0,2,0,8,3108,800,8.042056410058754,0,29279,0,23,7913.0,540.0,-4805.0,0,0,0,1.5,23.5,83,72.77595,3.6,32.9,116.0,169.0,,180.0,116.0,91.54166666666667,183.0,132.875,185.0,2021-08,2021-08,152,169.55103216090546,-17.551032160905464,17.551032160905464,False
2021-08-17 17:00:00,20210817,113,135,127.5,False,False,False,False,False,True,True,17,2,0,0,0,0.0,2.0,2,1,8,540,540,6.293419278846481,0,29279,0,23,3108.0,1575.0,-2568.0,0,0,0,1.1000000000000014,23.1,84,72.20895999999999,2.8,32.9,100.0,126.0,,139.0,100.0,91.54166666666667,183.0,132.875,185.0,2021-08,2021-08,113,135.6421200953986,-22.64212009539861,22.64212009539861,False
2021-08-17 18:00:00,20210817,149,158,156.0,False,False,False,False,False,True,True,18,2,0,0,0,0.0,2.0,2,0,8,1575,800,7.362645270417825,0,29279,0,23,540.0,3586.0,1035.0,0,0,0,1.1999999999999993,23.2,81,72.11308,4.4,32.9,92.0,165.0,,169.66666666666666,92.0,91.54166666666667,183.0,132.875,185.0,2021-08,2021-08,149,172.6768094098296,-23.676809409829588,23.676809409829588,False
2021-08-17 19:00:00,20210817,138,143,150.5,False,False,False,False,False,True,True,19,2,0,0,0,0.0,2.0,2,0,8,3586,800,8.185071477532283,0,29279,0,23,1575.0,116.0,2011.0,0,0,0,0.6000000000000014,22.6,86,71.54964,2.7,32.9,89.0,156.0,,165.0,89.0,91.54166666666667,183.0,132.875,185.0,2021-08,2021-08,138,170.98022394554525,-32.98022394554525,32.98022394554525,False
2021-08-17 20:00:00,20210817,120,128,124.0,False,False,False,False,False,True,True,20,2,0,0,0,0.0,2.0,0,0,8,116,116,4.762173934797756,0,29279,0,23,3586.0,154.0,-3470.0,0,0,0,0.0,21.9,91,70.75571,2.8,32.9,98.0,129.0,,133.33333333333334,98.0,91.54166666666667,183.0,132.875,185.0,2021-08,2021-08,120,127.9832301485805,-7.983230148580503,7.983230148580503,False
2021-08-17 21:00:00,20210817,118,121,119.5,False,False,False,False,False,True,True,21,2,0,0,0,0.0,2.0,0,0,8,154,154,5.043425116919247,0,29279,0,23,116.0,58.0,38.0,0,0,0,0.0,21.6,89,70.10076000000001,3.3,32.9,112.0,123.0,,132.33333333333334,112.0,91.54166666666667,183.0,132.875,185.0,2021-08,2021-08,118,123.7752739841037,-5.7752739841037055,5.7752739841037055,False
2021-08-17 22:00:00,20210817,110,118,117.5,False,False,False,False,False,True,True,22,2,0,0,0,0.0,2.0,0,0,8,58,58,4.07753744390572,0,29279,0,23,154.0,127.0,-96.0,0,0,0,0.0,21.5,95,70.35075,2.5,32.9,95.0,106.0,,115.66666666666667,95.0,91.54166666666667,183.0,132.875,185.0,2021-08,2021-08,110,103.45263781127323,6.5473621887267655,6.5473621887267655,False
2021-08-17 23:00:00,20210817,104,118,117.5,False,False,False,False,False,True,True,23,2,0,0,0,0.0,2.0,0,0,8,127,127,4.852030263919617,0,29279,0,23,58.0,,69.0,0,0,0,0.0,21.6,93,70.38412,2.5,32.9,96.0,99.0,,110.0,96.0,91.54166666666667,183.0,132.875,185.0,2021-08,2021-08,104,98.58341276715613,5.416587232843867,5.416587232843867,False
2021-08-18 00:00:00,20210818,65,66,76.5,False,False,False,False,False,True,True,0,3,0,0,0,0.0,3.0,0,0,8,4,4,1.6094379124341003,0,20063,0,24,,270.0,,0,0,0,0.0,21.4,95,70.17569999999999,2.7,0.0,70.0,77.0,,81.0,70.0,124.58333333333333,169.0,139.0,203.0,2021-08,2021-08,65,78.87484400535608,-13.874844005356081,13.874844005356081,False
2021-08-18 01:00:00,20210818,95,105,101.0,False,False,False,False,False,True,True,1,3,0,0,0,0.0,3.0,0,0,8,270,270,5.602118820879701,0,20063,0,24,4.0,344.0,266.0,0,0,0,0.0,21.4,96,70.24455999999999,3.7,0.0,96.0,99.0,,109.0,96.0,124.58333333333333,169.0,139.0,203.0,2021-08,2021-08,95,96.44912095382823,-1.4491209538282277,1.4491209538282277,False
2021-08-18 02:00:00,20210818,103,105,103.5,False,False,False,False,False,True,True,2,3,0,0,0,0.0,3.0,0,0,8,344,344,5.84354441703136,0,20063,0,24,270.0,247.0,74.0,0,0,0,0.0,21.5,94,70.2809,2.2,0.0,98.0,109.0,,109.33333333333333,98.0,124.58333333333333,169.0,139.0,203.0,2021-08,2021-08,103,99.16478508269388,3.835214917306118,3.835214917306118,False
2021-08-18 03:00:00,20210818,91,101,99.5,False,False,False,False,False,True,True,3,3,0,0,0,0.0,3.0,0,0,8,247,247,5.5134287461649825,0,20063,0,24,344.0,455.0,-97.0,0,0,0,0.0,21.8,91,70.58462,2.1,0.0,92.0,104.0,,109.33333333333333,92.0,124.58333333333333,169.0,139.0,203.0,2021-08,2021-08,91,97.55979163046273,-6.559791630462726,6.559791630462726,False
2021-08-18 04:00:00,20210818,95,99,97.0,False,False,False,False,False,True,True,4,3,0,0,0,0.0,3.0,0,0,8,455,455,6.1224928095143865,0,20063,0,24,247.0,105.0,208.0,0,0,0,0.0,21.7,91,70.41353,0.9,0.0,93.0,111.0,,112.33333333333333,93.0,124.58333333333333,169.0,139.0,203.0,2021-08,2021-08,95,102.41875615253399,-7.418756152533987,7.418756152533987,False
2021-08-18 05:00:00,20210818,83,98,91.0,False,False,False,False,False,True,True,5,3,0,0,0,0.0,3.0,0,0,8,105,105,4.663439094112067,0,20063,0,24,455.0,127.0,-350.0,0,0,0,0.0,21.5,94,70.2809,2.8,0.0,86.0,92.0,,97.0,86.0,124.58333333333333,169.0,139.0,203.0,2021-08,2021-08,83,94.21911031043346,-11.219110310433464,11.219110310433464,False
2021-08-18 06:00:00,20210818,101,107,105.0,False,False,False,False,False,True,True,6,3,0,0,0,0.0,3.0,0,0,8,127,127,4.852030263919617,0,20063,0,24,105.0,1144.0,22.0,0,0,0,0.1999999999999993,22.2,92,71.34576,2.5,0.0,94.0,122.0,,117.33333333333333,94.0,124.58333333333333,169.0,139.0,203.0,2021-08,2021-08,101,110.7012431511069,-9.701243151106894,9.701243151106894,False
2021-08-18 07:00:00,20210818,125,146,138.5,False,False,False,False,False,True,True,7,3,0,0,0,0.0,3.0,0,1,8,1144,800,7.0431599159883405,0,20063,0,24,127.0,1358.0,1017.0,0,0,0,0.8000000000000007,22.8,90,72.2128,2.2,0.0,125.0,132.0,,138.66666666666666,125.0,124.58333333333333,169.0,139.0,203.0,2021-08,2021-08,125,131.60116692111333,-6.601166921113332,6.601166921113332,False
2021-08-18 08:00:00,20210818,163,174,172.5,False,False,False,False,False,True,True,8,3,0,0,0,0.0,3.0,2,0,8,1358,800,7.214504414151143,0,20063,0,24,1144.0,835.0,214.0,0,0,0,1.6999999999999993,23.7,87,73.46880999999999,2.4,0.0,164.0,203.0,,198.0,164.0,124.58333333333333,169.0,139.0,203.0,2021-08,2021-08,163,181.2970318868396,-18.29703188683959,18.29703188683959,False
2021-08-18 09:00:00,20210818,169,172,171.5,False,False,False,False,False,True,True,9,3,0,0,0,0.0,3.0,2,0,8,835,800,6.728628613084702,0,20063,0,24,1358.0,1429.0,-523.0,0,0,0,2.0,24.0,86,73.87559999999999,2.1,0.0,163.0,179.0,,193.66666666666666,163.0,124.58333333333333,169.0,139.0,203.0,2021-08,2021-08,169,177.11488756661313,-8.114887566613135,8.114887566613135,False
2021-08-18 10:00:00,20210818,159,176,171.0,False,False,False,False,False,True,True,10,3,0,0,0,0.0,3.0,2,0,8,1429,800,7.265429723253953,0,20063,0,24,835.0,2090.0,594.0,0,0,0,1.1999999999999993,23.2,92,73.06656,1.7,0.5,153.0,183.0,,183.33333333333334,153.0,124.58333333333333,169.0,139.0,203.0,2021-08,2021-08,159,174.75483415585916,-15.754834155859157,15.754834155859157,False
2021-08-18 11:00:00,20210818,173,183,177.5,False,False,False,False,False,True,True,11,3,0,0,0,0.0,3.0,2,0,8,2090,800,7.645397699428633,0,20063,0,24,1429.0,1015.0,661.0,0,0,0,1.3000000000000007,23.3,90,73.0633,2.9,0.6,169.0,184.0,,196.33333333333334,169.0,124.58333333333333,169.0,139.0,203.0,2021-08,2021-08,173,176.02184195425153,-3.021841954251528,3.021841954251528,False
2021-08-18 12:00:00,20210818,102,120,136.0,False,False,False,False,False,True,True,12,3,0,0,0,0.0,3.0,1,1,8,1015,800,6.923628628138427,0,20063,0,24,2090.0,565.0,-1075.0,0,0,0,2.1999999999999993,24.2,84,74.01472,3.4,0.6,110.0,113.0,,120.66666666666667,110.0,124.58333333333333,169.0,139.0,203.0,2021-08,2021-08,102,116.67875887280927,-14.678758872809269,14.678758872809269,False
2021-08-18 13:00:00,20210818,171,177,174.0,False,False,False,False,False,True,True,13,3,0,0,0,0.0,3.0,2,0,8,565,565,6.338594078203183,0,20063,0,24,1015.0,1872.0,-450.0,0,0,0,2.3000000000000007,24.3,82,73.98374000000001,3.1,0.6,162.0,183.0,,188.66666666666666,162.0,124.58333333333333,169.0,139.0,203.0,2021-08,2021-08,171,176.10764212433835,-5.107642124338355,5.107642124338355,False
2021-08-18 14:00:00,20210818,179,185,183.0,False,False,False,False,False,True,True,14,3,0,0,0,0.0,3.0,2,0,8,1872,800,7.5352967024440884,0,20063,0,24,565.0,1482.0,1307.0,0,0,0,2.8999999999999986,24.9,75,74.23225,3.9,0.6,161.0,187.0,,194.0,161.0,124.58333333333333,169.0,139.0,203.0,2021-08,2021-08,179,182.39622126069585,-3.396221260695853,3.396221260695853,True
2021-08-18 15:00:00,20210818,170,184,181.0,False,False,False,False,False,True,True,15,3,0,0,0,0.0,3.0,2,0,8,1482,800,7.301822342137932,0,20063,0,24,1872.0,1933.0,-390.0,0,0,0,2.3999999999999986,24.4,80,73.94879999999999,3.8,0.6,150.0,153.0,,161.66666666666666,150.0,124.58333333333333,169.0,139.0,203.0,2021-08,2021-08,170,166.52683409805059,3.4731659019494145,3.4731659019494145,False
2021-08-18 16:00:00,20210818,166,188,183.0,False,False,False,False,False,True,True,16,3,0,0,0,0.0,3.0,2,0,8,1933,800,7.56734567601324,0,20063,0,24,1482.0,558.0,451.0,0,0,0,1.5,23.5,90,73.4035,2.4,0.7,152.0,182.0,,179.33333333333334,152.0,124.58333333333333,169.0,139.0,203.0,2021-08,2021-08,166,173.70002582979512,-7.700025829795123,7.700025829795123,False
2021-08-18 17:00:00,20210818,141,186,173.0,False,False,False,False,False,True,True,17,3,0,0,0,0.0,3.0,2,1,8,558,558,6.326149473155099,0,20063,0,24,1933.0,1633.0,-1375.0,0,0,0,1.1999999999999993,23.2,83,72.28644,2.4,0.7,113.0,151.0,,145.33333333333334,113.0,124.58333333333333,169.0,139.0,203.0,2021-08,2021-08,141,144.66323050386026,-3.6632305038602624,3.6632305038602624,False
2021-08-18 18:00:00,20210818,164,174,177.0,False,False,False,False,False,True,True,18,3,0,0,0,0.0,3.0,2,0,8,1633,800,7.3987862754199485,0,20063,0,24,558.0,2203.0,1075.0,0,0,0,1.3999999999999986,23.4,80,72.3468,3.0,0.7,149.0,180.0,,175.0,149.0,124.58333333333333,169.0,139.0,203.0,2021-08,2021-08,164,172.78996828281777,-8.789968282817767,8.789968282817767,False
2021-08-18 19:00:00,20210818,143,158,154.0,False,False,False,False,False,True,True,19,3,0,0,0,0.0,3.0,2,0,8,2203,800,7.698029170272805,0,20063,0,24,1633.0,100.0,570.0,0,0,0,0.3999999999999986,22.4,89,71.45364,2.1,0.7,138.0,150.0,,154.33333333333334,138.0,124.58333333333333,169.0,139.0,203.0,2021-08,2021-08,143,157.03852740305038,-14.03852740305038,14.03852740305038,False
2021-08-18 20:00:00,20210818,120,124,122.0,False,False,False,False,False,True,True,20,3,0,0,0,0.0,3.0,0,0,8,100,100,4.61512051684126,0,20063,0,24,2203.0,56.0,-2103.0,0,0,0,0.3999999999999986,22.4,91,71.61116,2.6,0.7,120.0,125.0,,121.0,120.0,124.58333333333333,169.0,139.0,203.0,2021-08,2021-08,120,116.16172974123884,3.838270258761156,3.838270258761156,False
2021-08-18 21:00:00,20210818,115,123,119.0,False,False,False,False,False,True,True,21,3,0,0,0,0.0,3.0,0,0,8,56,56,4.04305126783455,0,20063,0,24,100.0,102.0,-44.0,0,0,0,1.1000000000000014,23.1,86,72.38033999999999,3.4,0.7,118.0,108.0,,111.66666666666667,118.0,124.58333333333333,169.0,139.0,203.0,2021-08,2021-08,115,102.1733472008061,12.826652799193894,12.826652799193894,False
2021-08-18 22:00:00,20210818,112,125,121.0,False,False,False,False,False,True,True,22,3,0,0,0,0.0,3.0,0,0,8,102,102,4.634728988229636,0,20063,0,24,56.0,136.0,46.0,0,0,0,0.1999999999999993,22.2,95,71.5761,2.9,1.6,110.0,110.0,,105.66666666666667,110.0,124.58333333333333,169.0,139.0,203.0,2021-08,2021-08,112,101.41461731453448,10.585382685465518,10.585382685465518,False
2021-08-18 23:00:00,20210818,105,112,109.5,False,False,False,False,False,True,True,23,3,0,0,0,0.0,3.0,0,0,8,136,136,4.919980925828125,0,20063,0,24,102.0,,34.0,0,0,0,0.6999999999999993,22.7,91,72.12442999999999,2.8,1.6,104.0,99.0,,101.66666666666667,104.0,124.58333333333333,169.0,139.0,203.0,2021-08,2021-08,105,98.13654789370044,6.863452106299562,6.863452106299562,False
2021-08-19 00:00:00,20210819,71,77,86.5,False,False,False,False,False,True,True,0,4,0,0,0,0.0,4.0,0,0,8,53,53,3.9889840465642745,0,25976,0,24,,85.0,,0,0,0,0.6999999999999993,22.7,88,71.87924,2.7,0.0,65.0,76.0,,71.66666666666667,65.0,129.58333333333334,179.0,137.45833333333334,188.0,2021-08,2021-08,71,78.72315705527073,-7.7231570552707325,7.7231570552707325,False
2021-08-19 01:00:00,20210819,102,114,112.0,False,False,False,False,False,True,True,1,4,0,0,0,0.0,4.0,0,0,8,85,85,4.454347296253507,0,25976,0,24,53.0,173.0,32.0,0,0,0,0.6000000000000014,22.6,82,71.22668,3.2,0.0,95.0,105.0,,104.66666666666667,95.0,129.58333333333334,179.0,137.45833333333334,188.0,2021-08,2021-08,102,98.92954000545217,3.070459994547832,3.070459994547832,False
2021-08-19 02:00:00,20210819,109,116,115.0,False,False,False,False,False,True,True,2,4,0,0,0,0.0,4.0,0,0,8,173,173,5.159055299214529,0,25976,0,24,85.0,60.0,88.0,0,0,0,0.6999999999999993,22.7,82,71.38886,3.5,0.0,103.0,108.0,,107.33333333333333,103.0,129.58333333333334,179.0,137.45833333333334,188.0,2021-08,2021-08,109,99.22389509539448,9.776104904605518,9.776104904605518,False
2021-08-19 03:00:00,20210819,109,119,115.5,False,False,False,False,False,True,True,3,4,0,0,0,0.0,4.0,0,0,8,60,60,4.110873864173311,0,25976,0,24,173.0,114.0,-113.0,0,0,0,0.6999999999999993,22.7,82,71.38886,2.9,0.0,91.0,104.0,,104.66666666666667,91.0,129.58333333333334,179.0,137.45833333333334,188.0,2021-08,2021-08,109,99.20235876130293,9.797641238697068,9.797641238697068,False
2021-08-19 04:00:00,20210819,104,108,110.0,False,False,False,False,False,True,True,4,4,0,0,0,0.0,4.0,0,0,8,114,114,4.74493212836325,0,25976,0,24,60.0,399.0,54.0,0,0,0,0.1999999999999993,22.2,87,70.96186,2.7,0.0,95.0,107.0,,107.66666666666667,95.0,129.58333333333334,179.0,137.45833333333334,188.0,2021-08,2021-08,104,99.0066158660923,4.993384133907696,4.993384133907696,False
2021-08-19 05:00:00,20210819,88,106,101.0,False,False,False,False,False,True,True,5,4,0,0,0,0.0,4.0,0,0,8,399,399,5.991464547107982,0,25976,0,24,114.0,459.0,285.0,0,0,0,0.1999999999999993,22.2,88,71.03863999999999,1.9,0.0,83.0,89.0,,89.66666666666667,83.0,129.58333333333334,179.0,137.45833333333334,188.0,2021-08,2021-08,88,97.15792313221196,-9.157923132211963,9.157923132211963,False
2021-08-19 06:00:00,20210819,109,119,114.5,False,False,False,False,False,True,True,6,4,0,0,0,0.0,4.0,0,0,8,459,459,6.131226489483141,0,25976,0,24,399.0,745.0,60.0,0,0,0,0.3999999999999986,22.4,85,71.1386,2.7,0.0,101.0,114.0,,112.0,101.0,129.58333333333334,179.0,137.45833333333334,188.0,2021-08,2021-08,109,110.62303842580498,-1.6230384258049781,1.6230384258049781,False
2021-08-19 07:00:00,20210819,123,143,142.5,False,False,False,False,False,True,True,7,4,0,0,0,0.0,4.0,0,1,8,745,745,6.61472560020376,0,25976,0,24,459.0,670.0,286.0,0,0,0,1.3000000000000007,23.3,82,72.36194,3.3,0.0,125.0,130.0,,131.0,125.0,129.58333333333334,179.0,137.45833333333334,188.0,2021-08,2021-08,123,132.36431226177828,-9.36431226177828,9.36431226177828,False
2021-08-19 08:00:00,20210819,174,185,181.0,False,False,False,False,False,True,True,8,4,0,0,0,0.0,4.0,2,0,8,670,670,6.508769136971682,0,25976,0,24,745.0,942.0,-75.0,0,0,0,1.8999999999999986,23.9,84,73.52224,2.9,0.0,163.0,187.0,,192.0,163.0,129.58333333333334,179.0,137.45833333333334,188.0,2021-08,2021-08,174,182.71768356009156,-8.717683560091558,8.717683560091558,False
2021-08-19 09:00:00,20210819,174,182,180.5,False,False,False,False,False,True,True,9,4,0,0,0,0.0,4.0,2,0,8,942,800,6.849066282633458,0,25976,0,24,670.0,1599.0,272.0,0,0,0,2.6000000000000014,24.6,80,74.2692,3.3,0.0,169.0,181.0,,190.33333333333334,169.0,129.58333333333334,179.0,137.45833333333334,188.0,2021-08,2021-08,174,178.53086095437925,-4.53086095437925,4.53086095437925,False
2021-08-19 10:00:00,20210819,163,177,171.0,False,False,False,False,False,True,True,10,4,0,0,0,0.0,4.0,2,0,8,1599,800,7.3777589082278725,0,25976,0,24,942.0,2542.0,657.0,0,0,0,2.3000000000000007,24.3,82,73.98374000000001,3.5,0.0,159.0,177.0,,181.33333333333334,159.0,129.58333333333334,179.0,137.45833333333334,188.0,2021-08,2021-08,163,176.8310935656582,-13.831093565658193,13.831093565658193,False
2021-08-19 11:00:00,20210819,177,188,182.0,False,False,False,False,False,True,True,11,4,0,0,0,0.0,4.0,2,0,8,2542,800,7.841099765422119,0,25976,0,24,1599.0,380.0,943.0,0,0,0,3.1999999999999993,25.2,79,75.12392,4.1,0.0,173.0,188.0,,193.66666666666666,173.0,129.58333333333334,179.0,137.45833333333334,188.0,2021-08,2021-08,177,183.51526492712512,-6.515264927125116,6.515264927125116,True
2021-08-19 12:00:00,20210819,105,120,141.0,False,False,False,False,False,True,True,12,4,0,0,0,0.0,4.0,1,1,8,380,380,5.942799375126701,0,25976,0,24,2542.0,2129.0,-2162.0,0,0,0,3.3000000000000007,25.3,78,75.17566,3.0,0.0,102.0,120.0,,112.0,102.0,129.58333333333334,179.0,137.45833333333334,188.0,2021-08,2021-08,105,111.83385138111616,-6.833851381116162,6.833851381116162,False
2021-08-19 13:00:00,20210819,168,172,168.0,False,False,False,False,False,True,True,13,4,0,0,0,0.0,4.0,2,0,8,2129,800,7.6638772587034705,0,25976,0,24,380.0,2843.0,1749.0,0,0,0,3.3999999999999986,25.4,77,75.22542,2.7,0.0,171.0,170.0,,177.66666666666666,171.0,129.58333333333334,179.0,137.45833333333334,188.0,2021-08,2021-08,168,176.25585669986674,-8.25585669986674,8.25585669986674,False
2021-08-19 14:00:00,20210819,175,184,177.5,False,False,False,False,False,True,True,14,4,0,0,0,0.0,4.0,2,0,8,2843,800,7.952966790923131,0,25976,0,24,2129.0,349.0,714.0,0,0,0,3.6999999999999993,25.7,79,75.91996999999999,2.1,0.0,179.0,184.0,,184.33333333333334,179.0,129.58333333333334,179.0,137.45833333333334,188.0,2021-08,2021-08,175,177.86477185022105,-2.8647718502210466,2.8647718502210466,False
2021-08-19 15:00:00,20210819,170,185,182.0,False,False,False,False,False,True,True,15,4,0,0,0,0.0,4.0,2,0,8,349,349,5.857933154483459,0,25976,0,24,2843.0,3020.0,-2494.0,0,0,0,3.5,25.5,79,75.60155,2.4,0.0,170.0,165.0,,164.33333333333334,170.0,129.58333333333334,179.0,137.45833333333334,188.0,2021-08,2021-08,170,168.60942125610242,1.3905787438975779,1.3905787438975779,False
2021-08-19 16:00:00,20210819,166,171,169.0,False,False,False,False,False,True,True,16,4,0,0,0,0.0,4.0,2,0,8,3020,800,8.013343181386672,0,25976,0,24,349.0,510.0,2671.0,0,0,0,3.8000000000000007,25.8,77,75.85434000000001,2.3,0.0,166.0,170.0,,167.0,166.0,129.58333333333334,179.0,137.45833333333334,188.0,2021-08,2021-08,166,173.46317190355194,-7.463171903551938,7.463171903551938,False
2021-08-19 17:00:00,20210819,130,155,147.5,False,False,False,False,False,True,True,17,4,0,0,0,0.0,4.0,2,1,8,510,510,6.236369590203704,0,25976,0,24,3020.0,3195.0,-2510.0,0,0,0,2.1000000000000014,24.1,85,73.94615,1.4,0.0,141.0,135.0,,129.33333333333334,141.0,129.58333333333334,179.0,137.45833333333334,188.0,2021-08,2021-08,130,134.82432717720297,-4.824327177202974,4.824327177202974,False
2021-08-19 18:00:00,20210819,152,161,158.0,False,False,False,False,False,True,True,18,4,0,0,0,0.0,4.0,2,0,8,3195,800,8.069655306886165,0,25976,0,24,510.0,5336.0,2685.0,0,0,0,1.3000000000000007,23.3,84,72.53728,1.8,0.0,164.0,172.0,,170.0,164.0,129.58333333333334,179.0,137.45833333333334,188.0,2021-08,2021-08,152,169.25361780599005,-17.253617805990046,17.253617805990046,False
2021-08-19 19:00:00,20210819,147,153,154.0,False,False,False,False,False,True,True,19,4,0,0,0,0.0,4.0,2,0,8,5336,800,8.582418976333944,0,25976,0,24,3195.0,8.0,2141.0,0,0,0,0.3999999999999986,22.4,91,71.61116,0.6,0.0,143.0,161.0,,161.33333333333334,143.0,129.58333333333334,179.0,137.45833333333334,188.0,2021-08,2021-08,147,164.20176113240805,-17.201761132408052,17.201761132408052,False
2021-08-19 20:00:00,20210819,128,134,132.0,False,False,False,False,False,True,True,20,4,0,0,0,0.0,4.0,0,0,8,8,8,2.1972245773362196,0,25976,0,24,5336.0,132.0,-5328.0,0,0,0,0.0,22.0,95,71.226,0.9,0.0,120.0,125.0,,128.33333333333334,120.0,129.58333333333334,179.0,137.45833333333334,188.0,2021-08,2021-08,128,118.8872771656621,9.112722834337902,9.112722834337902,False
2021-08-19 21:00:00,20210819,121,123,124.5,False,False,False,False,False,True,True,21,4,0,0,0,0.0,4.0,0,0,8,132,132,4.890349128221754,0,25976,0,24,8.0,28.0,124.0,0,0,0,0.0,21.8,95,70.8759,0.7,0.0,115.0,112.0,,119.33333333333333,115.0,129.58333333333334,179.0,137.45833333333334,188.0,2021-08,2021-08,121,112.3352647503749,8.664735249625096,8.664735249625096,False
2021-08-19 22:00:00,20210819,116,125,122.0,False,False,False,False,False,True,True,22,4,0,0,0,0.0,4.0,0,0,8,28,28,3.367295829986474,0,25976,0,24,132.0,205.0,-104.0,0,0,0,0.0,21.5,96,70.42060000000001,1.2,0.0,112.0,116.0,,117.66666666666667,112.0,129.58333333333334,179.0,137.45833333333334,188.0,2021-08,2021-08,116,110.88516533624052,5.114834663759481,5.114834663759481,False
2021-08-19 23:00:00,20210819,110,117,115.5,False,False,False,False,False,True,True,23,4,0,0,0,0.0,4.0,0,0,8,205,205,5.327876168789581,0,25976,0,24,28.0,,177.0,0,0,0,0.0,21.6,96,70.59664000000001,0.2,0.0,105.0,103.0,,108.0,105.0,129.58333333333334,179.0,137.45833333333334,188.0,2021-08,2021-08,110,99.77134668483444,10.228653315165559,10.228653315165559,False
2021-08-20 00:00:00,20210820,73,80,90.5,False,False,False,False,False,True,True,0,5,0,0,0,0.0,5.0,0,0,8,338,338,5.82600010738045,0,25213,0,24,,47.0,,0,0,0,0.0,21.7,97,70.84451,1.3,0.0,71.0,72.0,,79.33333333333333,71.0,132.95833333333334,177.0,139.41666666666666,196.0,2021-08,2021-08,73,83.82470999501346,-10.824709995013464,10.824709995013464,False
2021-08-20 01:00:00,20210820,101,109,107.0,False,False,False,False,False,True,True,1,5,0,0,0,0.0,5.0,0,0,8,47,47,3.871201010907891,0,25213,0,24,338.0,40.0,-291.0,0,0,0,0.0,21.0,98,69.6702,1.5,0.0,102.0,100.0,,108.66666666666667,102.0,132.95833333333334,177.0,139.41666666666666,196.0,2021-08,2021-08,101,98.7566743991436,2.2433256008563944,2.2433256008563944,False
2021-08-20 02:00:00,20210820,107,110,108.5,False,False,False,False,False,True,True,2,5,0,0,0,0.0,5.0,0,0,8,40,40,3.713572066704308,0,25213,0,24,47.0,537.0,-7.0,0,0,0,0.0,20.8,98,69.31416,1.7,0.0,109.0,112.0,,112.0,109.0,132.95833333333334,177.0,139.41666666666666,196.0,2021-08,2021-08,107,105.82474618027494,1.1752538197250573,1.1752538197250573,False
2021-08-20 03:00:00,20210820,102,107,106.5,False,False,False,False,False,True,True,3,5,0,0,0,0.0,5.0,0,0,8,537,537,6.2878585601617845,0,25213,0,24,40.0,216.0,497.0,0,0,0,0.0,20.4,98,68.60208,0.2,0.0,109.0,116.0,,113.33333333333333,109.0,132.95833333333334,177.0,139.41666666666666,196.0,2021-08,2021-08,102,110.4010033946406,-8.401003394640597,8.401003394640597,False
2021-08-20 04:00:00,20210820,99,106,105.0,False,False,False,False,False,True,True,4,5,0,0,0,0.0,5.0,0,0,8,216,216,5.37989735354046,0,25213,0,24,537.0,304.0,-321.0,0,0,0,0.0,20.0,98,67.89,0.4,0.0,104.0,110.0,,109.33333333333333,104.0,132.95833333333334,177.0,139.41666666666666,196.0,2021-08,2021-08,99,98.44866724492216,0.5513327550778371,0.5513327550778371,False
2021-08-20 05:00:00,20210820,88,104,101.0,False,False,False,False,False,True,True,5,5,0,0,0,0.0,5.0,0,0,8,304,304,5.720311776607412,0,25213,0,24,216.0,14.0,88.0,0,0,0,0.0,20.2,98,68.24604,1.5,0.0,88.0,88.0,,94.0,88.0,132.95833333333334,177.0,139.41666666666666,196.0,2021-08,2021-08,88,93.4877813050366,-5.487781305036606,5.487781305036606,False
2021-08-20 06:00:00,20210820,111,115,113.5,False,False,False,False,False,True,True,6,5,0,0,0,0.0,5.0,0,0,8,14,14,2.70805020110221,0,25213,0,24,304.0,793.0,-290.0,0,0,0,0.0,21.7,98,70.91633999999999,0.9,0.0,109.0,110.0,,112.33333333333333,109.0,132.95833333333334,177.0,139.41666666666666,196.0,2021-08,2021-08,111,100.42572952123622,10.57427047876378,10.57427047876378,False
2021-08-20 07:00:00,20210820,127,146,139.0,False,False,False,False,False,True,True,7,5,0,0,0,0.0,5.0,0,1,8,793,793,6.677083461247136,0,25213,0,24,14.0,650.0,779.0,0,0,0,2.1000000000000014,24.1,88,74.23292000000001,0.7,0.0,123.0,136.0,,138.0,123.0,132.95833333333334,177.0,139.41666666666666,196.0,2021-08,2021-08,127,134.13888800386886,-7.138888003868857,7.138888003868857,False
2021-08-20 08:00:00,20210820,171,179,175.5,False,False,False,False,False,True,True,8,5,0,0,0,0.0,5.0,2,0,8,650,650,6.478509642208569,0,25213,0,24,793.0,881.0,-143.0,0,0,0,3.1000000000000014,25.1,83,75.38667000000001,1.1,0.0,174.0,196.0,,195.0,174.0,132.95833333333334,177.0,139.41666666666666,196.0,2021-08,2021-08,171,184.63729249974688,-13.637292499746877,13.637292499746877,False
2021-08-20 09:00:00,20210820,165,175,173.0,False,False,False,False,False,True,True,9,5,0,0,0,0.0,5.0,2,0,8,881,800,6.782192056006791,0,25213,0,24,650.0,1450.0,231.0,0,0,0,3.0,25.0,79,74.8055,0.8,0.0,174.0,188.0,,190.33333333333334,174.0,132.95833333333334,177.0,139.41666666666666,196.0,2021-08,2021-08,165,184.12195285660405,-19.121952856604054,19.121952856604054,False
2021-08-20 10:00:00,20210820,157,168,165.0,False,False,False,False,False,True,True,10,5,0,0,0,0.0,5.0,2,0,8,1450,800,7.280008252884188,0,25213,0,24,881.0,3707.0,569.0,0,0,0,2.5,24.5,88,74.9054,0.6,0.7,163.0,184.0,,183.66666666666666,163.0,132.95833333333334,177.0,139.41666666666666,196.0,2021-08,2021-08,157,178.78877512688936,-21.788775126889362,21.788775126889362,False
2021-08-20 11:00:00,20210820,187,193,191.0,False,False,False,False,False,True,True,11,5,0,0,0,0.0,5.0,2,0,8,3707,800,8.218247926685745,0,25213,0,24,1450.0,5245.0,2257.0,0,0,0,2.8999999999999986,24.9,85,75.26735,0.9,0.9,177.0,196.0,,197.33333333333334,177.0,132.95833333333334,177.0,139.41666666666666,196.0,2021-08,2021-08,187,181.5035016640271,5.496498335972888,5.496498335972888,True
2021-08-20 12:00:00,20210820,111,134,150.5,False,False,False,False,False,True,True,12,5,0,0,0,0.0,5.0,1,1,8,5245,800,8.56522116042682,0,25213,0,24,3707.0,1382.0,1538.0,0,0,0,2.3000000000000007,24.3,93,75.05701,1.1,2.3,105.0,111.0,,115.0,105.0,132.95833333333334,177.0,139.41666666666666,196.0,2021-08,2021-08,111,109.10360033187409,1.896399668125909,1.896399668125909,False
2021-08-20 13:00:00,20210820,177,180,178.5,False,False,False,False,False,True,True,13,5,0,0,0,0.0,5.0,2,0,8,1382,800,7.232010331664759,0,25213,0,24,5245.0,3002.0,-3863.0,0,0,0,3.6000000000000014,25.6,87,76.64428000000001,1.2,2.3,168.0,183.0,,185.66666666666666,168.0,132.95833333333334,177.0,139.41666666666666,196.0,2021-08,2021-08,177,178.55177966548467,-1.5517796654846734,1.5517796654846734,True
2021-08-20 14:00:00,20210820,175,184,180.5,False,False,False,False,False,True,True,14,5,0,0,0,0.0,5.0,2,0,8,3002,800,8.00736706798333,0,25213,0,24,1382.0,1383.0,1620.0,0,0,0,4.699999999999999,26.7,74,76.90541999999999,1.8,2.3,175.0,189.0,,189.66666666666666,175.0,132.95833333333334,177.0,139.41666666666666,196.0,2021-08,2021-08,175,186.1406633852996,-11.140663385299604,11.140663385299604,False
2021-08-20 15:00:00,20210820,159,176,172.5,False,False,False,False,False,True,True,15,5,0,0,0,0.0,5.0,2,0,8,1383,800,7.232733136177615,0,25213,0,24,3002.0,1774.0,-1619.0,0,0,0,5.0,27.0,71,76.9953,2.6,2.3,170.0,167.0,,167.66666666666666,170.0,132.95833333333334,177.0,139.41666666666666,196.0,2021-08,2021-08,159,176.4644535540226,-17.46445355402261,17.46445355402261,False
2021-08-20 16:00:00,20210820,171,177,176.5,False,False,False,False,False,True,True,16,5,0,0,0,0.0,5.0,2,0,8,1774,800,7.4815557019095165,0,25213,0,24,1383.0,282.0,391.0,0,0,0,5.199999999999999,27.2,74,77.67671999999999,1.4,2.3,166.0,183.0,,182.0,166.0,132.95833333333334,177.0,139.41666666666666,196.0,2021-08,2021-08,171,180.8369473730128,-9.836947373012805,9.836947373012805,False
2021-08-20 17:00:00,20210820,134,164,162.0,False,False,False,False,False,True,True,17,5,0,0,0,0.0,5.0,2,1,8,282,282,5.645446897643238,0,25213,0,24,1774.0,909.0,-1492.0,0,0,0,4.199999999999999,26.2,79,76.71602,1.5,2.3,130.0,149.0,,144.66666666666666,130.0,132.95833333333334,177.0,139.41666666666666,196.0,2021-08,2021-08,134,138.9473362904666,-4.947336290466609,4.947336290466609,False
2021-08-20 18:00:00,20210820,155,158,157.5,False,False,False,False,False,True,True,18,5,0,0,0,0.0,5.0,2,0,8,909,800,6.813444599510896,0,25213,0,24,282.0,1199.0,627.0,0,0,0,3.1999999999999993,25.2,86,75.86928,1.4,2.3,152.0,174.0,,177.33333333333334,152.0,132.95833333333334,177.0,139.41666666666666,196.0,2021-08,2021-08,155,175.98215528897904,-20.982155288979044,20.982155288979044,False
2021-08-20 19:00:00,20210820,125,146,151.5,False,False,False,False,False,True,True,19,5,0,0,0,0.0,5.0,2,0,8,1199,800,7.090076835776092,0,25213,0,24,909.0,465.0,290.0,0,0,0,3.1000000000000014,25.1,89,76.01961,0.5,2.3,147.0,146.0,,147.33333333333334,147.0,132.95833333333334,177.0,139.41666666666666,196.0,2021-08,2021-08,125,150.17324854015507,-25.173248540155072,25.173248540155072,False
2021-08-20 20:00:00,20210820,114,125,121.0,False,False,False,False,False,True,True,20,5,0,0,0,0.0,5.0,0,0,8,465,465,6.144185634125646,0,25213,0,24,1199.0,100.0,-734.0,0,0,0,2.6000000000000014,24.6,90,75.27459999999999,1.0,2.3,128.0,117.0,,111.66666666666667,128.0,132.95833333333334,177.0,139.41666666666666,196.0,2021-08,2021-08,114,112.79005090301655,1.2099490969834505,1.2099490969834505,False
2021-08-20 21:00:00,20210820,118,121,120.5,False,False,False,False,False,True,True,21,5,0,0,0,0.0,5.0,0,0,8,100,100,4.61512051684126,0,25213,0,24,465.0,64.0,-365.0,0,0,0,2.3000000000000007,24.3,93,75.05701,1.5,2.3,121.0,113.0,,110.0,121.0,132.95833333333334,177.0,139.41666666666666,196.0,2021-08,2021-08,118,107.88610430953987,10.113895690460126,10.113895690460126,False
2021-08-20 22:00:00,20210820,106,113,112.5,False,False,False,False,False,True,True,22,5,0,0,0,0.0,5.0,0,0,8,64,64,4.174387269895637,0,25213,0,24,100.0,431.0,-36.0,0,0,0,1.8000000000000007,23.8,97,74.56214,0.4,2.3,116.0,109.0,,104.0,116.0,132.95833333333334,177.0,139.41666666666666,196.0,2021-08,2021-08,106,101.78382818005979,4.2161718199402145,4.2161718199402145,False
2021-08-20 23:00:00,20210820,98,106,107.5,False,False,False,False,False,True,True,23,5,0,0,0,0.0,5.0,0,0,8,431,431,6.068425588244111,0,25213,0,24,64.0,,367.0,0,0,0,1.6999999999999993,23.7,98,74.47673999999999,0.6,2.3,110.0,97.0,,100.66666666666667,110.0,132.95833333333334,177.0,139.41666666666666,196.0,2021-08,2021-08,98,96.81261613405138,1.1873838659486182,1.1873838659486182,False
2021-08-21 00:00:00,20210821,63,64,74.0,False,False,False,False,False,True,True,0,6,1,0,0,0.0,6.0,0,0,8,524,524,6.263398262591624,0,3794,0,8,,106.0,,0,0,0,1.8999999999999986,23.9,98,74.83278,1.9,0.0,73.0,62.0,,65.0,73.0,130.45833333333334,187.0,42.958333333333336,107.0,2021-08,2021-08,63,79.8978907164706,-16.8978907164706,16.8978907164706,False
2021-08-21 01:00:00,20210821,95,99,95.0,False,False,False,False,False,True,True,1,6,1,0,0,0.0,6.0,0,0,8,106,106,4.672828834461906,0,3794,0,8,524.0,38.0,-418.0,0,0,0,1.5,23.5,98,74.1207,0.4,0.0,101.0,97.0,,96.5,101.0,130.45833333333334,187.0,42.958333333333336,107.0,2021-08,2021-08,95,93.2536953996608,1.7463046003392009,1.7463046003392009,False
2021-08-21 02:00:00,20210821,104,109,107.5,False,False,False,False,False,True,True,2,6,1,0,0,0.0,6.0,0,0,8,38,38,3.6635616461296463,0,3794,0,8,106.0,1064.0,-68.0,0,0,0,1.8999999999999986,23.9,97,74.73917,1.3,0.8,107.0,107.0,,101.0,107.0,130.45833333333334,187.0,42.958333333333336,107.0,2021-08,2021-08,104,97.37817359313163,6.621826406868365,6.621826406868365,False
2021-08-21 03:00:00,20210821,94,102,98.0,False,False,False,False,False,True,True,3,6,1,0,0,0.0,6.0,0,0,8,1064,800,6.970730078143525,0,3794,0,8,38.0,156.0,1026.0,0,0,0,1.8999999999999986,23.9,98,74.83278,2.1,1.8,102.0,91.0,,92.0,102.0,130.45833333333334,187.0,42.958333333333336,107.0,2021-08,2021-08,94,102.80739149311512,-8.80739149311512,8.80739149311512,False
2021-08-21 04:00:00,20210821,104,107,105.5,False,False,False,False,False,True,True,4,6,1,0,0,0.0,6.0,0,0,8,156,156,5.056245805348308,0,3794,0,8,1064.0,30.0,-908.0,0,0,0,2.6000000000000014,24.6,98,76.07892,1.3,2.0,99.0,98.0,,97.5,99.0,130.45833333333334,187.0,42.958333333333336,107.0,2021-08,2021-08,104,93.8668880814838,10.133111918516207,10.133111918516207,False
2021-08-21 05:00:00,20210821,95,110,103.5,False,False,False,False,False,True,True,5,6,1,0,0,0.0,6.0,0,0,8,30,30,3.4339872044851463,0,3794,0,8,156.0,522.0,-126.0,0,0,0,2.6999999999999993,24.7,98,76.25694,2.1,2.1,88.0,83.0,,82.0,88.0,130.45833333333334,187.0,42.958333333333336,107.0,2021-08,2021-08,95,87.82072464569728,7.1792753543027175,7.1792753543027175,False
2021-08-21 06:00:00,20210821,99,103,105.0,False,False,False,False,False,True,True,6,6,1,0,0,0.0,6.0,0,0,8,522,522,6.259581464064923,0,3794,0,8,30.0,1354.0,492.0,0,0,0,2.6000000000000014,24.6,98,76.07892,2.1,3.2,111.0,86.0,,90.5,111.0,130.45833333333334,187.0,42.958333333333336,107.0,2021-08,2021-08,99,98.43984930492958,0.5601506950704191,0.5601506950704191,False
2021-08-21 07:00:00,20210821,69,94,92.5,False,False,False,False,False,True,True,7,6,1,0,0,0.0,6.0,0,1,8,1354,800,7.2115567333138015,0,3794,0,8,522.0,0.0,832.0,0,0,0,2.5,24.5,98,75.90090000000001,2.8,4.2,127.0,53.0,,57.0,127.0,130.45833333333334,187.0,42.958333333333336,107.0,2021-08,2021-08,69,92.01040235319222,-23.01040235319222,23.01040235319222,False
2021-08-21 08:00:00,20210821,23,26,29.5,False,False,False,False,False,True,True,8,6,1,0,0,0.0,6.0,2,0,8,0,0,0.0,1,3794,0,8,1354.0,0.0,-1354.0,0,0,0,1.3000000000000007,23.3,98,73.76465999999999,2.1,6.1,171.0,23.0,,24.0,171.0,130.45833333333334,187.0,42.958333333333336,107.0,2021-08,2021-08,23,51.61737734634951,-28.617377346349507,28.617377346349507,False
2021-08-21 09:00:00,20210821,21,21,22.0,False,False,False,False,False,True,True,9,6,1,0,0,0.0,6.0,2,0,8,0,0,0.0,1,3794,0,8,0.0,0.0,0.0,0,0,0,1.8999999999999986,23.9,98,74.83278,2.6,9.8,165.0,22.0,,23.0,165.0,130.45833333333334,187.0,42.958333333333336,107.0,2021-08,2021-08,21,39.23725771667969,-18.237257716679693,18.237257716679693,False
2021-08-21 10:00:00,20210821,21,22,21.5,False,False,False,False,False,True,True,10,6,1,0,0,0.0,6.0,2,0,8,0,0,0.0,1,3794,0,8,0.0,0.0,0.0,0,0,0,2.1000000000000014,24.1,98,75.18881999999999,3.4,21.6,157.0,21.0,,22.5,157.0,130.45833333333334,187.0,42.958333333333336,107.0,2021-08,2021-08,21,39.24261705779218,-18.24261705779218,18.24261705779218,False
2021-08-21 11:00:00,20210821,23,26,25.0,False,False,False,False,False,True,True,11,6,1,0,0,0.0,6.0,2,0,8,0,0,0.0,1,3794,0,8,0.0,0.0,0.0,0,0,0,2.1999999999999993,24.2,98,75.36684,4.1,25.5,187.0,23.0,,25.0,187.0,130.45833333333334,187.0,42.958333333333336,107.0,2021-08,2021-08,23,40.05090697358018,-17.050906973580183,17.050906973580183,False
2021-08-21 12:00:00,20210821,22,22,22.0,False,False,False,False,False,True,True,12,6,1,0,0,0.0,6.0,1,1,8,0,0,0.0,1,3794,0,8,0.0,0.0,0.0,0,0,0,2.1000000000000014,24.1,98,75.18881999999999,3.2,42.6,111.0,22.0,,22.5,111.0,130.45833333333334,187.0,42.958333333333336,107.0,2021-08,2021-08,22,34.501163270545966,-12.501163270545966,12.501163270545966,False
2021-08-21 13:00:00,20210821,21,21,21.5,False,False,False,False,False,True,True,13,6,1,0,0,0.0,6.0,2,0,8,0,0,0.0,1,3794,0,8,0.0,0.0,0.0,0,0,0,0.8999999999999986,22.9,98,73.05257999999999,2.4,68.4,177.0,21.0,,22.5,177.0,130.45833333333334,187.0,42.958333333333336,107.0,2021-08,2021-08,21,39.56640261434719,-18.56640261434719,18.56640261434719,False
2021-08-21 14:00:00,20210821,23,26,24.0,False,False,False,False,False,True,True,14,6,1,0,0,0.0,6.0,2,0,8,0,0,0.0,1,3794,0,8,0.0,0.0,0.0,0,0,0,0.6999999999999993,22.7,98,72.69654,2.6,91.9,175.0,22.0,,23.0,175.0,130.45833333333334,187.0,42.958333333333336,107.0,2021-08,2021-08,23,39.88758246417581,-16.887582464175807,16.887582464175807,False
2021-08-21 15:00:00,20210821,22,23,24.5,False,False,False,False,False,True,True,15,6,1,0,0,0.0,6.0,2,0,8,0,0,0.0,1,3794,0,8,0.0,0.0,0.0,0,0,0,0.0,21.2,98,70.02624,1.3,116.1,159.0,23.0,,24.5,159.0,130.45833333333334,187.0,42.958333333333336,107.0,2021-08,2021-08,22,38.80015493262159,-16.800154932621588,16.800154932621588,False
2021-08-21 16:00:00,20210821,22,22,22.0,False,False,False,False,False,True,True,16,6,1,0,0,0.0,6.0,2,0,8,0,0,0.0,1,3794,0,8,0.0,0.0,0.0,0,0,0,0.10000000000000142,22.1,98,71.62842,3.0,119.2,171.0,22.0,,23.0,171.0,130.45833333333334,187.0,42.958333333333336,107.0,2021-08,2021-08,22,39.29940175129288,-17.299401751292883,17.299401751292883,False
2021-08-21 17:00:00,20210821,22,22,22.0,False,False,False,False,False,True,True,17,6,1,0,0,0.0,6.0,2,1,8,0,0,0.0,1,3794,0,8,0.0,0.0,0.0,0,0,0,0.0,21.8,98,71.09436,2.9,122.2,134.0,21.0,,22.5,134.0,130.45833333333334,187.0,42.958333333333336,107.0,2021-08,2021-08,22,38.74022244385317,-16.74022244385317,16.74022244385317,False
2021-08-21 18:00:00,20210821,25,27,26.5,False,False,False,False,False,True,True,18,6,1,0,0,0.0,6.0,2,0,8,0,0,0.0,1,3794,0,8,0.0,0.0,0.0,0,0,0,0.1999999999999993,22.2,98,71.80644,1.7,122.2,155.0,22.0,,23.5,155.0,130.45833333333334,187.0,42.958333333333336,107.0,2021-08,2021-08,25,39.042102946442064,-14.042102946442064,14.042102946442064,False
2021-08-21 19:00:00,20210821,21,21,22.0,False,False,False,False,False,True,True,19,6,1,0,0,0.0,6.0,2,0,8,0,0,0.0,1,3794,0,8,0.0,0.0,0.0,0,0,0,0.1999999999999993,22.2,98,71.80644,1.5,122.2,125.0,23.0,,24.0,125.0,130.45833333333334,187.0,42.958333333333336,107.0,2021-08,2021-08,21,38.84523272384487,-17.845232723844873,17.845232723844873,False
2021-08-21 20:00:00,20210821,22,22,21.5,False,False,False,False,False,True,True,20,6,1,0,0,0.0,6.0,0,0,8,0,0,0.0,1,3794,0,8,0.0,0.0,0.0,0,0,0,1.0,23.0,98,73.2306,2.2,122.2,114.0,22.0,,23.0,114.0,130.45833333333334,187.0,42.958333333333336,107.0,2021-08,2021-08,22,34.66977060427554,-12.669770604275541,12.669770604275541,False
2021-08-21 21:00:00,20210821,23,23,23.0,False,False,False,False,False,True,True,21,6,1,0,0,0.0,6.0,0,0,8,0,0,0.0,1,3794,0,8,0.0,0.0,0.0,0,0,0,1.5,23.5,98,74.1207,3.8,122.4,118.0,22.0,,23.5,118.0,130.45833333333334,187.0,42.958333333333336,107.0,2021-08,2021-08,23,35.144438213536745,-12.144438213536745,12.144438213536745,False
2021-08-21 22:00:00,20210821,25,27,25.5,False,False,False,False,False,True,True,22,6,1,0,0,0.0,6.0,0,0,8,0,0,0.0,1,3794,0,8,0.0,0.0,0.0,0,0,0,1.8999999999999986,23.9,96,74.64555999999999,2.9,122.4,106.0,23.0,,24.5,106.0,130.45833333333334,187.0,42.958333333333336,107.0,2021-08,2021-08,25,34.60908162603525,-9.609081626035248,9.609081626035248,False
2021-08-21 23:00:00,20210821,22,23,22.5,False,False,False,False,False,True,True,23,6,1,0,0,0.0,6.0,0,0,8,0,0,0.0,1,3794,0,8,0.0,,0.0,0,0,0,2.1000000000000014,24.1,98,75.18881999999999,2.8,122.4,98.0,22.0,,23.0,98.0,130.45833333333334,187.0,42.958333333333336,107.0,2021-08,2021-08,22,35.20933074690729,-13.209330746907291,13.209330746907291,False
2021-08-22 00:00:00,20210822,22,23,22.5,False,True,False,False,False,True,True,0,7,1,0,0,0.0,7.0,0,0,8,0,0,0.0,1,0,1,0,,0.0,,0,0,0,1.8999999999999986,23.9,98,74.83278,2.1,0.2,63.0,,,,63.0,45.041666666666664,104.0,,,2021-08,2021-08,22,23.04418296920956,-1.0441829692095617,1.0441829692095617,False
2021-08-22 01:00:00,20210822,23,26,24.0,False,True,False,False,False,True,True,1,7,1,0,0,0.0,7.0,0,0,8,0,0,0.0,1,0,1,0,0.0,0.0,0.0,0,0,0,2.6999999999999993,24.7,98,76.25694,3.6,0.3,95.0,,,,95.0,45.041666666666664,104.0,,,2021-08,2021-08,23,23.316308417264608,-0.316308417264608,0.316308417264608,False
2021-08-22 02:00:00,20210822,24,27,26.5,False,True,False,False,False,True,True,2,7,1,0,0,0.0,7.0,0,0,8,0,0,0.0,1,0,1,0,0.0,0.0,0.0,0,0,0,2.8000000000000007,24.8,98,76.43495999999999,2.3,0.5,104.0,,,,104.0,45.041666666666664,104.0,,,2021-08,2021-08,24,23.054553959943842,0.945446040056158,0.945446040056158,False
2021-08-22 03:00:00,20210822,23,24,23.5,False,True,False,False,False,True,True,3,7,1,0,0,0.0,7.0,0,0,8,0,0,0.0,1,0,1,0,0.0,0.0,0.0,0,0,0,3.0,25.0,95,76.47749999999999,2.7,0.5,94.0,,,,94.0,45.041666666666664,104.0,,,2021-08,2021-08,23,23.252534648037592,-0.2525346480375923,0.2525346480375923,False
2021-08-22 04:00:00,20210822,22,22,22.0,False,True,False,False,False,True,True,4,7,1,0,0,0.0,7.0,0,0,8,0,0,0.0,1,0,1,0,0.0,0.0,0.0,0,0,0,1.6000000000000014,23.6,98,74.29872,2.0,0.5,104.0,,,,104.0,45.041666666666664,104.0,,,2021-08,2021-08,22,23.166062557030113,-1.1660625570301129,1.1660625570301129,False
2021-08-22 05:00:00,20210822,24,26,25.5,False,True,False,False,False,True,True,5,7,1,0,0,0.0,7.0,0,0,8,0,0,0.0,1,0,1,0,0.0,0.0,0.0,0,0,0,0.8999999999999986,22.9,97,72.96887,1.3,0.5,95.0,,,,95.0,45.041666666666664,104.0,,,2021-08,2021-08,24,23.030154554567687,0.9698454454323127,0.9698454454323127,False
2021-08-22 06:00:00,20210822,22,22,24.0,False,True,False,False,False,True,True,6,7,1,0,0,0.0,7.0,0,0,8,0,0,0.0,1,0,1,0,0.0,0.0,0.0,0,0,0,2.8999999999999986,24.9,98,76.61298,0.3,0.5,99.0,,,,99.0,45.041666666666664,104.0,,,2021-08,2021-08,22,22.637291470160438,-0.637291470160438,0.637291470160438,False
2021-08-22 07:00:00,20210822,22,22,22.0,False,True,False,False,False,True,True,7,7,1,0,0,0.0,7.0,0,1,8,0,0,0.0,1,0,1,0,0.0,0.0,0.0,0,0,0,3.3999999999999986,25.4,94,77.06924,0.9,0.5,69.0,,,,69.0,45.041666666666664,104.0,,,2021-08,2021-08,22,22.960722877998325,-0.9607228779983252,0.9607228779983252,False
2021-08-22 08:00:00,20210822,22,22,22.0,False,True,False,False,False,True,True,8,7,1,0,0,0.0,7.0,2,0,8,0,0,0.0,1,0,1,0,0.0,0.0,0.0,0,0,0,4.199999999999999,26.2,87,77.64706,0.6,0.5,23.0,,,,23.0,45.041666666666664,104.0,,,2021-08,2021-08,22,23.74018658298751,-1.7401865829875085,1.7401865829875085,False
2021-08-22 09:00:00,20210822,24,27,26.0,False,True,False,False,False,True,True,9,7,1,0,0,0.0,7.0,2,0,8,0,0,0.0,1,0,1,0,0.0,0.0,0.0,0,0,0,5.600000000000001,27.6,72,78.03327999999999,1.6,0.5,21.0,,,,21.0,45.041666666666664,104.0,,,2021-08,2021-08,24,23.829731614147573,0.17026838585242743,0.17026838585242743,False
2021-08-22 10:00:00,20210822,22,22,22.0,False,True,False,False,False,True,True,10,7,1,0,0,0.0,7.0,2,0,8,0,0,0.0,1,0,1,0,0.0,0.0,0.0,0,0,0,6.199999999999999,28.2,70,78.6746,2.4,0.5,21.0,,,,21.0,45.041666666666664,104.0,,,2021-08,2021-08,22,23.901569698423373,-1.9015696984233728,1.9015696984233728,False
2021-08-22 11:00:00,20210822,22,23,22.5,False,True,False,False,False,True,True,11,7,1,0,0,0.0,7.0,2,0,8,0,0,0.0,1,0,1,0,0.0,0.0,0.0,0,0,0,6.300000000000001,28.3,64,78.00188,3.0,0.5,23.0,,,,23.0,45.041666666666664,104.0,,,2021-08,2021-08,22,23.91847577527763,-1.9184757752776314,1.9184757752776314,False
2021-08-22 12:00:00,20210822,23,24,23.5,False,True,False,False,False,True,True,12,7,1,0,0,0.0,7.0,1,1,8,0,0,0.0,1,0,1,0,0.0,0.0,0.0,0,0,0,7.100000000000001,29.1,62,78.86658,2.5,0.5,22.0,,,,22.0,45.041666666666664,104.0,,,2021-08,2021-08,23,22.548299685723432,0.4517003142765681,0.4517003142765681,False
2021-08-22 13:00:00,20210822,24,26,25.0,False,True,False,False,False,True,True,13,7,1,0,0,0.0,7.0,2,0,8,0,0,0.0,1,0,1,0,0.0,0.0,0.0,0,0,0,8.399999999999999,30.4,58,80.08568,2.1,0.5,21.0,,,,21.0,45.041666666666664,104.0,,,2021-08,2021-08,24,24.81781709030734,-0.8178170903073401,0.8178170903073401,False
2021-08-22 14:00:00,20210822,23,23,23.0,False,True,False,False,False,True,True,14,7,1,0,0,0.0,7.0,2,0,8,0,0,0.0,1,0,1,0,0.0,0.0,0.0,0,0,0,8.2,30.2,58,79.80884,1.7,0.5,23.0,,,,23.0,45.041666666666664,104.0,,,2021-08,2021-08,23,24.698974206426268,-1.6989742064262678,1.6989742064262678,False
2021-08-22 15:00:00,20210822,23,23,23.0,False,True,False,False,False,True,True,15,7,1,0,0,0.0,7.0,2,0,8,0,0,0.0,1,0,1,0,0.0,0.0,0.0,0,0,0,8.100000000000001,30.1,61,80.13539,1.8,0.5,22.0,,,,22.0,45.041666666666664,104.0,,,2021-08,2021-08,23,24.818891632091148,-1.8188916320911481,1.8188916320911481,False
2021-08-22 16:00:00,20210822,25,27,25.5,False,True,False,False,False,True,True,16,7,1,0,0,0.0,7.0,2,0,8,0,0,0.0,1,0,1,0,0.0,0.0,0.0,0,0,0,7.600000000000001,29.6,56,78.67824,3.4,0.5,22.0,,,,22.0,45.041666666666664,104.0,,,2021-08,2021-08,25,23.988884786312827,1.011115213687173,1.011115213687173,False
2021-08-22 17:00:00,20210822,22,22,23.0,False,True,False,False,False,True,True,17,7,1,0,0,0.0,7.0,2,1,8,0,0,0.0,1,0,1,0,0.0,0.0,0.0,0,0,0,6.899999999999999,28.9,62,78.58182,3.4,0.5,22.0,,,,22.0,45.041666666666664,104.0,,,2021-08,2021-08,22,22.885526092967,-0.8855260929670017,0.8855260929670017,False
2021-08-22 18:00:00,20210822,22,22,22.0,False,True,False,False,False,True,True,18,7,1,0,0,0.0,7.0,2,0,8,0,0,0.0,1,0,1,0,0.0,0.0,0.0,0,0,0,5.699999999999999,27.7,74,78.44802,3.1,0.5,25.0,,,,25.0,45.041666666666664,104.0,,,2021-08,2021-08,22,23.96629527308609,-1.9662952730860894,1.9662952730860894,False
2021-08-22 19:00:00,20210822,22,22,22.0,False,True,False,False,False,True,True,19,7,1,0,0,0.0,7.0,2,0,8,0,0,0.0,1,0,1,0,0.0,0.0,0.0,0,0,0,4.600000000000001,26.6,80,77.47319999999999,2.4,0.5,21.0,,,,21.0,45.041666666666664,104.0,,,2021-08,2021-08,22,23.847322897868775,-1.847322897868775,1.847322897868775,False
2021-08-22 20:00:00,20210822,24,26,25.5,False,True,False,False,False,True,True,20,7,1,0,0,0.0,7.0,0,0,8,0,0,0.0,1,0,1,0,0.0,0.0,0.0,0,0,0,4.0,26.0,82,76.74080000000001,2.6,0.5,22.0,,,,22.0,45.041666666666664,104.0,,,2021-08,2021-08,24,23.384559255907643,0.615440744092357,0.615440744092357,False
2021-08-22 21:00:00,20210822,22,23,22.5,False,True,False,False,False,True,True,21,7,1,0,0,0.0,7.0,0,0,8,0,0,0.0,1,0,1,0,0.0,0.0,0.0,0,0,0,3.1999999999999993,25.2,85,75.7628,0.8,0.5,23.0,,,,23.0,45.041666666666664,104.0,,,2021-08,2021-08,22,23.246150292889364,-1.2461502928893644,1.2461502928893644,False
2021-08-22 22:00:00,20210822,23,24,23.0,False,True,False,False,False,True,True,22,7,1,0,0,0.0,7.0,0,0,8,0,0,0.0,1,0,1,0,0.0,0.0,0.0,0,0,0,3.1000000000000014,25.1,86,75.70313999999999,1.3,0.5,25.0,,,,25.0,45.041666666666664,104.0,,,2021-08,2021-08,23,23.20336349190386,-0.20336349190386116,0.20336349190386116,False
2021-08-22 23:00:00,20210822,23,26,23.5,False,True,False,False,False,True,True,23,7,1,0,0,0.0,7.0,0,0,8,0,0,0.0,1,0,1,0,0.0,,0.0,0,0,0,2.1999999999999993,24.2,92,74.78735999999999,0.6,0.5,22.0,,,,22.0,45.041666666666664,104.0,,,2021-08,2021-08,23,23.513771805123596,-0.5137718051235964,0.5137718051235964,False
2021-08-23 00:00:00,20210823,23,25,25.5,False,False,False,False,False,True,True,0,1,0,0,1,1.0,1.0,0,0,8,0,0,0.0,1,16580,0,16,,0.0,,0,0,0,1.8000000000000007,23.8,93,74.19166,0.0,0.0,,22.0,21.0,22.333333333333332,63.0,,,91.54166666666667,183.0,2021-08,2021-08,23,21.321706339478634,1.6782936605213656,1.6782936605213656,False
2021-08-23 01:00:00,20210823,23,23,23.0,False,False,False,False,False,True,True,1,1,0,0,1,1.0,1.0,0,0,8,0,0,0.0,1,16580,0,16,0.0,0.0,0.0,0,0,0,2.3000000000000007,24.3,92,74.95944,2.1,0.0,,21.0,23.0,22.666666666666668,95.0,,,91.54166666666667,183.0,2021-08,2021-08,23,22.75534180564021,0.24465819435978986,0.24465819435978986,False
2021-08-23 02:00:00,20210823,23,23,23.0,False,False,False,False,False,True,True,2,1,0,0,1,1.0,1.0,0,0,8,0,0,0.0,1,16580,0,16,0.0,0.0,0.0,0,0,0,2.1999999999999993,24.2,93,74.88394,1.4,0.0,,23.0,20.0,22.666666666666668,104.0,,,91.54166666666667,183.0,2021-08,2021-08,23,21.641812567492945,1.358187432507055,1.358187432507055,False
2021-08-23 03:00:00,20210823,24,27,26.0,False,False,False,False,False,True,True,3,1,0,0,1,1.0,1.0,0,0,8,0,0,0.0,1,16580,0,16,0.0,0.0,0.0,0,0,0,2.0,24.0,93,74.5378,2.3,0.0,,21.0,22.0,22.666666666666668,94.0,,,91.54166666666667,183.0,2021-08,2021-08,24,22.19557645591919,1.8044235440808087,1.8044235440808087,False
2021-08-23 04:00:00,20210823,22,22,22.0,False,False,False,False,False,True,True,4,1,0,0,1,1.0,1.0,0,0,8,0,0,0.0,1,16580,0,16,0.0,0.0,0.0,0,0,0,1.3000000000000007,23.3,96,73.58932,0.2,0.0,,22.0,21.0,22.333333333333332,104.0,,,91.54166666666667,183.0,2021-08,2021-08,22,21.138358266299957,0.8616417337000435,0.8616417337000435,False
2021-08-23 05:00:00,20210823,22,22,22.0,False,False,False,False,False,True,True,5,1,0,0,1,1.0,1.0,0,0,8,0,0,0.0,1,16580,0,16,0.0,0.0,0.0,0,0,0,1.3999999999999986,23.4,98,73.94268,1.5,0.1,,22.0,21.0,22.333333333333332,95.0,,,91.54166666666667,183.0,2021-08,2021-08,22,21.545316568596235,0.4546834314037653,0.4546834314037653,False
2021-08-23 06:00:00,20210823,21,22,22.0,False,False,False,False,False,True,True,6,1,0,0,1,1.0,1.0,0,0,8,0,0,0.0,1,16580,0,16,0.0,0.0,0.0,0,0,0,1.6000000000000014,23.6,96,74.11744,0.8,0.1,,23.0,20.0,23.0,99.0,,,91.54166666666667,183.0,2021-08,2021-08,21,23.404600925725372,-2.404600925725372,2.404600925725372,False
2021-08-23 07:00:00,20210823,58,92,79.0,False,False,False,False,False,True,True,7,1,0,0,1,1.0,1.0,0,1,8,0,0,0.0,1,16580,0,16,0.0,759.0,0.0,0,0,0,1.8000000000000007,23.8,98,74.65476,0.4,0.1,,60.0,70.0,67.0,69.0,,,91.54166666666667,183.0,2021-08,2021-08,58,61.61665850446172,-3.616658504461718,3.616658504461718,False
2021-08-23 08:00:00,20210823,167,181,176.5,False,False,False,False,False,True,True,8,1,0,0,1,1.0,1.0,2,0,8,759,759,6.633318433280377,0,16580,0,16,0.0,1105.0,759.0,0,0,0,2.8999999999999986,24.9,94,76.19894,0.3,0.2,,174.0,193.0,188.33333333333334,23.0,,,91.54166666666667,183.0,2021-08,2021-08,167,178.1849756775623,-11.184975677562306,11.184975677562306,False
2021-08-23 09:00:00,20210823,180,187,184.0,False,False,False,False,False,True,True,9,1,0,0,1,1.0,1.0,2,0,8,1105,800,7.00850518208228,0,16580,0,16,759.0,884.0,346.0,0,0,0,3.6000000000000014,25.6,90,76.9756,0.5,0.2,,183.0,191.0,186.0,21.0,,,91.54166666666667,183.0,2021-08,2021-08,180,179.46932696580726,0.5306730341927448,0.5306730341927448,True
2021-08-23 10:00:00,20210823,170,182,181.5,False,False,False,False,False,True,True,10,1,0,0,1,1.0,1.0,2,0,8,884,800,6.785587645007929,0,16580,0,16,1105.0,1300.0,-221.0,0,0,0,4.0,26.0,89,77.54159999999999,0.9,0.2,,144.0,182.0,170.33333333333334,21.0,,,91.54166666666667,183.0,2021-08,2021-08,170,180.01107883349343,-10.011078833493428,10.011078833493428,False
2021-08-23 11:00:00,20210823,184,191,189.5,False,False,False,False,False,True,True,11,1,0,0,1,1.0,1.0,2,0,8,1300,800,7.170888478512505,0,16580,0,16,884.0,333.0,416.0,0,0,0,4.300000000000001,26.3,90,78.16629999999999,0.7,0.5,,155.0,187.0,177.33333333333334,23.0,,,91.54166666666667,183.0,2021-08,2021-08,184,180.40148831948932,3.5985116805106827,3.5985116805106827,True
2021-08-23 12:00:00,20210823,116,136,156.0,False,False,False,False,False,True,True,12,1,0,0,1,1.0,1.0,1,1,8,333,333,5.811140992976701,0,16580,0,16,1300.0,1758.0,-967.0,0,0,0,2.6999999999999993,24.7,98,76.25694,1.8,1.8,,97.0,129.0,113.0,22.0,,,91.54166666666667,183.0,2021-08,2021-08,116,106.56955218649068,9.430447813509318,9.430447813509318,False
2021-08-23 13:00:00,20210823,184,193,184.5,False,False,False,False,False,True,True,13,1,0,0,1,1.0,1.0,2,0,8,1758,800,7.472500744737558,0,16580,0,16,333.0,4563.0,1425.0,0,0,0,1.3999999999999986,23.4,98,73.94268,1.0,4.5,,153.0,182.0,168.0,21.0,,,91.54166666666667,183.0,2021-08,2021-08,184,177.5027719672439,6.497228032756112,6.497228032756112,True
2021-08-23 14:00:00,20210823,184,190,187.0,False,False,False,False,False,True,True,14,1,0,0,1,1.0,1.0,2,0,8,4563,800,8.425954710981966,0,16580,0,16,1758.0,674.0,2805.0,0,0,0,0.10000000000000142,22.1,96,71.47684000000001,0.5,7.7,,146.0,183.0,171.66666666666666,23.0,,,91.54166666666667,183.0,2021-08,2021-08,184,173.41995768006595,10.580042319934051,10.580042319934051,True
2021-08-23 15:00:00,20210823,180,196,190.0,False,False,False,False,False,True,True,15,1,0,0,1,1.0,1.0,2,0,8,674,674,6.51471269087253,0,16580,0,16,4563.0,2742.0,-3889.0,0,0,0,0.10000000000000142,22.1,98,71.62842,1.1,10.9,,133.0,167.0,152.66666666666666,22.0,,,91.54166666666667,183.0,2021-08,2021-08,180,154.98521927966246,25.01478072033754,25.01478072033754,True
2021-08-23 16:00:00,20210823,172,177,184.5,False,False,False,False,False,True,True,16,1,0,0,1,1.0,1.0,2,0,8,2742,800,7.916807490937603,0,16580,0,16,674.0,362.0,2068.0,0,0,0,0.0,22.0,98,71.4504,1.1,11.1,,116.0,184.0,156.33333333333334,22.0,,,91.54166666666667,183.0,2021-08,2021-08,172,158.37807974098493,13.62192025901507,13.62192025901507,False
2021-08-23 17:00:00,20210823,142,177,165.5,False,False,False,False,False,True,True,17,1,0,0,1,1.0,1.0,2,1,8,362,362,5.8944028342648505,0,16580,0,16,2742.0,651.0,-2380.0,0,0,0,0.3000000000000007,22.3,98,71.98446,1.0,11.1,,100.0,146.0,127.33333333333333,22.0,,,91.54166666666667,183.0,2021-08,2021-08,142,125.22030960790585,16.779690392094153,16.779690392094153,False
2021-08-23 18:00:00,20210823,156,179,178.0,False,False,False,False,False,True,True,18,1,0,0,1,1.0,1.0,2,0,8,651,651,6.480044561926653,0,16580,0,16,362.0,1052.0,289.0,0,0,0,0.0,21.9,98,71.27238,1.0,12.4,,92.0,98.0,121.66666666666667,25.0,,,91.54166666666667,183.0,2021-08,2021-08,156,115.09507683848257,40.90492316151743,40.90492316151743,False
2021-08-23 19:00:00,20210823,129,137,134.5,False,False,False,False,False,True,True,19,1,0,0,1,1.0,1.0,2,0,8,1052,800,6.959398512133975,0,16580,0,16,651.0,8.0,401.0,0,0,0,0.0,21.6,98,70.73832,1.2,12.4,,89.0,93.0,113.0,21.0,,,91.54166666666667,183.0,2021-08,2021-08,129,110.25702755794947,18.74297244205053,18.74297244205053,False
2021-08-23 20:00:00,20210823,112,118,117.0,False,False,False,False,False,True,True,20,1,0,0,1,1.0,1.0,0,0,8,8,8,2.1972245773362196,0,16580,0,16,1052.0,222.0,-1044.0,0,0,0,0.0,21.8,94,70.80308,1.6,12.4,,98.0,109.0,103.0,22.0,,,91.54166666666667,183.0,2021-08,2021-08,112,105.05092052409584,6.949079475904156,6.949079475904156,False
2021-08-23 21:00:00,20210823,111,117,114.0,False,False,False,False,False,True,True,21,1,0,0,1,1.0,1.0,0,0,8,222,222,5.407171771460119,0,16580,0,16,8.0,14.0,214.0,0,0,0,0.0,21.8,96,70.94872,1.6,14.7,,112.0,115.0,112.33333333333333,23.0,,,91.54166666666667,183.0,2021-08,2021-08,111,110.72728875005741,0.27271124994258855,0.27271124994258855,False
2021-08-23 22:00:00,20210823,109,113,112.0,False,False,False,False,False,True,True,22,1,0,0,1,1.0,1.0,0,0,8,14,14,2.70805020110221,0,16580,0,16,222.0,153.0,-208.0,0,0,0,0.0,21.9,98,71.27238,2.4,20.9,,95.0,109.0,104.66666666666667,25.0,,,91.54166666666667,183.0,2021-08,2021-08,109,103.00700832515629,5.992991674843708,5.992991674843708,False
2021-08-23 23:00:00,20210823,96,107,110.0,False,False,False,False,False,True,True,23,1,0,0,1,1.0,1.0,0,0,8,153,153,5.0369526024136295,0,16580,0,16,14.0,,139.0,0,0,0,1.3999999999999986,23.4,98,73.94268,3.7,35.1,,96.0,98.0,96.33333333333333,22.0,,,91.54166666666667,183.0,2021-08,2021-08,96,97.03547201575033,-1.0354720157503294,1.0354720157503294,False
2021-08-24 00:00:00,20210824,65,67,71.0,False,False,False,False,False,True,True,0,2,0,0,0,0.0,2.0,0,0,8,0,0,0.0,1,16955,0,22,,109.0,,0,0,0,1.8000000000000007,23.8,98,74.65476,5.7,43.3,23.0,70.0,68.0,68.66666666666667,23.0,108.66666666666667,184.0,124.58333333333333,169.0,2021-08,2021-08,65,66.97993186888681,-1.9799318688868084,1.9799318688868084,False
2021-08-24 01:00:00,20210824,105,111,110.5,False,False,False,False,False,True,True,1,2,0,0,0,0.0,2.0,0,0,8,109,109,4.700480365792417,0,16955,0,22,0.0,127.0,109.0,0,0,0,2.8000000000000007,24.8,98,76.43495999999999,3.6,91.4,23.0,96.0,99.0,99.0,23.0,108.66666666666667,184.0,124.58333333333333,169.0,2021-08,2021-08,105,96.22174114765726,8.778258852342745,8.778258852342745,False
2021-08-24 02:00:00,20210824,110,115,112.5,False,False,False,False,False,True,True,2,2,0,0,0,0.0,2.0,0,0,8,127,127,4.852030263919617,0,16955,0,22,109.0,12.0,18.0,0,0,0,2.3999999999999986,24.4,98,75.72288,3.2,93.0,23.0,98.0,96.0,103.0,23.0,108.66666666666667,184.0,124.58333333333333,169.0,2021-08,2021-08,110,100.37389092357199,9.626109076428008,9.626109076428008,False
2021-08-24 03:00:00,20210824,105,115,110.0,False,False,False,False,False,True,True,3,2,0,0,0,0.0,2.0,0,0,8,12,12,2.5649493574615367,0,16955,0,22,127.0,4.0,-115.0,0,0,0,3.1000000000000014,25.1,93,76.44157,4.2,93.0,24.0,92.0,98.0,98.33333333333333,24.0,108.66666666666667,184.0,124.58333333333333,169.0,2021-08,2021-08,105,94.70071835502722,10.29928164497278,10.29928164497278,False
2021-08-24 04:00:00,20210824,108,113,111.0,False,False,False,False,False,True,True,4,2,0,0,0,0.0,2.0,0,0,8,4,4,1.6094379124341003,0,16955,0,22,12.0,38.0,-8.0,0,0,0,2.8000000000000007,24.8,88,75.40976,4.6,93.0,22.0,93.0,101.0,100.66666666666667,22.0,108.66666666666667,184.0,124.58333333333333,169.0,2021-08,2021-08,108,99.70898181223123,8.29101818776877,8.29101818776877,False
2021-08-24 05:00:00,20210824,88,106,99.5,False,False,False,False,False,True,True,5,2,0,0,0,0.0,2.0,0,0,8,38,38,3.6635616461296463,0,16955,0,22,4.0,86.0,34.0,0,0,0,2.3999999999999986,24.4,90,74.9344,1.9,93.0,22.0,86.0,85.0,86.66666666666667,22.0,108.66666666666667,184.0,124.58333333333333,169.0,2021-08,2021-08,88,92.53383051272881,-4.533830512728812,4.533830512728812,False
2021-08-24 06:00:00,20210824,109,115,109.5,False,False,False,False,False,True,True,6,2,0,0,0,0.0,2.0,0,0,8,86,86,4.465908118654584,0,16955,0,22,38.0,583.0,48.0,0,0,0,3.8000000000000007,25.8,84,76.64128,3.5,93.0,21.0,94.0,100.0,99.66666666666667,21.0,108.66666666666667,184.0,124.58333333333333,169.0,2021-08,2021-08,109,98.97264793769529,10.027352062304715,10.027352062304715,False
2021-08-24 07:00:00,20210824,131,145,144.5,False,False,False,False,False,True,True,7,2,0,0,0,0.0,2.0,0,1,8,583,583,6.369900982828227,0,16955,0,22,86.0,2623.0,497.0,0,0,0,2.8999999999999986,24.9,92,75.99192,2.2,93.0,58.0,125.0,128.0,129.0,58.0,108.66666666666667,184.0,124.58333333333333,169.0,2021-08,2021-08,131,121.34015418829965,9.65984581170035,9.65984581170035,False
2021-08-24 08:00:00,20210824,187,196,194.0,False,False,False,False,False,True,True,8,2,0,0,0,0.0,2.0,2,0,8,2623,800,7.8724551500639794,0,16955,0,22,583.0,516.0,2040.0,0,0,0,3.0,25.0,96,76.582,2.3,93.6,167.0,164.0,183.0,180.33333333333334,167.0,108.66666666666667,184.0,124.58333333333333,169.0,2021-08,2021-08,187,177.9505674240103,9.049432575989698,9.049432575989698,True
2021-08-24 09:00:00,20210824,181,190,186.5,False,False,False,False,False,True,True,9,2,0,0,0,0.0,2.0,2,0,8,516,516,6.248042874508429,0,16955,0,22,2623.0,1007.0,-2107.0,0,0,0,2.5,24.5,98,75.90090000000001,0.0,95.5,180.0,163.0,185.0,176.33333333333334,180.0,108.66666666666667,184.0,124.58333333333333,169.0,2021-08,2021-08,181,179.4639332594103,1.536066740589689,1.536066740589689,True
2021-08-24 10:00:00,20210824,171,181,179.0,False,False,False,False,False,True,True,10,2,0,0,0,0.0,2.0,2,0,8,1007,800,6.915723448631314,0,16955,0,22,516.0,901.0,491.0,0,0,0,3.0,25.0,98,76.791,0.6,99.5,170.0,153.0,175.0,172.0,170.0,108.66666666666667,184.0,124.58333333333333,169.0,2021-08,2021-08,171,180.69699623815313,-9.696996238153133,9.696996238153133,False
2021-08-24 11:00:00,20210824,183,188,185.5,False,False,False,False,False,True,True,11,2,0,0,0,0.0,2.0,2,0,8,901,800,6.804614520062624,0,16955,0,22,1007.0,164.0,-106.0,0,0,0,3.6999999999999993,25.7,98,78.03714,2.7,103.3,184.0,169.0,185.0,187.0,184.0,108.66666666666667,184.0,124.58333333333333,169.0,2021-08,2021-08,183,180.40358395383188,2.596416046168116,2.596416046168116,True
2021-08-24 12:00:00,20210824,115,130,152.5,False,False,False,False,False,True,True,12,2,0,0,0,0.0,2.0,1,1,8,164,164,5.10594547390058,0,16955,0,22,901.0,2240.0,-737.0,0,0,0,4.600000000000001,26.6,98,79.63932,2.1,105.2,116.0,110.0,107.0,109.0,116.0,108.66666666666667,184.0,124.58333333333333,169.0,2021-08,2021-08,115,111.98153796362567,3.0184620363743306,3.0184620363743306,False
2021-08-24 13:00:00,20210824,174,180,180.0,False,False,False,False,False,True,True,13,2,0,0,0,0.0,2.0,2,0,8,2240,800,7.714677473800927,0,16955,0,22,164.0,510.0,2076.0,0,0,0,5.100000000000001,27.1,95,80.15355,3.4,105.7,184.0,162.0,181.0,175.0,184.0,108.66666666666667,184.0,124.58333333333333,169.0,2021-08,2021-08,174,183.5884900144234,-9.5884900144234,9.5884900144234,False
2021-08-24 14:00:00,20210824,186,190,187.5,False,False,False,False,False,True,True,14,2,0,0,0,0.0,2.0,2,0,8,510,510,6.236369590203704,0,16955,0,22,2240.0,1537.0,-1730.0,0,0,0,5.899999999999999,27.9,98,81.95357999999999,2.7,108.0,184.0,161.0,170.0,175.33333333333334,184.0,108.66666666666667,184.0,124.58333333333333,169.0,2021-08,2021-08,186,179.54980050561096,6.4501994943890395,6.4501994943890395,True
2021-08-24 15:00:00,20210824,175,201,192.0,False,False,False,False,False,True,True,15,2,0,0,0,0.0,2.0,2,0,8,1537,800,7.338238150065589,0,16955,0,22,510.0,2281.0,1027.0,0,0,0,6.399999999999999,28.4,87,81.32392,3.7,108.0,180.0,150.0,155.0,161.33333333333334,180.0,108.66666666666667,184.0,124.58333333333333,169.0,2021-08,2021-08,175,172.1974301948978,2.8025698051021948,2.8025698051021948,False
2021-08-24 16:00:00,20210824,184,191,196.0,False,False,False,False,False,True,True,16,2,0,0,0,0.0,2.0,2,0,8,2281,800,7.732807530422021,0,16955,0,22,1537.0,797.0,744.0,0,0,0,6.100000000000001,28.1,88,80.95772,2.7,108.0,172.0,152.0,169.0,169.0,172.0,108.66666666666667,184.0,124.58333333333333,169.0,2021-08,2021-08,184,179.59351107752573,4.406488922474267,4.406488922474267,True
2021-08-24 17:00:00,20210824,139,157,155.0,False,False,False,False,False,True,True,17,2,0,0,0,0.0,2.0,2,1,8,797,797,6.682108597449809,0,16955,0,22,2281.0,1411.0,-1484.0,0,0,0,5.800000000000001,27.8,90,80.7178,2.8,108.3,142.0,113.0,126.0,132.66666666666666,142.0,108.66666666666667,184.0,124.58333333333333,169.0,2021-08,2021-08,139,137.63906098984285,1.3609390101571535,1.3609390101571535,False
2021-08-24 18:00:00,20210824,152,156,153.5,False,False,False,False,False,True,True,18,2,0,0,0,0.0,2.0,2,0,8,1411,800,7.252762418053187,0,16955,0,22,797.0,1762.0,614.0,0,0,0,5.600000000000001,27.6,89,80.24736,1.9,108.3,156.0,149.0,165.0,161.0,156.0,108.66666666666667,184.0,124.58333333333333,169.0,2021-08,2021-08,152,172.29243046223417,-20.292430462234165,20.292430462234165,False
2021-08-24 19:00:00,20210824,150,164,160.0,False,False,False,False,False,True,True,19,2,0,0,0,0.0,2.0,2,0,8,1762,800,7.47477218239787,0,16955,0,22,1411.0,0.0,351.0,0,0,0,5.0,27.0,93,79.7299,2.7,108.3,129.0,138.0,156.0,154.33333333333334,129.0,108.66666666666667,184.0,124.58333333333333,169.0,2021-08,2021-08,150,163.16757305486593,-13.167573054865926,13.167573054865926,False
2021-08-24 20:00:00,20210824,121,125,129.5,False,False,False,False,False,True,True,20,2,0,0,0,0.0,2.0,0,0,8,0,0,0.0,1,16955,0,22,1762.0,135.0,-1762.0,0,0,0,4.800000000000001,26.8,89,78.89448,2.6,108.3,112.0,120.0,129.0,131.0,112.0,108.66666666666667,184.0,124.58333333333333,169.0,2021-08,2021-08,121,110.0625255200129,10.937474479987102,10.937474479987102,False
2021-08-24 21:00:00,20210824,121,123,122.5,False,False,False,False,False,True,True,21,2,0,0,0,0.0,2.0,0,0,8,135,135,4.912654885736052,0,16955,0,22,0.0,14.0,135.0,0,0,0,4.899999999999999,26.9,87,78.81697,2.5,108.3,111.0,118.0,123.0,128.33333333333334,111.0,108.66666666666667,184.0,124.58333333333333,169.0,2021-08,2021-08,121,120.63631362818217,0.3636863718178347,0.3636863718178347,False
2021-08-24 22:00:00,20210824,113,120,116.0,False,False,False,False,False,True,True,22,2,0,0,0,0.0,2.0,0,0,8,14,14,2.70805020110221,0,16955,0,22,135.0,98.0,-121.0,0,0,0,4.899999999999999,26.9,85,78.57034999999999,2.5,108.3,109.0,110.0,106.0,115.0,109.0,108.66666666666667,184.0,124.58333333333333,169.0,2021-08,2021-08,113,113.84145389599676,-0.8414538959967643,0.8414538959967643,False
2021-08-24 23:00:00,20210824,99,107,105.5,False,False,False,False,False,True,True,23,2,0,0,0,0.0,2.0,0,0,8,98,98,4.59511985013459,0,16955,0,22,14.0,,84.0,0,0,0,4.0,26.0,87,77.3128,1.0,108.3,96.0,104.0,99.0,108.33333333333333,96.0,108.66666666666667,184.0,124.58333333333333,169.0,2021-08,2021-08,99,103.12571559555074,-4.125715595550744,4.125715595550744,False
2021-08-25 00:00:00,20210825,77,81,82.5,False,False,False,False,False,True,True,0,3,0,0,0,0.0,3.0,0,0,8,0,0,0.0,1,22076,0,23,,56.0,,0,0,0,3.3999999999999986,25.4,92,76.85231999999999,0.4,0.0,65.0,65.0,77.0,76.66666666666667,65.0,136.33333333333334,187.0,129.58333333333334,179.0,2021-08,2021-08,77,66.23229266129044,10.767707338709556,10.767707338709556,False
2021-08-25 01:00:00,20210825,104,111,109.5,False,False,False,False,False,True,True,1,3,0,0,0,0.0,3.0,0,0,8,56,56,4.04305126783455,0,22076,0,23,0.0,227.0,56.0,0,0,0,3.3999999999999986,25.4,90,76.6354,0.9,0.0,105.0,95.0,99.0,105.0,105.0,136.33333333333334,187.0,129.58333333333334,179.0,2021-08,2021-08,104,94.1455671690228,9.854432830977203,9.854432830977203,False
2021-08-25 02:00:00,20210825,109,115,111.5,False,False,False,False,False,True,True,2,3,0,0,0,0.0,3.0,0,0,8,227,227,5.429345628954441,0,22076,0,23,56.0,28.0,171.0,0,0,0,3.8999999999999986,25.9,88,77.25908,1.9,0.0,110.0,103.0,109.0,110.33333333333333,110.0,136.33333333333334,187.0,129.58333333333334,179.0,2021-08,2021-08,109,107.06034422231858,1.9396557776814234,1.9396557776814234,False
2021-08-25 03:00:00,20210825,99,106,102.0,False,False,False,False,False,True,True,3,3,0,0,0,0.0,3.0,0,0,8,28,28,3.367295829986474,0,22076,0,23,227.0,63.0,-199.0,0,0,0,2.8000000000000007,24.8,93,75.92236,0.6,0.0,105.0,91.0,104.0,105.66666666666667,105.0,136.33333333333334,187.0,129.58333333333334,179.0,2021-08,2021-08,99,98.86326652973658,0.13673347026342242,0.13673347026342242,False
2021-08-25 04:00:00,20210825,109,110,109.5,False,False,False,False,False,True,True,4,3,0,0,0,0.0,3.0,0,0,8,63,63,4.1588830833596715,0,22076,0,23,28.0,46.0,35.0,0,0,0,2.3000000000000007,24.3,96,75.34972,0.4,0.0,108.0,95.0,111.0,108.33333333333333,108.0,136.33333333333334,187.0,129.58333333333334,179.0,2021-08,2021-08,109,102.73560710872336,6.264392891276643,6.264392891276643,False
2021-08-25 05:00:00,20210825,91,107,98.5,False,False,False,False,False,True,True,5,3,0,0,0,0.0,3.0,0,0,8,46,46,3.8501476017100584,0,22076,0,23,63.0,323.0,-17.0,0,0,0,2.1999999999999993,24.2,98,75.36684,0.6,0.0,88.0,83.0,92.0,93.33333333333333,88.0,136.33333333333334,187.0,129.58333333333334,179.0,2021-08,2021-08,91,94.1000329978312,-3.1000329978312067,3.1000329978312067,False
2021-08-25 06:00:00,20210825,104,108,108.0,False,False,False,False,False,True,True,6,3,0,0,0,0.0,3.0,0,0,8,323,323,5.780743515792329,0,22076,0,23,46.0,506.0,277.0,0,0,0,2.1999999999999993,24.2,98,75.36684,0.9,0.1,109.0,101.0,122.0,115.66666666666667,109.0,136.33333333333334,187.0,129.58333333333334,179.0,2021-08,2021-08,104,108.72043146567084,-4.720431465670842,4.720431465670842,False
2021-08-25 07:00:00,20210825,139,162,156.0,False,False,False,False,False,True,True,7,3,0,0,0,0.0,3.0,0,1,8,506,506,6.2285110035911835,0,22076,0,23,323.0,470.0,183.0,0,0,0,3.1999999999999993,25.2,98,77.14704,0.6,0.1,131.0,125.0,132.0,137.66666666666666,131.0,136.33333333333334,187.0,129.58333333333334,179.0,2021-08,2021-08,139,126.38271085326359,12.617289146736411,12.617289146736411,False
2021-08-25 08:00:00,20210825,174,182,180.5,False,False,False,False,False,True,True,8,3,0,0,0,0.0,3.0,2,0,8,470,470,6.154858094016418,0,22076,0,23,506.0,2173.0,-36.0,0,0,0,3.6000000000000014,25.6,95,77.5278,0.2,0.1,187.0,163.0,203.0,188.0,187.0,136.33333333333334,187.0,129.58333333333334,179.0,2021-08,2021-08,174,179.70160920770968,-5.70160920770968,5.70160920770968,False
2021-08-25 09:00:00,20210825,171,181,178.0,False,False,False,False,False,True,True,9,3,0,0,0,0.0,3.0,2,0,8,2173,800,7.684324067681155,0,22076,0,23,470.0,1134.0,1703.0,0,0,0,3.6000000000000014,25.6,95,77.5278,0.3,0.3,181.0,169.0,179.0,182.0,181.0,136.33333333333334,187.0,129.58333333333334,179.0,2021-08,2021-08,171,180.71807283264397,-9.71807283264397,9.71807283264397,False
2021-08-25 10:00:00,20210825,177,189,188.0,False,False,False,False,False,True,True,10,3,0,0,0,0.0,3.0,2,0,8,1134,800,7.034387929915503,0,22076,0,23,2173.0,1409.0,-1039.0,0,0,0,3.8000000000000007,25.8,97,78.10274,0.8,1.5,171.0,159.0,183.0,176.66666666666666,171.0,136.33333333333334,187.0,129.58333333333334,179.0,2021-08,2021-08,177,182.60302138459986,-5.603021384599856,5.603021384599856,True
2021-08-25 11:00:00,20210825,173,184,181.0,False,False,False,False,False,True,True,11,3,0,0,0,0.0,3.0,2,0,8,1409,800,7.251344983372214,0,22076,0,23,1134.0,162.0,275.0,0,0,0,4.300000000000001,26.3,93,78.51840999999999,1.8,1.5,183.0,173.0,184.0,188.33333333333334,183.0,136.33333333333334,187.0,129.58333333333334,179.0,2021-08,2021-08,173,183.40792391336663,-10.40792391336663,10.40792391336663,False
2021-08-25 12:00:00,20210825,110,121,149.5,False,False,False,False,False,True,True,12,3,0,0,0,0.0,3.0,1,1,8,162,162,5.093750200806762,0,22076,0,23,1409.0,1825.0,-1247.0,0,0,0,3.3000000000000007,25.3,97,77.21759,1.0,5.4,115.0,102.0,113.0,112.0,115.0,136.33333333333334,187.0,129.58333333333334,179.0,2021-08,2021-08,110,106.98466997941978,3.0153300205802225,3.0153300205802225,False
2021-08-25 13:00:00,20210825,174,180,175.0,False,False,False,False,False,True,True,13,3,0,0,0,0.0,3.0,2,0,8,1825,800,7.509883061154913,0,22076,0,23,162.0,2166.0,1663.0,0,0,0,4.0,26.0,97,78.4568,1.3,5.4,174.0,171.0,183.0,182.66666666666666,174.0,136.33333333333334,187.0,129.58333333333334,179.0,2021-08,2021-08,174,181.08429772435628,-7.084297724356276,7.084297724356276,False
2021-08-25 14:00:00,20210825,177,184,182.0,False,False,False,False,False,True,True,14,3,0,0,0,0.0,3.0,2,0,8,2166,800,7.681099001536359,0,22076,0,23,1825.0,1786.0,341.0,0,0,0,4.0,26.0,94,78.11359999999999,1.0,5.4,186.0,179.0,187.0,187.33333333333334,186.0,136.33333333333334,187.0,129.58333333333334,179.0,2021-08,2021-08,177,180.5286935166321,-3.528693516632103,3.528693516632103,True
2021-08-25 15:00:00,20210825,169,180,177.0,False,False,False,False,False,True,True,15,3,0,0,0,0.0,3.0,2,0,8,1786,800,7.488293515159428,0,22076,0,23,2166.0,1158.0,-380.0,0,0,0,3.8000000000000007,25.8,93,77.65306000000001,1.8,5.4,175.0,170.0,153.0,161.33333333333334,175.0,136.33333333333334,187.0,129.58333333333334,179.0,2021-08,2021-08,169,168.16369673956697,0.8363032604330272,0.8363032604330272,False
2021-08-25 16:00:00,20210825,162,172,176.0,False,False,False,False,False,True,True,16,3,0,0,0,0.0,3.0,2,0,8,1158,800,7.055312843339752,0,22076,0,23,1786.0,5718.0,-628.0,0,0,0,3.3999999999999986,25.4,94,77.06924,2.7,5.4,184.0,166.0,182.0,174.0,184.0,136.33333333333334,187.0,129.58333333333334,179.0,2021-08,2021-08,162,177.00078944899442,-15.000789448994425,15.000789448994425,False
2021-08-25 17:00:00,20210825,146,176,167.0,False,False,False,False,False,True,True,17,3,0,0,0,0.0,3.0,2,1,8,5718,800,8.651549243915316,0,22076,0,23,1158.0,1184.0,4560.0,0,0,0,3.0,25.0,98,76.791,0.9,5.4,139.0,141.0,151.0,146.33333333333334,139.0,136.33333333333334,187.0,129.58333333333334,179.0,2021-08,2021-08,146,149.21417455496746,-3.2141745549674567,3.2141745549674567,False
2021-08-25 18:00:00,20210825,167,172,174.0,False,False,False,False,False,True,True,18,3,0,0,0,0.0,3.0,2,0,8,1184,800,7.077498053569231,0,22076,0,23,5718.0,1345.0,-4534.0,0,0,0,3.8000000000000007,25.8,91,77.42822000000001,2.7,5.4,152.0,164.0,180.0,175.66666666666666,152.0,136.33333333333334,187.0,129.58333333333334,179.0,2021-08,2021-08,167,178.65244452704994,-11.652444527049937,11.652444527049937,False
2021-08-25 19:00:00,20210825,139,152,157.5,False,False,False,False,False,True,True,19,3,0,0,0,0.0,3.0,2,0,8,1345,800,7.204892510204673,0,22076,0,23,1184.0,67.0,161.0,0,0,0,2.5,24.5,94,75.5027,1.4,5.4,150.0,143.0,150.0,148.0,150.0,136.33333333333334,187.0,129.58333333333334,179.0,2021-08,2021-08,139,152.1734221772157,-13.173422177215713,13.173422177215713,False
2021-08-25 20:00:00,20210825,111,124,118.0,False,False,False,False,False,True,True,20,3,0,0,0,0.0,3.0,0,0,8,67,67,4.219507705176107,0,22076,0,23,1345.0,112.0,-1278.0,0,0,0,2.6999999999999993,24.7,97,76.15540999999999,0.8,5.4,121.0,120.0,125.0,117.33333333333333,121.0,136.33333333333334,187.0,129.58333333333334,179.0,2021-08,2021-08,111,115.33682129816061,-4.336821298160615,4.336821298160615,False
2021-08-25 21:00:00,20210825,121,131,127.0,False,False,False,False,False,True,True,21,3,0,0,0,0.0,3.0,0,0,8,112,112,4.727387818712341,0,22076,0,23,67.0,102.0,45.0,0,0,0,3.0,25.0,96,76.582,1.2,5.4,121.0,115.0,108.0,111.0,121.0,136.33333333333334,187.0,129.58333333333334,179.0,2021-08,2021-08,121,110.12708281880418,10.872917181195817,10.872917181195817,False
2021-08-25 22:00:00,20210825,110,114,115.5,False,False,False,False,False,True,True,22,3,0,0,0,0.0,3.0,0,0,8,102,102,4.634728988229636,0,22076,0,23,112.0,16.0,-10.0,0,0,0,2.6999999999999993,24.7,98,76.25694,0.7,5.5,113.0,112.0,110.0,108.33333333333333,113.0,136.33333333333334,187.0,129.58333333333334,179.0,2021-08,2021-08,110,109.24375516300994,0.7562448369900636,0.7562448369900636,False
2021-08-25 23:00:00,20210825,105,119,116.5,False,False,False,False,False,True,True,23,3,0,0,0,0.0,3.0,0,0,8,16,16,2.833213344056216,0,22076,0,23,102.0,,-86.0,0,0,0,1.8999999999999986,23.9,98,74.83278,0.4,5.5,99.0,105.0,99.0,102.33333333333333,99.0,136.33333333333334,187.0,129.58333333333334,179.0,2021-08,2021-08,105,100.29785643115248,4.702143568847518,4.702143568847518,False
2021-08-26 00:00:00,20210826,72,73,76.0,False,False,False,False,False,True,True,0,4,0,0,0,0.0,4.0,0,0,8,415,415,6.030685260261263,0,20064,0,24,,24.0,,0,0,0,1.8000000000000007,23.8,98,74.65476,0.1,0.0,77.0,71.0,76.0,71.66666666666667,77.0,134.08333333333334,177.0,132.95833333333334,177.0,2021-08,2021-08,72,75.58207748792812,-3.5820774879281174,3.5820774879281174,False
2021-08-26 01:00:00,20210826,103,110,108.0,False,False,False,False,False,True,True,1,4,0,0,0,0.0,4.0,0,0,8,24,24,3.2188758248682006,0,20064,0,24,415.0,277.0,-391.0,0,0,0,1.8999999999999986,23.9,98,74.83278,0.1,0.0,104.0,102.0,105.0,105.66666666666667,104.0,134.08333333333334,177.0,132.95833333333334,177.0,2021-08,2021-08,103,107.14556854823229,-4.145568548232291,4.145568548232291,False
2021-08-26 02:00:00,20210826,115,118,115.0,False,False,False,False,False,True,True,2,4,0,0,0,0.0,4.0,0,0,8,277,277,5.627621113690637,0,20064,0,24,24.0,30.0,253.0,0,0,0,2.0,24.0,98,75.01079999999999,0.8,0.0,109.0,109.0,108.0,109.33333333333333,109.0,134.08333333333334,177.0,132.95833333333334,177.0,2021-08,2021-08,115,107.78873289917153,7.211267100828465,7.211267100828465,False
2021-08-26 03:00:00,20210826,99,104,104.0,False,False,False,False,False,True,True,3,4,0,0,0,0.0,4.0,0,0,8,30,30,3.4339872044851463,0,20064,0,24,277.0,96.0,-247.0,0,0,0,1.6000000000000014,23.6,98,74.29872,1.1,0.0,99.0,109.0,104.0,107.66666666666667,99.0,134.08333333333334,177.0,132.95833333333334,177.0,2021-08,2021-08,99,107.8095256368756,-8.809525636875605,8.809525636875605,False
2021-08-26 04:00:00,20210826,110,115,113.0,False,False,False,False,False,True,True,4,4,0,0,0,0.0,4.0,0,0,8,96,96,4.574710978503383,0,20064,0,24,30.0,139.0,66.0,0,0,0,1.8999999999999986,23.9,98,74.83278,1.8,0.0,109.0,104.0,107.0,107.33333333333333,109.0,134.08333333333334,177.0,132.95833333333334,177.0,2021-08,2021-08,110,108.02504856286696,1.9749514371330434,1.9749514371330434,False
2021-08-26 05:00:00,20210826,92,108,103.0,False,False,False,False,False,True,True,5,4,0,0,0,0.0,4.0,0,0,8,139,139,4.941642422609304,0,20064,0,24,96.0,393.0,43.0,0,0,0,2.1999999999999993,24.2,98,75.36684,1.7,0.0,91.0,88.0,89.0,90.33333333333333,91.0,134.08333333333334,177.0,132.95833333333334,177.0,2021-08,2021-08,92,95.35935811484558,-3.359358114845577,3.359358114845577,False
2021-08-26 06:00:00,20210826,105,111,106.5,False,False,False,False,False,True,True,6,4,0,0,0,0.0,4.0,0,0,8,393,393,5.976350909297934,0,20064,0,24,139.0,1981.0,254.0,0,0,0,3.3000000000000007,25.3,98,77.32506000000001,0.7,0.0,104.0,109.0,114.0,113.0,104.0,134.08333333333334,177.0,132.95833333333334,177.0,2021-08,2021-08,105,110.75173103599279,-5.7517310359927905,5.7517310359927905,False
2021-08-26 07:00:00,20210826,134,147,146.0,False,False,False,False,False,True,True,7,4,0,0,0,0.0,4.0,0,1,8,1981,800,7.591861714889934,0,20064,0,24,393.0,592.0,1588.0,0,0,0,4.300000000000001,26.3,90,78.16629999999999,1.3,0.0,139.0,123.0,130.0,131.33333333333334,139.0,134.08333333333334,177.0,132.95833333333334,177.0,2021-08,2021-08,134,131.09130579978012,2.908694200219884,2.908694200219884,False
2021-08-26 08:00:00,20210826,183,196,189.0,False,False,False,False,False,True,True,8,4,0,0,0,0.0,4.0,2,0,8,592,592,6.385194398997726,0,20064,0,24,1981.0,1269.0,-1389.0,0,0,0,6.100000000000001,28.1,74,79.06506,1.0,0.0,174.0,174.0,187.0,184.33333333333334,174.0,134.08333333333334,177.0,132.95833333333334,177.0,2021-08,2021-08,183,188.17526401532098,-5.175264015320977,5.175264015320977,True
2021-08-26 09:00:00,20210826,195,199,198.0,False,False,False,False,False,True,True,9,4,0,0,0,0.0,4.0,2,0,8,1269,800,7.146772179452637,0,20064,0,24,592.0,286.0,677.0,0,0,0,5.800000000000001,27.8,71,78.20562,1.7,0.0,171.0,174.0,181.0,184.33333333333334,171.0,134.08333333333334,177.0,132.95833333333334,177.0,2021-08,2021-08,195,186.97141357038882,8.028586429611181,8.028586429611181,True
2021-08-26 10:00:00,20210826,180,193,187.5,False,False,False,False,False,True,True,10,4,0,0,0,0.0,4.0,2,0,8,286,286,5.659482215759621,0,20064,0,24,1269.0,1425.0,-983.0,0,0,0,7.399999999999999,29.4,66,79.88596,0.7,0.0,177.0,163.0,177.0,175.66666666666666,177.0,134.08333333333334,177.0,132.95833333333334,177.0,2021-08,2021-08,180,183.45160218368437,-3.451602183684372,3.451602183684372,True
2021-08-26 11:00:00,20210826,188,194,193.0,False,False,False,False,False,True,True,11,4,0,0,0,0.0,4.0,2,0,8,1425,800,7.262628600974241,0,20064,0,24,286.0,37.0,1139.0,0,0,0,8.2,30.2,56,79.49688,1.8,0.0,173.0,177.0,188.0,190.66666666666666,173.0,134.08333333333334,177.0,132.95833333333334,177.0,2021-08,2021-08,188,190.47499171562166,-2.4749917156216554,2.4749917156216554,True
2021-08-26 12:00:00,20210826,111,127,152.0,False,False,False,False,False,True,True,12,4,0,0,0,0.0,4.0,1,1,8,37,37,3.6375861597263857,0,20064,0,24,1425.0,1792.0,-1388.0,0,0,0,8.600000000000001,30.6,56,80.04264,1.3,0.0,110.0,105.0,120.0,112.33333333333333,110.0,134.08333333333334,177.0,132.95833333333334,177.0,2021-08,2021-08,111,117.15941714607078,-6.15941714607078,6.15941714607078,False
2021-08-26 13:00:00,20210826,183,199,196.5,False,False,False,False,False,True,True,13,4,0,0,0,0.0,4.0,2,0,8,1792,800,7.491645473605133,0,20064,0,24,37.0,746.0,1755.0,0,0,0,9.8,31.8,44,79.61807999999999,1.5,0.0,174.0,168.0,170.0,176.66666666666666,174.0,134.08333333333334,177.0,132.95833333333334,177.0,2021-08,2021-08,183,185.7869510176679,-2.7869510176678887,2.7869510176678887,True
2021-08-26 14:00:00,20210826,185,190,191.0,False,False,False,False,False,True,True,14,4,0,0,0,0.0,4.0,2,0,8,746,746,6.616065185132817,0,20064,0,24,1792.0,2034.0,-1046.0,0,0,0,9.600000000000001,31.6,56,81.40704,1.1,0.0,177.0,175.0,184.0,182.0,177.0,134.08333333333334,177.0,132.95833333333334,177.0,2021-08,2021-08,185,186.89703566616342,-1.8970356661634185,1.8970356661634185,True
2021-08-26 15:00:00,20210826,188,202,197.5,False,False,False,False,False,True,True,15,4,0,0,0,0.0,4.0,2,0,8,2034,800,7.618251097876695,0,20064,0,24,746.0,645.0,1288.0,0,0,0,8.3,30.3,60,80.2612,2.3,0.0,169.0,170.0,165.0,166.33333333333334,169.0,134.08333333333334,177.0,132.95833333333334,177.0,2021-08,2021-08,188,184.24170782754712,3.758292172452883,3.758292172452883,True
2021-08-26 16:00:00,20210826,173,186,189.5,False,False,False,False,False,True,True,16,4,0,0,0,0.0,4.0,2,0,8,645,645,6.470799503782602,0,20064,0,24,2034.0,301.0,-1389.0,0,0,0,7.800000000000001,29.8,67,80.62334,0.9,0.0,162.0,166.0,170.0,167.33333333333334,162.0,134.08333333333334,177.0,132.95833333333334,177.0,2021-08,2021-08,173,181.60729572172337,-8.607295721723375,8.607295721723375,False
2021-08-26 17:00:00,20210826,132,161,151.5,False,False,False,False,False,True,True,17,4,0,0,0,0.0,4.0,2,1,8,301,301,5.71042701737487,0,20064,0,24,645.0,2864.0,-344.0,0,0,0,8.3,30.3,55,79.47635,1.7,0.0,146.0,130.0,135.0,131.33333333333334,146.0,134.08333333333334,177.0,132.95833333333334,177.0,2021-08,2021-08,132,142.6562807056247,-10.65628070562471,10.65628070562471,False
2021-08-26 18:00:00,20210826,162,167,165.0,False,False,False,False,False,True,True,18,4,0,0,0,0.0,4.0,2,0,8,2864,800,7.9603236291488395,0,20064,0,24,301.0,4012.0,2563.0,0,0,0,6.300000000000001,28.3,66,78.27622,1.2,0.0,167.0,152.0,172.0,166.0,167.0,134.08333333333334,177.0,132.95833333333334,177.0,2021-08,2021-08,162,179.51461996080457,-17.514619960804566,17.514619960804566,False
2021-08-26 19:00:00,20210826,156,170,167.5,False,False,False,False,False,True,True,19,4,0,0,0,0.0,4.0,2,0,8,4012,800,8.297294370266917,0,20064,0,24,2864.0,203.0,1148.0,0,0,0,4.300000000000001,26.3,80,76.9926,0.3,0.0,139.0,147.0,161.0,159.0,139.0,134.08333333333334,177.0,132.95833333333334,177.0,2021-08,2021-08,156,165.0321006812805,-9.032100681280497,9.032100681280497,False
2021-08-26 20:00:00,20210826,116,121,122.5,False,False,False,False,False,True,True,20,4,0,0,0,0.0,4.0,0,0,8,203,203,5.318119993844216,0,20064,0,24,4012.0,10.0,-3809.0,0,0,0,4.399999999999999,26.4,81,77.27116,1.9,0.0,111.0,128.0,125.0,127.0,111.0,134.08333333333334,177.0,132.95833333333334,177.0,2021-08,2021-08,116,127.56732645160783,-11.567326451607826,11.567326451607826,False
2021-08-26 21:00:00,20210826,125,128,127.5,False,False,False,False,False,True,True,21,4,0,0,0,0.0,4.0,0,0,8,10,10,2.3978952727983707,0,20064,0,24,203.0,123.0,-193.0,0,0,0,3.3000000000000007,25.3,82,75.60553999999999,0.8,0.0,121.0,121.0,112.0,119.66666666666667,121.0,134.08333333333334,177.0,132.95833333333334,177.0,2021-08,2021-08,125,116.21519098086945,8.784809019130549,8.784809019130549,False
2021-08-26 22:00:00,20210826,111,116,117.0,False,False,False,False,False,True,True,22,4,0,0,0,0.0,4.0,0,0,8,123,123,4.820281565605037,0,20064,0,24,10.0,370.0,113.0,0,0,0,3.3000000000000007,25.3,79,75.28313,0.8,0.0,110.0,116.0,116.0,118.0,110.0,134.08333333333334,177.0,132.95833333333334,177.0,2021-08,2021-08,111,114.26472702382813,-3.2647270238281294,3.2647270238281294,False
2021-08-26 23:00:00,20210826,105,113,112.5,False,False,False,False,False,True,True,23,4,0,0,0,0.0,4.0,0,0,8,370,370,5.916202062607435,0,20064,0,24,123.0,,247.0,0,0,0,2.6999999999999993,24.7,81,74.53093,1.2,0.0,105.0,110.0,103.0,109.0,105.0,134.08333333333334,177.0,132.95833333333334,177.0,2021-08,2021-08,105,108.0188081353643,-3.0188081353642957,3.0188081353642957,False
2021-08-27 00:00:00,20210827,72,77,83.0,False,False,False,False,False,True,True,0,5,0,0,0,0.0,5.0,0,0,8,0,0,0.0,1,25769,0,23,,43.0,,0,0,0,1.1999999999999993,23.2,96,73.41328,1.2,0.0,72.0,73.0,72.0,77.66666666666667,72.0,138.45833333333334,195.0,130.45833333333334,187.0,2021-08,2021-08,72,67.27747556235236,4.722524437647635,4.722524437647635,False
2021-08-27 01:00:00,20210827,102,111,108.5,False,False,False,False,False,True,True,1,5,0,0,0,0.0,5.0,0,0,8,43,43,3.784189633918261,0,25769,0,23,0.0,1024.0,43.0,0,0,0,0.8999999999999986,22.9,91,72.46661,0.9,0.0,103.0,101.0,100.0,107.33333333333333,103.0,138.45833333333334,195.0,130.45833333333334,187.0,2021-08,2021-08,102,99.77413314480492,2.225866855195079,2.225866855195079,False
2021-08-27 02:00:00,20210827,111,115,113.5,False,False,False,False,False,True,True,2,5,0,0,0,0.0,5.0,0,0,8,1024,800,6.932447891572509,0,25769,0,23,43.0,334.0,981.0,0,0,0,0.6000000000000014,22.6,94,72.19556,1.6,0.0,115.0,107.0,112.0,112.66666666666667,115.0,138.45833333333334,195.0,130.45833333333334,187.0,2021-08,2021-08,111,112.19800868860136,-1.1980086886013623,1.1980086886013623,False
2021-08-27 03:00:00,20210827,102,114,109.5,False,False,False,False,False,True,True,3,5,0,0,0,0.0,5.0,0,0,8,334,334,5.814130531825066,0,25769,0,23,1024.0,293.0,-690.0,0,0,0,0.3000000000000007,22.3,93,71.59561,1.3,0.0,99.0,102.0,116.0,113.33333333333333,99.0,138.45833333333334,195.0,130.45833333333334,187.0,2021-08,2021-08,102,108.68927466578354,-6.689274665783543,6.689274665783543,False
2021-08-27 04:00:00,20210827,108,112,111.5,False,False,False,False,False,True,True,4,5,0,0,0,0.0,5.0,0,0,8,293,293,5.683579767338681,0,25769,0,23,334.0,73.0,-41.0,0,0,0,0.1999999999999993,22.2,92,71.34576,0.9,0.0,110.0,99.0,110.0,109.33333333333333,110.0,138.45833333333334,195.0,130.45833333333334,187.0,2021-08,2021-08,108,106.39203575618883,1.6079642438111676,1.6079642438111676,False
2021-08-27 05:00:00,20210827,86,104,95.5,False,False,False,False,False,True,True,5,5,0,0,0,0.0,5.0,0,0,8,73,73,4.30406509320417,0,25769,0,23,293.0,189.0,-220.0,0,0,0,0.0,21.8,98,71.09436,0.4,0.0,92.0,88.0,88.0,93.66666666666667,92.0,138.45833333333334,195.0,130.45833333333334,187.0,2021-08,2021-08,86,94.00229871875426,-8.002298718754261,8.002298718754261,False
2021-08-27 06:00:00,20210827,101,103,102.5,False,False,False,False,False,True,True,6,5,0,0,0,0.0,5.0,0,0,8,189,189,5.247024072160486,0,25769,0,23,73.0,698.0,116.0,0,0,0,1.1999999999999993,23.2,94,73.23992,0.5,0.0,105.0,111.0,110.0,115.0,105.0,138.45833333333334,195.0,130.45833333333334,187.0,2021-08,2021-08,101,110.1992219603585,-9.1992219603585,9.1992219603585,False
2021-08-27 07:00:00,20210827,125,135,135.0,False,False,False,False,False,True,True,7,5,0,0,0,0.0,5.0,0,1,8,698,698,6.54965074223381,0,25769,0,23,189.0,263.0,509.0,0,0,0,3.5,25.5,86,76.3677,0.8,0.0,134.0,127.0,136.0,139.66666666666666,134.0,138.45833333333334,195.0,130.45833333333334,187.0,2021-08,2021-08,125,126.68179626389507,-1.681796263895066,1.681796263895066,False
2021-08-27 08:00:00,20210827,181,190,187.5,False,False,False,False,False,True,True,8,5,0,0,0,0.0,5.0,2,0,8,263,263,5.575949103146316,0,25769,0,23,698.0,1321.0,-435.0,0,0,0,3.0,25.0,85,75.4325,0.6,0.0,183.0,171.0,196.0,188.33333333333334,183.0,138.45833333333334,195.0,130.45833333333334,187.0,2021-08,2021-08,181,174.54707723884522,6.452922761154781,6.452922761154781,True
2021-08-27 09:00:00,20210827,176,185,182.0,False,False,False,False,False,True,True,9,5,0,0,0,0.0,5.0,2,0,8,1321,800,7.186901020411631,0,25769,0,23,263.0,1056.0,1058.0,0,0,0,4.0,26.0,81,76.62639999999999,0.7,0.0,195.0,165.0,188.0,183.66666666666666,195.0,138.45833333333334,195.0,130.45833333333334,187.0,2021-08,2021-08,176,180.79598084349382,-4.7959808434938225,4.7959808434938225,False
2021-08-27 10:00:00,20210827,169,177,176.5,False,False,False,False,False,True,True,10,5,0,0,0,0.0,5.0,2,0,8,1056,800,6.963189985870238,0,25769,0,23,1321.0,2214.0,-265.0,0,0,0,5.800000000000001,27.8,71,78.20562,1.2,0.0,180.0,157.0,184.0,176.33333333333334,180.0,138.45833333333334,195.0,130.45833333333334,187.0,2021-08,2021-08,169,184.59032149958477,-15.590321499584775,15.590321499584775,False
2021-08-27 11:00:00,20210827,175,182,180.5,False,False,False,False,False,True,True,11,5,0,0,0,0.0,5.0,2,0,8,2214,800,7.703007682479236,0,25769,0,23,1056.0,326.0,1158.0,0,0,0,6.0,28.0,76,79.1792,1.7,0.0,188.0,187.0,196.0,197.0,188.0,138.45833333333334,195.0,130.45833333333334,187.0,2021-08,2021-08,175,192.74703934857564,-17.74703934857564,17.74703934857564,False
2021-08-27 12:00:00,20210827,106,125,140.0,False,False,False,False,False,True,True,12,5,0,0,0,0.0,5.0,1,1,8,326,326,5.7899601708972535,0,25769,0,23,2214.0,1925.0,-1888.0,0,0,0,8.0,30.0,72,81.68799999999999,3.2,0.0,111.0,111.0,111.0,114.33333333333333,111.0,138.45833333333334,195.0,130.45833333333334,187.0,2021-08,2021-08,106,117.63013408469529,-11.630134084695285,11.630134084695285,False
2021-08-27 13:00:00,20210827,173,179,177.5,False,False,False,False,False,True,True,13,5,0,0,0,0.0,5.0,2,0,8,1925,800,7.563200592358071,0,25769,0,23,326.0,3481.0,1599.0,0,0,0,9.2,31.2,66,82.52008000000001,3.1,0.0,183.0,177.0,183.0,184.66666666666666,183.0,138.45833333333334,195.0,130.45833333333334,187.0,2021-08,2021-08,173,188.18977912882417,-15.18977912882417,15.18977912882417,False
2021-08-27 14:00:00,20210827,165,169,168.5,False,False,False,False,False,True,True,14,5,0,0,0,0.0,5.0,2,0,8,3481,800,8.155362120328135,0,25769,0,23,1925.0,4309.0,1556.0,0,0,0,8.399999999999999,30.4,64,81.03344,3.7,0.0,185.0,175.0,189.0,186.66666666666666,185.0,138.45833333333334,195.0,130.45833333333334,187.0,2021-08,2021-08,165,185.41733073602643,-20.41733073602643,20.41733073602643,False
2021-08-27 15:00:00,20210827,162,175,174.0,False,False,False,False,False,True,True,15,5,0,0,0,0.0,5.0,2,0,8,4309,800,8.368693183097793,0,25769,0,23,3481.0,3764.0,828.0,0,0,0,8.399999999999999,30.4,61,80.55956,5.2,0.0,188.0,159.0,167.0,162.33333333333334,188.0,138.45833333333334,195.0,130.45833333333334,187.0,2021-08,2021-08,162,174.55458028382623,-12.554580283826226,12.554580283826226,False
2021-08-27 16:00:00,20210827,156,161,159.5,False,False,False,False,False,True,True,16,5,0,0,0,0.0,5.0,2,0,8,3764,800,8.233503140233994,0,25769,0,23,4309.0,1054.0,-545.0,0,0,0,8.0,30.0,63,80.30199999999999,5.2,0.0,173.0,171.0,183.0,176.0,173.0,138.45833333333334,195.0,130.45833333333334,187.0,2021-08,2021-08,156,183.49949632559057,-27.49949632559057,27.49949632559057,False
2021-08-27 17:00:00,20210827,142,163,162.0,False,False,False,False,False,True,True,17,5,0,0,0,0.0,5.0,2,1,8,1054,800,6.961296045910167,0,25769,0,23,3764.0,672.0,-2710.0,0,0,0,7.100000000000001,29.1,68,79.73712,4.6,0.0,132.0,134.0,149.0,143.33333333333334,132.0,138.45833333333334,195.0,130.45833333333334,187.0,2021-08,2021-08,142,147.67945447054703,-5.679454470547029,5.679454470547029,False
2021-08-27 18:00:00,20210827,143,157,160.0,False,False,False,False,False,True,True,18,5,0,0,0,0.0,5.0,2,0,8,672,672,6.511745329644728,0,25769,0,23,1054.0,1643.0,-382.0,0,0,0,6.100000000000001,28.1,72,78.79468,4.1,0.0,162.0,155.0,174.0,170.66666666666666,162.0,138.45833333333334,195.0,130.45833333333334,187.0,2021-08,2021-08,143,179.88601662959846,-36.88601662959846,36.88601662959846,False
2021-08-27 19:00:00,20210827,127,138,137.0,False,False,False,False,False,True,True,19,5,0,0,0,0.0,5.0,2,0,8,1643,800,7.404887575616125,0,25769,0,23,672.0,518.0,971.0,0,0,0,5.699999999999999,27.7,76,78.71047999999999,1.5,0.0,156.0,125.0,146.0,140.66666666666666,156.0,138.45833333333334,195.0,130.45833333333334,187.0,2021-08,2021-08,127,142.45491715306056,-15.454917153060563,15.454917153060563,False
2021-08-27 20:00:00,20210827,108,111,109.5,False,False,False,False,False,True,True,20,5,0,0,0,0.0,5.0,0,0,8,518,518,6.251903883165888,0,25769,0,23,1643.0,238.0,-1125.0,0,0,0,1.8999999999999986,23.9,90,74.0839,2.8,0.0,116.0,114.0,117.0,112.66666666666667,116.0,138.45833333333334,195.0,130.45833333333334,187.0,2021-08,2021-08,108,113.20673045883218,-5.206730458832183,5.206730458832183,False
2021-08-27 21:00:00,20210827,107,115,113.0,False,False,False,False,False,True,True,21,5,0,0,0,0.0,5.0,0,0,8,238,238,5.476463551931511,0,25769,0,23,518.0,61.0,-280.0,0,0,0,0.6000000000000014,22.6,97,72.43778,1.7,0.0,125.0,118.0,113.0,113.66666666666667,125.0,138.45833333333334,195.0,130.45833333333334,187.0,2021-08,2021-08,107,111.76769907843145,-4.767699078431448,4.767699078431448,False
2021-08-27 22:00:00,20210827,96,105,105.0,False,False,False,False,False,True,True,22,5,0,0,0,0.0,5.0,0,0,8,61,61,4.127134385045092,0,25769,0,23,238.0,270.0,-177.0,0,0,0,0.5,22.5,98,72.34049999999999,0.4,0.3,111.0,106.0,109.0,106.0,111.0,138.45833333333334,195.0,130.45833333333334,187.0,2021-08,2021-08,96,107.73285645104369,-11.732856451043688,11.732856451043688,False
2021-08-27 23:00:00,20210827,102,113,111.0,False,False,False,False,False,True,True,23,5,0,0,0,0.0,5.0,0,0,8,270,270,5.602118820879701,0,25769,0,23,61.0,,209.0,0,0,0,0.8000000000000007,22.8,98,72.87456,0.5,0.3,105.0,98.0,97.0,99.33333333333333,105.0,138.45833333333334,195.0,130.45833333333334,187.0,2021-08,2021-08,102,98.41606657130386,3.5839334286961417,3.5839334286961417,False
2021-08-28 00:00:00,20210828,72,75,78.5,False,False,False,False,False,True,True,0,6,1,0,0,0.0,6.0,0,0,8,174,174,5.1647859739235145,0,1799,0,8,,160.0,,0,0,0,0.6999999999999993,22.7,98,72.69654,1.9,0.2,72.0,63.0,62.0,62.5,72.0,128.95833333333334,181.0,45.041666666666664,104.0,2021-08,2021-08,72,67.08026170304933,4.919738296950669,4.919738296950669,False
2021-08-28 01:00:00,20210828,104,111,109.5,False,False,False,False,False,True,True,1,6,1,0,0,0.0,6.0,0,0,8,160,160,5.081404364984463,0,1799,0,8,174.0,68.0,-14.0,0,0,0,0.3999999999999986,22.4,98,72.16247999999999,1.0,0.2,102.0,95.0,97.0,96.0,102.0,128.95833333333334,181.0,45.041666666666664,104.0,2021-08,2021-08,104,95.95163586693205,8.048364133067949,8.048364133067949,False
2021-08-28 02:00:00,20210828,111,119,115.0,False,False,False,False,False,True,True,2,6,1,0,0,0.0,6.0,0,0,8,68,68,4.23410650459726,0,1799,0,8,160.0,54.0,-92.0,0,0,0,0.10000000000000142,22.1,98,71.62842,2.3,0.2,111.0,104.0,107.0,105.5,111.0,128.95833333333334,181.0,45.041666666666664,104.0,2021-08,2021-08,111,105.78616665690487,5.213833343095132,5.213833343095132,False
2021-08-28 03:00:00,20210828,102,109,104.5,False,False,False,False,False,True,True,3,6,1,0,0,0.0,6.0,0,0,8,54,54,4.007333185232471,0,1799,0,8,68.0,440.0,-14.0,0,0,0,0.0,21.9,98,71.27238,1.3,0.2,102.0,94.0,91.0,92.5,102.0,128.95833333333334,181.0,45.041666666666664,104.0,2021-08,2021-08,102,93.51974474272329,8.48025525727671,8.48025525727671,False
2021-08-28 04:00:00,20210828,103,107,106.0,False,False,False,False,False,True,True,4,6,1,0,0,0.0,6.0,0,0,8,440,440,6.089044875446846,0,1799,0,8,54.0,29.0,386.0,0,0,0,0.3999999999999986,22.4,95,71.9262,1.9,0.2,108.0,104.0,98.0,101.0,108.0,128.95833333333334,181.0,45.041666666666664,104.0,2021-08,2021-08,103,102.99663049570911,0.0033695042908874484,0.0033695042908874484,False
2021-08-28 05:00:00,20210828,87,107,100.0,False,False,False,False,False,True,True,5,6,1,0,0,0.0,6.0,0,0,8,29,29,3.4011973816621555,0,1799,0,8,440.0,332.0,-411.0,0,0,0,0.1999999999999993,22.2,96,71.65288,1.0,0.2,86.0,95.0,83.0,89.0,86.0,128.95833333333334,181.0,45.041666666666664,104.0,2021-08,2021-08,87,92.51999707589727,-5.519997075897265,5.519997075897265,False
2021-08-28 06:00:00,20210828,98,103,105.0,False,False,False,False,False,True,True,6,6,1,0,0,0.0,6.0,0,0,8,332,332,5.808142489980444,0,1799,0,8,29.0,542.0,303.0,0,0,0,0.5,22.5,92,71.862,1.8,0.2,101.0,99.0,86.0,92.5,101.0,128.95833333333334,181.0,45.041666666666664,104.0,2021-08,2021-08,98,99.66816480951015,-1.6681648095101451,1.6681648095101451,False
2021-08-28 07:00:00,20210828,66,94,94.5,False,False,False,False,False,True,True,7,6,1,0,0,0.0,6.0,0,1,8,542,542,6.297109319933935,0,1799,0,8,332.0,0.0,210.0,0,0,0,1.0,23.0,87,72.2989,2.1,0.2,125.0,69.0,53.0,61.0,125.0,128.95833333333334,181.0,45.041666666666664,104.0,2021-08,2021-08,66,64.42782275950742,1.5721772404925787,1.5721772404925787,False
2021-08-28 08:00:00,20210828,35,36,36.0,False,False,False,False,False,True,True,8,6,1,0,0,0.0,6.0,2,0,8,0,0,0.0,1,1799,0,8,542.0,0.0,-542.0,0,0,0,2.6999999999999993,24.7,75,73.92175,1.4,0.2,181.0,23.0,23.0,23.0,181.0,128.95833333333334,181.0,45.041666666666664,104.0,2021-08,2021-08,35,31.075170146976433,3.9248298530235672,3.9248298530235672,False
2021-08-28 09:00:00,20210828,36,36,36.0,False,False,False,False,False,True,True,9,6,1,0,0,0.0,6.0,2,0,8,0,0,0.0,1,1799,0,8,0.0,0.0,0.0,0,0,0,4.899999999999999,26.9,72,76.96732,1.0,0.2,176.0,21.0,22.0,21.5,176.0,128.95833333333334,181.0,45.041666666666664,104.0,2021-08,2021-08,36,22.884894396117883,13.115105603882117,13.115105603882117,False
2021-08-28 10:00:00,20210828,38,41,40.0,False,False,False,False,False,True,True,10,6,1,0,0,0.0,6.0,2,0,8,0,0,0.0,1,1799,0,8,0.0,0.0,0.0,0,0,0,5.800000000000001,27.8,61,76.88342,1.9,0.2,169.0,21.0,21.0,21.0,169.0,128.95833333333334,181.0,45.041666666666664,104.0,2021-08,2021-08,38,22.507581748886683,15.492418251113317,15.492418251113317,False
2021-08-28 11:00:00,20210828,37,39,38.0,False,False,False,False,False,True,True,11,6,1,0,0,0.0,6.0,2,0,8,0,0,0.0,1,1799,0,8,0.0,0.0,0.0,0,0,0,6.600000000000001,28.6,54,77.03356,2.4,0.2,175.0,23.0,23.0,23.0,175.0,128.95833333333334,181.0,45.041666666666664,104.0,2021-08,2021-08,37,23.049378774781857,13.950621225218143,13.950621225218143,False
2021-08-28 12:00:00,20210828,38,38,38.0,False,False,False,False,False,True,True,12,6,1,0,0,0.0,6.0,1,1,8,0,0,0.0,1,1799,0,8,0.0,0.0,0.0,0,0,0,7.199999999999999,29.2,49,77.10991999999999,2.1,0.2,106.0,22.0,22.0,22.0,106.0,128.95833333333334,181.0,45.041666666666664,104.0,2021-08,2021-08,38,22.404264985514562,15.595735014485438,15.595735014485438,False
2021-08-28 13:00:00,20210828,38,41,39.0,False,False,False,False,False,True,True,13,6,1,0,0,0.0,6.0,2,0,8,0,0,0.0,1,1799,0,8,0.0,0.0,0.0,0,0,0,8.3,30.3,51,78.84846999999999,1.6,0.2,173.0,21.0,21.0,21.0,173.0,128.95833333333334,181.0,45.041666666666664,104.0,2021-08,2021-08,38,24.423491430671024,13.576508569328976,13.576508569328976,False
2021-08-28 14:00:00,20210828,38,41,41.0,False,False,False,False,False,True,True,14,6,1,0,0,0.0,6.0,2,0,8,0,0,0.0,1,1799,0,8,0.0,0.0,0.0,0,0,0,7.399999999999999,29.4,49,77.36894,1.8,0.2,165.0,23.0,22.0,22.5,165.0,128.95833333333334,181.0,45.041666666666664,104.0,2021-08,2021-08,38,23.41304923979001,14.58695076020999,14.58695076020999,False
2021-08-28 15:00:00,20210828,38,38,38.0,False,False,False,False,False,True,True,15,6,1,0,0,0.0,6.0,2,0,8,0,0,0.0,1,1799,0,8,0.0,0.0,0.0,0,0,0,7.199999999999999,29.2,50,77.256,1.5,0.2,162.0,22.0,23.0,22.5,162.0,128.95833333333334,181.0,45.041666666666664,104.0,2021-08,2021-08,38,23.09356952796386,14.906430472036138,14.906430472036138,False
2021-08-28 16:00:00,20210828,46,52,49.5,False,False,False,False,False,True,True,16,6,1,0,0,0.0,6.0,2,0,8,0,0,0.0,1,1799,0,8,0.0,0.0,0.0,0,0,0,6.199999999999999,28.2,64,77.85752,1.5,0.2,156.0,22.0,22.0,22.0,156.0,128.95833333333334,181.0,45.041666666666664,104.0,2021-08,2021-08,46,23.1415650107478,22.8584349892522,22.8584349892522,False
2021-08-29 12:00:00,20210829,22,23,24.0,False,True,False,False,False,True,True,12,7,1,0,0,0.0,7.0,1,1,8,0,0,0.0,1,0,1,0,0.0,0.0,0.0,0,0,0,2.8000000000000007,24.8,80,74.58959999999999,1.6,0.0,38.0,,,,38.0,63.94117647058823,111.0,,,2021-08,2021-08,22,23.239319393172774,-1.2393193931727744,1.2393193931727744,False
2021-08-29 13:00:00,20210829,19,19,19.0,False,True,False,False,False,True,True,13,7,1,0,0,0.0,7.0,2,0,8,0,0,0.0,1,0,1,0,0.0,0.0,0.0,0,0,0,4.5,26.5,79,77.19364999999999,1.5,0.0,38.0,,,,38.0,63.94117647058823,111.0,,,2021-08,2021-08,19,23.816887958390613,-4.816887958390613,4.816887958390613,False
2021-08-29 14:00:00,20210829,22,22,22.0,False,True,False,False,False,True,True,14,7,1,0,0,0.0,7.0,2,0,8,0,0,0.0,1,0,1,0,0.0,0.0,0.0,0,0,0,4.300000000000001,26.3,81,77.10997,0.9,0.0,38.0,,,,38.0,63.94117647058823,111.0,,,2021-08,2021-08,22,23.69430325252404,-1.6943032525240405,1.6943032525240405,False
2021-08-29 15:00:00,20210829,21,21,21.0,False,True,False,False,False,True,True,15,7,1,0,0,0.0,7.0,2,0,8,0,0,0.0,1,0,1,0,0.0,0.0,0.0,0,0,0,3.1999999999999993,25.2,91,76.40168,1.1,0.2,38.0,,,,38.0,63.94117647058823,111.0,,,2021-08,2021-08,21,23.406502211857063,-2.406502211857063,2.406502211857063,False
2021-08-29 16:00:00,20210829,22,23,22.0,False,True,False,False,False,True,True,16,7,1,0,0,0.0,7.0,2,0,8,0,0,0.0,1,0,1,0,0.0,0.0,0.0,0,0,0,3.3000000000000007,25.3,91,76.57276999999999,1.3,0.2,46.0,,,,46.0,63.94117647058823,111.0,,,2021-08,2021-08,22,23.414104417237493,-1.4141044172374926,1.4141044172374926,False
2021-08-29 17:00:00,20210829,26,26,26.0,False,True,False,False,False,True,True,17,7,1,0,0,0.0,7.0,2,1,8,0,0,0.0,1,0,1,0,0.0,0.0,0.0,0,0,0,3.8000000000000007,25.8,86,76.86612,0.9,0.2,,,,,142.0,63.94117647058823,111.0,,,2021-08,2021-08,26,23.21389479880347,2.7861052011965306,2.7861052011965306,False
2021-08-29 18:00:00,20210829,24,25,25.5,False,True,False,False,False,True,True,18,7,1,0,0,0.0,7.0,2,0,8,0,0,0.0,1,0,1,0,0.0,0.0,0.0,0,0,0,2.6000000000000014,24.6,93,75.57622,0.7,0.2,,,,,143.0,63.94117647058823,111.0,,,2021-08,2021-08,24,23.385549294724598,0.6144507052754022,0.6144507052754022,False
2021-08-29 19:00:00,20210829,21,21,21.0,False,True,False,False,False,True,True,19,7,1,0,0,0.0,7.0,2,0,8,0,0,0.0,1,0,1,0,0.0,0.0,0.0,0,0,0,1.8999999999999986,23.9,95,74.55195,1.1,0.2,,,,,127.0,63.94117647058823,111.0,,,2021-08,2021-08,21,23.49735675335053,-2.4973567533505303,2.4973567533505303,False
2021-08-29 20:00:00,20210829,20,20,20.0,False,True,False,False,False,True,True,20,7,1,0,0,0.0,7.0,0,0,8,0,0,0.0,1,0,1,0,0.0,0.0,0.0,0,0,0,1.8000000000000007,23.8,97,74.56214,0.7,0.2,,,,,108.0,63.94117647058823,111.0,,,2021-08,2021-08,20,23.184977392414623,-3.1849773924146234,3.1849773924146234,False
2021-08-29 21:00:00,20210829,20,21,20.5,False,True,False,False,False,True,True,21,7,1,0,0,0.0,7.0,0,0,8,0,0,0.0,1,0,1,0,0.0,0.0,0.0,0,0,0,2.1000000000000014,24.1,96,74.99763999999999,2.1,0.2,,,,,107.0,63.94117647058823,111.0,,,2021-08,2021-08,20,23.41327246710452,-3.4132724671045196,3.4132724671045196,False
2021-08-29 22:00:00,20210829,22,24,23.5,False,True,False,False,False,True,True,22,7,1,0,0,0.0,7.0,0,0,8,0,0,0.0,1,0,1,0,0.0,0.0,0.0,0,0,0,2.0,24.0,94,74.63239999999999,1.1,0.2,,,,,96.0,63.94117647058823,111.0,,,2021-08,2021-08,22,23.18119945377406,-1.1811994537740595,1.1811994537740595,False
2021-08-29 23:00:00,20210829,20,21,20.5,False,True,False,False,False,True,True,23,7,1,0,0,0.0,7.0,0,0,8,0,0,0.0,1,0,1,0,0.0,,0.0,0,0,0,1.6999999999999993,23.7,95,74.20185,0.6,0.2,,,,,102.0,63.94117647058823,111.0,,,2021-08,2021-08,20,23.530509947683168,-3.530509947683168,3.530509947683168,False
2021-08-30 00:00:00,20210830,20,20,20.0,False,False,False,False,False,True,True,0,1,0,0,1,1.0,1.0,0,0,8,0,0,0.0,1,10719,0,16,,0.0,,0,0,0,1.8999999999999986,23.9,93,74.36473,1.0,0.0,,23.0,22.0,22.0,72.0,,,108.66666666666667,184.0,2021-08,2021-08,20,21.63257026164452,-1.6325702616445206,1.6325702616445206,False
2021-08-30 01:00:00,20210830,21,23,21.5,False,False,False,False,False,True,True,1,1,0,0,1,1.0,1.0,0,0,8,0,0,0.0,1,10719,0,16,0.0,0.0,0.0,0,0,0,1.8000000000000007,23.8,91,74.00641999999999,1.6,0.0,,23.0,21.0,22.333333333333332,104.0,,,108.66666666666667,184.0,2021-08,2021-08,21,21.337665718176464,-0.3376657181764635,0.3376657181764635,False
2021-08-30 02:00:00,20210830,21,24,23.5,False,False,False,False,False,True,True,2,1,0,0,1,1.0,1.0,0,0,8,0,0,0.0,1,10719,0,16,0.0,0.0,0.0,0,0,0,1.6000000000000014,23.6,88,73.39232,1.6,0.0,,23.0,23.0,22.0,111.0,,,108.66666666666667,184.0,2021-08,2021-08,21,22.03616202417237,-1.03616202417237,1.03616202417237,False
2021-08-30 03:00:00,20210830,20,21,20.5,False,False,False,False,False,True,True,3,1,0,0,1,1.0,1.0,0,0,8,0,0,0.0,1,10719,0,16,0.0,0.0,0.0,0,0,0,1.1000000000000014,23.1,90,72.7231,0.3,0.0,,24.0,21.0,22.333333333333332,102.0,,,108.66666666666667,184.0,2021-08,2021-08,20,20.888279805907914,-0.8882798059079136,0.8882798059079136,False
2021-08-30 04:00:00,20210830,20,20,20.0,False,False,False,False,False,True,True,4,1,0,0,1,1.0,1.0,0,0,8,0,0,0.0,1,10719,0,16,0.0,0.0,0.0,0,0,0,1.1000000000000014,23.1,88,72.55172,1.4,0.0,,22.0,22.0,21.666666666666668,103.0,,,108.66666666666667,184.0,2021-08,2021-08,20,21.545063976788068,-1.545063976788068,1.545063976788068,False
2021-08-30 05:00:00,20210830,20,20,20.0,False,False,False,False,False,True,True,5,1,0,0,1,1.0,1.0,0,0,8,0,0,0.0,1,10719,0,16,0.0,0.0,0.0,0,0,0,0.8000000000000007,22.8,89,72.13007999999999,1.0,0.0,,22.0,22.0,21.666666666666668,87.0,,,108.66666666666667,184.0,2021-08,2021-08,20,21.51967132381459,-1.5196713238145882,1.5196713238145882,False
2021-08-30 06:00:00,20210830,21,24,22.5,False,False,False,False,False,True,True,6,1,0,0,1,1.0,1.0,0,0,8,0,0,0.0,1,10719,0,16,0.0,0.0,0.0,0,0,0,1.0,23.0,90,72.553,0.5,0.0,,21.0,23.0,21.333333333333332,98.0,,,108.66666666666667,184.0,2021-08,2021-08,21,23.8230888996915,-2.8230888996914985,2.8230888996914985,False
2021-08-30 07:00:00,20210830,52,80,69.5,False,False,False,False,False,True,True,7,1,0,0,1,1.0,1.0,0,1,8,0,0,0.0,1,10719,0,16,0.0,879.0,0.0,0,0,0,2.8000000000000007,24.8,81,74.69211999999999,1.7,0.0,,58.0,60.0,62.666666666666664,66.0,,,108.66666666666667,184.0,2021-08,2021-08,52,61.93123585806128,-9.931235858061278,9.931235858061278,False
2021-08-30 08:00:00,20210830,167,183,180.0,False,False,False,False,False,True,True,8,1,0,0,1,1.0,1.0,2,0,8,879,800,6.779921907472252,0,10719,0,16,0.0,1343.0,879.0,0,0,0,3.5,25.5,77,75.38265,1.5,0.0,,167.0,174.0,178.0,35.0,,,108.66666666666667,184.0,2021-08,2021-08,167,176.7051942424531,-9.705194242453103,9.705194242453103,False
2021-08-30 09:00:00,20210830,170,180,177.0,False,False,False,False,False,True,True,9,1,0,0,1,1.0,1.0,2,0,8,1343,800,7.203405521083095,0,10719,0,16,879.0,844.0,464.0,0,0,0,4.399999999999999,26.4,69,75.85084,1.9,0.0,,180.0,183.0,184.66666666666666,36.0,,,108.66666666666667,184.0,2021-08,2021-08,170,181.99277789397163,-11.992777893971635,11.992777893971635,False
2021-08-30 10:00:00,20210830,171,186,183.0,False,False,False,False,False,True,True,10,1,0,0,1,1.0,1.0,2,0,8,844,800,6.739336627357174,0,10719,0,16,1343.0,766.0,-499.0,0,0,0,5.100000000000001,27.1,64,76.26956,2.7,0.0,,170.0,144.0,165.33333333333334,38.0,,,108.66666666666667,184.0,2021-08,2021-08,171,177.7588570887215,-6.7588570887214985,6.7588570887214985,False
2021-08-30 11:00:00,20210830,171,180,172.0,False,False,False,False,False,True,True,11,1,0,0,1,1.0,1.0,2,0,8,766,766,6.642486801367256,0,10719,0,16,844.0,448.0,-78.0,0,0,0,5.300000000000001,27.3,60,76.0492,2.3,0.0,,184.0,155.0,175.33333333333334,37.0,,,108.66666666666667,184.0,2021-08,2021-08,171,180.44761648449105,-9.44761648449105,9.44761648449105,False
2021-08-30 12:00:00,20210830,114,134,152.0,False,False,False,False,False,True,True,12,1,0,0,1,1.0,1.0,1,1,8,448,448,6.1070228877422545,0,10719,0,16,766.0,383.0,-318.0,0,0,0,6.399999999999999,28.4,50,76.21199999999999,1.5,0.0,,116.0,97.0,114.0,38.0,,,108.66666666666667,184.0,2021-08,2021-08,114,114.3630425349092,-0.3630425349091979,0.3630425349091979,False
2021-08-30 13:00:00,20210830,172,177,173.0,False,False,False,False,False,True,True,13,1,0,0,1,1.0,1.0,2,0,8,383,383,5.950642552587727,0,10719,0,16,448.0,1151.0,-65.0,0,0,0,6.5,28.5,58,77.4557,2.4,0.0,,184.0,153.0,173.0,38.0,,,108.66666666666667,184.0,2021-08,2021-08,172,177.9321831975569,-5.9321831975568955,5.9321831975568955,False
2021-08-30 14:00:00,20210830,171,174,173.5,False,False,False,False,False,True,True,14,1,0,0,1,1.0,1.0,2,0,8,1151,800,7.049254841255837,0,10719,0,16,383.0,1585.0,768.0,0,0,0,6.100000000000001,28.1,54,76.36126,3.5,0.0,,184.0,146.0,171.0,38.0,,,108.66666666666667,184.0,2021-08,2021-08,171,179.23031747216064,-8.230317472160635,8.230317472160635,False
2021-08-30 15:00:00,20210830,160,177,176.0,False,False,False,False,False,True,True,15,1,0,0,1,1.0,1.0,2,0,8,1585,800,7.368970402194793,0,10719,0,16,1151.0,1095.0,434.0,0,0,0,5.5,27.5,62,76.5885,2.1,0.0,,180.0,133.0,160.0,38.0,,,108.66666666666667,184.0,2021-08,2021-08,160,169.50276173853874,-9.502761738538737,9.502761738538737,False
2021-08-30 16:00:00,20210830,170,174,174.0,False,False,False,False,False,True,True,16,1,0,0,1,1.0,1.0,2,0,8,1095,800,6.999422467507961,0,10719,0,16,1585.0,140.0,-490.0,0,0,0,4.5,26.5,66,75.6421,1.2,0.0,,172.0,116.0,157.33333333333334,46.0,,,108.66666666666667,184.0,2021-08,2021-08,170,162.28738136791011,7.712618632089885,7.712618632089885,False
2021-08-30 17:00:00,20210830,140,172,158.5,False,False,False,False,False,True,True,17,1,0,0,1,1.0,1.0,2,1,8,140,140,4.948759890378168,0,10719,0,16,1095.0,579.0,-955.0,0,0,0,4.0,26.0,72,75.5968,0.2,0.0,,142.0,100.0,129.33333333333334,142.0,,,108.66666666666667,184.0,2021-08,2021-08,140,127.44286092627088,12.557139073729118,12.557139073729118,False
2021-08-30 18:00:00,20210830,168,172,172.0,False,False,False,False,False,True,True,18,1,0,0,1,1.0,1.0,2,0,8,579,579,6.363028103540465,0,10719,0,16,140.0,827.0,439.0,0,0,0,3.0,25.0,81,75.0145,1.0,0.0,,156.0,92.0,115.33333333333333,143.0,,,108.66666666666667,184.0,2021-08,2021-08,168,129.6791097796962,38.320890220303795,38.320890220303795,False
2021-08-30 19:00:00,20210830,144,162,165.5,False,False,False,False,False,True,True,19,1,0,0,1,1.0,1.0,2,0,8,827,800,6.71901315438526,0,10719,0,16,579.0,13.0,248.0,0,0,0,2.6999999999999993,24.7,79,74.32786999999999,1.1,0.0,,129.0,89.0,103.66666666666667,127.0,,,108.66666666666667,184.0,2021-08,2021-08,144,124.77322661400444,19.226773385995557,19.226773385995557,False
2021-08-30 20:00:00,20210830,128,132,131.5,False,False,False,False,False,True,True,20,1,0,0,1,1.0,1.0,0,0,8,13,13,2.6390573296152584,0,10719,0,16,827.0,54.0,-814.0,0,0,0,1.8000000000000007,23.8,84,73.35808,0.5,0.0,,112.0,98.0,106.33333333333333,108.0,,,108.66666666666667,184.0,2021-08,2021-08,128,107.97365081512866,20.026349184871336,20.026349184871336,False
2021-08-30 21:00:00,20210830,129,135,134.0,False,False,False,False,False,True,True,21,1,0,0,1,1.0,1.0,0,0,8,54,54,4.007333185232471,0,10719,0,16,13.0,461.0,41.0,0,0,0,1.8999999999999986,23.9,85,73.61585,0.7,0.0,,111.0,112.0,112.66666666666667,107.0,,,108.66666666666667,184.0,2021-08,2021-08,129,109.43500885565577,19.564991144344233,19.564991144344233,False
2021-08-30 22:00:00,20210830,116,123,122.0,False,False,False,False,False,True,True,22,1,0,0,1,1.0,1.0,0,0,8,461,461,6.135564891081739,0,10719,0,16,54.0,151.0,407.0,0,0,0,1.6000000000000014,23.6,85,73.1204,0.6,0.0,,109.0,95.0,104.33333333333333,96.0,,,108.66666666666667,184.0,2021-08,2021-08,116,104.8467295676238,11.153270432376203,11.153270432376203,False
2021-08-30 23:00:00,20210830,105,115,118.0,False,False,False,False,False,True,True,23,1,0,0,1,1.0,1.0,0,0,8,151,151,5.0238805208462765,0,10719,0,16,461.0,,-310.0,0,0,0,1.3000000000000007,23.3,89,72.97563,0.8,0.0,,96.0,96.0,96.66666666666667,102.0,,,108.66666666666667,184.0,2021-08,2021-08,105,96.59147145471441,8.408528545285591,8.408528545285591,False
2021-08-31 00:00:00,20210831,73,76,82.5,False,False,False,False,False,True,True,0,2,0,0,0,0.0,2.0,0,0,8,204,204,5.3230099791384085,0,16443,0,24,,353.0,,0,0,0,1.3999999999999986,23.4,88,73.05608,0.8,0.0,20.0,65.0,70.0,67.66666666666667,20.0,107.95833333333333,172.0,136.33333333333334,187.0,2021-08,2021-08,73,70.73070712014356,2.2692928798564367,2.2692928798564367,False
2021-08-31 01:00:00,20210831,106,111,110.5,False,False,False,False,False,True,True,1,2,0,0,0,0.0,2.0,0,0,8,353,353,5.869296913133774,0,16443,0,24,204.0,306.0,149.0,0,0,0,0.8999999999999986,22.9,94,72.71773999999999,0.6,0.0,21.0,105.0,96.0,100.0,21.0,107.95833333333333,172.0,136.33333333333334,187.0,2021-08,2021-08,106,101.82230948446698,4.1776905155330155,4.1776905155330155,False
2021-08-31 02:00:00,20210831,108,114,112.0,False,False,False,False,False,True,True,2,2,0,0,0,0.0,2.0,0,0,8,306,306,5.726847747587197,0,16443,0,24,353.0,378.0,-47.0,0,0,0,0.8999999999999986,22.9,93,72.63403,0.2,0.0,21.0,110.0,98.0,101.33333333333333,21.0,107.95833333333333,172.0,136.33333333333334,187.0,2021-08,2021-08,108,101.88687890782465,6.113121092175348,6.113121092175348,False
2021-08-31 03:00:00,20210831,101,107,105.5,False,False,False,False,False,True,True,3,2,0,0,0,0.0,2.0,0,0,8,378,378,5.937536205082426,0,16443,0,24,306.0,248.0,72.0,0,0,0,0.6999999999999993,22.7,93,72.28789,1.3,0.0,20.0,105.0,92.0,98.33333333333333,20.0,107.95833333333333,172.0,136.33333333333334,187.0,2021-08,2021-08,101,101.84998492590874,-0.8499849259087426,0.8499849259087426,False
2021-08-31 04:00:00,20210831,110,114,114.0,False,False,False,False,False,True,True,4,2,0,0,0,0.0,2.0,0,0,8,248,248,5.517452896464707,0,16443,0,24,378.0,200.0,-130.0,0,0,0,0.8999999999999986,22.9,92,72.55032,1.1,0.0,20.0,108.0,93.0,100.66666666666667,20.0,107.95833333333333,172.0,136.33333333333334,187.0,2021-08,2021-08,110,102.01565613854058,7.984343861459422,7.984343861459422,False
2021-08-31 05:00:00,20210831,93,114,104.5,False,False,False,False,False,True,True,5,2,0,0,0,0.0,2.0,0,0,8,200,200,5.303304908059076,0,16443,0,24,248.0,266.0,-48.0,0,0,0,0.5,22.5,95,72.10125,1.2,0.0,20.0,88.0,86.0,86.33333333333333,20.0,107.95833333333333,172.0,136.33333333333334,187.0,2021-08,2021-08,93,93.42458733674319,-0.42458733674318694,0.42458733674318694,False
2021-08-31 06:00:00,20210831,113,114,114.0,False,False,False,False,False,True,True,6,2,0,0,0,0.0,2.0,0,0,8,266,266,5.58724865840025,0,16443,0,24,200.0,919.0,66.0,0,0,0,0.8999999999999986,22.9,94,72.71773999999999,1.4,0.0,21.0,109.0,94.0,101.0,21.0,107.95833333333333,172.0,136.33333333333334,187.0,2021-08,2021-08,113,103.77842527546369,9.22157472453631,9.22157472453631,False
2021-08-31 07:00:00,20210831,123,144,143.5,False,False,False,False,False,True,True,7,2,0,0,0,0.0,2.0,0,1,8,919,800,6.824373670043086,0,16443,0,24,266.0,653.0,653.0,0,0,0,1.5,23.5,92,73.58279999999999,0.9,0.0,52.0,131.0,125.0,128.0,52.0,107.95833333333333,172.0,136.33333333333334,187.0,2021-08,2021-08,123,125.38952496741884,-2.3895249674188364,2.3895249674188364,False
2021-08-31 08:00:00,20210831,167,177,176.0,False,False,False,False,False,True,True,8,2,0,0,0,0.0,2.0,2,0,8,653,653,6.483107351457199,0,16443,0,24,919.0,942.0,-266.0,0,0,0,2.1000000000000014,24.1,89,74.32851,1.3,0.0,167.0,187.0,164.0,178.0,167.0,107.95833333333333,172.0,136.33333333333334,187.0,2021-08,2021-08,167,183.51514650894651,-16.515146508946515,16.515146508946515,False
2021-08-31 09:00:00,20210831,169,185,180.0,False,False,False,False,False,True,True,9,2,0,0,0,0.0,2.0,2,0,8,942,800,6.849066282633458,0,16443,0,24,653.0,1026.0,289.0,0,0,0,0.5,22.5,98,72.34049999999999,2.4,0.8,170.0,181.0,163.0,176.33333333333334,170.0,107.95833333333333,172.0,136.33333333333334,187.0,2021-08,2021-08,169,177.18383169272522,-8.18383169272522,8.18383169272522,False
2021-08-31 10:00:00,20210831,176,187,185.0,False,False,False,False,False,True,True,10,2,0,0,0,0.0,2.0,2,0,8,1026,800,6.934397209928558,0,16443,0,24,942.0,1255.0,84.0,0,0,0,1.8000000000000007,23.8,96,74.46952,1.8,1.0,171.0,171.0,153.0,166.33333333333334,171.0,107.95833333333333,172.0,136.33333333333334,187.0,2021-08,2021-08,176,178.08430005011397,-2.084300050113967,2.084300050113967,False
2021-08-31 11:00:00,20210831,165,182,179.5,False,False,False,False,False,True,True,11,2,0,0,0,0.0,2.0,2,0,8,1255,800,7.135687347028144,0,16443,0,24,1026.0,194.0,229.0,0,0,0,3.6000000000000014,25.6,81,75.98164,1.1,1.0,171.0,183.0,169.0,179.0,171.0,107.95833333333333,172.0,136.33333333333334,187.0,2021-08,2021-08,165,179.79657278313132,-14.796572783131325,14.796572783131325,False
2021-08-31 12:00:00,20210831,112,135,133.5,False,False,False,False,False,True,True,12,2,0,0,0,0.0,2.0,1,1,8,194,194,5.272999558563747,0,16443,0,24,1255.0,710.0,-1061.0,0,0,0,5.699999999999999,27.7,68,77.66064,1.2,1.0,114.0,115.0,110.0,110.66666666666667,114.0,107.95833333333333,172.0,136.33333333333334,187.0,2021-08,2021-08,112,114.46621542011849,-2.4662154201184876,2.4662154201184876,False
2021-08-31 13:00:00,20210831,174,184,179.5,False,False,False,False,False,True,True,13,2,0,0,0,0.0,2.0,2,0,8,710,710,6.566672429803241,0,16443,0,24,194.0,1198.0,516.0,0,0,0,4.100000000000001,26.1,69,75.40290999999999,1.9,1.0,172.0,174.0,162.0,172.33333333333334,172.0,107.95833333333333,172.0,136.33333333333334,187.0,2021-08,2021-08,174,178.96496860509322,-4.964968605093219,4.964968605093219,False
2021-08-31 14:00:00,20210831,182,187,182.5,False,False,False,False,False,True,True,14,2,0,0,0,0.0,2.0,2,0,8,1198,800,7.089243155027514,0,16443,0,24,710.0,1803.0,488.0,0,0,0,3.3000000000000007,25.3,78,75.17566,1.5,1.0,171.0,186.0,161.0,172.33333333333334,171.0,107.95833333333333,172.0,136.33333333333334,187.0,2021-08,2021-08,182,182.16143812655966,-0.16143812655965917,0.16143812655965917,True
2021-08-31 15:00:00,20210831,157,170,168.5,False,False,False,False,False,True,True,15,2,0,0,0,0.0,2.0,2,0,8,1803,800,7.4977617006225685,0,16443,0,24,1198.0,2164.0,605.0,0,0,0,3.1000000000000014,25.1,79,74.96471,1.3,1.0,160.0,175.0,150.0,160.0,160.0,107.95833333333333,172.0,136.33333333333334,187.0,2021-08,2021-08,157,165.974231110853,-8.974231110852998,8.974231110852998,False
2021-08-31 16:00:00,20210831,167,180,176.0,False,False,False,False,False,True,True,16,2,0,0,0,0.0,2.0,2,0,8,2164,800,7.68017564043659,0,16443,0,24,1803.0,350.0,361.0,0,0,0,2.6999999999999993,24.7,80,74.4294,1.3,1.0,170.0,184.0,152.0,168.33333333333334,170.0,107.95833333333333,172.0,136.33333333333334,187.0,2021-08,2021-08,167,176.22196197493267,-9.221961974932668,9.221961974932668,False
2021-08-31 17:00:00,20210831,125,139,137.0,False,False,False,False,False,True,True,17,2,0,0,0,0.0,2.0,2,1,8,350,350,5.860786223465865,0,16443,0,24,2164.0,1029.0,-1814.0,0,0,0,2.5,24.5,84,74.5072,1.0,1.0,140.0,139.0,113.0,126.0,140.0,107.95833333333333,172.0,136.33333333333334,187.0,2021-08,2021-08,125,132.19561577828463,-7.195615778284633,7.195615778284633,False
2021-08-31 18:00:00,20210831,156,162,158.0,False,False,False,False,False,True,True,18,2,0,0,0,0.0,2.0,2,0,8,1029,800,6.937314081223682,0,16443,0,24,350.0,1381.0,679.0,0,0,0,2.3999999999999986,24.4,85,74.4416,1.1,1.0,168.0,152.0,149.0,155.33333333333334,168.0,107.95833333333333,172.0,136.33333333333334,187.0,2021-08,2021-08,156,159.7206401611048,-3.7206401611047966,3.7206401611047966,False
2021-08-31 19:00:00,20210831,148,154,153.5,False,False,False,False,False,True,True,19,2,0,0,0,0.0,2.0,2,0,8,1381,800,7.231287004327616,0,16443,0,24,1029.0,179.0,352.0,0,0,0,2.3000000000000007,24.3,87,74.47159,0.5,1.0,144.0,150.0,138.0,148.0,144.0,107.95833333333333,172.0,136.33333333333334,187.0,2021-08,2021-08,148,150.54238657967278,-2.5423865796727796,2.5423865796727796,False
2021-08-31 20:00:00,20210831,147,152,152.0,False,False,False,False,False,True,True,20,2,0,0,0,0.0,2.0,0,0,8,179,179,5.19295685089021,0,16443,0,24,1381.0,133.0,-1202.0,0,0,0,2.1000000000000014,24.1,86,74.04174,1.6,1.0,128.0,121.0,120.0,123.33333333333333,128.0,107.95833333333333,172.0,136.33333333333334,187.0,2021-08,2021-08,147,119.21946473246037,27.780535267539634,27.780535267539634,False
2021-08-31 21:00:00,20210831,131,132,135.0,False,False,False,False,False,True,True,21,2,0,0,0,0.0,2.0,0,0,8,133,133,4.897839799950911,0,16443,0,24,179.0,366.0,-46.0,0,0,0,1.6999999999999993,23.7,91,73.83533,1.3,1.0,129.0,121.0,118.0,120.66666666666667,129.0,107.95833333333333,172.0,136.33333333333334,187.0,2021-08,2021-08,131,116.84576406140006,14.154235938599939,14.154235938599939,False
2021-08-31 22:00:00,20210831,119,127,127.0,False,False,False,False,False,True,True,22,2,0,0,0,0.0,2.0,0,0,8,366,366,5.905361848054571,0,16443,0,24,133.0,186.0,233.0,0,0,0,1.1999999999999993,23.2,93,73.15324,1.3,1.0,116.0,113.0,110.0,109.66666666666667,116.0,107.95833333333333,172.0,136.33333333333334,187.0,2021-08,2021-08,119,111.04117187348994,7.958828126510056,7.958828126510056,False
2021-08-31 23:00:00,20210831,112,128,123.0,False,False,False,False,False,True,True,23,2,0,0,0,0.0,2.0,0,0,8,186,186,5.231108616854587,0,16443,0,24,366.0,,-180.0,0,0,0,0.0,21.8,94,70.80308,2.7,1.0,105.0,99.0,104.0,100.66666666666667,105.0,107.95833333333333,172.0,136.33333333333334,187.0,2021-08,2021-08,112,105.30766591422896,6.692334085771037,6.692334085771037,False
